wandb: [wandb.login()] Loaded credentials for https://api.wandb.ai from /Users/nhi/.netrc.
wandb: Currently logged in as: tntvan-iac (tntvan-iac-instagram) to https://api.wandb.ai. Use `wandb login --relogin` to force relogin
wandb: WARNING Using a boolean value for 'reinit' is deprecated. Use 'return_previous' or 'finish_previous' instead.
wandb: setting up run mmoxyo2y
wandb: Tracking run with wandb version 0.26.1
wandb: Run data is saved locally in results/BOSCH/rmappo/benchmark_23_8_4/wandb/run-20260526_235853-mmoxyo2y
wandb: Run `wandb offline` to turn off syncing.
wandb: Syncing run rmappo_benchmark_23_8_4_seed1
wandb: ⭐️ View project at https://wandb.ai/tntvan-iac-instagram/BOSCH
wandb: 🚀 View run at https://wandb.ai/tntvan-iac-instagram/BOSCH/runs/mmoxyo2y

============================================================
STEP 1: Training P=23 L=8 T=4  kill_switch=20
============================================================
BOSCH: using multiprocessing start_method='fork' on macOS.
share_observation_space:  [Box(-inf, inf, (7956,), float32), Box(-inf, inf, (7956,), float32), Box(-inf, inf, (7956,), float32), Box(-inf, inf, (7956,), float32), Box(-inf, inf, (7956,), float32), Box(-inf, inf, (7956,), float32), Box(-inf, inf, (7956,), float32), Box(-inf, inf, (7956,), float32), Box(-inf, inf, (7956,), float32)]
observation_space:  [Box(-inf, inf, (884,), float32), Box(-inf, inf, (884,), float32), Box(-inf, inf, (884,), float32), Box(-inf, inf, (884,), float32), Box(-inf, inf, (884,), float32), Box(-inf, inf, (884,), float32), Box(-inf, inf, (884,), float32), Box(-inf, inf, (884,), float32), Box(-inf, inf, (884,), float32)]
action_space:  [MultiDiscrete184, Discrete(25), Discrete(25), Discrete(25), Discrete(25), Discrete(25), Discrete(25), Discrete(25), Discrete(25)]
Using shared machine policy: agent 0 separate; agents 1..8 share.

 Scenario BOSCH Algo rmappo Exp benchmark_23_8_4 updates 0/10416 episodes, total num timesteps 288/3000000, FPS 63.


[EVAL] BOSCH MARL Inference Solving Time for 36 periods: 1.7685 seconds
eval average episode rewards of agent0: -320.05728
eval average episode rewards of agent1: -316.5717
eval average episode rewards of agent2: -316.5877
eval average episode rewards of agent3: -316.53946
eval average episode rewards of agent4: -316.56213
eval average episode rewards of agent5: -316.52765
eval average episode rewards of agent6: -316.61816
eval average episode rewards of agent7: -316.55743
eval average episode rewards of agent8: -316.50302
eval average episode costs: Backlog: 83729.88, Inventory: 0.00, Maintenance: 18.93, Production: 2341.64, Setup: 2678.96, TOTAL: 88769.41

 Scenario BOSCH Algo rmappo Exp benchmark_23_8_4 updates 5/10416 episodes, total num timesteps 1728/3000000, FPS 59.


 Scenario BOSCH Algo rmappo Exp benchmark_23_8_4 updates 10/10416 episodes, total num timesteps 3168/3000000, FPS 68.


 Scenario BOSCH Algo rmappo Exp benchmark_23_8_4 updates 15/10416 episodes, total num timesteps 4608/3000000, FPS 71.


 Scenario BOSCH Algo rmappo Exp benchmark_23_8_4 updates 20/10416 episodes, total num timesteps 6048/3000000, FPS 72.


 Scenario BOSCH Algo rmappo Exp benchmark_23_8_4 updates 25/10416 episodes, total num timesteps 7488/3000000, FPS 73.


 Scenario BOSCH Algo rmappo Exp benchmark_23_8_4 updates 30/10416 episodes, total num timesteps 8928/3000000, FPS 75.


 Scenario BOSCH Algo rmappo Exp benchmark_23_8_4 updates 35/10416 episodes, total num timesteps 10368/3000000, FPS 76.


 Scenario BOSCH Algo rmappo Exp benchmark_23_8_4 updates 40/10416 episodes, total num timesteps 11808/3000000, FPS 78.


 Scenario BOSCH Algo rmappo Exp benchmark_23_8_4 updates 45/10416 episodes, total num timesteps 13248/3000000, FPS 78.


 Scenario BOSCH Algo rmappo Exp benchmark_23_8_4 updates 50/10416 episodes, total num timesteps 14688/3000000, FPS 80.


[EVAL] BOSCH MARL Inference Solving Time for 36 periods: 0.6915 seconds
eval average episode rewards of agent0: -331.52368
eval average episode rewards of agent1: -329.69452
eval average episode rewards of agent2: -329.72125
eval average episode rewards of agent3: -329.90576
eval average episode rewards of agent4: -329.80542
eval average episode rewards of agent5: -329.8897
eval average episode rewards of agent6: -329.7679
eval average episode rewards of agent7: -329.73523
eval average episode rewards of agent8: -329.67242
eval average episode costs: Backlog: 87398.57, Inventory: 0.00, Maintenance: 555.54, Production: 1858.17, Setup: 1333.17, TOTAL: 91145.44

 Scenario BOSCH Algo rmappo Exp benchmark_23_8_4 updates 55/10416 episodes, total num timesteps 16128/3000000, FPS 81.


 Scenario BOSCH Algo rmappo Exp benchmark_23_8_4 updates 60/10416 episodes, total num timesteps 17568/3000000, FPS 82.


 Scenario BOSCH Algo rmappo Exp benchmark_23_8_4 updates 65/10416 episodes, total num timesteps 19008/3000000, FPS 84.


 Scenario BOSCH Algo rmappo Exp benchmark_23_8_4 updates 70/10416 episodes, total num timesteps 20448/3000000, FPS 85.


 Scenario BOSCH Algo rmappo Exp benchmark_23_8_4 updates 75/10416 episodes, total num timesteps 21888/3000000, FPS 86.


 Scenario BOSCH Algo rmappo Exp benchmark_23_8_4 updates 80/10416 episodes, total num timesteps 23328/3000000, FPS 87.


 Scenario BOSCH Algo rmappo Exp benchmark_23_8_4 updates 85/10416 episodes, total num timesteps 24768/3000000, FPS 87.


 Scenario BOSCH Algo rmappo Exp benchmark_23_8_4 updates 90/10416 episodes, total num timesteps 26208/3000000, FPS 88.


 Scenario BOSCH Algo rmappo Exp benchmark_23_8_4 updates 95/10416 episodes, total num timesteps 27648/3000000, FPS 89.


 Scenario BOSCH Algo rmappo Exp benchmark_23_8_4 updates 100/10416 episodes, total num timesteps 29088/3000000, FPS 90.


[EVAL] BOSCH MARL Inference Solving Time for 36 periods: 0.6724 seconds
eval average episode rewards of agent0: -366.81668
eval average episode rewards of agent1: -366.53662
eval average episode rewards of agent2: -366.33133
eval average episode rewards of agent3: -366.57672
eval average episode rewards of agent4: -366.61163
eval average episode rewards of agent5: -366.36734
eval average episode rewards of agent6: -366.50214
eval average episode rewards of agent7: -366.5335
eval average episode rewards of agent8: -366.57623
eval average episode costs: Backlog: 96789.59, Inventory: 0.00, Maintenance: 2043.04, Production: 771.60, Setup: 640.45, TOTAL: 100244.67

 Scenario BOSCH Algo rmappo Exp benchmark_23_8_4 updates 105/10416 episodes, total num timesteps 30528/3000000, FPS 90.


 Scenario BOSCH Algo rmappo Exp benchmark_23_8_4 updates 110/10416 episodes, total num timesteps 31968/3000000, FPS 91.


 Scenario BOSCH Algo rmappo Exp benchmark_23_8_4 updates 115/10416 episodes, total num timesteps 33408/3000000, FPS 91.


 Scenario BOSCH Algo rmappo Exp benchmark_23_8_4 updates 120/10416 episodes, total num timesteps 34848/3000000, FPS 91.


 Scenario BOSCH Algo rmappo Exp benchmark_23_8_4 updates 125/10416 episodes, total num timesteps 36288/3000000, FPS 92.


 Scenario BOSCH Algo rmappo Exp benchmark_23_8_4 updates 130/10416 episodes, total num timesteps 37728/3000000, FPS 92.


 Scenario BOSCH Algo rmappo Exp benchmark_23_8_4 updates 135/10416 episodes, total num timesteps 39168/3000000, FPS 93.


 Scenario BOSCH Algo rmappo Exp benchmark_23_8_4 updates 140/10416 episodes, total num timesteps 40608/3000000, FPS 93.


 Scenario BOSCH Algo rmappo Exp benchmark_23_8_4 updates 145/10416 episodes, total num timesteps 42048/3000000, FPS 93.


 Scenario BOSCH Algo rmappo Exp benchmark_23_8_4 updates 150/10416 episodes, total num timesteps 43488/3000000, FPS 93.


[EVAL] BOSCH MARL Inference Solving Time for 36 periods: 0.6768 seconds
eval average episode rewards of agent0: -325.36002
eval average episode rewards of agent1: -322.7785
eval average episode rewards of agent2: -322.61664
eval average episode rewards of agent3: -322.7604
eval average episode rewards of agent4: -322.7971
eval average episode rewards of agent5: -322.7717
eval average episode rewards of agent6: -322.73022
eval average episode rewards of agent7: -322.80704
eval average episode rewards of agent8: -322.75696
eval average episode costs: Backlog: 85490.38, Inventory: 0.00, Maintenance: 39.27, Production: 2239.10, Setup: 2120.74, TOTAL: 89889.49

 Scenario BOSCH Algo rmappo Exp benchmark_23_8_4 updates 155/10416 episodes, total num timesteps 44928/3000000, FPS 94.


 Scenario BOSCH Algo rmappo Exp benchmark_23_8_4 updates 160/10416 episodes, total num timesteps 46368/3000000, FPS 94.


 Scenario BOSCH Algo rmappo Exp benchmark_23_8_4 updates 165/10416 episodes, total num timesteps 47808/3000000, FPS 94.


 Scenario BOSCH Algo rmappo Exp benchmark_23_8_4 updates 170/10416 episodes, total num timesteps 49248/3000000, FPS 94.


 Scenario BOSCH Algo rmappo Exp benchmark_23_8_4 updates 175/10416 episodes, total num timesteps 50688/3000000, FPS 95.


 Scenario BOSCH Algo rmappo Exp benchmark_23_8_4 updates 180/10416 episodes, total num timesteps 52128/3000000, FPS 95.


 Scenario BOSCH Algo rmappo Exp benchmark_23_8_4 updates 185/10416 episodes, total num timesteps 53568/3000000, FPS 95.


 Scenario BOSCH Algo rmappo Exp benchmark_23_8_4 updates 190/10416 episodes, total num timesteps 55008/3000000, FPS 95.


 Scenario BOSCH Algo rmappo Exp benchmark_23_8_4 updates 195/10416 episodes, total num timesteps 56448/3000000, FPS 95.


 Scenario BOSCH Algo rmappo Exp benchmark_23_8_4 updates 200/10416 episodes, total num timesteps 57888/3000000, FPS 96.


[EVAL] BOSCH MARL Inference Solving Time for 36 periods: 0.6753 seconds
eval average episode rewards of agent0: -371.42047
eval average episode rewards of agent1: -371.80777
eval average episode rewards of agent2: -371.47607
eval average episode rewards of agent3: -371.59024
eval average episode rewards of agent4: -371.63733
eval average episode rewards of agent5: -371.6693
eval average episode rewards of agent6: -371.5188
eval average episode rewards of agent7: -371.80225
eval average episode rewards of agent8: -371.7087
eval average episode costs: Backlog: 98338.14, Inventory: 0.00, Maintenance: 1899.44, Production: 350.51, Setup: 96.19, TOTAL: 100684.29

 Scenario BOSCH Algo rmappo Exp benchmark_23_8_4 updates 205/10416 episodes, total num timesteps 59328/3000000, FPS 96.


 Scenario BOSCH Algo rmappo Exp benchmark_23_8_4 updates 210/10416 episodes, total num timesteps 60768/3000000, FPS 96.


 Scenario BOSCH Algo rmappo Exp benchmark_23_8_4 updates 215/10416 episodes, total num timesteps 62208/3000000, FPS 96.


 Scenario BOSCH Algo rmappo Exp benchmark_23_8_4 updates 220/10416 episodes, total num timesteps 63648/3000000, FPS 96.


 Scenario BOSCH Algo rmappo Exp benchmark_23_8_4 updates 225/10416 episodes, total num timesteps 65088/3000000, FPS 96.


 Scenario BOSCH Algo rmappo Exp benchmark_23_8_4 updates 230/10416 episodes, total num timesteps 66528/3000000, FPS 97.


 Scenario BOSCH Algo rmappo Exp benchmark_23_8_4 updates 235/10416 episodes, total num timesteps 67968/3000000, FPS 97.


 Scenario BOSCH Algo rmappo Exp benchmark_23_8_4 updates 240/10416 episodes, total num timesteps 69408/3000000, FPS 97.


 Scenario BOSCH Algo rmappo Exp benchmark_23_8_4 updates 245/10416 episodes, total num timesteps 70848/3000000, FPS 97.


 Scenario BOSCH Algo rmappo Exp benchmark_23_8_4 updates 250/10416 episodes, total num timesteps 72288/3000000, FPS 97.


[EVAL] BOSCH MARL Inference Solving Time for 36 periods: 0.6688 seconds
eval average episode rewards of agent0: -357.9712
eval average episode rewards of agent1: -357.2442
eval average episode rewards of agent2: -357.08487
eval average episode rewards of agent3: -357.22
eval average episode rewards of agent4: -357.21106
eval average episode rewards of agent5: -357.2314
eval average episode rewards of agent6: -357.18427
eval average episode rewards of agent7: -357.2553
eval average episode rewards of agent8: -357.29767
eval average episode costs: Backlog: 94568.84, Inventory: 0.00, Maintenance: 1283.94, Production: 888.88, Setup: 693.70, TOTAL: 97435.36

 Scenario BOSCH Algo rmappo Exp benchmark_23_8_4 updates 255/10416 episodes, total num timesteps 73728/3000000, FPS 97.


 Scenario BOSCH Algo rmappo Exp benchmark_23_8_4 updates 260/10416 episodes, total num timesteps 75168/3000000, FPS 97.


 Scenario BOSCH Algo rmappo Exp benchmark_23_8_4 updates 265/10416 episodes, total num timesteps 76608/3000000, FPS 97.


 Scenario BOSCH Algo rmappo Exp benchmark_23_8_4 updates 270/10416 episodes, total num timesteps 78048/3000000, FPS 97.


 Scenario BOSCH Algo rmappo Exp benchmark_23_8_4 updates 275/10416 episodes, total num timesteps 79488/3000000, FPS 98.


 Scenario BOSCH Algo rmappo Exp benchmark_23_8_4 updates 280/10416 episodes, total num timesteps 80928/3000000, FPS 98.


 Scenario BOSCH Algo rmappo Exp benchmark_23_8_4 updates 285/10416 episodes, total num timesteps 82368/3000000, FPS 98.


 Scenario BOSCH Algo rmappo Exp benchmark_23_8_4 updates 290/10416 episodes, total num timesteps 83808/3000000, FPS 98.


 Scenario BOSCH Algo rmappo Exp benchmark_23_8_4 updates 295/10416 episodes, total num timesteps 85248/3000000, FPS 98.


 Scenario BOSCH Algo rmappo Exp benchmark_23_8_4 updates 300/10416 episodes, total num timesteps 86688/3000000, FPS 98.


[EVAL] BOSCH MARL Inference Solving Time for 36 periods: 0.6891 seconds
eval average episode rewards of agent0: -364.68845
eval average episode rewards of agent1: -364.24158
eval average episode rewards of agent2: -364.12598
eval average episode rewards of agent3: -364.1961
eval average episode rewards of agent4: -364.20697
eval average episode rewards of agent5: -364.15756
eval average episode rewards of agent6: -364.0859
eval average episode rewards of agent7: -364.26672
eval average episode rewards of agent8: -364.1407
eval average episode costs: Backlog: 96342.35, Inventory: 0.00, Maintenance: 1374.94, Production: 987.92, Setup: 747.74, TOTAL: 99452.95

 Scenario BOSCH Algo rmappo Exp benchmark_23_8_4 updates 305/10416 episodes, total num timesteps 88128/3000000, FPS 98.


 Scenario BOSCH Algo rmappo Exp benchmark_23_8_4 updates 310/10416 episodes, total num timesteps 89568/3000000, FPS 98.


 Scenario BOSCH Algo rmappo Exp benchmark_23_8_4 updates 315/10416 episodes, total num timesteps 91008/3000000, FPS 98.


 Scenario BOSCH Algo rmappo Exp benchmark_23_8_4 updates 320/10416 episodes, total num timesteps 92448/3000000, FPS 98.


 Scenario BOSCH Algo rmappo Exp benchmark_23_8_4 updates 325/10416 episodes, total num timesteps 93888/3000000, FPS 98.


 Scenario BOSCH Algo rmappo Exp benchmark_23_8_4 updates 330/10416 episodes, total num timesteps 95328/3000000, FPS 99.


 Scenario BOSCH Algo rmappo Exp benchmark_23_8_4 updates 335/10416 episodes, total num timesteps 96768/3000000, FPS 99.


 Scenario BOSCH Algo rmappo Exp benchmark_23_8_4 updates 340/10416 episodes, total num timesteps 98208/3000000, FPS 99.


 Scenario BOSCH Algo rmappo Exp benchmark_23_8_4 updates 345/10416 episodes, total num timesteps 99648/3000000, FPS 99.


 Scenario BOSCH Algo rmappo Exp benchmark_23_8_4 updates 350/10416 episodes, total num timesteps 101088/3000000, FPS 99.


[EVAL] BOSCH MARL Inference Solving Time for 36 periods: 0.6770 seconds
eval average episode rewards of agent0: -347.8965
eval average episode rewards of agent1: -346.36075
eval average episode rewards of agent2: -346.43036
eval average episode rewards of agent3: -346.41754
eval average episode rewards of agent4: -346.4606
eval average episode rewards of agent5: -346.45795
eval average episode rewards of agent6: -346.40906
eval average episode rewards of agent7: -346.50122
eval average episode rewards of agent8: -346.42795
eval average episode costs: Backlog: 91945.06, Inventory: 0.00, Maintenance: 272.43, Production: 1147.38, Setup: 1096.57, TOTAL: 94461.43

 Scenario BOSCH Algo rmappo Exp benchmark_23_8_4 updates 355/10416 episodes, total num timesteps 102528/3000000, FPS 99.


 Scenario BOSCH Algo rmappo Exp benchmark_23_8_4 updates 360/10416 episodes, total num timesteps 103968/3000000, FPS 99.


 Scenario BOSCH Algo rmappo Exp benchmark_23_8_4 updates 365/10416 episodes, total num timesteps 105408/3000000, FPS 99.


 Scenario BOSCH Algo rmappo Exp benchmark_23_8_4 updates 370/10416 episodes, total num timesteps 106848/3000000, FPS 99.


 Scenario BOSCH Algo rmappo Exp benchmark_23_8_4 updates 375/10416 episodes, total num timesteps 108288/3000000, FPS 99.


 Scenario BOSCH Algo rmappo Exp benchmark_23_8_4 updates 380/10416 episodes, total num timesteps 109728/3000000, FPS 99.


 Scenario BOSCH Algo rmappo Exp benchmark_23_8_4 updates 385/10416 episodes, total num timesteps 111168/3000000, FPS 99.


 Scenario BOSCH Algo rmappo Exp benchmark_23_8_4 updates 390/10416 episodes, total num timesteps 112608/3000000, FPS 99.


 Scenario BOSCH Algo rmappo Exp benchmark_23_8_4 updates 395/10416 episodes, total num timesteps 114048/3000000, FPS 99.


 Scenario BOSCH Algo rmappo Exp benchmark_23_8_4 updates 400/10416 episodes, total num timesteps 115488/3000000, FPS 99.


[EVAL] BOSCH MARL Inference Solving Time for 36 periods: 0.6824 seconds
eval average episode rewards of agent0: -321.61133
eval average episode rewards of agent1: -319.12866
eval average episode rewards of agent2: -319.16888
eval average episode rewards of agent3: -319.1574
eval average episode rewards of agent4: -319.1902
eval average episode rewards of agent5: -319.08423
eval average episode rewards of agent6: -319.15976
eval average episode rewards of agent7: -319.13116
eval average episode rewards of agent8: -319.02716
eval average episode costs: Backlog: 84569.02, Inventory: 0.00, Maintenance: 243.61, Production: 2078.23, Setup: 1835.93, TOTAL: 88726.77

 Scenario BOSCH Algo rmappo Exp benchmark_23_8_4 updates 405/10416 episodes, total num timesteps 116928/3000000, FPS 99.


 Scenario BOSCH Algo rmappo Exp benchmark_23_8_4 updates 410/10416 episodes, total num timesteps 118368/3000000, FPS 100.


 Scenario BOSCH Algo rmappo Exp benchmark_23_8_4 updates 415/10416 episodes, total num timesteps 119808/3000000, FPS 100.


 Scenario BOSCH Algo rmappo Exp benchmark_23_8_4 updates 420/10416 episodes, total num timesteps 121248/3000000, FPS 100.


 Scenario BOSCH Algo rmappo Exp benchmark_23_8_4 updates 425/10416 episodes, total num timesteps 122688/3000000, FPS 100.


 Scenario BOSCH Algo rmappo Exp benchmark_23_8_4 updates 430/10416 episodes, total num timesteps 124128/3000000, FPS 100.


 Scenario BOSCH Algo rmappo Exp benchmark_23_8_4 updates 435/10416 episodes, total num timesteps 125568/3000000, FPS 100.


 Scenario BOSCH Algo rmappo Exp benchmark_23_8_4 updates 440/10416 episodes, total num timesteps 127008/3000000, FPS 100.


 Scenario BOSCH Algo rmappo Exp benchmark_23_8_4 updates 445/10416 episodes, total num timesteps 128448/3000000, FPS 100.


 Scenario BOSCH Algo rmappo Exp benchmark_23_8_4 updates 450/10416 episodes, total num timesteps 129888/3000000, FPS 100.


[EVAL] BOSCH MARL Inference Solving Time for 36 periods: 0.6779 seconds
eval average episode rewards of agent0: -360.1746
eval average episode rewards of agent1: -359.55478
eval average episode rewards of agent2: -360.0987
eval average episode rewards of agent3: -359.7702
eval average episode rewards of agent4: -360.01077
eval average episode rewards of agent5: -359.88583
eval average episode rewards of agent6: -359.82632
eval average episode rewards of agent7: -359.96313
eval average episode rewards of agent8: -359.70297
eval average episode costs: Backlog: 95156.45, Inventory: 0.00, Maintenance: 1927.36, Production: 761.87, Setup: 411.26, TOTAL: 98256.92

 Scenario BOSCH Algo rmappo Exp benchmark_23_8_4 updates 455/10416 episodes, total num timesteps 131328/3000000, FPS 100.


 Scenario BOSCH Algo rmappo Exp benchmark_23_8_4 updates 460/10416 episodes, total num timesteps 132768/3000000, FPS 100.


 Scenario BOSCH Algo rmappo Exp benchmark_23_8_4 updates 465/10416 episodes, total num timesteps 134208/3000000, FPS 100.


 Scenario BOSCH Algo rmappo Exp benchmark_23_8_4 updates 470/10416 episodes, total num timesteps 135648/3000000, FPS 100.


 Scenario BOSCH Algo rmappo Exp benchmark_23_8_4 updates 475/10416 episodes, total num timesteps 137088/3000000, FPS 100.


 Scenario BOSCH Algo rmappo Exp benchmark_23_8_4 updates 480/10416 episodes, total num timesteps 138528/3000000, FPS 100.


 Scenario BOSCH Algo rmappo Exp benchmark_23_8_4 updates 485/10416 episodes, total num timesteps 139968/3000000, FPS 100.


 Scenario BOSCH Algo rmappo Exp benchmark_23_8_4 updates 490/10416 episodes, total num timesteps 141408/3000000, FPS 100.


 Scenario BOSCH Algo rmappo Exp benchmark_23_8_4 updates 495/10416 episodes, total num timesteps 142848/3000000, FPS 100.


 Scenario BOSCH Algo rmappo Exp benchmark_23_8_4 updates 500/10416 episodes, total num timesteps 144288/3000000, FPS 100.


[EVAL] BOSCH MARL Inference Solving Time for 36 periods: 0.7705 seconds
eval average episode rewards of agent0: -353.8288
eval average episode rewards of agent1: -352.84088
eval average episode rewards of agent2: -353.16495
eval average episode rewards of agent3: -352.89
eval average episode rewards of agent4: -353.03314
eval average episode rewards of agent5: -353.2093
eval average episode rewards of agent6: -352.98798
eval average episode rewards of agent7: -353.1047
eval average episode rewards of agent8: -352.79825
eval average episode costs: Backlog: 93534.48, Inventory: 0.00, Maintenance: 977.65, Production: 1029.61, Setup: 774.60, TOTAL: 96316.34

 Scenario BOSCH Algo rmappo Exp benchmark_23_8_4 updates 505/10416 episodes, total num timesteps 145728/3000000, FPS 99.


 Scenario BOSCH Algo rmappo Exp benchmark_23_8_4 updates 510/10416 episodes, total num timesteps 147168/3000000, FPS 99.


 Scenario BOSCH Algo rmappo Exp benchmark_23_8_4 updates 515/10416 episodes, total num timesteps 148608/3000000, FPS 99.


 Scenario BOSCH Algo rmappo Exp benchmark_23_8_4 updates 520/10416 episodes, total num timesteps 150048/3000000, FPS 99.


 Scenario BOSCH Algo rmappo Exp benchmark_23_8_4 updates 525/10416 episodes, total num timesteps 151488/3000000, FPS 99.


 Scenario BOSCH Algo rmappo Exp benchmark_23_8_4 updates 530/10416 episodes, total num timesteps 152928/3000000, FPS 99.


 Scenario BOSCH Algo rmappo Exp benchmark_23_8_4 updates 535/10416 episodes, total num timesteps 154368/3000000, FPS 99.


 Scenario BOSCH Algo rmappo Exp benchmark_23_8_4 updates 540/10416 episodes, total num timesteps 155808/3000000, FPS 99.


 Scenario BOSCH Algo rmappo Exp benchmark_23_8_4 updates 545/10416 episodes, total num timesteps 157248/3000000, FPS 99.


 Scenario BOSCH Algo rmappo Exp benchmark_23_8_4 updates 550/10416 episodes, total num timesteps 158688/3000000, FPS 99.


[EVAL] BOSCH MARL Inference Solving Time for 36 periods: 0.8584 seconds
eval average episode rewards of agent0: -357.51608
eval average episode rewards of agent1: -356.9608
eval average episode rewards of agent2: -356.9401
eval average episode rewards of agent3: -356.91354
eval average episode rewards of agent4: -356.95184
eval average episode rewards of agent5: -356.91812
eval average episode rewards of agent6: -356.94208
eval average episode rewards of agent7: -356.92438
eval average episode rewards of agent8: -356.84372
eval average episode costs: Backlog: 94965.43, Inventory: 0.00, Maintenance: 6.25, Production: 786.37, Setup: 411.40, TOTAL: 96169.46

 Scenario BOSCH Algo rmappo Exp benchmark_23_8_4 updates 555/10416 episodes, total num timesteps 160128/3000000, FPS 99.


 Scenario BOSCH Algo rmappo Exp benchmark_23_8_4 updates 560/10416 episodes, total num timesteps 161568/3000000, FPS 99.


 Scenario BOSCH Algo rmappo Exp benchmark_23_8_4 updates 565/10416 episodes, total num timesteps 163008/3000000, FPS 99.


 Scenario BOSCH Algo rmappo Exp benchmark_23_8_4 updates 570/10416 episodes, total num timesteps 164448/3000000, FPS 99.


 Scenario BOSCH Algo rmappo Exp benchmark_23_8_4 updates 575/10416 episodes, total num timesteps 165888/3000000, FPS 99.


 Scenario BOSCH Algo rmappo Exp benchmark_23_8_4 updates 580/10416 episodes, total num timesteps 167328/3000000, FPS 99.


 Scenario BOSCH Algo rmappo Exp benchmark_23_8_4 updates 585/10416 episodes, total num timesteps 168768/3000000, FPS 99.


 Scenario BOSCH Algo rmappo Exp benchmark_23_8_4 updates 590/10416 episodes, total num timesteps 170208/3000000, FPS 99.


 Scenario BOSCH Algo rmappo Exp benchmark_23_8_4 updates 595/10416 episodes, total num timesteps 171648/3000000, FPS 99.


 Scenario BOSCH Algo rmappo Exp benchmark_23_8_4 updates 600/10416 episodes, total num timesteps 173088/3000000, FPS 99.


[EVAL] BOSCH MARL Inference Solving Time for 36 periods: 0.7503 seconds
eval average episode rewards of agent0: -359.4441
eval average episode rewards of agent1: -358.6939
eval average episode rewards of agent2: -358.63803
eval average episode rewards of agent3: -358.67093
eval average episode rewards of agent4: -358.6533
eval average episode rewards of agent5: -358.59586
eval average episode rewards of agent6: -358.7001
eval average episode rewards of agent7: -358.70312
eval average episode rewards of agent8: -358.643
eval average episode costs: Backlog: 95280.61, Inventory: 0.00, Maintenance: 252.94, Production: 859.92, Setup: 653.00, TOTAL: 97046.48

 Scenario BOSCH Algo rmappo Exp benchmark_23_8_4 updates 605/10416 episodes, total num timesteps 174528/3000000, FPS 99.


 Scenario BOSCH Algo rmappo Exp benchmark_23_8_4 updates 610/10416 episodes, total num timesteps 175968/3000000, FPS 99.


 Scenario BOSCH Algo rmappo Exp benchmark_23_8_4 updates 615/10416 episodes, total num timesteps 177408/3000000, FPS 99.


 Scenario BOSCH Algo rmappo Exp benchmark_23_8_4 updates 620/10416 episodes, total num timesteps 178848/3000000, FPS 99.


 Scenario BOSCH Algo rmappo Exp benchmark_23_8_4 updates 625/10416 episodes, total num timesteps 180288/3000000, FPS 99.


 Scenario BOSCH Algo rmappo Exp benchmark_23_8_4 updates 630/10416 episodes, total num timesteps 181728/3000000, FPS 99.


 Scenario BOSCH Algo rmappo Exp benchmark_23_8_4 updates 635/10416 episodes, total num timesteps 183168/3000000, FPS 99.


 Scenario BOSCH Algo rmappo Exp benchmark_23_8_4 updates 640/10416 episodes, total num timesteps 184608/3000000, FPS 99.


 Scenario BOSCH Algo rmappo Exp benchmark_23_8_4 updates 645/10416 episodes, total num timesteps 186048/3000000, FPS 99.


 Scenario BOSCH Algo rmappo Exp benchmark_23_8_4 updates 650/10416 episodes, total num timesteps 187488/3000000, FPS 99.


[EVAL] BOSCH MARL Inference Solving Time for 36 periods: 0.7880 seconds
eval average episode rewards of agent0: -342.0496
eval average episode rewards of agent1: -340.81613
eval average episode rewards of agent2: -340.8707
eval average episode rewards of agent3: -340.812
eval average episode rewards of agent4: -340.8657
eval average episode rewards of agent5: -340.76825
eval average episode rewards of agent6: -340.85504
eval average episode rewards of agent7: -340.7984
eval average episode rewards of agent8: -340.8084
eval average episode costs: Backlog: 90323.87, Inventory: 0.00, Maintenance: 766.00, Production: 1516.89, Setup: 1007.29, TOTAL: 93614.05

 Scenario BOSCH Algo rmappo Exp benchmark_23_8_4 updates 655/10416 episodes, total num timesteps 188928/3000000, FPS 99.


 Scenario BOSCH Algo rmappo Exp benchmark_23_8_4 updates 660/10416 episodes, total num timesteps 190368/3000000, FPS 99.


 Scenario BOSCH Algo rmappo Exp benchmark_23_8_4 updates 665/10416 episodes, total num timesteps 191808/3000000, FPS 99.


 Scenario BOSCH Algo rmappo Exp benchmark_23_8_4 updates 670/10416 episodes, total num timesteps 193248/3000000, FPS 99.


 Scenario BOSCH Algo rmappo Exp benchmark_23_8_4 updates 675/10416 episodes, total num timesteps 194688/3000000, FPS 99.


 Scenario BOSCH Algo rmappo Exp benchmark_23_8_4 updates 680/10416 episodes, total num timesteps 196128/3000000, FPS 98.


 Scenario BOSCH Algo rmappo Exp benchmark_23_8_4 updates 685/10416 episodes, total num timesteps 197568/3000000, FPS 98.


 Scenario BOSCH Algo rmappo Exp benchmark_23_8_4 updates 690/10416 episodes, total num timesteps 199008/3000000, FPS 98.


 Scenario BOSCH Algo rmappo Exp benchmark_23_8_4 updates 695/10416 episodes, total num timesteps 200448/3000000, FPS 98.


 Scenario BOSCH Algo rmappo Exp benchmark_23_8_4 updates 700/10416 episodes, total num timesteps 201888/3000000, FPS 98.


[EVAL] BOSCH MARL Inference Solving Time for 36 periods: 0.8138 seconds
eval average episode rewards of agent0: -330.32904
eval average episode rewards of agent1: -328.75446
eval average episode rewards of agent2: -328.83356
eval average episode rewards of agent3: -328.7966
eval average episode rewards of agent4: -328.81174
eval average episode rewards of agent5: -328.67178
eval average episode rewards of agent6: -328.80356
eval average episode rewards of agent7: -328.82477
eval average episode rewards of agent8: -328.7789
eval average episode costs: Backlog: 87354.83, Inventory: 0.00, Maintenance: 20.18, Production: 1889.15, Setup: 1137.81, TOTAL: 90401.98

 Scenario BOSCH Algo rmappo Exp benchmark_23_8_4 updates 705/10416 episodes, total num timesteps 203328/3000000, FPS 98.


 Scenario BOSCH Algo rmappo Exp benchmark_23_8_4 updates 710/10416 episodes, total num timesteps 204768/3000000, FPS 98.


 Scenario BOSCH Algo rmappo Exp benchmark_23_8_4 updates 715/10416 episodes, total num timesteps 206208/3000000, FPS 98.


 Scenario BOSCH Algo rmappo Exp benchmark_23_8_4 updates 720/10416 episodes, total num timesteps 207648/3000000, FPS 98.


 Scenario BOSCH Algo rmappo Exp benchmark_23_8_4 updates 725/10416 episodes, total num timesteps 209088/3000000, FPS 98.


 Scenario BOSCH Algo rmappo Exp benchmark_23_8_4 updates 730/10416 episodes, total num timesteps 210528/3000000, FPS 99.


 Scenario BOSCH Algo rmappo Exp benchmark_23_8_4 updates 735/10416 episodes, total num timesteps 211968/3000000, FPS 99.


 Scenario BOSCH Algo rmappo Exp benchmark_23_8_4 updates 740/10416 episodes, total num timesteps 213408/3000000, FPS 99.


 Scenario BOSCH Algo rmappo Exp benchmark_23_8_4 updates 745/10416 episodes, total num timesteps 214848/3000000, FPS 99.


 Scenario BOSCH Algo rmappo Exp benchmark_23_8_4 updates 750/10416 episodes, total num timesteps 216288/3000000, FPS 99.


[EVAL] BOSCH MARL Inference Solving Time for 36 periods: 0.6954 seconds
eval average episode rewards of agent0: -336.7863
eval average episode rewards of agent1: -334.9156
eval average episode rewards of agent2: -334.93243
eval average episode rewards of agent3: -334.93805
eval average episode rewards of agent4: -334.88837
eval average episode rewards of agent5: -334.76715
eval average episode rewards of agent6: -334.90298
eval average episode rewards of agent7: -334.87347
eval average episode rewards of agent8: -334.89178
eval average episode costs: Backlog: 88906.48, Inventory: 0.00, Maintenance: 12.53, Production: 1513.14, Setup: 1380.82, TOTAL: 91812.98

 Scenario BOSCH Algo rmappo Exp benchmark_23_8_4 updates 755/10416 episodes, total num timesteps 217728/3000000, FPS 99.


 Scenario BOSCH Algo rmappo Exp benchmark_23_8_4 updates 760/10416 episodes, total num timesteps 219168/3000000, FPS 99.


 Scenario BOSCH Algo rmappo Exp benchmark_23_8_4 updates 765/10416 episodes, total num timesteps 220608/3000000, FPS 99.


 Scenario BOSCH Algo rmappo Exp benchmark_23_8_4 updates 770/10416 episodes, total num timesteps 222048/3000000, FPS 99.


 Scenario BOSCH Algo rmappo Exp benchmark_23_8_4 updates 775/10416 episodes, total num timesteps 223488/3000000, FPS 99.


 Scenario BOSCH Algo rmappo Exp benchmark_23_8_4 updates 780/10416 episodes, total num timesteps 224928/3000000, FPS 99.


 Scenario BOSCH Algo rmappo Exp benchmark_23_8_4 updates 785/10416 episodes, total num timesteps 226368/3000000, FPS 99.


 Scenario BOSCH Algo rmappo Exp benchmark_23_8_4 updates 790/10416 episodes, total num timesteps 227808/3000000, FPS 99.


 Scenario BOSCH Algo rmappo Exp benchmark_23_8_4 updates 795/10416 episodes, total num timesteps 229248/3000000, FPS 99.


 Scenario BOSCH Algo rmappo Exp benchmark_23_8_4 updates 800/10416 episodes, total num timesteps 230688/3000000, FPS 99.


[EVAL] BOSCH MARL Inference Solving Time for 36 periods: 0.6697 seconds
eval average episode rewards of agent0: -346.12775
eval average episode rewards of agent1: -344.95636
eval average episode rewards of agent2: -344.93872
eval average episode rewards of agent3: -344.9124
eval average episode rewards of agent4: -344.92035
eval average episode rewards of agent5: -344.83905
eval average episode rewards of agent6: -344.90875
eval average episode rewards of agent7: -344.90533
eval average episode rewards of agent8: -344.9371
eval average episode costs: Backlog: 91677.95, Inventory: 0.00, Maintenance: 10.25, Production: 1218.39, Setup: 879.69, TOTAL: 93786.29

 Scenario BOSCH Algo rmappo Exp benchmark_23_8_4 updates 805/10416 episodes, total num timesteps 232128/3000000, FPS 99.


 Scenario BOSCH Algo rmappo Exp benchmark_23_8_4 updates 810/10416 episodes, total num timesteps 233568/3000000, FPS 99.


 Scenario BOSCH Algo rmappo Exp benchmark_23_8_4 updates 815/10416 episodes, total num timesteps 235008/3000000, FPS 99.


 Scenario BOSCH Algo rmappo Exp benchmark_23_8_4 updates 820/10416 episodes, total num timesteps 236448/3000000, FPS 99.


 Scenario BOSCH Algo rmappo Exp benchmark_23_8_4 updates 825/10416 episodes, total num timesteps 237888/3000000, FPS 99.


 Scenario BOSCH Algo rmappo Exp benchmark_23_8_4 updates 830/10416 episodes, total num timesteps 239328/3000000, FPS 99.


 Scenario BOSCH Algo rmappo Exp benchmark_23_8_4 updates 835/10416 episodes, total num timesteps 240768/3000000, FPS 99.


 Scenario BOSCH Algo rmappo Exp benchmark_23_8_4 updates 840/10416 episodes, total num timesteps 242208/3000000, FPS 99.


 Scenario BOSCH Algo rmappo Exp benchmark_23_8_4 updates 845/10416 episodes, total num timesteps 243648/3000000, FPS 99.


 Scenario BOSCH Algo rmappo Exp benchmark_23_8_4 updates 850/10416 episodes, total num timesteps 245088/3000000, FPS 99.


[EVAL] BOSCH MARL Inference Solving Time for 36 periods: 0.6648 seconds
eval average episode rewards of agent0: -337.35913
eval average episode rewards of agent1: -335.93295
eval average episode rewards of agent2: -335.984
eval average episode rewards of agent3: -335.87054
eval average episode rewards of agent4: -335.9689
eval average episode rewards of agent5: -335.8376
eval average episode rewards of agent6: -335.96512
eval average episode rewards of agent7: -335.96677
eval average episode rewards of agent8: -335.98785
eval average episode costs: Backlog: 89263.23, Inventory: 0.00, Maintenance: 38.11, Production: 1560.63, Setup: 1033.38, TOTAL: 91895.33

 Scenario BOSCH Algo rmappo Exp benchmark_23_8_4 updates 855/10416 episodes, total num timesteps 246528/3000000, FPS 99.


 Scenario BOSCH Algo rmappo Exp benchmark_23_8_4 updates 860/10416 episodes, total num timesteps 247968/3000000, FPS 99.


 Scenario BOSCH Algo rmappo Exp benchmark_23_8_4 updates 865/10416 episodes, total num timesteps 249408/3000000, FPS 99.


 Scenario BOSCH Algo rmappo Exp benchmark_23_8_4 updates 870/10416 episodes, total num timesteps 250848/3000000, FPS 99.


 Scenario BOSCH Algo rmappo Exp benchmark_23_8_4 updates 875/10416 episodes, total num timesteps 252288/3000000, FPS 99.


 Scenario BOSCH Algo rmappo Exp benchmark_23_8_4 updates 880/10416 episodes, total num timesteps 253728/3000000, FPS 99.


 Scenario BOSCH Algo rmappo Exp benchmark_23_8_4 updates 885/10416 episodes, total num timesteps 255168/3000000, FPS 99.


 Scenario BOSCH Algo rmappo Exp benchmark_23_8_4 updates 890/10416 episodes, total num timesteps 256608/3000000, FPS 99.


 Scenario BOSCH Algo rmappo Exp benchmark_23_8_4 updates 895/10416 episodes, total num timesteps 258048/3000000, FPS 99.


 Scenario BOSCH Algo rmappo Exp benchmark_23_8_4 updates 900/10416 episodes, total num timesteps 259488/3000000, FPS 99.


[EVAL] BOSCH MARL Inference Solving Time for 36 periods: 0.6642 seconds
eval average episode rewards of agent0: -336.47293
eval average episode rewards of agent1: -334.5556
eval average episode rewards of agent2: -334.61627
eval average episode rewards of agent3: -334.5471
eval average episode rewards of agent4: -334.62628
eval average episode rewards of agent5: -334.52203
eval average episode rewards of agent6: -334.59576
eval average episode rewards of agent7: -334.60773
eval average episode rewards of agent8: -334.61673
eval average episode costs: Backlog: 88869.27, Inventory: 0.00, Maintenance: 11.82, Production: 1442.28, Setup: 1233.44, TOTAL: 91556.81

 Scenario BOSCH Algo rmappo Exp benchmark_23_8_4 updates 905/10416 episodes, total num timesteps 260928/3000000, FPS 99.


 Scenario BOSCH Algo rmappo Exp benchmark_23_8_4 updates 910/10416 episodes, total num timesteps 262368/3000000, FPS 99.


 Scenario BOSCH Algo rmappo Exp benchmark_23_8_4 updates 915/10416 episodes, total num timesteps 263808/3000000, FPS 99.


 Scenario BOSCH Algo rmappo Exp benchmark_23_8_4 updates 920/10416 episodes, total num timesteps 265248/3000000, FPS 99.


 Scenario BOSCH Algo rmappo Exp benchmark_23_8_4 updates 925/10416 episodes, total num timesteps 266688/3000000, FPS 99.


 Scenario BOSCH Algo rmappo Exp benchmark_23_8_4 updates 930/10416 episodes, total num timesteps 268128/3000000, FPS 99.


 Scenario BOSCH Algo rmappo Exp benchmark_23_8_4 updates 935/10416 episodes, total num timesteps 269568/3000000, FPS 99.


 Scenario BOSCH Algo rmappo Exp benchmark_23_8_4 updates 940/10416 episodes, total num timesteps 271008/3000000, FPS 99.


 Scenario BOSCH Algo rmappo Exp benchmark_23_8_4 updates 945/10416 episodes, total num timesteps 272448/3000000, FPS 99.


 Scenario BOSCH Algo rmappo Exp benchmark_23_8_4 updates 950/10416 episodes, total num timesteps 273888/3000000, FPS 99.


[EVAL] BOSCH MARL Inference Solving Time for 36 periods: 0.6893 seconds
eval average episode rewards of agent0: -341.12604
eval average episode rewards of agent1: -339.8532
eval average episode rewards of agent2: -339.9086
eval average episode rewards of agent3: -339.90686
eval average episode rewards of agent4: -339.90543
eval average episode rewards of agent5: -339.8034
eval average episode rewards of agent6: -339.91626
eval average episode rewards of agent7: -339.8899
eval average episode rewards of agent8: -339.91852
eval average episode costs: Backlog: 90368.27, Inventory: 0.00, Maintenance: 11.75, Production: 1445.39, Setup: 824.29, TOTAL: 92649.70

 Scenario BOSCH Algo rmappo Exp benchmark_23_8_4 updates 955/10416 episodes, total num timesteps 275328/3000000, FPS 99.


 Scenario BOSCH Algo rmappo Exp benchmark_23_8_4 updates 960/10416 episodes, total num timesteps 276768/3000000, FPS 99.


 Scenario BOSCH Algo rmappo Exp benchmark_23_8_4 updates 965/10416 episodes, total num timesteps 278208/3000000, FPS 99.


 Scenario BOSCH Algo rmappo Exp benchmark_23_8_4 updates 970/10416 episodes, total num timesteps 279648/3000000, FPS 99.


 Scenario BOSCH Algo rmappo Exp benchmark_23_8_4 updates 975/10416 episodes, total num timesteps 281088/3000000, FPS 99.


 Scenario BOSCH Algo rmappo Exp benchmark_23_8_4 updates 980/10416 episodes, total num timesteps 282528/3000000, FPS 99.


 Scenario BOSCH Algo rmappo Exp benchmark_23_8_4 updates 985/10416 episodes, total num timesteps 283968/3000000, FPS 99.


 Scenario BOSCH Algo rmappo Exp benchmark_23_8_4 updates 990/10416 episodes, total num timesteps 285408/3000000, FPS 99.


 Scenario BOSCH Algo rmappo Exp benchmark_23_8_4 updates 995/10416 episodes, total num timesteps 286848/3000000, FPS 99.


 Scenario BOSCH Algo rmappo Exp benchmark_23_8_4 updates 1000/10416 episodes, total num timesteps 288288/3000000, FPS 99.


[EVAL] BOSCH MARL Inference Solving Time for 36 periods: 0.7062 seconds
eval average episode rewards of agent0: -351.1028
eval average episode rewards of agent1: -349.96777
eval average episode rewards of agent2: -350.0036
eval average episode rewards of agent3: -349.9618
eval average episode rewards of agent4: -350.00168
eval average episode rewards of agent5: -349.8703
eval average episode rewards of agent6: -349.99368
eval average episode rewards of agent7: -349.97037
eval average episode rewards of agent8: -350.01556
eval average episode costs: Backlog: 93038.70, Inventory: 0.00, Maintenance: 9.39, Production: 1118.78, Setup: 763.93, TOTAL: 94930.82

 Scenario BOSCH Algo rmappo Exp benchmark_23_8_4 updates 1005/10416 episodes, total num timesteps 289728/3000000, FPS 99.


 Scenario BOSCH Algo rmappo Exp benchmark_23_8_4 updates 1010/10416 episodes, total num timesteps 291168/3000000, FPS 99.


 Scenario BOSCH Algo rmappo Exp benchmark_23_8_4 updates 1015/10416 episodes, total num timesteps 292608/3000000, FPS 99.


 Scenario BOSCH Algo rmappo Exp benchmark_23_8_4 updates 1020/10416 episodes, total num timesteps 294048/3000000, FPS 99.


 Scenario BOSCH Algo rmappo Exp benchmark_23_8_4 updates 1025/10416 episodes, total num timesteps 295488/3000000, FPS 99.


 Scenario BOSCH Algo rmappo Exp benchmark_23_8_4 updates 1030/10416 episodes, total num timesteps 296928/3000000, FPS 99.


 Scenario BOSCH Algo rmappo Exp benchmark_23_8_4 updates 1035/10416 episodes, total num timesteps 298368/3000000, FPS 99.


 Scenario BOSCH Algo rmappo Exp benchmark_23_8_4 updates 1040/10416 episodes, total num timesteps 299808/3000000, FPS 99.


 Scenario BOSCH Algo rmappo Exp benchmark_23_8_4 updates 1045/10416 episodes, total num timesteps 301248/3000000, FPS 99.


 Scenario BOSCH Algo rmappo Exp benchmark_23_8_4 updates 1050/10416 episodes, total num timesteps 302688/3000000, FPS 99.


[EVAL] BOSCH MARL Inference Solving Time for 36 periods: 0.7033 seconds
eval average episode rewards of agent0: -338.9456
eval average episode rewards of agent1: -337.4434
eval average episode rewards of agent2: -337.45615
eval average episode rewards of agent3: -337.43555
eval average episode rewards of agent4: -337.4767
eval average episode rewards of agent5: -337.39758
eval average episode rewards of agent6: -337.46704
eval average episode rewards of agent7: -337.47473
eval average episode rewards of agent8: -337.49557
eval average episode costs: Backlog: 89672.84, Inventory: 0.00, Maintenance: 11.79, Production: 1454.05, Setup: 1038.05, TOTAL: 92176.73

 Scenario BOSCH Algo rmappo Exp benchmark_23_8_4 updates 1055/10416 episodes, total num timesteps 304128/3000000, FPS 99.


 Scenario BOSCH Algo rmappo Exp benchmark_23_8_4 updates 1060/10416 episodes, total num timesteps 305568/3000000, FPS 99.


 Scenario BOSCH Algo rmappo Exp benchmark_23_8_4 updates 1065/10416 episodes, total num timesteps 307008/3000000, FPS 99.


 Scenario BOSCH Algo rmappo Exp benchmark_23_8_4 updates 1070/10416 episodes, total num timesteps 308448/3000000, FPS 99.


 Scenario BOSCH Algo rmappo Exp benchmark_23_8_4 updates 1075/10416 episodes, total num timesteps 309888/3000000, FPS 99.


 Scenario BOSCH Algo rmappo Exp benchmark_23_8_4 updates 1080/10416 episodes, total num timesteps 311328/3000000, FPS 99.


 Scenario BOSCH Algo rmappo Exp benchmark_23_8_4 updates 1085/10416 episodes, total num timesteps 312768/3000000, FPS 99.


 Scenario BOSCH Algo rmappo Exp benchmark_23_8_4 updates 1090/10416 episodes, total num timesteps 314208/3000000, FPS 99.


 Scenario BOSCH Algo rmappo Exp benchmark_23_8_4 updates 1095/10416 episodes, total num timesteps 315648/3000000, FPS 99.


 Scenario BOSCH Algo rmappo Exp benchmark_23_8_4 updates 1100/10416 episodes, total num timesteps 317088/3000000, FPS 99.


[EVAL] BOSCH MARL Inference Solving Time for 36 periods: 0.7049 seconds
eval average episode rewards of agent0: -336.62366
eval average episode rewards of agent1: -335.20126
eval average episode rewards of agent2: -335.26086
eval average episode rewards of agent3: -335.25812
eval average episode rewards of agent4: -335.25348
eval average episode rewards of agent5: -335.20743
eval average episode rewards of agent6: -335.25006
eval average episode rewards of agent7: -335.2563
eval average episode rewards of agent8: -335.26117
eval average episode costs: Backlog: 89096.84, Inventory: 0.00, Maintenance: 13.00, Production: 1609.21, Setup: 1005.44, TOTAL: 91724.48

 Scenario BOSCH Algo rmappo Exp benchmark_23_8_4 updates 1105/10416 episodes, total num timesteps 318528/3000000, FPS 99.


 Scenario BOSCH Algo rmappo Exp benchmark_23_8_4 updates 1110/10416 episodes, total num timesteps 319968/3000000, FPS 99.


 Scenario BOSCH Algo rmappo Exp benchmark_23_8_4 updates 1115/10416 episodes, total num timesteps 321408/3000000, FPS 99.


 Scenario BOSCH Algo rmappo Exp benchmark_23_8_4 updates 1120/10416 episodes, total num timesteps 322848/3000000, FPS 99.


 Scenario BOSCH Algo rmappo Exp benchmark_23_8_4 updates 1125/10416 episodes, total num timesteps 324288/3000000, FPS 99.


 Scenario BOSCH Algo rmappo Exp benchmark_23_8_4 updates 1130/10416 episodes, total num timesteps 325728/3000000, FPS 99.


 Scenario BOSCH Algo rmappo Exp benchmark_23_8_4 updates 1135/10416 episodes, total num timesteps 327168/3000000, FPS 99.


 Scenario BOSCH Algo rmappo Exp benchmark_23_8_4 updates 1140/10416 episodes, total num timesteps 328608/3000000, FPS 99.


 Scenario BOSCH Algo rmappo Exp benchmark_23_8_4 updates 1145/10416 episodes, total num timesteps 330048/3000000, FPS 99.


 Scenario BOSCH Algo rmappo Exp benchmark_23_8_4 updates 1150/10416 episodes, total num timesteps 331488/3000000, FPS 99.


[EVAL] BOSCH MARL Inference Solving Time for 36 periods: 0.7041 seconds
eval average episode rewards of agent0: -336.41055
eval average episode rewards of agent1: -334.66238
eval average episode rewards of agent2: -334.7195
eval average episode rewards of agent3: -334.6468
eval average episode rewards of agent4: -334.7033
eval average episode rewards of agent5: -334.66974
eval average episode rewards of agent6: -334.68753
eval average episode rewards of agent7: -334.66144
eval average episode rewards of agent8: -334.65485
eval average episode costs: Backlog: 88870.77, Inventory: 0.00, Maintenance: 13.61, Production: 1667.12, Setup: 1285.82, TOTAL: 91837.33

 Scenario BOSCH Algo rmappo Exp benchmark_23_8_4 updates 1155/10416 episodes, total num timesteps 332928/3000000, FPS 99.


 Scenario BOSCH Algo rmappo Exp benchmark_23_8_4 updates 1160/10416 episodes, total num timesteps 334368/3000000, FPS 99.


 Scenario BOSCH Algo rmappo Exp benchmark_23_8_4 updates 1165/10416 episodes, total num timesteps 335808/3000000, FPS 99.


 Scenario BOSCH Algo rmappo Exp benchmark_23_8_4 updates 1170/10416 episodes, total num timesteps 337248/3000000, FPS 99.


 Scenario BOSCH Algo rmappo Exp benchmark_23_8_4 updates 1175/10416 episodes, total num timesteps 338688/3000000, FPS 99.


 Scenario BOSCH Algo rmappo Exp benchmark_23_8_4 updates 1180/10416 episodes, total num timesteps 340128/3000000, FPS 99.


 Scenario BOSCH Algo rmappo Exp benchmark_23_8_4 updates 1185/10416 episodes, total num timesteps 341568/3000000, FPS 99.


 Scenario BOSCH Algo rmappo Exp benchmark_23_8_4 updates 1190/10416 episodes, total num timesteps 343008/3000000, FPS 99.


 Scenario BOSCH Algo rmappo Exp benchmark_23_8_4 updates 1195/10416 episodes, total num timesteps 344448/3000000, FPS 99.


 Scenario BOSCH Algo rmappo Exp benchmark_23_8_4 updates 1200/10416 episodes, total num timesteps 345888/3000000, FPS 99.


[EVAL] BOSCH MARL Inference Solving Time for 36 periods: 0.6968 seconds
eval average episode rewards of agent0: -340.96518
eval average episode rewards of agent1: -339.6634
eval average episode rewards of agent2: -339.7531
eval average episode rewards of agent3: -339.74155
eval average episode rewards of agent4: -339.76703
eval average episode rewards of agent5: -339.66388
eval average episode rewards of agent6: -339.7176
eval average episode rewards of agent7: -339.6621
eval average episode rewards of agent8: -339.75024
eval average episode costs: Backlog: 90287.22, Inventory: 0.00, Maintenance: 12.85, Production: 1620.24, Setup: 936.93, TOTAL: 92857.23

 Scenario BOSCH Algo rmappo Exp benchmark_23_8_4 updates 1205/10416 episodes, total num timesteps 347328/3000000, FPS 99.


 Scenario BOSCH Algo rmappo Exp benchmark_23_8_4 updates 1210/10416 episodes, total num timesteps 348768/3000000, FPS 99.


 Scenario BOSCH Algo rmappo Exp benchmark_23_8_4 updates 1215/10416 episodes, total num timesteps 350208/3000000, FPS 99.


 Scenario BOSCH Algo rmappo Exp benchmark_23_8_4 updates 1220/10416 episodes, total num timesteps 351648/3000000, FPS 99.


 Scenario BOSCH Algo rmappo Exp benchmark_23_8_4 updates 1225/10416 episodes, total num timesteps 353088/3000000, FPS 99.


 Scenario BOSCH Algo rmappo Exp benchmark_23_8_4 updates 1230/10416 episodes, total num timesteps 354528/3000000, FPS 99.


 Scenario BOSCH Algo rmappo Exp benchmark_23_8_4 updates 1235/10416 episodes, total num timesteps 355968/3000000, FPS 99.


 Scenario BOSCH Algo rmappo Exp benchmark_23_8_4 updates 1240/10416 episodes, total num timesteps 357408/3000000, FPS 99.


 Scenario BOSCH Algo rmappo Exp benchmark_23_8_4 updates 1245/10416 episodes, total num timesteps 358848/3000000, FPS 99.


 Scenario BOSCH Algo rmappo Exp benchmark_23_8_4 updates 1250/10416 episodes, total num timesteps 360288/3000000, FPS 99.


[EVAL] BOSCH MARL Inference Solving Time for 36 periods: 0.6998 seconds
eval average episode rewards of agent0: -344.15585
eval average episode rewards of agent1: -343.00555
eval average episode rewards of agent2: -343.09665
eval average episode rewards of agent3: -343.05698
eval average episode rewards of agent4: -343.0816
eval average episode rewards of agent5: -343.0584
eval average episode rewards of agent6: -343.04672
eval average episode rewards of agent7: -342.96054
eval average episode rewards of agent8: -342.99396
eval average episode costs: Backlog: 91187.15, Inventory: 0.00, Maintenance: 9.85, Production: 1283.34, Setup: 864.08, TOTAL: 93344.41

 Scenario BOSCH Algo rmappo Exp benchmark_23_8_4 updates 1255/10416 episodes, total num timesteps 361728/3000000, FPS 99.


 Scenario BOSCH Algo rmappo Exp benchmark_23_8_4 updates 1260/10416 episodes, total num timesteps 363168/3000000, FPS 99.


 Scenario BOSCH Algo rmappo Exp benchmark_23_8_4 updates 1265/10416 episodes, total num timesteps 364608/3000000, FPS 99.


 Scenario BOSCH Algo rmappo Exp benchmark_23_8_4 updates 1270/10416 episodes, total num timesteps 366048/3000000, FPS 99.


 Scenario BOSCH Algo rmappo Exp benchmark_23_8_4 updates 1275/10416 episodes, total num timesteps 367488/3000000, FPS 99.


 Scenario BOSCH Algo rmappo Exp benchmark_23_8_4 updates 1280/10416 episodes, total num timesteps 368928/3000000, FPS 99.


 Scenario BOSCH Algo rmappo Exp benchmark_23_8_4 updates 1285/10416 episodes, total num timesteps 370368/3000000, FPS 99.


 Scenario BOSCH Algo rmappo Exp benchmark_23_8_4 updates 1290/10416 episodes, total num timesteps 371808/3000000, FPS 99.


 Scenario BOSCH Algo rmappo Exp benchmark_23_8_4 updates 1295/10416 episodes, total num timesteps 373248/3000000, FPS 99.


 Scenario BOSCH Algo rmappo Exp benchmark_23_8_4 updates 1300/10416 episodes, total num timesteps 374688/3000000, FPS 99.


[EVAL] BOSCH MARL Inference Solving Time for 36 periods: 0.7330 seconds
eval average episode rewards of agent0: -334.25867
eval average episode rewards of agent1: -332.54327
eval average episode rewards of agent2: -332.65338
eval average episode rewards of agent3: -332.62036
eval average episode rewards of agent4: -332.65155
eval average episode rewards of agent5: -332.56387
eval average episode rewards of agent6: -332.65787
eval average episode rewards of agent7: -332.53806
eval average episode rewards of agent8: -332.62027
eval average episode costs: Backlog: 88369.56, Inventory: 0.00, Maintenance: 12.86, Production: 1690.51, Setup: 1131.76, TOTAL: 91204.70

 Scenario BOSCH Algo rmappo Exp benchmark_23_8_4 updates 1305/10416 episodes, total num timesteps 376128/3000000, FPS 99.


 Scenario BOSCH Algo rmappo Exp benchmark_23_8_4 updates 1310/10416 episodes, total num timesteps 377568/3000000, FPS 99.


 Scenario BOSCH Algo rmappo Exp benchmark_23_8_4 updates 1315/10416 episodes, total num timesteps 379008/3000000, FPS 99.


 Scenario BOSCH Algo rmappo Exp benchmark_23_8_4 updates 1320/10416 episodes, total num timesteps 380448/3000000, FPS 99.


 Scenario BOSCH Algo rmappo Exp benchmark_23_8_4 updates 1325/10416 episodes, total num timesteps 381888/3000000, FPS 99.


 Scenario BOSCH Algo rmappo Exp benchmark_23_8_4 updates 1330/10416 episodes, total num timesteps 383328/3000000, FPS 99.


 Scenario BOSCH Algo rmappo Exp benchmark_23_8_4 updates 1335/10416 episodes, total num timesteps 384768/3000000, FPS 99.


 Scenario BOSCH Algo rmappo Exp benchmark_23_8_4 updates 1340/10416 episodes, total num timesteps 386208/3000000, FPS 99.


 Scenario BOSCH Algo rmappo Exp benchmark_23_8_4 updates 1345/10416 episodes, total num timesteps 387648/3000000, FPS 99.


 Scenario BOSCH Algo rmappo Exp benchmark_23_8_4 updates 1350/10416 episodes, total num timesteps 389088/3000000, FPS 99.


[EVAL] BOSCH MARL Inference Solving Time for 36 periods: 0.7311 seconds
eval average episode rewards of agent0: -340.6597
eval average episode rewards of agent1: -339.4948
eval average episode rewards of agent2: -339.63202
eval average episode rewards of agent3: -339.61682
eval average episode rewards of agent4: -339.57343
eval average episode rewards of agent5: -339.5719
eval average episode rewards of agent6: -339.5854
eval average episode rewards of agent7: -339.51276
eval average episode rewards of agent8: -339.52753
eval average episode costs: Backlog: 90292.94, Inventory: 0.00, Maintenance: 11.85, Production: 1516.80, Setup: 775.95, TOTAL: 92597.54

 Scenario BOSCH Algo rmappo Exp benchmark_23_8_4 updates 1355/10416 episodes, total num timesteps 390528/3000000, FPS 99.


 Scenario BOSCH Algo rmappo Exp benchmark_23_8_4 updates 1360/10416 episodes, total num timesteps 391968/3000000, FPS 99.


 Scenario BOSCH Algo rmappo Exp benchmark_23_8_4 updates 1365/10416 episodes, total num timesteps 393408/3000000, FPS 99.


 Scenario BOSCH Algo rmappo Exp benchmark_23_8_4 updates 1370/10416 episodes, total num timesteps 394848/3000000, FPS 99.


 Scenario BOSCH Algo rmappo Exp benchmark_23_8_4 updates 1375/10416 episodes, total num timesteps 396288/3000000, FPS 99.


 Scenario BOSCH Algo rmappo Exp benchmark_23_8_4 updates 1380/10416 episodes, total num timesteps 397728/3000000, FPS 99.


 Scenario BOSCH Algo rmappo Exp benchmark_23_8_4 updates 1385/10416 episodes, total num timesteps 399168/3000000, FPS 99.


 Scenario BOSCH Algo rmappo Exp benchmark_23_8_4 updates 1390/10416 episodes, total num timesteps 400608/3000000, FPS 99.


 Scenario BOSCH Algo rmappo Exp benchmark_23_8_4 updates 1395/10416 episodes, total num timesteps 402048/3000000, FPS 99.


 Scenario BOSCH Algo rmappo Exp benchmark_23_8_4 updates 1400/10416 episodes, total num timesteps 403488/3000000, FPS 99.


[EVAL] BOSCH MARL Inference Solving Time for 36 periods: 0.7518 seconds
eval average episode rewards of agent0: -345.62247
eval average episode rewards of agent1: -344.78354
eval average episode rewards of agent2: -344.89307
eval average episode rewards of agent3: -344.84576
eval average episode rewards of agent4: -344.82953
eval average episode rewards of agent5: -344.89267
eval average episode rewards of agent6: -344.843
eval average episode rewards of agent7: -344.79846
eval average episode rewards of agent8: -344.8105
eval average episode costs: Backlog: 91730.51, Inventory: 0.00, Maintenance: 10.02, Production: 1307.40, Setup: 594.10, TOTAL: 93642.02

 Scenario BOSCH Algo rmappo Exp benchmark_23_8_4 updates 1405/10416 episodes, total num timesteps 404928/3000000, FPS 99.


 Scenario BOSCH Algo rmappo Exp benchmark_23_8_4 updates 1410/10416 episodes, total num timesteps 406368/3000000, FPS 99.


 Scenario BOSCH Algo rmappo Exp benchmark_23_8_4 updates 1415/10416 episodes, total num timesteps 407808/3000000, FPS 99.


 Scenario BOSCH Algo rmappo Exp benchmark_23_8_4 updates 1420/10416 episodes, total num timesteps 409248/3000000, FPS 99.


 Scenario BOSCH Algo rmappo Exp benchmark_23_8_4 updates 1425/10416 episodes, total num timesteps 410688/3000000, FPS 99.


 Scenario BOSCH Algo rmappo Exp benchmark_23_8_4 updates 1430/10416 episodes, total num timesteps 412128/3000000, FPS 99.


 Scenario BOSCH Algo rmappo Exp benchmark_23_8_4 updates 1435/10416 episodes, total num timesteps 413568/3000000, FPS 99.


 Scenario BOSCH Algo rmappo Exp benchmark_23_8_4 updates 1440/10416 episodes, total num timesteps 415008/3000000, FPS 99.


 Scenario BOSCH Algo rmappo Exp benchmark_23_8_4 updates 1445/10416 episodes, total num timesteps 416448/3000000, FPS 99.


 Scenario BOSCH Algo rmappo Exp benchmark_23_8_4 updates 1450/10416 episodes, total num timesteps 417888/3000000, FPS 99.


[EVAL] BOSCH MARL Inference Solving Time for 36 periods: 0.9501 seconds
eval average episode rewards of agent0: -346.35297
eval average episode rewards of agent1: -345.31784
eval average episode rewards of agent2: -345.40186
eval average episode rewards of agent3: -345.398
eval average episode rewards of agent4: -345.39386
eval average episode rewards of agent5: -345.34546
eval average episode rewards of agent6: -345.35202
eval average episode rewards of agent7: -345.3238
eval average episode rewards of agent8: -345.38937
eval average episode costs: Backlog: 91816.45, Inventory: 0.00, Maintenance: 11.10, Production: 1444.90, Setup: 778.26, TOTAL: 94050.70

 Scenario BOSCH Algo rmappo Exp benchmark_23_8_4 updates 1455/10416 episodes, total num timesteps 419328/3000000, FPS 99.


 Scenario BOSCH Algo rmappo Exp benchmark_23_8_4 updates 1460/10416 episodes, total num timesteps 420768/3000000, FPS 99.


 Scenario BOSCH Algo rmappo Exp benchmark_23_8_4 updates 1465/10416 episodes, total num timesteps 422208/3000000, FPS 99.


 Scenario BOSCH Algo rmappo Exp benchmark_23_8_4 updates 1470/10416 episodes, total num timesteps 423648/3000000, FPS 99.


 Scenario BOSCH Algo rmappo Exp benchmark_23_8_4 updates 1475/10416 episodes, total num timesteps 425088/3000000, FPS 99.


 Scenario BOSCH Algo rmappo Exp benchmark_23_8_4 updates 1480/10416 episodes, total num timesteps 426528/3000000, FPS 99.


 Scenario BOSCH Algo rmappo Exp benchmark_23_8_4 updates 1485/10416 episodes, total num timesteps 427968/3000000, FPS 99.


 Scenario BOSCH Algo rmappo Exp benchmark_23_8_4 updates 1490/10416 episodes, total num timesteps 429408/3000000, FPS 99.


 Scenario BOSCH Algo rmappo Exp benchmark_23_8_4 updates 1495/10416 episodes, total num timesteps 430848/3000000, FPS 99.


 Scenario BOSCH Algo rmappo Exp benchmark_23_8_4 updates 1500/10416 episodes, total num timesteps 432288/3000000, FPS 99.


[EVAL] BOSCH MARL Inference Solving Time for 36 periods: 0.7610 seconds
eval average episode rewards of agent0: -328.13544
eval average episode rewards of agent1: -326.59067
eval average episode rewards of agent2: -326.75006
eval average episode rewards of agent3: -326.70572
eval average episode rewards of agent4: -326.7572
eval average episode rewards of agent5: -326.67953
eval average episode rewards of agent6: -326.7316
eval average episode rewards of agent7: -326.6488
eval average episode rewards of agent8: -326.68295
eval average episode costs: Backlog: 86860.97, Inventory: 0.00, Maintenance: 14.65, Production: 1821.74, Setup: 947.78, TOTAL: 89645.14

 Scenario BOSCH Algo rmappo Exp benchmark_23_8_4 updates 1505/10416 episodes, total num timesteps 433728/3000000, FPS 99.


 Scenario BOSCH Algo rmappo Exp benchmark_23_8_4 updates 1510/10416 episodes, total num timesteps 435168/3000000, FPS 99.


 Scenario BOSCH Algo rmappo Exp benchmark_23_8_4 updates 1515/10416 episodes, total num timesteps 436608/3000000, FPS 99.


 Scenario BOSCH Algo rmappo Exp benchmark_23_8_4 updates 1520/10416 episodes, total num timesteps 438048/3000000, FPS 99.


 Scenario BOSCH Algo rmappo Exp benchmark_23_8_4 updates 1525/10416 episodes, total num timesteps 439488/3000000, FPS 99.


 Scenario BOSCH Algo rmappo Exp benchmark_23_8_4 updates 1530/10416 episodes, total num timesteps 440928/3000000, FPS 99.


 Scenario BOSCH Algo rmappo Exp benchmark_23_8_4 updates 1535/10416 episodes, total num timesteps 442368/3000000, FPS 99.


 Scenario BOSCH Algo rmappo Exp benchmark_23_8_4 updates 1540/10416 episodes, total num timesteps 443808/3000000, FPS 99.


 Scenario BOSCH Algo rmappo Exp benchmark_23_8_4 updates 1545/10416 episodes, total num timesteps 445248/3000000, FPS 99.


 Scenario BOSCH Algo rmappo Exp benchmark_23_8_4 updates 1550/10416 episodes, total num timesteps 446688/3000000, FPS 99.


[EVAL] BOSCH MARL Inference Solving Time for 36 periods: 0.6595 seconds
eval average episode rewards of agent0: -306.44882
eval average episode rewards of agent1: -304.23926
eval average episode rewards of agent2: -304.41977
eval average episode rewards of agent3: -304.2919
eval average episode rewards of agent4: -304.39328
eval average episode rewards of agent5: -304.28708
eval average episode rewards of agent6: -304.424
eval average episode rewards of agent7: -304.31396
eval average episode rewards of agent8: -304.38495
eval average episode costs: Backlog: 80845.71, Inventory: 0.00, Maintenance: 20.07, Production: 2545.23, Setup: 1442.52, TOTAL: 84853.53

 Scenario BOSCH Algo rmappo Exp benchmark_23_8_4 updates 1555/10416 episodes, total num timesteps 448128/3000000, FPS 99.


 Scenario BOSCH Algo rmappo Exp benchmark_23_8_4 updates 1560/10416 episodes, total num timesteps 449568/3000000, FPS 99.


 Scenario BOSCH Algo rmappo Exp benchmark_23_8_4 updates 1565/10416 episodes, total num timesteps 451008/3000000, FPS 99.


 Scenario BOSCH Algo rmappo Exp benchmark_23_8_4 updates 1570/10416 episodes, total num timesteps 452448/3000000, FPS 99.


 Scenario BOSCH Algo rmappo Exp benchmark_23_8_4 updates 1575/10416 episodes, total num timesteps 453888/3000000, FPS 99.


 Scenario BOSCH Algo rmappo Exp benchmark_23_8_4 updates 1580/10416 episodes, total num timesteps 455328/3000000, FPS 99.


 Scenario BOSCH Algo rmappo Exp benchmark_23_8_4 updates 1585/10416 episodes, total num timesteps 456768/3000000, FPS 99.


 Scenario BOSCH Algo rmappo Exp benchmark_23_8_4 updates 1590/10416 episodes, total num timesteps 458208/3000000, FPS 99.


 Scenario BOSCH Algo rmappo Exp benchmark_23_8_4 updates 1595/10416 episodes, total num timesteps 459648/3000000, FPS 99.


 Scenario BOSCH Algo rmappo Exp benchmark_23_8_4 updates 1600/10416 episodes, total num timesteps 461088/3000000, FPS 99.


[EVAL] BOSCH MARL Inference Solving Time for 36 periods: 0.6976 seconds
eval average episode rewards of agent0: -314.56543
eval average episode rewards of agent1: -312.54645
eval average episode rewards of agent2: -312.75067
eval average episode rewards of agent3: -312.69345
eval average episode rewards of agent4: -312.6964
eval average episode rewards of agent5: -312.69818
eval average episode rewards of agent6: -312.73178
eval average episode rewards of agent7: -312.5998
eval average episode rewards of agent8: -312.7101
eval average episode costs: Backlog: 83090.70, Inventory: 0.00, Maintenance: 18.48, Production: 2318.48, Setup: 1248.46, TOTAL: 86676.12

 Scenario BOSCH Algo rmappo Exp benchmark_23_8_4 updates 1605/10416 episodes, total num timesteps 462528/3000000, FPS 99.


 Scenario BOSCH Algo rmappo Exp benchmark_23_8_4 updates 1610/10416 episodes, total num timesteps 463968/3000000, FPS 99.


 Scenario BOSCH Algo rmappo Exp benchmark_23_8_4 updates 1615/10416 episodes, total num timesteps 465408/3000000, FPS 99.


 Scenario BOSCH Algo rmappo Exp benchmark_23_8_4 updates 1620/10416 episodes, total num timesteps 466848/3000000, FPS 99.


 Scenario BOSCH Algo rmappo Exp benchmark_23_8_4 updates 1625/10416 episodes, total num timesteps 468288/3000000, FPS 99.


 Scenario BOSCH Algo rmappo Exp benchmark_23_8_4 updates 1630/10416 episodes, total num timesteps 469728/3000000, FPS 99.


 Scenario BOSCH Algo rmappo Exp benchmark_23_8_4 updates 1635/10416 episodes, total num timesteps 471168/3000000, FPS 99.


 Scenario BOSCH Algo rmappo Exp benchmark_23_8_4 updates 1640/10416 episodes, total num timesteps 472608/3000000, FPS 99.


 Scenario BOSCH Algo rmappo Exp benchmark_23_8_4 updates 1645/10416 episodes, total num timesteps 474048/3000000, FPS 99.


 Scenario BOSCH Algo rmappo Exp benchmark_23_8_4 updates 1650/10416 episodes, total num timesteps 475488/3000000, FPS 99.


[EVAL] BOSCH MARL Inference Solving Time for 36 periods: 0.6514 seconds
eval average episode rewards of agent0: -301.12668
eval average episode rewards of agent1: -298.8841
eval average episode rewards of agent2: -299.08447
eval average episode rewards of agent3: -298.99203
eval average episode rewards of agent4: -299.03983
eval average episode rewards of agent5: -298.9246
eval average episode rewards of agent6: -299.09018
eval average episode rewards of agent7: -298.8598
eval average episode rewards of agent8: -299.0692
eval average episode costs: Backlog: 79422.95, Inventory: 0.00, Maintenance: 84.07, Production: 2672.58, Setup: 1432.04, TOTAL: 83611.64

 Scenario BOSCH Algo rmappo Exp benchmark_23_8_4 updates 1655/10416 episodes, total num timesteps 476928/3000000, FPS 99.


 Scenario BOSCH Algo rmappo Exp benchmark_23_8_4 updates 1660/10416 episodes, total num timesteps 478368/3000000, FPS 99.


 Scenario BOSCH Algo rmappo Exp benchmark_23_8_4 updates 1665/10416 episodes, total num timesteps 479808/3000000, FPS 99.


 Scenario BOSCH Algo rmappo Exp benchmark_23_8_4 updates 1670/10416 episodes, total num timesteps 481248/3000000, FPS 100.


 Scenario BOSCH Algo rmappo Exp benchmark_23_8_4 updates 1675/10416 episodes, total num timesteps 482688/3000000, FPS 100.


 Scenario BOSCH Algo rmappo Exp benchmark_23_8_4 updates 1680/10416 episodes, total num timesteps 484128/3000000, FPS 100.


 Scenario BOSCH Algo rmappo Exp benchmark_23_8_4 updates 1685/10416 episodes, total num timesteps 485568/3000000, FPS 100.


 Scenario BOSCH Algo rmappo Exp benchmark_23_8_4 updates 1690/10416 episodes, total num timesteps 487008/3000000, FPS 100.


 Scenario BOSCH Algo rmappo Exp benchmark_23_8_4 updates 1695/10416 episodes, total num timesteps 488448/3000000, FPS 100.


 Scenario BOSCH Algo rmappo Exp benchmark_23_8_4 updates 1700/10416 episodes, total num timesteps 489888/3000000, FPS 100.


[EVAL] BOSCH MARL Inference Solving Time for 36 periods: 0.6573 seconds
eval average episode rewards of agent0: -342.93817
eval average episode rewards of agent1: -341.62003
eval average episode rewards of agent2: -341.66168
eval average episode rewards of agent3: -341.7028
eval average episode rewards of agent4: -341.71442
eval average episode rewards of agent5: -341.6465
eval average episode rewards of agent6: -341.66534
eval average episode rewards of agent7: -341.62402
eval average episode rewards of agent8: -341.72125
eval average episode costs: Backlog: 90735.41, Inventory: 0.00, Maintenance: 188.29, Production: 1567.19, Setup: 987.94, TOTAL: 93478.85

 Scenario BOSCH Algo rmappo Exp benchmark_23_8_4 updates 1705/10416 episodes, total num timesteps 491328/3000000, FPS 100.


 Scenario BOSCH Algo rmappo Exp benchmark_23_8_4 updates 1710/10416 episodes, total num timesteps 492768/3000000, FPS 100.


 Scenario BOSCH Algo rmappo Exp benchmark_23_8_4 updates 1715/10416 episodes, total num timesteps 494208/3000000, FPS 100.


 Scenario BOSCH Algo rmappo Exp benchmark_23_8_4 updates 1720/10416 episodes, total num timesteps 495648/3000000, FPS 100.


 Scenario BOSCH Algo rmappo Exp benchmark_23_8_4 updates 1725/10416 episodes, total num timesteps 497088/3000000, FPS 100.


 Scenario BOSCH Algo rmappo Exp benchmark_23_8_4 updates 1730/10416 episodes, total num timesteps 498528/3000000, FPS 100.


 Scenario BOSCH Algo rmappo Exp benchmark_23_8_4 updates 1735/10416 episodes, total num timesteps 499968/3000000, FPS 100.


 Scenario BOSCH Algo rmappo Exp benchmark_23_8_4 updates 1740/10416 episodes, total num timesteps 501408/3000000, FPS 100.


 Scenario BOSCH Algo rmappo Exp benchmark_23_8_4 updates 1745/10416 episodes, total num timesteps 502848/3000000, FPS 100.


 Scenario BOSCH Algo rmappo Exp benchmark_23_8_4 updates 1750/10416 episodes, total num timesteps 504288/3000000, FPS 100.


[EVAL] BOSCH MARL Inference Solving Time for 36 periods: 0.6577 seconds
eval average episode rewards of agent0: -334.27142
eval average episode rewards of agent1: -332.72137
eval average episode rewards of agent2: -332.8172
eval average episode rewards of agent3: -332.825
eval average episode rewards of agent4: -332.8365
eval average episode rewards of agent5: -332.76715
eval average episode rewards of agent6: -332.81693
eval average episode rewards of agent7: -332.7268
eval average episode rewards of agent8: -332.82086
eval average episode costs: Backlog: 88377.24, Inventory: 0.00, Maintenance: 85.58, Production: 1874.86, Setup: 1174.18, TOTAL: 91511.86

 Scenario BOSCH Algo rmappo Exp benchmark_23_8_4 updates 1755/10416 episodes, total num timesteps 505728/3000000, FPS 100.


 Scenario BOSCH Algo rmappo Exp benchmark_23_8_4 updates 1760/10416 episodes, total num timesteps 507168/3000000, FPS 100.


 Scenario BOSCH Algo rmappo Exp benchmark_23_8_4 updates 1765/10416 episodes, total num timesteps 508608/3000000, FPS 100.


 Scenario BOSCH Algo rmappo Exp benchmark_23_8_4 updates 1770/10416 episodes, total num timesteps 510048/3000000, FPS 100.


 Scenario BOSCH Algo rmappo Exp benchmark_23_8_4 updates 1775/10416 episodes, total num timesteps 511488/3000000, FPS 100.


 Scenario BOSCH Algo rmappo Exp benchmark_23_8_4 updates 1780/10416 episodes, total num timesteps 512928/3000000, FPS 100.


 Scenario BOSCH Algo rmappo Exp benchmark_23_8_4 updates 1785/10416 episodes, total num timesteps 514368/3000000, FPS 100.


 Scenario BOSCH Algo rmappo Exp benchmark_23_8_4 updates 1790/10416 episodes, total num timesteps 515808/3000000, FPS 100.


 Scenario BOSCH Algo rmappo Exp benchmark_23_8_4 updates 1795/10416 episodes, total num timesteps 517248/3000000, FPS 100.


 Scenario BOSCH Algo rmappo Exp benchmark_23_8_4 updates 1800/10416 episodes, total num timesteps 518688/3000000, FPS 100.


[EVAL] BOSCH MARL Inference Solving Time for 36 periods: 0.6534 seconds
eval average episode rewards of agent0: -321.46286
eval average episode rewards of agent1: -319.66595
eval average episode rewards of agent2: -319.7629
eval average episode rewards of agent3: -319.7348
eval average episode rewards of agent4: -319.76495
eval average episode rewards of agent5: -319.60913
eval average episode rewards of agent6: -319.75165
eval average episode rewards of agent7: -319.60504
eval average episode rewards of agent8: -319.75378
eval average episode costs: Backlog: 84902.36, Inventory: 0.00, Maintenance: 152.25, Production: 2239.52, Setup: 1226.77, TOTAL: 88520.91

 Scenario BOSCH Algo rmappo Exp benchmark_23_8_4 updates 1805/10416 episodes, total num timesteps 520128/3000000, FPS 100.


 Scenario BOSCH Algo rmappo Exp benchmark_23_8_4 updates 1810/10416 episodes, total num timesteps 521568/3000000, FPS 100.


 Scenario BOSCH Algo rmappo Exp benchmark_23_8_4 updates 1815/10416 episodes, total num timesteps 523008/3000000, FPS 100.


 Scenario BOSCH Algo rmappo Exp benchmark_23_8_4 updates 1820/10416 episodes, total num timesteps 524448/3000000, FPS 100.


 Scenario BOSCH Algo rmappo Exp benchmark_23_8_4 updates 1825/10416 episodes, total num timesteps 525888/3000000, FPS 100.


 Scenario BOSCH Algo rmappo Exp benchmark_23_8_4 updates 1830/10416 episodes, total num timesteps 527328/3000000, FPS 100.


 Scenario BOSCH Algo rmappo Exp benchmark_23_8_4 updates 1835/10416 episodes, total num timesteps 528768/3000000, FPS 100.


 Scenario BOSCH Algo rmappo Exp benchmark_23_8_4 updates 1840/10416 episodes, total num timesteps 530208/3000000, FPS 100.


 Scenario BOSCH Algo rmappo Exp benchmark_23_8_4 updates 1845/10416 episodes, total num timesteps 531648/3000000, FPS 100.


 Scenario BOSCH Algo rmappo Exp benchmark_23_8_4 updates 1850/10416 episodes, total num timesteps 533088/3000000, FPS 100.


[EVAL] BOSCH MARL Inference Solving Time for 36 periods: 0.6491 seconds
eval average episode rewards of agent0: -318.03192
eval average episode rewards of agent1: -316.4183
eval average episode rewards of agent2: -316.54752
eval average episode rewards of agent3: -316.51572
eval average episode rewards of agent4: -316.57135
eval average episode rewards of agent5: -316.46167
eval average episode rewards of agent6: -316.55255
eval average episode rewards of agent7: -316.33774
eval average episode rewards of agent8: -316.53204
eval average episode costs: Backlog: 84168.90, Inventory: 0.00, Maintenance: 34.00, Production: 2209.31, Setup: 949.49, TOTAL: 87361.70

 Scenario BOSCH Algo rmappo Exp benchmark_23_8_4 updates 1855/10416 episodes, total num timesteps 534528/3000000, FPS 100.


 Scenario BOSCH Algo rmappo Exp benchmark_23_8_4 updates 1860/10416 episodes, total num timesteps 535968/3000000, FPS 100.


 Scenario BOSCH Algo rmappo Exp benchmark_23_8_4 updates 1865/10416 episodes, total num timesteps 537408/3000000, FPS 100.


 Scenario BOSCH Algo rmappo Exp benchmark_23_8_4 updates 1870/10416 episodes, total num timesteps 538848/3000000, FPS 100.


 Scenario BOSCH Algo rmappo Exp benchmark_23_8_4 updates 1875/10416 episodes, total num timesteps 540288/3000000, FPS 100.


 Scenario BOSCH Algo rmappo Exp benchmark_23_8_4 updates 1880/10416 episodes, total num timesteps 541728/3000000, FPS 100.


 Scenario BOSCH Algo rmappo Exp benchmark_23_8_4 updates 1885/10416 episodes, total num timesteps 543168/3000000, FPS 100.


 Scenario BOSCH Algo rmappo Exp benchmark_23_8_4 updates 1890/10416 episodes, total num timesteps 544608/3000000, FPS 100.


 Scenario BOSCH Algo rmappo Exp benchmark_23_8_4 updates 1895/10416 episodes, total num timesteps 546048/3000000, FPS 100.


 Scenario BOSCH Algo rmappo Exp benchmark_23_8_4 updates 1900/10416 episodes, total num timesteps 547488/3000000, FPS 100.


[EVAL] BOSCH MARL Inference Solving Time for 36 periods: 0.6792 seconds
eval average episode rewards of agent0: -334.4668
eval average episode rewards of agent1: -333.14337
eval average episode rewards of agent2: -333.19925
eval average episode rewards of agent3: -333.19
eval average episode rewards of agent4: -333.21472
eval average episode rewards of agent5: -333.17502
eval average episode rewards of agent6: -333.23285
eval average episode rewards of agent7: -333.04712
eval average episode rewards of agent8: -333.22604
eval average episode costs: Backlog: 88580.38, Inventory: 0.00, Maintenance: 16.37, Production: 1753.98, Setup: 887.73, TOTAL: 91238.45

 Scenario BOSCH Algo rmappo Exp benchmark_23_8_4 updates 1905/10416 episodes, total num timesteps 548928/3000000, FPS 101.


 Scenario BOSCH Algo rmappo Exp benchmark_23_8_4 updates 1910/10416 episodes, total num timesteps 550368/3000000, FPS 101.


 Scenario BOSCH Algo rmappo Exp benchmark_23_8_4 updates 1915/10416 episodes, total num timesteps 551808/3000000, FPS 101.


 Scenario BOSCH Algo rmappo Exp benchmark_23_8_4 updates 1920/10416 episodes, total num timesteps 553248/3000000, FPS 101.


 Scenario BOSCH Algo rmappo Exp benchmark_23_8_4 updates 1925/10416 episodes, total num timesteps 554688/3000000, FPS 101.


 Scenario BOSCH Algo rmappo Exp benchmark_23_8_4 updates 1930/10416 episodes, total num timesteps 556128/3000000, FPS 101.


 Scenario BOSCH Algo rmappo Exp benchmark_23_8_4 updates 1935/10416 episodes, total num timesteps 557568/3000000, FPS 101.


 Scenario BOSCH Algo rmappo Exp benchmark_23_8_4 updates 1940/10416 episodes, total num timesteps 559008/3000000, FPS 101.


 Scenario BOSCH Algo rmappo Exp benchmark_23_8_4 updates 1945/10416 episodes, total num timesteps 560448/3000000, FPS 101.


 Scenario BOSCH Algo rmappo Exp benchmark_23_8_4 updates 1950/10416 episodes, total num timesteps 561888/3000000, FPS 101.


[EVAL] BOSCH MARL Inference Solving Time for 36 periods: 0.6549 seconds
eval average episode rewards of agent0: -327.3313
eval average episode rewards of agent1: -325.7387
eval average episode rewards of agent2: -325.809
eval average episode rewards of agent3: -325.841
eval average episode rewards of agent4: -325.86655
eval average episode rewards of agent5: -325.8625
eval average episode rewards of agent6: -325.84766
eval average episode rewards of agent7: -325.6485
eval average episode rewards of agent8: -325.80014
eval average episode costs: Backlog: 86554.48, Inventory: 0.00, Maintenance: 15.56, Production: 2116.25, Setup: 1191.67, TOTAL: 89877.98

 Scenario BOSCH Algo rmappo Exp benchmark_23_8_4 updates 1955/10416 episodes, total num timesteps 563328/3000000, FPS 101.


 Scenario BOSCH Algo rmappo Exp benchmark_23_8_4 updates 1960/10416 episodes, total num timesteps 564768/3000000, FPS 101.


 Scenario BOSCH Algo rmappo Exp benchmark_23_8_4 updates 1965/10416 episodes, total num timesteps 566208/3000000, FPS 101.


 Scenario BOSCH Algo rmappo Exp benchmark_23_8_4 updates 1970/10416 episodes, total num timesteps 567648/3000000, FPS 101.


 Scenario BOSCH Algo rmappo Exp benchmark_23_8_4 updates 1975/10416 episodes, total num timesteps 569088/3000000, FPS 101.


 Scenario BOSCH Algo rmappo Exp benchmark_23_8_4 updates 1980/10416 episodes, total num timesteps 570528/3000000, FPS 101.


 Scenario BOSCH Algo rmappo Exp benchmark_23_8_4 updates 1985/10416 episodes, total num timesteps 571968/3000000, FPS 101.


 Scenario BOSCH Algo rmappo Exp benchmark_23_8_4 updates 1990/10416 episodes, total num timesteps 573408/3000000, FPS 101.


 Scenario BOSCH Algo rmappo Exp benchmark_23_8_4 updates 1995/10416 episodes, total num timesteps 574848/3000000, FPS 101.


 Scenario BOSCH Algo rmappo Exp benchmark_23_8_4 updates 2000/10416 episodes, total num timesteps 576288/3000000, FPS 101.


[EVAL] BOSCH MARL Inference Solving Time for 36 periods: 0.6564 seconds
eval average episode rewards of agent0: -339.64032
eval average episode rewards of agent1: -338.41315
eval average episode rewards of agent2: -338.4781
eval average episode rewards of agent3: -338.4905
eval average episode rewards of agent4: -338.5044
eval average episode rewards of agent5: -338.4887
eval average episode rewards of agent6: -338.49835
eval average episode rewards of agent7: -338.3438
eval average episode rewards of agent8: -338.48422
eval average episode costs: Backlog: 89947.80, Inventory: 0.00, Maintenance: 13.42, Production: 1717.42, Setup: 959.90, TOTAL: 92638.55

 Scenario BOSCH Algo rmappo Exp benchmark_23_8_4 updates 2005/10416 episodes, total num timesteps 577728/3000000, FPS 101.


 Scenario BOSCH Algo rmappo Exp benchmark_23_8_4 updates 2010/10416 episodes, total num timesteps 579168/3000000, FPS 101.


 Scenario BOSCH Algo rmappo Exp benchmark_23_8_4 updates 2015/10416 episodes, total num timesteps 580608/3000000, FPS 101.


 Scenario BOSCH Algo rmappo Exp benchmark_23_8_4 updates 2020/10416 episodes, total num timesteps 582048/3000000, FPS 101.


 Scenario BOSCH Algo rmappo Exp benchmark_23_8_4 updates 2025/10416 episodes, total num timesteps 583488/3000000, FPS 101.


 Scenario BOSCH Algo rmappo Exp benchmark_23_8_4 updates 2030/10416 episodes, total num timesteps 584928/3000000, FPS 101.


 Scenario BOSCH Algo rmappo Exp benchmark_23_8_4 updates 2035/10416 episodes, total num timesteps 586368/3000000, FPS 101.


 Scenario BOSCH Algo rmappo Exp benchmark_23_8_4 updates 2040/10416 episodes, total num timesteps 587808/3000000, FPS 101.


 Scenario BOSCH Algo rmappo Exp benchmark_23_8_4 updates 2045/10416 episodes, total num timesteps 589248/3000000, FPS 101.


 Scenario BOSCH Algo rmappo Exp benchmark_23_8_4 updates 2050/10416 episodes, total num timesteps 590688/3000000, FPS 101.


[EVAL] BOSCH MARL Inference Solving Time for 36 periods: 0.6543 seconds
eval average episode rewards of agent0: -317.5123
eval average episode rewards of agent1: -315.78458
eval average episode rewards of agent2: -315.96335
eval average episode rewards of agent3: -315.96576
eval average episode rewards of agent4: -315.99103
eval average episode rewards of agent5: -315.93588
eval average episode rewards of agent6: -315.9442
eval average episode rewards of agent7: -315.74463
eval average episode rewards of agent8: -316.00443
eval average episode costs: Backlog: 83990.13, Inventory: 0.00, Maintenance: 18.08, Production: 2306.55, Setup: 1060.80, TOTAL: 87375.56

 Scenario BOSCH Algo rmappo Exp benchmark_23_8_4 updates 2055/10416 episodes, total num timesteps 592128/3000000, FPS 101.


 Scenario BOSCH Algo rmappo Exp benchmark_23_8_4 updates 2060/10416 episodes, total num timesteps 593568/3000000, FPS 101.


 Scenario BOSCH Algo rmappo Exp benchmark_23_8_4 updates 2065/10416 episodes, total num timesteps 595008/3000000, FPS 101.


 Scenario BOSCH Algo rmappo Exp benchmark_23_8_4 updates 2070/10416 episodes, total num timesteps 596448/3000000, FPS 101.


 Scenario BOSCH Algo rmappo Exp benchmark_23_8_4 updates 2075/10416 episodes, total num timesteps 597888/3000000, FPS 101.


 Scenario BOSCH Algo rmappo Exp benchmark_23_8_4 updates 2080/10416 episodes, total num timesteps 599328/3000000, FPS 101.


 Scenario BOSCH Algo rmappo Exp benchmark_23_8_4 updates 2085/10416 episodes, total num timesteps 600768/3000000, FPS 101.


 Scenario BOSCH Algo rmappo Exp benchmark_23_8_4 updates 2090/10416 episodes, total num timesteps 602208/3000000, FPS 101.


 Scenario BOSCH Algo rmappo Exp benchmark_23_8_4 updates 2095/10416 episodes, total num timesteps 603648/3000000, FPS 101.


 Scenario BOSCH Algo rmappo Exp benchmark_23_8_4 updates 2100/10416 episodes, total num timesteps 605088/3000000, FPS 101.


[EVAL] BOSCH MARL Inference Solving Time for 36 periods: 0.6808 seconds
eval average episode rewards of agent0: -329.04468
eval average episode rewards of agent1: -327.684
eval average episode rewards of agent2: -327.87186
eval average episode rewards of agent3: -327.90125
eval average episode rewards of agent4: -327.9339
eval average episode rewards of agent5: -327.85995
eval average episode rewards of agent6: -327.89862
eval average episode rewards of agent7: -327.77127
eval average episode rewards of agent8: -327.92377
eval average episode costs: Backlog: 87184.53, Inventory: 0.00, Maintenance: 16.47, Production: 2115.98, Setup: 843.42, TOTAL: 90160.41

 Scenario BOSCH Algo rmappo Exp benchmark_23_8_4 updates 2105/10416 episodes, total num timesteps 606528/3000000, FPS 101.


 Scenario BOSCH Algo rmappo Exp benchmark_23_8_4 updates 2110/10416 episodes, total num timesteps 607968/3000000, FPS 101.


 Scenario BOSCH Algo rmappo Exp benchmark_23_8_4 updates 2115/10416 episodes, total num timesteps 609408/3000000, FPS 101.


 Scenario BOSCH Algo rmappo Exp benchmark_23_8_4 updates 2120/10416 episodes, total num timesteps 610848/3000000, FPS 101.


 Scenario BOSCH Algo rmappo Exp benchmark_23_8_4 updates 2125/10416 episodes, total num timesteps 612288/3000000, FPS 101.


 Scenario BOSCH Algo rmappo Exp benchmark_23_8_4 updates 2130/10416 episodes, total num timesteps 613728/3000000, FPS 101.


 Scenario BOSCH Algo rmappo Exp benchmark_23_8_4 updates 2135/10416 episodes, total num timesteps 615168/3000000, FPS 101.


 Scenario BOSCH Algo rmappo Exp benchmark_23_8_4 updates 2140/10416 episodes, total num timesteps 616608/3000000, FPS 101.


 Scenario BOSCH Algo rmappo Exp benchmark_23_8_4 updates 2145/10416 episodes, total num timesteps 618048/3000000, FPS 101.


 Scenario BOSCH Algo rmappo Exp benchmark_23_8_4 updates 2150/10416 episodes, total num timesteps 619488/3000000, FPS 101.


[EVAL] BOSCH MARL Inference Solving Time for 36 periods: 0.6591 seconds
eval average episode rewards of agent0: -342.1438
eval average episode rewards of agent1: -341.0903
eval average episode rewards of agent2: -341.222
eval average episode rewards of agent3: -341.20297
eval average episode rewards of agent4: -341.25986
eval average episode rewards of agent5: -341.24313
eval average episode rewards of agent6: -341.18677
eval average episode rewards of agent7: -341.14923
eval average episode rewards of agent8: -341.25436
eval average episode costs: Backlog: 90721.95, Inventory: 0.00, Maintenance: 13.81, Production: 1757.08, Setup: 745.34, TOTAL: 93238.17

 Scenario BOSCH Algo rmappo Exp benchmark_23_8_4 updates 2155/10416 episodes, total num timesteps 620928/3000000, FPS 101.


 Scenario BOSCH Algo rmappo Exp benchmark_23_8_4 updates 2160/10416 episodes, total num timesteps 622368/3000000, FPS 101.


 Scenario BOSCH Algo rmappo Exp benchmark_23_8_4 updates 2165/10416 episodes, total num timesteps 623808/3000000, FPS 101.


 Scenario BOSCH Algo rmappo Exp benchmark_23_8_4 updates 2170/10416 episodes, total num timesteps 625248/3000000, FPS 101.


 Scenario BOSCH Algo rmappo Exp benchmark_23_8_4 updates 2175/10416 episodes, total num timesteps 626688/3000000, FPS 101.


 Scenario BOSCH Algo rmappo Exp benchmark_23_8_4 updates 2180/10416 episodes, total num timesteps 628128/3000000, FPS 101.


 Scenario BOSCH Algo rmappo Exp benchmark_23_8_4 updates 2185/10416 episodes, total num timesteps 629568/3000000, FPS 101.


 Scenario BOSCH Algo rmappo Exp benchmark_23_8_4 updates 2190/10416 episodes, total num timesteps 631008/3000000, FPS 101.


 Scenario BOSCH Algo rmappo Exp benchmark_23_8_4 updates 2195/10416 episodes, total num timesteps 632448/3000000, FPS 102.


 Scenario BOSCH Algo rmappo Exp benchmark_23_8_4 updates 2200/10416 episodes, total num timesteps 633888/3000000, FPS 102.


[EVAL] BOSCH MARL Inference Solving Time for 36 periods: 0.6630 seconds
eval average episode rewards of agent0: -325.84018
eval average episode rewards of agent1: -324.1198
eval average episode rewards of agent2: -324.23175
eval average episode rewards of agent3: -324.23138
eval average episode rewards of agent4: -324.32388
eval average episode rewards of agent5: -324.2643
eval average episode rewards of agent6: -324.3247
eval average episode rewards of agent7: -324.2403
eval average episode rewards of agent8: -324.31366
eval average episode costs: Backlog: 86147.02, Inventory: 0.00, Maintenance: 17.23, Production: 2183.58, Setup: 1185.22, TOTAL: 89533.05

 Scenario BOSCH Algo rmappo Exp benchmark_23_8_4 updates 2205/10416 episodes, total num timesteps 635328/3000000, FPS 102.


 Scenario BOSCH Algo rmappo Exp benchmark_23_8_4 updates 2210/10416 episodes, total num timesteps 636768/3000000, FPS 102.


 Scenario BOSCH Algo rmappo Exp benchmark_23_8_4 updates 2215/10416 episodes, total num timesteps 638208/3000000, FPS 102.


 Scenario BOSCH Algo rmappo Exp benchmark_23_8_4 updates 2220/10416 episodes, total num timesteps 639648/3000000, FPS 102.


 Scenario BOSCH Algo rmappo Exp benchmark_23_8_4 updates 2225/10416 episodes, total num timesteps 641088/3000000, FPS 102.


 Scenario BOSCH Algo rmappo Exp benchmark_23_8_4 updates 2230/10416 episodes, total num timesteps 642528/3000000, FPS 102.


 Scenario BOSCH Algo rmappo Exp benchmark_23_8_4 updates 2235/10416 episodes, total num timesteps 643968/3000000, FPS 102.


 Scenario BOSCH Algo rmappo Exp benchmark_23_8_4 updates 2240/10416 episodes, total num timesteps 645408/3000000, FPS 102.


 Scenario BOSCH Algo rmappo Exp benchmark_23_8_4 updates 2245/10416 episodes, total num timesteps 646848/3000000, FPS 102.


 Scenario BOSCH Algo rmappo Exp benchmark_23_8_4 updates 2250/10416 episodes, total num timesteps 648288/3000000, FPS 102.


[EVAL] BOSCH MARL Inference Solving Time for 36 periods: 0.6667 seconds
eval average episode rewards of agent0: -339.24957
eval average episode rewards of agent1: -338.2716
eval average episode rewards of agent2: -338.39438
eval average episode rewards of agent3: -338.37204
eval average episode rewards of agent4: -338.4356
eval average episode rewards of agent5: -338.42163
eval average episode rewards of agent6: -338.3554
eval average episode rewards of agent7: -338.25363
eval average episode rewards of agent8: -338.4217
eval average episode costs: Backlog: 89980.32, Inventory: 0.00, Maintenance: 13.39, Production: 1699.79, Setup: 739.57, TOTAL: 92433.06

 Scenario BOSCH Algo rmappo Exp benchmark_23_8_4 updates 2255/10416 episodes, total num timesteps 649728/3000000, FPS 102.


 Scenario BOSCH Algo rmappo Exp benchmark_23_8_4 updates 2260/10416 episodes, total num timesteps 651168/3000000, FPS 102.


 Scenario BOSCH Algo rmappo Exp benchmark_23_8_4 updates 2265/10416 episodes, total num timesteps 652608/3000000, FPS 102.


 Scenario BOSCH Algo rmappo Exp benchmark_23_8_4 updates 2270/10416 episodes, total num timesteps 654048/3000000, FPS 102.


 Scenario BOSCH Algo rmappo Exp benchmark_23_8_4 updates 2275/10416 episodes, total num timesteps 655488/3000000, FPS 102.


 Scenario BOSCH Algo rmappo Exp benchmark_23_8_4 updates 2280/10416 episodes, total num timesteps 656928/3000000, FPS 102.


 Scenario BOSCH Algo rmappo Exp benchmark_23_8_4 updates 2285/10416 episodes, total num timesteps 658368/3000000, FPS 102.


 Scenario BOSCH Algo rmappo Exp benchmark_23_8_4 updates 2290/10416 episodes, total num timesteps 659808/3000000, FPS 102.


 Scenario BOSCH Algo rmappo Exp benchmark_23_8_4 updates 2295/10416 episodes, total num timesteps 661248/3000000, FPS 102.


 Scenario BOSCH Algo rmappo Exp benchmark_23_8_4 updates 2300/10416 episodes, total num timesteps 662688/3000000, FPS 102.


[EVAL] BOSCH MARL Inference Solving Time for 36 periods: 0.6542 seconds
eval average episode rewards of agent0: -307.87265
eval average episode rewards of agent1: -305.57812
eval average episode rewards of agent2: -305.84155
eval average episode rewards of agent3: -305.7845
eval average episode rewards of agent4: -305.88483
eval average episode rewards of agent5: -305.84683
eval average episode rewards of agent6: -305.83047
eval average episode rewards of agent7: -305.6346
eval average episode rewards of agent8: -305.86218
eval average episode costs: Backlog: 81250.30, Inventory: 0.00, Maintenance: 19.75, Production: 2540.92, Setup: 1340.71, TOTAL: 85151.68

 Scenario BOSCH Algo rmappo Exp benchmark_23_8_4 updates 2305/10416 episodes, total num timesteps 664128/3000000, FPS 102.


 Scenario BOSCH Algo rmappo Exp benchmark_23_8_4 updates 2310/10416 episodes, total num timesteps 665568/3000000, FPS 102.


 Scenario BOSCH Algo rmappo Exp benchmark_23_8_4 updates 2315/10416 episodes, total num timesteps 667008/3000000, FPS 102.


 Scenario BOSCH Algo rmappo Exp benchmark_23_8_4 updates 2320/10416 episodes, total num timesteps 668448/3000000, FPS 102.


 Scenario BOSCH Algo rmappo Exp benchmark_23_8_4 updates 2325/10416 episodes, total num timesteps 669888/3000000, FPS 102.


 Scenario BOSCH Algo rmappo Exp benchmark_23_8_4 updates 2330/10416 episodes, total num timesteps 671328/3000000, FPS 102.


 Scenario BOSCH Algo rmappo Exp benchmark_23_8_4 updates 2335/10416 episodes, total num timesteps 672768/3000000, FPS 102.


 Scenario BOSCH Algo rmappo Exp benchmark_23_8_4 updates 2340/10416 episodes, total num timesteps 674208/3000000, FPS 102.


 Scenario BOSCH Algo rmappo Exp benchmark_23_8_4 updates 2345/10416 episodes, total num timesteps 675648/3000000, FPS 102.


 Scenario BOSCH Algo rmappo Exp benchmark_23_8_4 updates 2350/10416 episodes, total num timesteps 677088/3000000, FPS 102.


[EVAL] BOSCH MARL Inference Solving Time for 36 periods: 0.6542 seconds
eval average episode rewards of agent0: -315.68488
eval average episode rewards of agent1: -313.57526
eval average episode rewards of agent2: -313.75983
eval average episode rewards of agent3: -313.77142
eval average episode rewards of agent4: -313.81995
eval average episode rewards of agent5: -313.80463
eval average episode rewards of agent6: -313.73004
eval average episode rewards of agent7: -313.55957
eval average episode rewards of agent8: -313.779
eval average episode costs: Backlog: 83357.16, Inventory: 0.00, Maintenance: 20.40, Production: 2345.79, Setup: 1270.97, TOTAL: 86994.33

 Scenario BOSCH Algo rmappo Exp benchmark_23_8_4 updates 2355/10416 episodes, total num timesteps 678528/3000000, FPS 102.


 Scenario BOSCH Algo rmappo Exp benchmark_23_8_4 updates 2360/10416 episodes, total num timesteps 679968/3000000, FPS 102.


 Scenario BOSCH Algo rmappo Exp benchmark_23_8_4 updates 2365/10416 episodes, total num timesteps 681408/3000000, FPS 102.


 Scenario BOSCH Algo rmappo Exp benchmark_23_8_4 updates 2370/10416 episodes, total num timesteps 682848/3000000, FPS 102.


 Scenario BOSCH Algo rmappo Exp benchmark_23_8_4 updates 2375/10416 episodes, total num timesteps 684288/3000000, FPS 102.


 Scenario BOSCH Algo rmappo Exp benchmark_23_8_4 updates 2380/10416 episodes, total num timesteps 685728/3000000, FPS 102.


 Scenario BOSCH Algo rmappo Exp benchmark_23_8_4 updates 2385/10416 episodes, total num timesteps 687168/3000000, FPS 102.


 Scenario BOSCH Algo rmappo Exp benchmark_23_8_4 updates 2390/10416 episodes, total num timesteps 688608/3000000, FPS 102.


 Scenario BOSCH Algo rmappo Exp benchmark_23_8_4 updates 2395/10416 episodes, total num timesteps 690048/3000000, FPS 102.


 Scenario BOSCH Algo rmappo Exp benchmark_23_8_4 updates 2400/10416 episodes, total num timesteps 691488/3000000, FPS 102.


[EVAL] BOSCH MARL Inference Solving Time for 36 periods: 0.6489 seconds
eval average episode rewards of agent0: -304.73193
eval average episode rewards of agent1: -302.62296
eval average episode rewards of agent2: -302.73495
eval average episode rewards of agent3: -302.7796
eval average episode rewards of agent4: -302.7839
eval average episode rewards of agent5: -302.7857
eval average episode rewards of agent6: -302.8435
eval average episode rewards of agent7: -302.49622
eval average episode rewards of agent8: -302.87177
eval average episode costs: Backlog: 80435.85, Inventory: 0.00, Maintenance: 98.84, Production: 2617.95, Setup: 1298.64, TOTAL: 84451.27

 Scenario BOSCH Algo rmappo Exp benchmark_23_8_4 updates 2405/10416 episodes, total num timesteps 692928/3000000, FPS 102.


 Scenario BOSCH Algo rmappo Exp benchmark_23_8_4 updates 2410/10416 episodes, total num timesteps 694368/3000000, FPS 102.


 Scenario BOSCH Algo rmappo Exp benchmark_23_8_4 updates 2415/10416 episodes, total num timesteps 695808/3000000, FPS 102.


 Scenario BOSCH Algo rmappo Exp benchmark_23_8_4 updates 2420/10416 episodes, total num timesteps 697248/3000000, FPS 102.


 Scenario BOSCH Algo rmappo Exp benchmark_23_8_4 updates 2425/10416 episodes, total num timesteps 698688/3000000, FPS 102.


 Scenario BOSCH Algo rmappo Exp benchmark_23_8_4 updates 2430/10416 episodes, total num timesteps 700128/3000000, FPS 102.


 Scenario BOSCH Algo rmappo Exp benchmark_23_8_4 updates 2435/10416 episodes, total num timesteps 701568/3000000, FPS 102.


 Scenario BOSCH Algo rmappo Exp benchmark_23_8_4 updates 2440/10416 episodes, total num timesteps 703008/3000000, FPS 102.


 Scenario BOSCH Algo rmappo Exp benchmark_23_8_4 updates 2445/10416 episodes, total num timesteps 704448/3000000, FPS 102.


 Scenario BOSCH Algo rmappo Exp benchmark_23_8_4 updates 2450/10416 episodes, total num timesteps 705888/3000000, FPS 102.


[EVAL] BOSCH MARL Inference Solving Time for 36 periods: 0.6557 seconds
eval average episode rewards of agent0: -326.21307
eval average episode rewards of agent1: -324.46442
eval average episode rewards of agent2: -324.5306
eval average episode rewards of agent3: -324.54413
eval average episode rewards of agent4: -324.51074
eval average episode rewards of agent5: -324.44913
eval average episode rewards of agent6: -324.56915
eval average episode rewards of agent7: -324.38092
eval average episode rewards of agent8: -324.53094
eval average episode costs: Backlog: 86210.94, Inventory: 0.00, Maintenance: 86.78, Production: 2035.15, Setup: 1120.35, TOTAL: 89453.23

 Scenario BOSCH Algo rmappo Exp benchmark_23_8_4 updates 2455/10416 episodes, total num timesteps 707328/3000000, FPS 102.


 Scenario BOSCH Algo rmappo Exp benchmark_23_8_4 updates 2460/10416 episodes, total num timesteps 708768/3000000, FPS 102.


 Scenario BOSCH Algo rmappo Exp benchmark_23_8_4 updates 2465/10416 episodes, total num timesteps 710208/3000000, FPS 102.


 Scenario BOSCH Algo rmappo Exp benchmark_23_8_4 updates 2470/10416 episodes, total num timesteps 711648/3000000, FPS 102.


 Scenario BOSCH Algo rmappo Exp benchmark_23_8_4 updates 2475/10416 episodes, total num timesteps 713088/3000000, FPS 102.


 Scenario BOSCH Algo rmappo Exp benchmark_23_8_4 updates 2480/10416 episodes, total num timesteps 714528/3000000, FPS 102.


 Scenario BOSCH Algo rmappo Exp benchmark_23_8_4 updates 2485/10416 episodes, total num timesteps 715968/3000000, FPS 102.


 Scenario BOSCH Algo rmappo Exp benchmark_23_8_4 updates 2490/10416 episodes, total num timesteps 717408/3000000, FPS 102.


 Scenario BOSCH Algo rmappo Exp benchmark_23_8_4 updates 2495/10416 episodes, total num timesteps 718848/3000000, FPS 102.


 Scenario BOSCH Algo rmappo Exp benchmark_23_8_4 updates 2500/10416 episodes, total num timesteps 720288/3000000, FPS 102.


[EVAL] BOSCH MARL Inference Solving Time for 36 periods: 0.6636 seconds
eval average episode rewards of agent0: -330.93222
eval average episode rewards of agent1: -329.75455
eval average episode rewards of agent2: -329.6813
eval average episode rewards of agent3: -329.69183
eval average episode rewards of agent4: -329.63248
eval average episode rewards of agent5: -329.64606
eval average episode rewards of agent6: -329.66187
eval average episode rewards of agent7: -329.4791
eval average episode rewards of agent8: -329.65137
eval average episode costs: Backlog: 87628.57, Inventory: 0.00, Maintenance: 90.69, Production: 1771.28, Setup: 891.01, TOTAL: 90381.55

 Scenario BOSCH Algo rmappo Exp benchmark_23_8_4 updates 2505/10416 episodes, total num timesteps 721728/3000000, FPS 102.


 Scenario BOSCH Algo rmappo Exp benchmark_23_8_4 updates 2510/10416 episodes, total num timesteps 723168/3000000, FPS 102.


 Scenario BOSCH Algo rmappo Exp benchmark_23_8_4 updates 2515/10416 episodes, total num timesteps 724608/3000000, FPS 102.


 Scenario BOSCH Algo rmappo Exp benchmark_23_8_4 updates 2520/10416 episodes, total num timesteps 726048/3000000, FPS 102.


 Scenario BOSCH Algo rmappo Exp benchmark_23_8_4 updates 2525/10416 episodes, total num timesteps 727488/3000000, FPS 102.


 Scenario BOSCH Algo rmappo Exp benchmark_23_8_4 updates 2530/10416 episodes, total num timesteps 728928/3000000, FPS 102.


 Scenario BOSCH Algo rmappo Exp benchmark_23_8_4 updates 2535/10416 episodes, total num timesteps 730368/3000000, FPS 102.


 Scenario BOSCH Algo rmappo Exp benchmark_23_8_4 updates 2540/10416 episodes, total num timesteps 731808/3000000, FPS 102.


 Scenario BOSCH Algo rmappo Exp benchmark_23_8_4 updates 2545/10416 episodes, total num timesteps 733248/3000000, FPS 102.


 Scenario BOSCH Algo rmappo Exp benchmark_23_8_4 updates 2550/10416 episodes, total num timesteps 734688/3000000, FPS 102.


[EVAL] BOSCH MARL Inference Solving Time for 36 periods: 0.6475 seconds
eval average episode rewards of agent0: -349.19455
eval average episode rewards of agent1: -348.69196
eval average episode rewards of agent2: -348.45233
eval average episode rewards of agent3: -348.4703
eval average episode rewards of agent4: -348.47678
eval average episode rewards of agent5: -348.49368
eval average episode rewards of agent6: -348.46848
eval average episode rewards of agent7: -348.43915
eval average episode rewards of agent8: -348.4898
eval average episode costs: Backlog: 92612.37, Inventory: 0.00, Maintenance: 249.47, Production: 1325.28, Setup: 602.03, TOTAL: 94789.15

 Scenario BOSCH Algo rmappo Exp benchmark_23_8_4 updates 2555/10416 episodes, total num timesteps 736128/3000000, FPS 102.


 Scenario BOSCH Algo rmappo Exp benchmark_23_8_4 updates 2560/10416 episodes, total num timesteps 737568/3000000, FPS 103.


 Scenario BOSCH Algo rmappo Exp benchmark_23_8_4 updates 2565/10416 episodes, total num timesteps 739008/3000000, FPS 103.


 Scenario BOSCH Algo rmappo Exp benchmark_23_8_4 updates 2570/10416 episodes, total num timesteps 740448/3000000, FPS 103.


 Scenario BOSCH Algo rmappo Exp benchmark_23_8_4 updates 2575/10416 episodes, total num timesteps 741888/3000000, FPS 103.


 Scenario BOSCH Algo rmappo Exp benchmark_23_8_4 updates 2580/10416 episodes, total num timesteps 743328/3000000, FPS 103.


 Scenario BOSCH Algo rmappo Exp benchmark_23_8_4 updates 2585/10416 episodes, total num timesteps 744768/3000000, FPS 103.


 Scenario BOSCH Algo rmappo Exp benchmark_23_8_4 updates 2590/10416 episodes, total num timesteps 746208/3000000, FPS 103.


 Scenario BOSCH Algo rmappo Exp benchmark_23_8_4 updates 2595/10416 episodes, total num timesteps 747648/3000000, FPS 103.


 Scenario BOSCH Algo rmappo Exp benchmark_23_8_4 updates 2600/10416 episodes, total num timesteps 749088/3000000, FPS 103.


[EVAL] BOSCH MARL Inference Solving Time for 36 periods: 0.6551 seconds
eval average episode rewards of agent0: -338.08914
eval average episode rewards of agent1: -337.15802
eval average episode rewards of agent2: -336.97308
eval average episode rewards of agent3: -337.0151
eval average episode rewards of agent4: -336.94086
eval average episode rewards of agent5: -336.9129
eval average episode rewards of agent6: -336.9673
eval average episode rewards of agent7: -336.94122
eval average episode rewards of agent8: -336.96786
eval average episode costs: Backlog: 89571.73, Inventory: 0.00, Maintenance: 157.84, Production: 1603.15, Setup: 762.72, TOTAL: 92095.45

 Scenario BOSCH Algo rmappo Exp benchmark_23_8_4 updates 2605/10416 episodes, total num timesteps 750528/3000000, FPS 103.


 Scenario BOSCH Algo rmappo Exp benchmark_23_8_4 updates 2610/10416 episodes, total num timesteps 751968/3000000, FPS 103.


 Scenario BOSCH Algo rmappo Exp benchmark_23_8_4 updates 2615/10416 episodes, total num timesteps 753408/3000000, FPS 103.


 Scenario BOSCH Algo rmappo Exp benchmark_23_8_4 updates 2620/10416 episodes, total num timesteps 754848/3000000, FPS 103.


 Scenario BOSCH Algo rmappo Exp benchmark_23_8_4 updates 2625/10416 episodes, total num timesteps 756288/3000000, FPS 103.


 Scenario BOSCH Algo rmappo Exp benchmark_23_8_4 updates 2630/10416 episodes, total num timesteps 757728/3000000, FPS 103.


 Scenario BOSCH Algo rmappo Exp benchmark_23_8_4 updates 2635/10416 episodes, total num timesteps 759168/3000000, FPS 103.


 Scenario BOSCH Algo rmappo Exp benchmark_23_8_4 updates 2640/10416 episodes, total num timesteps 760608/3000000, FPS 103.


 Scenario BOSCH Algo rmappo Exp benchmark_23_8_4 updates 2645/10416 episodes, total num timesteps 762048/3000000, FPS 103.


 Scenario BOSCH Algo rmappo Exp benchmark_23_8_4 updates 2650/10416 episodes, total num timesteps 763488/3000000, FPS 103.


[EVAL] BOSCH MARL Inference Solving Time for 36 periods: 0.6546 seconds
eval average episode rewards of agent0: -337.84808
eval average episode rewards of agent1: -336.98373
eval average episode rewards of agent2: -336.99472
eval average episode rewards of agent3: -336.94464
eval average episode rewards of agent4: -336.9699
eval average episode rewards of agent5: -336.8493
eval average episode rewards of agent6: -336.94937
eval average episode rewards of agent7: -336.86124
eval average episode rewards of agent8: -336.98944
eval average episode costs: Backlog: 89647.83, Inventory: 0.00, Maintenance: 100.63, Production: 1442.52, Setup: 524.26, TOTAL: 91715.25

 Scenario BOSCH Algo rmappo Exp benchmark_23_8_4 updates 2655/10416 episodes, total num timesteps 764928/3000000, FPS 103.


 Scenario BOSCH Algo rmappo Exp benchmark_23_8_4 updates 2660/10416 episodes, total num timesteps 766368/3000000, FPS 103.


 Scenario BOSCH Algo rmappo Exp benchmark_23_8_4 updates 2665/10416 episodes, total num timesteps 767808/3000000, FPS 103.


 Scenario BOSCH Algo rmappo Exp benchmark_23_8_4 updates 2670/10416 episodes, total num timesteps 769248/3000000, FPS 103.


 Scenario BOSCH Algo rmappo Exp benchmark_23_8_4 updates 2675/10416 episodes, total num timesteps 770688/3000000, FPS 103.


 Scenario BOSCH Algo rmappo Exp benchmark_23_8_4 updates 2680/10416 episodes, total num timesteps 772128/3000000, FPS 103.


 Scenario BOSCH Algo rmappo Exp benchmark_23_8_4 updates 2685/10416 episodes, total num timesteps 773568/3000000, FPS 103.


 Scenario BOSCH Algo rmappo Exp benchmark_23_8_4 updates 2690/10416 episodes, total num timesteps 775008/3000000, FPS 103.


 Scenario BOSCH Algo rmappo Exp benchmark_23_8_4 updates 2695/10416 episodes, total num timesteps 776448/3000000, FPS 103.


 Scenario BOSCH Algo rmappo Exp benchmark_23_8_4 updates 2700/10416 episodes, total num timesteps 777888/3000000, FPS 103.


[EVAL] BOSCH MARL Inference Solving Time for 36 periods: 0.6584 seconds
eval average episode rewards of agent0: -347.2436
eval average episode rewards of agent1: -346.59195
eval average episode rewards of agent2: -346.36603
eval average episode rewards of agent3: -346.6034
eval average episode rewards of agent4: -346.6274
eval average episode rewards of agent5: -346.3875
eval average episode rewards of agent6: -346.51215
eval average episode rewards of agent7: -346.35995
eval average episode rewards of agent8: -346.62946
eval average episode costs: Backlog: 91730.36, Inventory: 0.00, Maintenance: 1275.49, Production: 1611.19, Setup: 745.27, TOTAL: 95362.30

 Scenario BOSCH Algo rmappo Exp benchmark_23_8_4 updates 2705/10416 episodes, total num timesteps 779328/3000000, FPS 103.


 Scenario BOSCH Algo rmappo Exp benchmark_23_8_4 updates 2710/10416 episodes, total num timesteps 780768/3000000, FPS 103.


 Scenario BOSCH Algo rmappo Exp benchmark_23_8_4 updates 2715/10416 episodes, total num timesteps 782208/3000000, FPS 103.


 Scenario BOSCH Algo rmappo Exp benchmark_23_8_4 updates 2720/10416 episodes, total num timesteps 783648/3000000, FPS 103.


 Scenario BOSCH Algo rmappo Exp benchmark_23_8_4 updates 2725/10416 episodes, total num timesteps 785088/3000000, FPS 103.


 Scenario BOSCH Algo rmappo Exp benchmark_23_8_4 updates 2730/10416 episodes, total num timesteps 786528/3000000, FPS 103.


 Scenario BOSCH Algo rmappo Exp benchmark_23_8_4 updates 2735/10416 episodes, total num timesteps 787968/3000000, FPS 103.


 Scenario BOSCH Algo rmappo Exp benchmark_23_8_4 updates 2740/10416 episodes, total num timesteps 789408/3000000, FPS 103.


 Scenario BOSCH Algo rmappo Exp benchmark_23_8_4 updates 2745/10416 episodes, total num timesteps 790848/3000000, FPS 103.


 Scenario BOSCH Algo rmappo Exp benchmark_23_8_4 updates 2750/10416 episodes, total num timesteps 792288/3000000, FPS 103.


[EVAL] BOSCH MARL Inference Solving Time for 36 periods: 0.7007 seconds
eval average episode rewards of agent0: -338.8861
eval average episode rewards of agent1: -337.63974
eval average episode rewards of agent2: -337.749
eval average episode rewards of agent3: -337.78033
eval average episode rewards of agent4: -337.77658
eval average episode rewards of agent5: -337.73773
eval average episode rewards of agent6: -337.7353
eval average episode rewards of agent7: -337.6195
eval average episode rewards of agent8: -337.74374
eval average episode costs: Backlog: 89799.95, Inventory: 0.00, Maintenance: 18.40, Production: 1631.05, Setup: 789.64, TOTAL: 92239.03

 Scenario BOSCH Algo rmappo Exp benchmark_23_8_4 updates 2755/10416 episodes, total num timesteps 793728/3000000, FPS 103.


 Scenario BOSCH Algo rmappo Exp benchmark_23_8_4 updates 2760/10416 episodes, total num timesteps 795168/3000000, FPS 103.


 Scenario BOSCH Algo rmappo Exp benchmark_23_8_4 updates 2765/10416 episodes, total num timesteps 796608/3000000, FPS 103.


 Scenario BOSCH Algo rmappo Exp benchmark_23_8_4 updates 2770/10416 episodes, total num timesteps 798048/3000000, FPS 103.


 Scenario BOSCH Algo rmappo Exp benchmark_23_8_4 updates 2775/10416 episodes, total num timesteps 799488/3000000, FPS 103.


 Scenario BOSCH Algo rmappo Exp benchmark_23_8_4 updates 2780/10416 episodes, total num timesteps 800928/3000000, FPS 103.


 Scenario BOSCH Algo rmappo Exp benchmark_23_8_4 updates 2785/10416 episodes, total num timesteps 802368/3000000, FPS 103.


 Scenario BOSCH Algo rmappo Exp benchmark_23_8_4 updates 2790/10416 episodes, total num timesteps 803808/3000000, FPS 103.


 Scenario BOSCH Algo rmappo Exp benchmark_23_8_4 updates 2795/10416 episodes, total num timesteps 805248/3000000, FPS 103.


 Scenario BOSCH Algo rmappo Exp benchmark_23_8_4 updates 2800/10416 episodes, total num timesteps 806688/3000000, FPS 103.


[EVAL] BOSCH MARL Inference Solving Time for 36 periods: 0.6558 seconds
eval average episode rewards of agent0: -306.01993
eval average episode rewards of agent1: -303.892
eval average episode rewards of agent2: -304.01077
eval average episode rewards of agent3: -304.0589
eval average episode rewards of agent4: -304.0323
eval average episode rewards of agent5: -304.0873
eval average episode rewards of agent6: -304.11285
eval average episode rewards of agent7: -303.81097
eval average episode rewards of agent8: -304.0895
eval average episode costs: Backlog: 80790.42, Inventory: 0.00, Maintenance: 21.29, Production: 2727.76, Setup: 1305.91, TOTAL: 84845.39

 Scenario BOSCH Algo rmappo Exp benchmark_23_8_4 updates 2805/10416 episodes, total num timesteps 808128/3000000, FPS 103.


 Scenario BOSCH Algo rmappo Exp benchmark_23_8_4 updates 2810/10416 episodes, total num timesteps 809568/3000000, FPS 103.


 Scenario BOSCH Algo rmappo Exp benchmark_23_8_4 updates 2815/10416 episodes, total num timesteps 811008/3000000, FPS 103.


 Scenario BOSCH Algo rmappo Exp benchmark_23_8_4 updates 2820/10416 episodes, total num timesteps 812448/3000000, FPS 103.


 Scenario BOSCH Algo rmappo Exp benchmark_23_8_4 updates 2825/10416 episodes, total num timesteps 813888/3000000, FPS 103.


 Scenario BOSCH Algo rmappo Exp benchmark_23_8_4 updates 2830/10416 episodes, total num timesteps 815328/3000000, FPS 103.


 Scenario BOSCH Algo rmappo Exp benchmark_23_8_4 updates 2835/10416 episodes, total num timesteps 816768/3000000, FPS 103.


 Scenario BOSCH Algo rmappo Exp benchmark_23_8_4 updates 2840/10416 episodes, total num timesteps 818208/3000000, FPS 103.


 Scenario BOSCH Algo rmappo Exp benchmark_23_8_4 updates 2845/10416 episodes, total num timesteps 819648/3000000, FPS 103.


 Scenario BOSCH Algo rmappo Exp benchmark_23_8_4 updates 2850/10416 episodes, total num timesteps 821088/3000000, FPS 103.


[EVAL] BOSCH MARL Inference Solving Time for 36 periods: 0.6718 seconds
eval average episode rewards of agent0: -316.40137
eval average episode rewards of agent1: -314.71957
eval average episode rewards of agent2: -314.93924
eval average episode rewards of agent3: -314.9437
eval average episode rewards of agent4: -314.8962
eval average episode rewards of agent5: -314.9144
eval average episode rewards of agent6: -314.91354
eval average episode rewards of agent7: -314.6975
eval average episode rewards of agent8: -314.94824
eval average episode costs: Backlog: 83763.81, Inventory: 0.00, Maintenance: 17.50, Production: 2265.00, Setup: 887.92, TOTAL: 86934.23

 Scenario BOSCH Algo rmappo Exp benchmark_23_8_4 updates 2855/10416 episodes, total num timesteps 822528/3000000, FPS 103.


 Scenario BOSCH Algo rmappo Exp benchmark_23_8_4 updates 2860/10416 episodes, total num timesteps 823968/3000000, FPS 103.


 Scenario BOSCH Algo rmappo Exp benchmark_23_8_4 updates 2865/10416 episodes, total num timesteps 825408/3000000, FPS 103.


 Scenario BOSCH Algo rmappo Exp benchmark_23_8_4 updates 2870/10416 episodes, total num timesteps 826848/3000000, FPS 103.


 Scenario BOSCH Algo rmappo Exp benchmark_23_8_4 updates 2875/10416 episodes, total num timesteps 828288/3000000, FPS 103.


 Scenario BOSCH Algo rmappo Exp benchmark_23_8_4 updates 2880/10416 episodes, total num timesteps 829728/3000000, FPS 103.


 Scenario BOSCH Algo rmappo Exp benchmark_23_8_4 updates 2885/10416 episodes, total num timesteps 831168/3000000, FPS 103.


 Scenario BOSCH Algo rmappo Exp benchmark_23_8_4 updates 2890/10416 episodes, total num timesteps 832608/3000000, FPS 103.


 Scenario BOSCH Algo rmappo Exp benchmark_23_8_4 updates 2895/10416 episodes, total num timesteps 834048/3000000, FPS 103.


 Scenario BOSCH Algo rmappo Exp benchmark_23_8_4 updates 2900/10416 episodes, total num timesteps 835488/3000000, FPS 103.


[EVAL] BOSCH MARL Inference Solving Time for 36 periods: 0.6567 seconds
eval average episode rewards of agent0: -325.78427
eval average episode rewards of agent1: -324.4654
eval average episode rewards of agent2: -324.52448
eval average episode rewards of agent3: -324.474
eval average episode rewards of agent4: -324.52
eval average episode rewards of agent5: -324.42877
eval average episode rewards of agent6: -324.54343
eval average episode rewards of agent7: -324.2983
eval average episode rewards of agent8: -324.53253
eval average episode costs: Backlog: 86301.61, Inventory: 0.00, Maintenance: 58.56, Production: 1921.31, Setup: 800.64, TOTAL: 89082.13

 Scenario BOSCH Algo rmappo Exp benchmark_23_8_4 updates 2905/10416 episodes, total num timesteps 836928/3000000, FPS 103.


 Scenario BOSCH Algo rmappo Exp benchmark_23_8_4 updates 2910/10416 episodes, total num timesteps 838368/3000000, FPS 103.


 Scenario BOSCH Algo rmappo Exp benchmark_23_8_4 updates 2915/10416 episodes, total num timesteps 839808/3000000, FPS 103.


 Scenario BOSCH Algo rmappo Exp benchmark_23_8_4 updates 2920/10416 episodes, total num timesteps 841248/3000000, FPS 103.


 Scenario BOSCH Algo rmappo Exp benchmark_23_8_4 updates 2925/10416 episodes, total num timesteps 842688/3000000, FPS 103.


 Scenario BOSCH Algo rmappo Exp benchmark_23_8_4 updates 2930/10416 episodes, total num timesteps 844128/3000000, FPS 103.


 Scenario BOSCH Algo rmappo Exp benchmark_23_8_4 updates 2935/10416 episodes, total num timesteps 845568/3000000, FPS 103.


 Scenario BOSCH Algo rmappo Exp benchmark_23_8_4 updates 2940/10416 episodes, total num timesteps 847008/3000000, FPS 103.


 Scenario BOSCH Algo rmappo Exp benchmark_23_8_4 updates 2945/10416 episodes, total num timesteps 848448/3000000, FPS 103.


 Scenario BOSCH Algo rmappo Exp benchmark_23_8_4 updates 2950/10416 episodes, total num timesteps 849888/3000000, FPS 103.


[EVAL] BOSCH MARL Inference Solving Time for 36 periods: 0.6506 seconds
eval average episode rewards of agent0: -318.87692
eval average episode rewards of agent1: -317.30655
eval average episode rewards of agent2: -317.3419
eval average episode rewards of agent3: -317.3221
eval average episode rewards of agent4: -317.4327
eval average episode rewards of agent5: -317.2814
eval average episode rewards of agent6: -317.353
eval average episode rewards of agent7: -317.0551
eval average episode rewards of agent8: -317.29532
eval average episode costs: Backlog: 84307.68, Inventory: 0.00, Maintenance: 230.34, Production: 2194.01, Setup: 1003.36, TOTAL: 87735.38

 Scenario BOSCH Algo rmappo Exp benchmark_23_8_4 updates 2955/10416 episodes, total num timesteps 851328/3000000, FPS 103.


 Scenario BOSCH Algo rmappo Exp benchmark_23_8_4 updates 2960/10416 episodes, total num timesteps 852768/3000000, FPS 103.


 Scenario BOSCH Algo rmappo Exp benchmark_23_8_4 updates 2965/10416 episodes, total num timesteps 854208/3000000, FPS 103.


 Scenario BOSCH Algo rmappo Exp benchmark_23_8_4 updates 2970/10416 episodes, total num timesteps 855648/3000000, FPS 103.


 Scenario BOSCH Algo rmappo Exp benchmark_23_8_4 updates 2975/10416 episodes, total num timesteps 857088/3000000, FPS 103.


 Scenario BOSCH Algo rmappo Exp benchmark_23_8_4 updates 2980/10416 episodes, total num timesteps 858528/3000000, FPS 103.


 Scenario BOSCH Algo rmappo Exp benchmark_23_8_4 updates 2985/10416 episodes, total num timesteps 859968/3000000, FPS 103.


 Scenario BOSCH Algo rmappo Exp benchmark_23_8_4 updates 2990/10416 episodes, total num timesteps 861408/3000000, FPS 103.


 Scenario BOSCH Algo rmappo Exp benchmark_23_8_4 updates 2995/10416 episodes, total num timesteps 862848/3000000, FPS 103.


 Scenario BOSCH Algo rmappo Exp benchmark_23_8_4 updates 3000/10416 episodes, total num timesteps 864288/3000000, FPS 103.


[EVAL] BOSCH MARL Inference Solving Time for 36 periods: 0.6557 seconds
eval average episode rewards of agent0: -302.20224
eval average episode rewards of agent1: -300.2403
eval average episode rewards of agent2: -300.25165
eval average episode rewards of agent3: -300.25742
eval average episode rewards of agent4: -300.30624
eval average episode rewards of agent5: -300.31137
eval average episode rewards of agent6: -300.37186
eval average episode rewards of agent7: -300.07837
eval average episode rewards of agent8: -300.29834
eval average episode costs: Backlog: 79828.62, Inventory: 0.00, Maintenance: 35.27, Production: 2713.59, Setup: 1177.22, TOTAL: 83754.70

 Scenario BOSCH Algo rmappo Exp benchmark_23_8_4 updates 3005/10416 episodes, total num timesteps 865728/3000000, FPS 103.


 Scenario BOSCH Algo rmappo Exp benchmark_23_8_4 updates 3010/10416 episodes, total num timesteps 867168/3000000, FPS 103.


 Scenario BOSCH Algo rmappo Exp benchmark_23_8_4 updates 3015/10416 episodes, total num timesteps 868608/3000000, FPS 103.


 Scenario BOSCH Algo rmappo Exp benchmark_23_8_4 updates 3020/10416 episodes, total num timesteps 870048/3000000, FPS 103.


 Scenario BOSCH Algo rmappo Exp benchmark_23_8_4 updates 3025/10416 episodes, total num timesteps 871488/3000000, FPS 103.


 Scenario BOSCH Algo rmappo Exp benchmark_23_8_4 updates 3030/10416 episodes, total num timesteps 872928/3000000, FPS 103.


 Scenario BOSCH Algo rmappo Exp benchmark_23_8_4 updates 3035/10416 episodes, total num timesteps 874368/3000000, FPS 103.


 Scenario BOSCH Algo rmappo Exp benchmark_23_8_4 updates 3040/10416 episodes, total num timesteps 875808/3000000, FPS 103.


 Scenario BOSCH Algo rmappo Exp benchmark_23_8_4 updates 3045/10416 episodes, total num timesteps 877248/3000000, FPS 104.


 Scenario BOSCH Algo rmappo Exp benchmark_23_8_4 updates 3050/10416 episodes, total num timesteps 878688/3000000, FPS 104.


[EVAL] BOSCH MARL Inference Solving Time for 36 periods: 0.6563 seconds
eval average episode rewards of agent0: -303.1079
eval average episode rewards of agent1: -301.2623
eval average episode rewards of agent2: -301.3634
eval average episode rewards of agent3: -301.35797
eval average episode rewards of agent4: -301.34665
eval average episode rewards of agent5: -301.3766
eval average episode rewards of agent6: -301.3355
eval average episode rewards of agent7: -301.06268
eval average episode rewards of agent8: -301.3855
eval average episode costs: Backlog: 80154.91, Inventory: 0.00, Maintenance: 20.29, Production: 2574.64, Setup: 1045.56, TOTAL: 83795.41

 Scenario BOSCH Algo rmappo Exp benchmark_23_8_4 updates 3055/10416 episodes, total num timesteps 880128/3000000, FPS 104.


 Scenario BOSCH Algo rmappo Exp benchmark_23_8_4 updates 3060/10416 episodes, total num timesteps 881568/3000000, FPS 104.


 Scenario BOSCH Algo rmappo Exp benchmark_23_8_4 updates 3065/10416 episodes, total num timesteps 883008/3000000, FPS 104.


 Scenario BOSCH Algo rmappo Exp benchmark_23_8_4 updates 3070/10416 episodes, total num timesteps 884448/3000000, FPS 104.


 Scenario BOSCH Algo rmappo Exp benchmark_23_8_4 updates 3075/10416 episodes, total num timesteps 885888/3000000, FPS 104.


 Scenario BOSCH Algo rmappo Exp benchmark_23_8_4 updates 3080/10416 episodes, total num timesteps 887328/3000000, FPS 104.


 Scenario BOSCH Algo rmappo Exp benchmark_23_8_4 updates 3085/10416 episodes, total num timesteps 888768/3000000, FPS 104.


 Scenario BOSCH Algo rmappo Exp benchmark_23_8_4 updates 3090/10416 episodes, total num timesteps 890208/3000000, FPS 104.


 Scenario BOSCH Algo rmappo Exp benchmark_23_8_4 updates 3095/10416 episodes, total num timesteps 891648/3000000, FPS 104.


 Scenario BOSCH Algo rmappo Exp benchmark_23_8_4 updates 3100/10416 episodes, total num timesteps 893088/3000000, FPS 104.


[EVAL] BOSCH MARL Inference Solving Time for 36 periods: 0.6620 seconds
eval average episode rewards of agent0: -310.46268
eval average episode rewards of agent1: -308.91946
eval average episode rewards of agent2: -309.10437
eval average episode rewards of agent3: -309.10788
eval average episode rewards of agent4: -309.1229
eval average episode rewards of agent5: -309.0334
eval average episode rewards of agent6: -309.09897
eval average episode rewards of agent7: -308.79462
eval average episode rewards of agent8: -309.10837
eval average episode costs: Backlog: 82232.91, Inventory: 0.00, Maintenance: 19.38, Production: 2495.56, Setup: 863.08, TOTAL: 85610.93

 Scenario BOSCH Algo rmappo Exp benchmark_23_8_4 updates 3105/10416 episodes, total num timesteps 894528/3000000, FPS 104.


 Scenario BOSCH Algo rmappo Exp benchmark_23_8_4 updates 3110/10416 episodes, total num timesteps 895968/3000000, FPS 104.


 Scenario BOSCH Algo rmappo Exp benchmark_23_8_4 updates 3115/10416 episodes, total num timesteps 897408/3000000, FPS 104.


 Scenario BOSCH Algo rmappo Exp benchmark_23_8_4 updates 3120/10416 episodes, total num timesteps 898848/3000000, FPS 104.


 Scenario BOSCH Algo rmappo Exp benchmark_23_8_4 updates 3125/10416 episodes, total num timesteps 900288/3000000, FPS 104.


 Scenario BOSCH Algo rmappo Exp benchmark_23_8_4 updates 3130/10416 episodes, total num timesteps 901728/3000000, FPS 104.


 Scenario BOSCH Algo rmappo Exp benchmark_23_8_4 updates 3135/10416 episodes, total num timesteps 903168/3000000, FPS 104.


 Scenario BOSCH Algo rmappo Exp benchmark_23_8_4 updates 3140/10416 episodes, total num timesteps 904608/3000000, FPS 104.


 Scenario BOSCH Algo rmappo Exp benchmark_23_8_4 updates 3145/10416 episodes, total num timesteps 906048/3000000, FPS 104.


 Scenario BOSCH Algo rmappo Exp benchmark_23_8_4 updates 3150/10416 episodes, total num timesteps 907488/3000000, FPS 104.


[EVAL] BOSCH MARL Inference Solving Time for 36 periods: 0.6617 seconds
eval average episode rewards of agent0: -308.74774
eval average episode rewards of agent1: -306.7219
eval average episode rewards of agent2: -306.92032
eval average episode rewards of agent3: -306.89716
eval average episode rewards of agent4: -306.87982
eval average episode rewards of agent5: -306.8844
eval average episode rewards of agent6: -306.8505
eval average episode rewards of agent7: -306.63272
eval average episode rewards of agent8: -306.8536
eval average episode costs: Backlog: 81525.30, Inventory: 0.00, Maintenance: 21.14, Production: 2760.75, Setup: 1314.22, TOTAL: 85621.41

 Scenario BOSCH Algo rmappo Exp benchmark_23_8_4 updates 3155/10416 episodes, total num timesteps 908928/3000000, FPS 104.


 Scenario BOSCH Algo rmappo Exp benchmark_23_8_4 updates 3160/10416 episodes, total num timesteps 910368/3000000, FPS 104.


 Scenario BOSCH Algo rmappo Exp benchmark_23_8_4 updates 3165/10416 episodes, total num timesteps 911808/3000000, FPS 104.


 Scenario BOSCH Algo rmappo Exp benchmark_23_8_4 updates 3170/10416 episodes, total num timesteps 913248/3000000, FPS 104.


 Scenario BOSCH Algo rmappo Exp benchmark_23_8_4 updates 3175/10416 episodes, total num timesteps 914688/3000000, FPS 104.


 Scenario BOSCH Algo rmappo Exp benchmark_23_8_4 updates 3180/10416 episodes, total num timesteps 916128/3000000, FPS 104.


 Scenario BOSCH Algo rmappo Exp benchmark_23_8_4 updates 3185/10416 episodes, total num timesteps 917568/3000000, FPS 104.


 Scenario BOSCH Algo rmappo Exp benchmark_23_8_4 updates 3190/10416 episodes, total num timesteps 919008/3000000, FPS 104.


 Scenario BOSCH Algo rmappo Exp benchmark_23_8_4 updates 3195/10416 episodes, total num timesteps 920448/3000000, FPS 104.


 Scenario BOSCH Algo rmappo Exp benchmark_23_8_4 updates 3200/10416 episodes, total num timesteps 921888/3000000, FPS 104.


[EVAL] BOSCH MARL Inference Solving Time for 36 periods: 0.6679 seconds
eval average episode rewards of agent0: -308.60406
eval average episode rewards of agent1: -306.66882
eval average episode rewards of agent2: -306.7912
eval average episode rewards of agent3: -306.7673
eval average episode rewards of agent4: -306.761
eval average episode rewards of agent5: -306.7442
eval average episode rewards of agent6: -306.8244
eval average episode rewards of agent7: -306.56104
eval average episode rewards of agent8: -306.81476
eval average episode costs: Backlog: 81533.76, Inventory: 0.00, Maintenance: 20.23, Production: 2626.18, Setup: 1209.05, TOTAL: 85389.23

 Scenario BOSCH Algo rmappo Exp benchmark_23_8_4 updates 3205/10416 episodes, total num timesteps 923328/3000000, FPS 104.


 Scenario BOSCH Algo rmappo Exp benchmark_23_8_4 updates 3210/10416 episodes, total num timesteps 924768/3000000, FPS 104.


 Scenario BOSCH Algo rmappo Exp benchmark_23_8_4 updates 3215/10416 episodes, total num timesteps 926208/3000000, FPS 104.


 Scenario BOSCH Algo rmappo Exp benchmark_23_8_4 updates 3220/10416 episodes, total num timesteps 927648/3000000, FPS 104.


 Scenario BOSCH Algo rmappo Exp benchmark_23_8_4 updates 3225/10416 episodes, total num timesteps 929088/3000000, FPS 104.


 Scenario BOSCH Algo rmappo Exp benchmark_23_8_4 updates 3230/10416 episodes, total num timesteps 930528/3000000, FPS 104.


 Scenario BOSCH Algo rmappo Exp benchmark_23_8_4 updates 3235/10416 episodes, total num timesteps 931968/3000000, FPS 104.


 Scenario BOSCH Algo rmappo Exp benchmark_23_8_4 updates 3240/10416 episodes, total num timesteps 933408/3000000, FPS 104.


 Scenario BOSCH Algo rmappo Exp benchmark_23_8_4 updates 3245/10416 episodes, total num timesteps 934848/3000000, FPS 104.


 Scenario BOSCH Algo rmappo Exp benchmark_23_8_4 updates 3250/10416 episodes, total num timesteps 936288/3000000, FPS 104.


[EVAL] BOSCH MARL Inference Solving Time for 36 periods: 0.6502 seconds
eval average episode rewards of agent0: -331.38367
eval average episode rewards of agent1: -330.33673
eval average episode rewards of agent2: -330.49545
eval average episode rewards of agent3: -330.44977
eval average episode rewards of agent4: -330.41577
eval average episode rewards of agent5: -330.41895
eval average episode rewards of agent6: -330.50455
eval average episode rewards of agent7: -330.26575
eval average episode rewards of agent8: -330.4719
eval average episode costs: Backlog: 87859.18, Inventory: 0.00, Maintenance: 17.59, Production: 2261.90, Setup: 812.73, TOTAL: 90951.41

 Scenario BOSCH Algo rmappo Exp benchmark_23_8_4 updates 3255/10416 episodes, total num timesteps 937728/3000000, FPS 104.


 Scenario BOSCH Algo rmappo Exp benchmark_23_8_4 updates 3260/10416 episodes, total num timesteps 939168/3000000, FPS 104.


 Scenario BOSCH Algo rmappo Exp benchmark_23_8_4 updates 3265/10416 episodes, total num timesteps 940608/3000000, FPS 104.


 Scenario BOSCH Algo rmappo Exp benchmark_23_8_4 updates 3270/10416 episodes, total num timesteps 942048/3000000, FPS 104.


 Scenario BOSCH Algo rmappo Exp benchmark_23_8_4 updates 3275/10416 episodes, total num timesteps 943488/3000000, FPS 104.


 Scenario BOSCH Algo rmappo Exp benchmark_23_8_4 updates 3280/10416 episodes, total num timesteps 944928/3000000, FPS 104.


 Scenario BOSCH Algo rmappo Exp benchmark_23_8_4 updates 3285/10416 episodes, total num timesteps 946368/3000000, FPS 104.


 Scenario BOSCH Algo rmappo Exp benchmark_23_8_4 updates 3290/10416 episodes, total num timesteps 947808/3000000, FPS 104.


 Scenario BOSCH Algo rmappo Exp benchmark_23_8_4 updates 3295/10416 episodes, total num timesteps 949248/3000000, FPS 104.


 Scenario BOSCH Algo rmappo Exp benchmark_23_8_4 updates 3300/10416 episodes, total num timesteps 950688/3000000, FPS 104.


[EVAL] BOSCH MARL Inference Solving Time for 36 periods: 0.6577 seconds
eval average episode rewards of agent0: -292.24603
eval average episode rewards of agent1: -289.9898
eval average episode rewards of agent2: -290.20404
eval average episode rewards of agent3: -290.12842
eval average episode rewards of agent4: -290.0412
eval average episode rewards of agent5: -290.09308
eval average episode rewards of agent6: -290.1932
eval average episode rewards of agent7: -289.9666
eval average episode rewards of agent8: -290.19327
eval average episode costs: Backlog: 77098.25, Inventory: 0.00, Maintenance: 25.90, Production: 3237.45, Setup: 1404.84, TOTAL: 81766.43

 Scenario BOSCH Algo rmappo Exp benchmark_23_8_4 updates 3305/10416 episodes, total num timesteps 952128/3000000, FPS 104.


 Scenario BOSCH Algo rmappo Exp benchmark_23_8_4 updates 3310/10416 episodes, total num timesteps 953568/3000000, FPS 104.


 Scenario BOSCH Algo rmappo Exp benchmark_23_8_4 updates 3315/10416 episodes, total num timesteps 955008/3000000, FPS 104.


 Scenario BOSCH Algo rmappo Exp benchmark_23_8_4 updates 3320/10416 episodes, total num timesteps 956448/3000000, FPS 104.


 Scenario BOSCH Algo rmappo Exp benchmark_23_8_4 updates 3325/10416 episodes, total num timesteps 957888/3000000, FPS 104.


 Scenario BOSCH Algo rmappo Exp benchmark_23_8_4 updates 3330/10416 episodes, total num timesteps 959328/3000000, FPS 104.


 Scenario BOSCH Algo rmappo Exp benchmark_23_8_4 updates 3335/10416 episodes, total num timesteps 960768/3000000, FPS 104.


 Scenario BOSCH Algo rmappo Exp benchmark_23_8_4 updates 3340/10416 episodes, total num timesteps 962208/3000000, FPS 104.


 Scenario BOSCH Algo rmappo Exp benchmark_23_8_4 updates 3345/10416 episodes, total num timesteps 963648/3000000, FPS 104.


 Scenario BOSCH Algo rmappo Exp benchmark_23_8_4 updates 3350/10416 episodes, total num timesteps 965088/3000000, FPS 104.


[EVAL] BOSCH MARL Inference Solving Time for 36 periods: 0.6519 seconds
eval average episode rewards of agent0: -318.45868
eval average episode rewards of agent1: -316.59586
eval average episode rewards of agent2: -316.60992
eval average episode rewards of agent3: -316.57553
eval average episode rewards of agent4: -316.51364
eval average episode rewards of agent5: -316.5857
eval average episode rewards of agent6: -316.60223
eval average episode rewards of agent7: -316.4637
eval average episode rewards of agent8: -316.59995
eval average episode costs: Backlog: 84121.64, Inventory: 0.00, Maintenance: 19.72, Production: 2496.51, Setup: 1185.70, TOTAL: 87823.56

 Scenario BOSCH Algo rmappo Exp benchmark_23_8_4 updates 3355/10416 episodes, total num timesteps 966528/3000000, FPS 104.


 Scenario BOSCH Algo rmappo Exp benchmark_23_8_4 updates 3360/10416 episodes, total num timesteps 967968/3000000, FPS 104.


 Scenario BOSCH Algo rmappo Exp benchmark_23_8_4 updates 3365/10416 episodes, total num timesteps 969408/3000000, FPS 104.


 Scenario BOSCH Algo rmappo Exp benchmark_23_8_4 updates 3370/10416 episodes, total num timesteps 970848/3000000, FPS 104.


 Scenario BOSCH Algo rmappo Exp benchmark_23_8_4 updates 3375/10416 episodes, total num timesteps 972288/3000000, FPS 104.


 Scenario BOSCH Algo rmappo Exp benchmark_23_8_4 updates 3380/10416 episodes, total num timesteps 973728/3000000, FPS 104.


 Scenario BOSCH Algo rmappo Exp benchmark_23_8_4 updates 3385/10416 episodes, total num timesteps 975168/3000000, FPS 104.


 Scenario BOSCH Algo rmappo Exp benchmark_23_8_4 updates 3390/10416 episodes, total num timesteps 976608/3000000, FPS 104.


 Scenario BOSCH Algo rmappo Exp benchmark_23_8_4 updates 3395/10416 episodes, total num timesteps 978048/3000000, FPS 104.


 Scenario BOSCH Algo rmappo Exp benchmark_23_8_4 updates 3400/10416 episodes, total num timesteps 979488/3000000, FPS 104.


[EVAL] BOSCH MARL Inference Solving Time for 36 periods: 0.7855 seconds
eval average episode rewards of agent0: -303.6058
eval average episode rewards of agent1: -301.69345
eval average episode rewards of agent2: -301.73297
eval average episode rewards of agent3: -301.59283
eval average episode rewards of agent4: -301.61713
eval average episode rewards of agent5: -301.70865
eval average episode rewards of agent6: -301.76096
eval average episode rewards of agent7: -301.59262
eval average episode rewards of agent8: -301.76642
eval average episode costs: Backlog: 80208.98, Inventory: 0.00, Maintenance: 22.09, Production: 2742.77, Setup: 1183.39, TOTAL: 84157.22

 Scenario BOSCH Algo rmappo Exp benchmark_23_8_4 updates 3405/10416 episodes, total num timesteps 980928/3000000, FPS 104.


 Scenario BOSCH Algo rmappo Exp benchmark_23_8_4 updates 3410/10416 episodes, total num timesteps 982368/3000000, FPS 104.


 Scenario BOSCH Algo rmappo Exp benchmark_23_8_4 updates 3415/10416 episodes, total num timesteps 983808/3000000, FPS 104.


 Scenario BOSCH Algo rmappo Exp benchmark_23_8_4 updates 3420/10416 episodes, total num timesteps 985248/3000000, FPS 104.


 Scenario BOSCH Algo rmappo Exp benchmark_23_8_4 updates 3425/10416 episodes, total num timesteps 986688/3000000, FPS 104.


 Scenario BOSCH Algo rmappo Exp benchmark_23_8_4 updates 3430/10416 episodes, total num timesteps 988128/3000000, FPS 104.


 Scenario BOSCH Algo rmappo Exp benchmark_23_8_4 updates 3435/10416 episodes, total num timesteps 989568/3000000, FPS 104.


 Scenario BOSCH Algo rmappo Exp benchmark_23_8_4 updates 3440/10416 episodes, total num timesteps 991008/3000000, FPS 104.


 Scenario BOSCH Algo rmappo Exp benchmark_23_8_4 updates 3445/10416 episodes, total num timesteps 992448/3000000, FPS 104.


 Scenario BOSCH Algo rmappo Exp benchmark_23_8_4 updates 3450/10416 episodes, total num timesteps 993888/3000000, FPS 104.


[EVAL] BOSCH MARL Inference Solving Time for 36 periods: 0.6475 seconds
eval average episode rewards of agent0: -319.9579
eval average episode rewards of agent1: -318.38257
eval average episode rewards of agent2: -318.42975
eval average episode rewards of agent3: -318.3317
eval average episode rewards of agent4: -318.34296
eval average episode rewards of agent5: -318.4549
eval average episode rewards of agent6: -318.35962
eval average episode rewards of agent7: -318.3352
eval average episode rewards of agent8: -318.4722
eval average episode costs: Backlog: 84642.80, Inventory: 0.00, Maintenance: 19.77, Production: 2372.88, Setup: 1031.46, TOTAL: 88066.91

 Scenario BOSCH Algo rmappo Exp benchmark_23_8_4 updates 3455/10416 episodes, total num timesteps 995328/3000000, FPS 104.


 Scenario BOSCH Algo rmappo Exp benchmark_23_8_4 updates 3460/10416 episodes, total num timesteps 996768/3000000, FPS 104.


 Scenario BOSCH Algo rmappo Exp benchmark_23_8_4 updates 3465/10416 episodes, total num timesteps 998208/3000000, FPS 104.


 Scenario BOSCH Algo rmappo Exp benchmark_23_8_4 updates 3470/10416 episodes, total num timesteps 999648/3000000, FPS 104.


 Scenario BOSCH Algo rmappo Exp benchmark_23_8_4 updates 3475/10416 episodes, total num timesteps 1001088/3000000, FPS 104.


 Scenario BOSCH Algo rmappo Exp benchmark_23_8_4 updates 3480/10416 episodes, total num timesteps 1002528/3000000, FPS 104.


 Scenario BOSCH Algo rmappo Exp benchmark_23_8_4 updates 3485/10416 episodes, total num timesteps 1003968/3000000, FPS 104.


 Scenario BOSCH Algo rmappo Exp benchmark_23_8_4 updates 3490/10416 episodes, total num timesteps 1005408/3000000, FPS 104.


 Scenario BOSCH Algo rmappo Exp benchmark_23_8_4 updates 3495/10416 episodes, total num timesteps 1006848/3000000, FPS 104.


 Scenario BOSCH Algo rmappo Exp benchmark_23_8_4 updates 3500/10416 episodes, total num timesteps 1008288/3000000, FPS 104.


[EVAL] BOSCH MARL Inference Solving Time for 36 periods: 0.6560 seconds
eval average episode rewards of agent0: -325.7726
eval average episode rewards of agent1: -324.01788
eval average episode rewards of agent2: -324.01083
eval average episode rewards of agent3: -323.96844
eval average episode rewards of agent4: -323.96393
eval average episode rewards of agent5: -324.01846
eval average episode rewards of agent6: -324.05713
eval average episode rewards of agent7: -324.0007
eval average episode rewards of agent8: -324.08047
eval average episode costs: Backlog: 86101.90, Inventory: 0.00, Maintenance: 18.22, Production: 2207.94, Setup: 1117.18, TOTAL: 89445.23

 Scenario BOSCH Algo rmappo Exp benchmark_23_8_4 updates 3505/10416 episodes, total num timesteps 1009728/3000000, FPS 104.


 Scenario BOSCH Algo rmappo Exp benchmark_23_8_4 updates 3510/10416 episodes, total num timesteps 1011168/3000000, FPS 104.


 Scenario BOSCH Algo rmappo Exp benchmark_23_8_4 updates 3515/10416 episodes, total num timesteps 1012608/3000000, FPS 104.


 Scenario BOSCH Algo rmappo Exp benchmark_23_8_4 updates 3520/10416 episodes, total num timesteps 1014048/3000000, FPS 104.


 Scenario BOSCH Algo rmappo Exp benchmark_23_8_4 updates 3525/10416 episodes, total num timesteps 1015488/3000000, FPS 104.


 Scenario BOSCH Algo rmappo Exp benchmark_23_8_4 updates 3530/10416 episodes, total num timesteps 1016928/3000000, FPS 104.


 Scenario BOSCH Algo rmappo Exp benchmark_23_8_4 updates 3535/10416 episodes, total num timesteps 1018368/3000000, FPS 104.


 Scenario BOSCH Algo rmappo Exp benchmark_23_8_4 updates 3540/10416 episodes, total num timesteps 1019808/3000000, FPS 104.


 Scenario BOSCH Algo rmappo Exp benchmark_23_8_4 updates 3545/10416 episodes, total num timesteps 1021248/3000000, FPS 104.


 Scenario BOSCH Algo rmappo Exp benchmark_23_8_4 updates 3550/10416 episodes, total num timesteps 1022688/3000000, FPS 104.


[EVAL] BOSCH MARL Inference Solving Time for 36 periods: 0.6510 seconds
eval average episode rewards of agent0: -321.87622
eval average episode rewards of agent1: -320.0639
eval average episode rewards of agent2: -320.05127
eval average episode rewards of agent3: -320.00436
eval average episode rewards of agent4: -319.96222
eval average episode rewards of agent5: -319.97256
eval average episode rewards of agent6: -320.04495
eval average episode rewards of agent7: -320.0142
eval average episode rewards of agent8: -320.07953
eval average episode costs: Backlog: 85022.40, Inventory: 0.00, Maintenance: 18.22, Production: 2214.07, Setup: 1241.10, TOTAL: 88495.78

 Scenario BOSCH Algo rmappo Exp benchmark_23_8_4 updates 3555/10416 episodes, total num timesteps 1024128/3000000, FPS 104.


 Scenario BOSCH Algo rmappo Exp benchmark_23_8_4 updates 3560/10416 episodes, total num timesteps 1025568/3000000, FPS 104.


 Scenario BOSCH Algo rmappo Exp benchmark_23_8_4 updates 3565/10416 episodes, total num timesteps 1027008/3000000, FPS 104.


 Scenario BOSCH Algo rmappo Exp benchmark_23_8_4 updates 3570/10416 episodes, total num timesteps 1028448/3000000, FPS 104.


 Scenario BOSCH Algo rmappo Exp benchmark_23_8_4 updates 3575/10416 episodes, total num timesteps 1029888/3000000, FPS 104.


 Scenario BOSCH Algo rmappo Exp benchmark_23_8_4 updates 3580/10416 episodes, total num timesteps 1031328/3000000, FPS 104.


 Scenario BOSCH Algo rmappo Exp benchmark_23_8_4 updates 3585/10416 episodes, total num timesteps 1032768/3000000, FPS 104.


 Scenario BOSCH Algo rmappo Exp benchmark_23_8_4 updates 3590/10416 episodes, total num timesteps 1034208/3000000, FPS 104.


 Scenario BOSCH Algo rmappo Exp benchmark_23_8_4 updates 3595/10416 episodes, total num timesteps 1035648/3000000, FPS 104.


 Scenario BOSCH Algo rmappo Exp benchmark_23_8_4 updates 3600/10416 episodes, total num timesteps 1037088/3000000, FPS 104.


[EVAL] BOSCH MARL Inference Solving Time for 36 periods: 0.6488 seconds
eval average episode rewards of agent0: -323.29947
eval average episode rewards of agent1: -321.29266
eval average episode rewards of agent2: -321.302
eval average episode rewards of agent3: -321.21802
eval average episode rewards of agent4: -321.16656
eval average episode rewards of agent5: -321.2774
eval average episode rewards of agent6: -321.2998
eval average episode rewards of agent7: -321.22647
eval average episode rewards of agent8: -321.3034
eval average episode costs: Backlog: 85325.73, Inventory: 0.00, Maintenance: 18.54, Production: 2243.01, Setup: 1318.36, TOTAL: 88905.65

 Scenario BOSCH Algo rmappo Exp benchmark_23_8_4 updates 3605/10416 episodes, total num timesteps 1038528/3000000, FPS 104.


 Scenario BOSCH Algo rmappo Exp benchmark_23_8_4 updates 3610/10416 episodes, total num timesteps 1039968/3000000, FPS 104.


 Scenario BOSCH Algo rmappo Exp benchmark_23_8_4 updates 3615/10416 episodes, total num timesteps 1041408/3000000, FPS 104.


 Scenario BOSCH Algo rmappo Exp benchmark_23_8_4 updates 3620/10416 episodes, total num timesteps 1042848/3000000, FPS 104.


 Scenario BOSCH Algo rmappo Exp benchmark_23_8_4 updates 3625/10416 episodes, total num timesteps 1044288/3000000, FPS 104.


 Scenario BOSCH Algo rmappo Exp benchmark_23_8_4 updates 3630/10416 episodes, total num timesteps 1045728/3000000, FPS 104.


 Scenario BOSCH Algo rmappo Exp benchmark_23_8_4 updates 3635/10416 episodes, total num timesteps 1047168/3000000, FPS 104.


 Scenario BOSCH Algo rmappo Exp benchmark_23_8_4 updates 3640/10416 episodes, total num timesteps 1048608/3000000, FPS 104.


 Scenario BOSCH Algo rmappo Exp benchmark_23_8_4 updates 3645/10416 episodes, total num timesteps 1050048/3000000, FPS 104.


 Scenario BOSCH Algo rmappo Exp benchmark_23_8_4 updates 3650/10416 episodes, total num timesteps 1051488/3000000, FPS 104.


[EVAL] BOSCH MARL Inference Solving Time for 36 periods: 0.6586 seconds
eval average episode rewards of agent0: -344.64117
eval average episode rewards of agent1: -343.6578
eval average episode rewards of agent2: -343.6822
eval average episode rewards of agent3: -343.56973
eval average episode rewards of agent4: -343.58838
eval average episode rewards of agent5: -343.66583
eval average episode rewards of agent6: -343.64145
eval average episode rewards of agent7: -343.6369
eval average episode rewards of agent8: -343.65997
eval average episode costs: Backlog: 91357.86, Inventory: 0.00, Maintenance: 14.12, Production: 1713.70, Setup: 762.09, TOTAL: 93847.77

 Scenario BOSCH Algo rmappo Exp benchmark_23_8_4 updates 3655/10416 episodes, total num timesteps 1052928/3000000, FPS 104.


 Scenario BOSCH Algo rmappo Exp benchmark_23_8_4 updates 3660/10416 episodes, total num timesteps 1054368/3000000, FPS 104.


 Scenario BOSCH Algo rmappo Exp benchmark_23_8_4 updates 3665/10416 episodes, total num timesteps 1055808/3000000, FPS 104.


 Scenario BOSCH Algo rmappo Exp benchmark_23_8_4 updates 3670/10416 episodes, total num timesteps 1057248/3000000, FPS 104.


 Scenario BOSCH Algo rmappo Exp benchmark_23_8_4 updates 3675/10416 episodes, total num timesteps 1058688/3000000, FPS 104.


 Scenario BOSCH Algo rmappo Exp benchmark_23_8_4 updates 3680/10416 episodes, total num timesteps 1060128/3000000, FPS 104.


 Scenario BOSCH Algo rmappo Exp benchmark_23_8_4 updates 3685/10416 episodes, total num timesteps 1061568/3000000, FPS 104.


 Scenario BOSCH Algo rmappo Exp benchmark_23_8_4 updates 3690/10416 episodes, total num timesteps 1063008/3000000, FPS 104.


 Scenario BOSCH Algo rmappo Exp benchmark_23_8_4 updates 3695/10416 episodes, total num timesteps 1064448/3000000, FPS 104.


 Scenario BOSCH Algo rmappo Exp benchmark_23_8_4 updates 3700/10416 episodes, total num timesteps 1065888/3000000, FPS 104.


[EVAL] BOSCH MARL Inference Solving Time for 36 periods: 0.6528 seconds
eval average episode rewards of agent0: -316.31323
eval average episode rewards of agent1: -314.2
eval average episode rewards of agent2: -314.2106
eval average episode rewards of agent3: -314.0689
eval average episode rewards of agent4: -314.1385
eval average episode rewards of agent5: -314.1705
eval average episode rewards of agent6: -314.19104
eval average episode rewards of agent7: -314.2076
eval average episode rewards of agent8: -314.22543
eval average episode costs: Backlog: 83442.37, Inventory: 0.00, Maintenance: 20.12, Production: 2415.22, Setup: 1385.82, TOTAL: 87263.52

 Scenario BOSCH Algo rmappo Exp benchmark_23_8_4 updates 3705/10416 episodes, total num timesteps 1067328/3000000, FPS 104.


 Scenario BOSCH Algo rmappo Exp benchmark_23_8_4 updates 3710/10416 episodes, total num timesteps 1068768/3000000, FPS 104.


 Scenario BOSCH Algo rmappo Exp benchmark_23_8_4 updates 3715/10416 episodes, total num timesteps 1070208/3000000, FPS 104.


 Scenario BOSCH Algo rmappo Exp benchmark_23_8_4 updates 3720/10416 episodes, total num timesteps 1071648/3000000, FPS 104.


 Scenario BOSCH Algo rmappo Exp benchmark_23_8_4 updates 3725/10416 episodes, total num timesteps 1073088/3000000, FPS 104.


 Scenario BOSCH Algo rmappo Exp benchmark_23_8_4 updates 3730/10416 episodes, total num timesteps 1074528/3000000, FPS 104.


 Scenario BOSCH Algo rmappo Exp benchmark_23_8_4 updates 3735/10416 episodes, total num timesteps 1075968/3000000, FPS 104.


 Scenario BOSCH Algo rmappo Exp benchmark_23_8_4 updates 3740/10416 episodes, total num timesteps 1077408/3000000, FPS 104.


 Scenario BOSCH Algo rmappo Exp benchmark_23_8_4 updates 3745/10416 episodes, total num timesteps 1078848/3000000, FPS 104.


 Scenario BOSCH Algo rmappo Exp benchmark_23_8_4 updates 3750/10416 episodes, total num timesteps 1080288/3000000, FPS 104.


[EVAL] BOSCH MARL Inference Solving Time for 36 periods: 0.6525 seconds
eval average episode rewards of agent0: -296.74133
eval average episode rewards of agent1: -294.46167
eval average episode rewards of agent2: -294.51642
eval average episode rewards of agent3: -294.4783
eval average episode rewards of agent4: -294.38022
eval average episode rewards of agent5: -294.502
eval average episode rewards of agent6: -294.4982
eval average episode rewards of agent7: -294.38403
eval average episode rewards of agent8: -294.52606
eval average episode costs: Backlog: 78232.39, Inventory: 0.00, Maintenance: 29.57, Production: 3047.54, Setup: 1459.79, TOTAL: 82769.30

 Scenario BOSCH Algo rmappo Exp benchmark_23_8_4 updates 3755/10416 episodes, total num timesteps 1081728/3000000, FPS 104.


 Scenario BOSCH Algo rmappo Exp benchmark_23_8_4 updates 3760/10416 episodes, total num timesteps 1083168/3000000, FPS 104.


 Scenario BOSCH Algo rmappo Exp benchmark_23_8_4 updates 3765/10416 episodes, total num timesteps 1084608/3000000, FPS 105.


 Scenario BOSCH Algo rmappo Exp benchmark_23_8_4 updates 3770/10416 episodes, total num timesteps 1086048/3000000, FPS 105.


 Scenario BOSCH Algo rmappo Exp benchmark_23_8_4 updates 3775/10416 episodes, total num timesteps 1087488/3000000, FPS 105.


 Scenario BOSCH Algo rmappo Exp benchmark_23_8_4 updates 3780/10416 episodes, total num timesteps 1088928/3000000, FPS 105.


 Scenario BOSCH Algo rmappo Exp benchmark_23_8_4 updates 3785/10416 episodes, total num timesteps 1090368/3000000, FPS 105.


 Scenario BOSCH Algo rmappo Exp benchmark_23_8_4 updates 3790/10416 episodes, total num timesteps 1091808/3000000, FPS 105.


 Scenario BOSCH Algo rmappo Exp benchmark_23_8_4 updates 3795/10416 episodes, total num timesteps 1093248/3000000, FPS 105.


 Scenario BOSCH Algo rmappo Exp benchmark_23_8_4 updates 3800/10416 episodes, total num timesteps 1094688/3000000, FPS 105.


[EVAL] BOSCH MARL Inference Solving Time for 36 periods: 0.6693 seconds
eval average episode rewards of agent0: -336.28644
eval average episode rewards of agent1: -335.15286
eval average episode rewards of agent2: -335.17383
eval average episode rewards of agent3: -335.154
eval average episode rewards of agent4: -335.14648
eval average episode rewards of agent5: -335.12244
eval average episode rewards of agent6: -335.19507
eval average episode rewards of agent7: -335.0248
eval average episode rewards of agent8: -335.1609
eval average episode costs: Backlog: 89065.23, Inventory: 0.00, Maintenance: 17.43, Production: 2170.43, Setup: 945.38, TOTAL: 92198.47

 Scenario BOSCH Algo rmappo Exp benchmark_23_8_4 updates 3805/10416 episodes, total num timesteps 1096128/3000000, FPS 105.


 Scenario BOSCH Algo rmappo Exp benchmark_23_8_4 updates 3810/10416 episodes, total num timesteps 1097568/3000000, FPS 105.


 Scenario BOSCH Algo rmappo Exp benchmark_23_8_4 updates 3815/10416 episodes, total num timesteps 1099008/3000000, FPS 105.


 Scenario BOSCH Algo rmappo Exp benchmark_23_8_4 updates 3820/10416 episodes, total num timesteps 1100448/3000000, FPS 105.


 Scenario BOSCH Algo rmappo Exp benchmark_23_8_4 updates 3825/10416 episodes, total num timesteps 1101888/3000000, FPS 105.


 Scenario BOSCH Algo rmappo Exp benchmark_23_8_4 updates 3830/10416 episodes, total num timesteps 1103328/3000000, FPS 105.


 Scenario BOSCH Algo rmappo Exp benchmark_23_8_4 updates 3835/10416 episodes, total num timesteps 1104768/3000000, FPS 105.


 Scenario BOSCH Algo rmappo Exp benchmark_23_8_4 updates 3840/10416 episodes, total num timesteps 1106208/3000000, FPS 105.


 Scenario BOSCH Algo rmappo Exp benchmark_23_8_4 updates 3845/10416 episodes, total num timesteps 1107648/3000000, FPS 105.


 Scenario BOSCH Algo rmappo Exp benchmark_23_8_4 updates 3850/10416 episodes, total num timesteps 1109088/3000000, FPS 105.


[EVAL] BOSCH MARL Inference Solving Time for 36 periods: 0.6522 seconds
eval average episode rewards of agent0: -339.18732
eval average episode rewards of agent1: -337.9383
eval average episode rewards of agent2: -337.95135
eval average episode rewards of agent3: -337.94504
eval average episode rewards of agent4: -337.9124
eval average episode rewards of agent5: -337.9194
eval average episode rewards of agent6: -337.9384
eval average episode rewards of agent7: -337.8516
eval average episode rewards of agent8: -337.96906
eval average episode costs: Backlog: 89762.08, Inventory: 0.00, Maintenance: 16.51, Production: 2029.71, Setup: 1092.21, TOTAL: 92900.51

 Scenario BOSCH Algo rmappo Exp benchmark_23_8_4 updates 3855/10416 episodes, total num timesteps 1110528/3000000, FPS 105.


 Scenario BOSCH Algo rmappo Exp benchmark_23_8_4 updates 3860/10416 episodes, total num timesteps 1111968/3000000, FPS 105.


 Scenario BOSCH Algo rmappo Exp benchmark_23_8_4 updates 3865/10416 episodes, total num timesteps 1113408/3000000, FPS 105.


 Scenario BOSCH Algo rmappo Exp benchmark_23_8_4 updates 3870/10416 episodes, total num timesteps 1114848/3000000, FPS 105.


 Scenario BOSCH Algo rmappo Exp benchmark_23_8_4 updates 3875/10416 episodes, total num timesteps 1116288/3000000, FPS 105.


 Scenario BOSCH Algo rmappo Exp benchmark_23_8_4 updates 3880/10416 episodes, total num timesteps 1117728/3000000, FPS 105.


 Scenario BOSCH Algo rmappo Exp benchmark_23_8_4 updates 3885/10416 episodes, total num timesteps 1119168/3000000, FPS 105.


 Scenario BOSCH Algo rmappo Exp benchmark_23_8_4 updates 3890/10416 episodes, total num timesteps 1120608/3000000, FPS 105.


 Scenario BOSCH Algo rmappo Exp benchmark_23_8_4 updates 3895/10416 episodes, total num timesteps 1122048/3000000, FPS 105.


 Scenario BOSCH Algo rmappo Exp benchmark_23_8_4 updates 3900/10416 episodes, total num timesteps 1123488/3000000, FPS 105.


[EVAL] BOSCH MARL Inference Solving Time for 36 periods: 0.6548 seconds
eval average episode rewards of agent0: -308.77045
eval average episode rewards of agent1: -306.80618
eval average episode rewards of agent2: -306.92282
eval average episode rewards of agent3: -306.8821
eval average episode rewards of agent4: -306.84775
eval average episode rewards of agent5: -306.82007
eval average episode rewards of agent6: -306.91083
eval average episode rewards of agent7: -306.7184
eval average episode rewards of agent8: -306.9043
eval average episode costs: Backlog: 81524.30, Inventory: 0.00, Maintenance: 22.60, Production: 2853.74, Setup: 1317.28, TOTAL: 85717.93

 Scenario BOSCH Algo rmappo Exp benchmark_23_8_4 updates 3905/10416 episodes, total num timesteps 1124928/3000000, FPS 105.


 Scenario BOSCH Algo rmappo Exp benchmark_23_8_4 updates 3910/10416 episodes, total num timesteps 1126368/3000000, FPS 105.


 Scenario BOSCH Algo rmappo Exp benchmark_23_8_4 updates 3915/10416 episodes, total num timesteps 1127808/3000000, FPS 105.


 Scenario BOSCH Algo rmappo Exp benchmark_23_8_4 updates 3920/10416 episodes, total num timesteps 1129248/3000000, FPS 105.


 Scenario BOSCH Algo rmappo Exp benchmark_23_8_4 updates 3925/10416 episodes, total num timesteps 1130688/3000000, FPS 105.


 Scenario BOSCH Algo rmappo Exp benchmark_23_8_4 updates 3930/10416 episodes, total num timesteps 1132128/3000000, FPS 105.


 Scenario BOSCH Algo rmappo Exp benchmark_23_8_4 updates 3935/10416 episodes, total num timesteps 1133568/3000000, FPS 105.


 Scenario BOSCH Algo rmappo Exp benchmark_23_8_4 updates 3940/10416 episodes, total num timesteps 1135008/3000000, FPS 105.


 Scenario BOSCH Algo rmappo Exp benchmark_23_8_4 updates 3945/10416 episodes, total num timesteps 1136448/3000000, FPS 105.


 Scenario BOSCH Algo rmappo Exp benchmark_23_8_4 updates 3950/10416 episodes, total num timesteps 1137888/3000000, FPS 105.


[EVAL] BOSCH MARL Inference Solving Time for 36 periods: 0.6544 seconds
eval average episode rewards of agent0: -317.38983
eval average episode rewards of agent1: -315.57477
eval average episode rewards of agent2: -315.68347
eval average episode rewards of agent3: -315.64056
eval average episode rewards of agent4: -315.60773
eval average episode rewards of agent5: -315.659
eval average episode rewards of agent6: -315.63132
eval average episode rewards of agent7: -315.5097
eval average episode rewards of agent8: -315.67865
eval average episode costs: Backlog: 83799.52, Inventory: 0.00, Maintenance: 23.05, Production: 2810.34, Setup: 1414.50, TOTAL: 88047.39

 Scenario BOSCH Algo rmappo Exp benchmark_23_8_4 updates 3955/10416 episodes, total num timesteps 1139328/3000000, FPS 105.


 Scenario BOSCH Algo rmappo Exp benchmark_23_8_4 updates 3960/10416 episodes, total num timesteps 1140768/3000000, FPS 105.


 Scenario BOSCH Algo rmappo Exp benchmark_23_8_4 updates 3965/10416 episodes, total num timesteps 1142208/3000000, FPS 105.


 Scenario BOSCH Algo rmappo Exp benchmark_23_8_4 updates 3970/10416 episodes, total num timesteps 1143648/3000000, FPS 105.


 Scenario BOSCH Algo rmappo Exp benchmark_23_8_4 updates 3975/10416 episodes, total num timesteps 1145088/3000000, FPS 105.


 Scenario BOSCH Algo rmappo Exp benchmark_23_8_4 updates 3980/10416 episodes, total num timesteps 1146528/3000000, FPS 105.


 Scenario BOSCH Algo rmappo Exp benchmark_23_8_4 updates 3985/10416 episodes, total num timesteps 1147968/3000000, FPS 105.


 Scenario BOSCH Algo rmappo Exp benchmark_23_8_4 updates 3990/10416 episodes, total num timesteps 1149408/3000000, FPS 105.


 Scenario BOSCH Algo rmappo Exp benchmark_23_8_4 updates 3995/10416 episodes, total num timesteps 1150848/3000000, FPS 105.


 Scenario BOSCH Algo rmappo Exp benchmark_23_8_4 updates 4000/10416 episodes, total num timesteps 1152288/3000000, FPS 105.


[EVAL] BOSCH MARL Inference Solving Time for 36 periods: 0.6520 seconds
eval average episode rewards of agent0: -329.03802
eval average episode rewards of agent1: -327.73553
eval average episode rewards of agent2: -327.79175
eval average episode rewards of agent3: -327.75775
eval average episode rewards of agent4: -327.73563
eval average episode rewards of agent5: -327.7409
eval average episode rewards of agent6: -327.79596
eval average episode rewards of agent7: -327.71356
eval average episode rewards of agent8: -327.82333
eval average episode costs: Backlog: 87106.00, Inventory: 0.00, Maintenance: 18.33, Production: 2244.23, Setup: 1025.00, TOTAL: 90393.57

 Scenario BOSCH Algo rmappo Exp benchmark_23_8_4 updates 4005/10416 episodes, total num timesteps 1153728/3000000, FPS 105.


 Scenario BOSCH Algo rmappo Exp benchmark_23_8_4 updates 4010/10416 episodes, total num timesteps 1155168/3000000, FPS 105.


 Scenario BOSCH Algo rmappo Exp benchmark_23_8_4 updates 4015/10416 episodes, total num timesteps 1156608/3000000, FPS 105.


 Scenario BOSCH Algo rmappo Exp benchmark_23_8_4 updates 4020/10416 episodes, total num timesteps 1158048/3000000, FPS 105.


 Scenario BOSCH Algo rmappo Exp benchmark_23_8_4 updates 4025/10416 episodes, total num timesteps 1159488/3000000, FPS 105.


 Scenario BOSCH Algo rmappo Exp benchmark_23_8_4 updates 4030/10416 episodes, total num timesteps 1160928/3000000, FPS 105.


 Scenario BOSCH Algo rmappo Exp benchmark_23_8_4 updates 4035/10416 episodes, total num timesteps 1162368/3000000, FPS 105.


 Scenario BOSCH Algo rmappo Exp benchmark_23_8_4 updates 4040/10416 episodes, total num timesteps 1163808/3000000, FPS 105.


 Scenario BOSCH Algo rmappo Exp benchmark_23_8_4 updates 4045/10416 episodes, total num timesteps 1165248/3000000, FPS 105.


 Scenario BOSCH Algo rmappo Exp benchmark_23_8_4 updates 4050/10416 episodes, total num timesteps 1166688/3000000, FPS 105.


[EVAL] BOSCH MARL Inference Solving Time for 36 periods: 0.6446 seconds
eval average episode rewards of agent0: -325.3768
eval average episode rewards of agent1: -324.0358
eval average episode rewards of agent2: -324.07907
eval average episode rewards of agent3: -323.9877
eval average episode rewards of agent4: -324.01895
eval average episode rewards of agent5: -324.0573
eval average episode rewards of agent6: -324.0464
eval average episode rewards of agent7: -324.01562
eval average episode rewards of agent8: -324.07416
eval average episode costs: Backlog: 86118.23, Inventory: 0.00, Maintenance: 19.03, Production: 2366.23, Setup: 1054.62, TOTAL: 89558.12

 Scenario BOSCH Algo rmappo Exp benchmark_23_8_4 updates 4055/10416 episodes, total num timesteps 1168128/3000000, FPS 105.


 Scenario BOSCH Algo rmappo Exp benchmark_23_8_4 updates 4060/10416 episodes, total num timesteps 1169568/3000000, FPS 105.


 Scenario BOSCH Algo rmappo Exp benchmark_23_8_4 updates 4065/10416 episodes, total num timesteps 1171008/3000000, FPS 105.


 Scenario BOSCH Algo rmappo Exp benchmark_23_8_4 updates 4070/10416 episodes, total num timesteps 1172448/3000000, FPS 105.


 Scenario BOSCH Algo rmappo Exp benchmark_23_8_4 updates 4075/10416 episodes, total num timesteps 1173888/3000000, FPS 105.


 Scenario BOSCH Algo rmappo Exp benchmark_23_8_4 updates 4080/10416 episodes, total num timesteps 1175328/3000000, FPS 105.


 Scenario BOSCH Algo rmappo Exp benchmark_23_8_4 updates 4085/10416 episodes, total num timesteps 1176768/3000000, FPS 105.


 Scenario BOSCH Algo rmappo Exp benchmark_23_8_4 updates 4090/10416 episodes, total num timesteps 1178208/3000000, FPS 105.


 Scenario BOSCH Algo rmappo Exp benchmark_23_8_4 updates 4095/10416 episodes, total num timesteps 1179648/3000000, FPS 105.


 Scenario BOSCH Algo rmappo Exp benchmark_23_8_4 updates 4100/10416 episodes, total num timesteps 1181088/3000000, FPS 105.


[EVAL] BOSCH MARL Inference Solving Time for 36 periods: 0.7484 seconds
eval average episode rewards of agent0: -298.7899
eval average episode rewards of agent1: -296.6039
eval average episode rewards of agent2: -296.67953
eval average episode rewards of agent3: -296.5847
eval average episode rewards of agent4: -296.625
eval average episode rewards of agent5: -296.5879
eval average episode rewards of agent6: -296.66074
eval average episode rewards of agent7: -296.468
eval average episode rewards of agent8: -296.73285
eval average episode costs: Backlog: 78811.84, Inventory: 0.00, Maintenance: 27.67, Production: 3067.94, Setup: 1401.25, TOTAL: 83308.70

 Scenario BOSCH Algo rmappo Exp benchmark_23_8_4 updates 4105/10416 episodes, total num timesteps 1182528/3000000, FPS 105.


 Scenario BOSCH Algo rmappo Exp benchmark_23_8_4 updates 4110/10416 episodes, total num timesteps 1183968/3000000, FPS 105.


 Scenario BOSCH Algo rmappo Exp benchmark_23_8_4 updates 4115/10416 episodes, total num timesteps 1185408/3000000, FPS 105.


 Scenario BOSCH Algo rmappo Exp benchmark_23_8_4 updates 4120/10416 episodes, total num timesteps 1186848/3000000, FPS 105.


 Scenario BOSCH Algo rmappo Exp benchmark_23_8_4 updates 4125/10416 episodes, total num timesteps 1188288/3000000, FPS 105.


 Scenario BOSCH Algo rmappo Exp benchmark_23_8_4 updates 4130/10416 episodes, total num timesteps 1189728/3000000, FPS 105.


 Scenario BOSCH Algo rmappo Exp benchmark_23_8_4 updates 4135/10416 episodes, total num timesteps 1191168/3000000, FPS 105.


 Scenario BOSCH Algo rmappo Exp benchmark_23_8_4 updates 4140/10416 episodes, total num timesteps 1192608/3000000, FPS 105.


 Scenario BOSCH Algo rmappo Exp benchmark_23_8_4 updates 4145/10416 episodes, total num timesteps 1194048/3000000, FPS 105.


 Scenario BOSCH Algo rmappo Exp benchmark_23_8_4 updates 4150/10416 episodes, total num timesteps 1195488/3000000, FPS 105.


[EVAL] BOSCH MARL Inference Solving Time for 36 periods: 0.6572 seconds
eval average episode rewards of agent0: -299.32697
eval average episode rewards of agent1: -297.17017
eval average episode rewards of agent2: -297.24597
eval average episode rewards of agent3: -297.16772
eval average episode rewards of agent4: -297.1949
eval average episode rewards of agent5: -297.13437
eval average episode rewards of agent6: -297.1802
eval average episode rewards of agent7: -296.97034
eval average episode rewards of agent8: -297.2442
eval average episode costs: Backlog: 78970.71, Inventory: 0.00, Maintenance: 21.92, Production: 2799.12, Setup: 1383.60, TOTAL: 83175.36

 Scenario BOSCH Algo rmappo Exp benchmark_23_8_4 updates 4155/10416 episodes, total num timesteps 1196928/3000000, FPS 105.


 Scenario BOSCH Algo rmappo Exp benchmark_23_8_4 updates 4160/10416 episodes, total num timesteps 1198368/3000000, FPS 105.


 Scenario BOSCH Algo rmappo Exp benchmark_23_8_4 updates 4165/10416 episodes, total num timesteps 1199808/3000000, FPS 105.


 Scenario BOSCH Algo rmappo Exp benchmark_23_8_4 updates 4170/10416 episodes, total num timesteps 1201248/3000000, FPS 105.


 Scenario BOSCH Algo rmappo Exp benchmark_23_8_4 updates 4175/10416 episodes, total num timesteps 1202688/3000000, FPS 105.


 Scenario BOSCH Algo rmappo Exp benchmark_23_8_4 updates 4180/10416 episodes, total num timesteps 1204128/3000000, FPS 105.


 Scenario BOSCH Algo rmappo Exp benchmark_23_8_4 updates 4185/10416 episodes, total num timesteps 1205568/3000000, FPS 105.


 Scenario BOSCH Algo rmappo Exp benchmark_23_8_4 updates 4190/10416 episodes, total num timesteps 1207008/3000000, FPS 105.


 Scenario BOSCH Algo rmappo Exp benchmark_23_8_4 updates 4195/10416 episodes, total num timesteps 1208448/3000000, FPS 105.


 Scenario BOSCH Algo rmappo Exp benchmark_23_8_4 updates 4200/10416 episodes, total num timesteps 1209888/3000000, FPS 105.


[EVAL] BOSCH MARL Inference Solving Time for 36 periods: 0.6525 seconds
eval average episode rewards of agent0: -312.9007
eval average episode rewards of agent1: -311.4346
eval average episode rewards of agent2: -311.5114
eval average episode rewards of agent3: -311.37164
eval average episode rewards of agent4: -311.4594
eval average episode rewards of agent5: -311.38803
eval average episode rewards of agent6: -311.45026
eval average episode rewards of agent7: -311.22296
eval average episode rewards of agent8: -311.50104
eval average episode costs: Backlog: 82817.86, Inventory: 0.00, Maintenance: 19.36, Production: 2464.24, Setup: 1007.28, TOTAL: 86308.73

 Scenario BOSCH Algo rmappo Exp benchmark_23_8_4 updates 4205/10416 episodes, total num timesteps 1211328/3000000, FPS 105.


 Scenario BOSCH Algo rmappo Exp benchmark_23_8_4 updates 4210/10416 episodes, total num timesteps 1212768/3000000, FPS 105.


 Scenario BOSCH Algo rmappo Exp benchmark_23_8_4 updates 4215/10416 episodes, total num timesteps 1214208/3000000, FPS 105.


 Scenario BOSCH Algo rmappo Exp benchmark_23_8_4 updates 4220/10416 episodes, total num timesteps 1215648/3000000, FPS 105.


 Scenario BOSCH Algo rmappo Exp benchmark_23_8_4 updates 4225/10416 episodes, total num timesteps 1217088/3000000, FPS 105.


 Scenario BOSCH Algo rmappo Exp benchmark_23_8_4 updates 4230/10416 episodes, total num timesteps 1218528/3000000, FPS 105.


 Scenario BOSCH Algo rmappo Exp benchmark_23_8_4 updates 4235/10416 episodes, total num timesteps 1219968/3000000, FPS 105.


 Scenario BOSCH Algo rmappo Exp benchmark_23_8_4 updates 4240/10416 episodes, total num timesteps 1221408/3000000, FPS 105.


 Scenario BOSCH Algo rmappo Exp benchmark_23_8_4 updates 4245/10416 episodes, total num timesteps 1222848/3000000, FPS 105.


 Scenario BOSCH Algo rmappo Exp benchmark_23_8_4 updates 4250/10416 episodes, total num timesteps 1224288/3000000, FPS 105.


[EVAL] BOSCH MARL Inference Solving Time for 36 periods: 0.7485 seconds
eval average episode rewards of agent0: -331.8081
eval average episode rewards of agent1: -330.74225
eval average episode rewards of agent2: -330.7913
eval average episode rewards of agent3: -330.68268
eval average episode rewards of agent4: -330.6949
eval average episode rewards of agent5: -330.70544
eval average episode rewards of agent6: -330.77847
eval average episode rewards of agent7: -330.62198
eval average episode rewards of agent8: -330.76773
eval average episode costs: Backlog: 87928.48, Inventory: 0.00, Maintenance: 25.90, Production: 2167.86, Setup: 854.77, TOTAL: 90977.02

 Scenario BOSCH Algo rmappo Exp benchmark_23_8_4 updates 4255/10416 episodes, total num timesteps 1225728/3000000, FPS 105.


 Scenario BOSCH Algo rmappo Exp benchmark_23_8_4 updates 4260/10416 episodes, total num timesteps 1227168/3000000, FPS 105.


 Scenario BOSCH Algo rmappo Exp benchmark_23_8_4 updates 4265/10416 episodes, total num timesteps 1228608/3000000, FPS 105.


 Scenario BOSCH Algo rmappo Exp benchmark_23_8_4 updates 4270/10416 episodes, total num timesteps 1230048/3000000, FPS 105.


 Scenario BOSCH Algo rmappo Exp benchmark_23_8_4 updates 4275/10416 episodes, total num timesteps 1231488/3000000, FPS 105.


 Scenario BOSCH Algo rmappo Exp benchmark_23_8_4 updates 4280/10416 episodes, total num timesteps 1232928/3000000, FPS 105.


 Scenario BOSCH Algo rmappo Exp benchmark_23_8_4 updates 4285/10416 episodes, total num timesteps 1234368/3000000, FPS 105.


 Scenario BOSCH Algo rmappo Exp benchmark_23_8_4 updates 4290/10416 episodes, total num timesteps 1235808/3000000, FPS 105.


 Scenario BOSCH Algo rmappo Exp benchmark_23_8_4 updates 4295/10416 episodes, total num timesteps 1237248/3000000, FPS 105.


 Scenario BOSCH Algo rmappo Exp benchmark_23_8_4 updates 4300/10416 episodes, total num timesteps 1238688/3000000, FPS 105.


[EVAL] BOSCH MARL Inference Solving Time for 36 periods: 0.6531 seconds
eval average episode rewards of agent0: -339.2556
eval average episode rewards of agent1: -338.3375
eval average episode rewards of agent2: -338.35712
eval average episode rewards of agent3: -338.35068
eval average episode rewards of agent4: -338.36115
eval average episode rewards of agent5: -338.3304
eval average episode rewards of agent6: -338.33038
eval average episode rewards of agent7: -338.30194
eval average episode rewards of agent8: -338.39838
eval average episode costs: Backlog: 90018.67, Inventory: 0.00, Maintenance: 12.71, Production: 1520.30, Setup: 602.97, TOTAL: 92154.65

 Scenario BOSCH Algo rmappo Exp benchmark_23_8_4 updates 4305/10416 episodes, total num timesteps 1240128/3000000, FPS 105.


 Scenario BOSCH Algo rmappo Exp benchmark_23_8_4 updates 4310/10416 episodes, total num timesteps 1241568/3000000, FPS 105.


 Scenario BOSCH Algo rmappo Exp benchmark_23_8_4 updates 4315/10416 episodes, total num timesteps 1243008/3000000, FPS 105.


 Scenario BOSCH Algo rmappo Exp benchmark_23_8_4 updates 4320/10416 episodes, total num timesteps 1244448/3000000, FPS 105.


 Scenario BOSCH Algo rmappo Exp benchmark_23_8_4 updates 4325/10416 episodes, total num timesteps 1245888/3000000, FPS 105.


 Scenario BOSCH Algo rmappo Exp benchmark_23_8_4 updates 4330/10416 episodes, total num timesteps 1247328/3000000, FPS 105.


 Scenario BOSCH Algo rmappo Exp benchmark_23_8_4 updates 4335/10416 episodes, total num timesteps 1248768/3000000, FPS 105.


 Scenario BOSCH Algo rmappo Exp benchmark_23_8_4 updates 4340/10416 episodes, total num timesteps 1250208/3000000, FPS 105.


 Scenario BOSCH Algo rmappo Exp benchmark_23_8_4 updates 4345/10416 episodes, total num timesteps 1251648/3000000, FPS 105.


 Scenario BOSCH Algo rmappo Exp benchmark_23_8_4 updates 4350/10416 episodes, total num timesteps 1253088/3000000, FPS 105.


[EVAL] BOSCH MARL Inference Solving Time for 36 periods: 0.6540 seconds
eval average episode rewards of agent0: -332.7726
eval average episode rewards of agent1: -331.67706
eval average episode rewards of agent2: -331.6882
eval average episode rewards of agent3: -331.6617
eval average episode rewards of agent4: -331.63885
eval average episode rewards of agent5: -331.64435
eval average episode rewards of agent6: -331.6684
eval average episode rewards of agent7: -331.53656
eval average episode rewards of agent8: -331.72977
eval average episode costs: Backlog: 88215.77, Inventory: 0.00, Maintenance: 15.15, Production: 1870.53, Setup: 743.77, TOTAL: 90845.23

 Scenario BOSCH Algo rmappo Exp benchmark_23_8_4 updates 4355/10416 episodes, total num timesteps 1254528/3000000, FPS 105.


 Scenario BOSCH Algo rmappo Exp benchmark_23_8_4 updates 4360/10416 episodes, total num timesteps 1255968/3000000, FPS 105.


 Scenario BOSCH Algo rmappo Exp benchmark_23_8_4 updates 4365/10416 episodes, total num timesteps 1257408/3000000, FPS 105.


 Scenario BOSCH Algo rmappo Exp benchmark_23_8_4 updates 4370/10416 episodes, total num timesteps 1258848/3000000, FPS 105.


 Scenario BOSCH Algo rmappo Exp benchmark_23_8_4 updates 4375/10416 episodes, total num timesteps 1260288/3000000, FPS 105.


 Scenario BOSCH Algo rmappo Exp benchmark_23_8_4 updates 4380/10416 episodes, total num timesteps 1261728/3000000, FPS 105.


 Scenario BOSCH Algo rmappo Exp benchmark_23_8_4 updates 4385/10416 episodes, total num timesteps 1263168/3000000, FPS 105.


 Scenario BOSCH Algo rmappo Exp benchmark_23_8_4 updates 4390/10416 episodes, total num timesteps 1264608/3000000, FPS 105.


 Scenario BOSCH Algo rmappo Exp benchmark_23_8_4 updates 4395/10416 episodes, total num timesteps 1266048/3000000, FPS 105.


 Scenario BOSCH Algo rmappo Exp benchmark_23_8_4 updates 4400/10416 episodes, total num timesteps 1267488/3000000, FPS 105.


[EVAL] BOSCH MARL Inference Solving Time for 36 periods: 0.6564 seconds
eval average episode rewards of agent0: -321.45816
eval average episode rewards of agent1: -319.93542
eval average episode rewards of agent2: -319.96173
eval average episode rewards of agent3: -319.85175
eval average episode rewards of agent4: -319.86365
eval average episode rewards of agent5: -319.88107
eval average episode rewards of agent6: -319.94507
eval average episode rewards of agent7: -319.7858
eval average episode rewards of agent8: -319.91925
eval average episode costs: Backlog: 85033.72, Inventory: 0.00, Maintenance: 41.69, Production: 2199.29, Setup: 1041.81, TOTAL: 88316.50

 Scenario BOSCH Algo rmappo Exp benchmark_23_8_4 updates 4405/10416 episodes, total num timesteps 1268928/3000000, FPS 105.


 Scenario BOSCH Algo rmappo Exp benchmark_23_8_4 updates 4410/10416 episodes, total num timesteps 1270368/3000000, FPS 105.


 Scenario BOSCH Algo rmappo Exp benchmark_23_8_4 updates 4415/10416 episodes, total num timesteps 1271808/3000000, FPS 105.


 Scenario BOSCH Algo rmappo Exp benchmark_23_8_4 updates 4420/10416 episodes, total num timesteps 1273248/3000000, FPS 105.


 Scenario BOSCH Algo rmappo Exp benchmark_23_8_4 updates 4425/10416 episodes, total num timesteps 1274688/3000000, FPS 105.


 Scenario BOSCH Algo rmappo Exp benchmark_23_8_4 updates 4430/10416 episodes, total num timesteps 1276128/3000000, FPS 105.


 Scenario BOSCH Algo rmappo Exp benchmark_23_8_4 updates 4435/10416 episodes, total num timesteps 1277568/3000000, FPS 105.


 Scenario BOSCH Algo rmappo Exp benchmark_23_8_4 updates 4440/10416 episodes, total num timesteps 1279008/3000000, FPS 105.


 Scenario BOSCH Algo rmappo Exp benchmark_23_8_4 updates 4445/10416 episodes, total num timesteps 1280448/3000000, FPS 105.


 Scenario BOSCH Algo rmappo Exp benchmark_23_8_4 updates 4450/10416 episodes, total num timesteps 1281888/3000000, FPS 105.


[EVAL] BOSCH MARL Inference Solving Time for 36 periods: 0.6652 seconds
eval average episode rewards of agent0: -343.02957
eval average episode rewards of agent1: -342.07196
eval average episode rewards of agent2: -342.0894
eval average episode rewards of agent3: -341.99664
eval average episode rewards of agent4: -342.06604
eval average episode rewards of agent5: -342.04858
eval average episode rewards of agent6: -342.07538
eval average episode rewards of agent7: -341.99146
eval average episode rewards of agent8: -342.072
eval average episode costs: Backlog: 90958.20, Inventory: 0.00, Maintenance: 12.80, Production: 1630.07, Setup: 710.40, TOTAL: 93311.47

 Scenario BOSCH Algo rmappo Exp benchmark_23_8_4 updates 4455/10416 episodes, total num timesteps 1283328/3000000, FPS 105.


 Scenario BOSCH Algo rmappo Exp benchmark_23_8_4 updates 4460/10416 episodes, total num timesteps 1284768/3000000, FPS 105.


 Scenario BOSCH Algo rmappo Exp benchmark_23_8_4 updates 4465/10416 episodes, total num timesteps 1286208/3000000, FPS 105.


 Scenario BOSCH Algo rmappo Exp benchmark_23_8_4 updates 4470/10416 episodes, total num timesteps 1287648/3000000, FPS 105.


 Scenario BOSCH Algo rmappo Exp benchmark_23_8_4 updates 4475/10416 episodes, total num timesteps 1289088/3000000, FPS 105.


 Scenario BOSCH Algo rmappo Exp benchmark_23_8_4 updates 4480/10416 episodes, total num timesteps 1290528/3000000, FPS 105.


 Scenario BOSCH Algo rmappo Exp benchmark_23_8_4 updates 4485/10416 episodes, total num timesteps 1291968/3000000, FPS 105.


 Scenario BOSCH Algo rmappo Exp benchmark_23_8_4 updates 4490/10416 episodes, total num timesteps 1293408/3000000, FPS 105.


 Scenario BOSCH Algo rmappo Exp benchmark_23_8_4 updates 4495/10416 episodes, total num timesteps 1294848/3000000, FPS 105.


 Scenario BOSCH Algo rmappo Exp benchmark_23_8_4 updates 4500/10416 episodes, total num timesteps 1296288/3000000, FPS 105.


[EVAL] BOSCH MARL Inference Solving Time for 36 periods: 0.6545 seconds
eval average episode rewards of agent0: -324.5859
eval average episode rewards of agent1: -323.01138
eval average episode rewards of agent2: -323.05927
eval average episode rewards of agent3: -322.96124
eval average episode rewards of agent4: -323.02753
eval average episode rewards of agent5: -322.96826
eval average episode rewards of agent6: -323.0183
eval average episode rewards of agent7: -322.87167
eval average episode rewards of agent8: -323.07455
eval average episode costs: Backlog: 85832.70, Inventory: 0.00, Maintenance: 18.87, Production: 2362.43, Setup: 1107.51, TOTAL: 89321.52

 Scenario BOSCH Algo rmappo Exp benchmark_23_8_4 updates 4505/10416 episodes, total num timesteps 1297728/3000000, FPS 105.


 Scenario BOSCH Algo rmappo Exp benchmark_23_8_4 updates 4510/10416 episodes, total num timesteps 1299168/3000000, FPS 105.


 Scenario BOSCH Algo rmappo Exp benchmark_23_8_4 updates 4515/10416 episodes, total num timesteps 1300608/3000000, FPS 105.


 Scenario BOSCH Algo rmappo Exp benchmark_23_8_4 updates 4520/10416 episodes, total num timesteps 1302048/3000000, FPS 105.


 Scenario BOSCH Algo rmappo Exp benchmark_23_8_4 updates 4525/10416 episodes, total num timesteps 1303488/3000000, FPS 105.


 Scenario BOSCH Algo rmappo Exp benchmark_23_8_4 updates 4530/10416 episodes, total num timesteps 1304928/3000000, FPS 105.


 Scenario BOSCH Algo rmappo Exp benchmark_23_8_4 updates 4535/10416 episodes, total num timesteps 1306368/3000000, FPS 105.


 Scenario BOSCH Algo rmappo Exp benchmark_23_8_4 updates 4540/10416 episodes, total num timesteps 1307808/3000000, FPS 105.


 Scenario BOSCH Algo rmappo Exp benchmark_23_8_4 updates 4545/10416 episodes, total num timesteps 1309248/3000000, FPS 105.


 Scenario BOSCH Algo rmappo Exp benchmark_23_8_4 updates 4550/10416 episodes, total num timesteps 1310688/3000000, FPS 105.


[EVAL] BOSCH MARL Inference Solving Time for 36 periods: 0.8590 seconds
eval average episode rewards of agent0: -328.47955
eval average episode rewards of agent1: -327.03033
eval average episode rewards of agent2: -327.0285
eval average episode rewards of agent3: -326.96017
eval average episode rewards of agent4: -326.9906
eval average episode rewards of agent5: -326.94586
eval average episode rewards of agent6: -327.03983
eval average episode rewards of agent7: -326.85764
eval average episode rewards of agent8: -327.02664
eval average episode costs: Backlog: 86890.75, Inventory: 0.00, Maintenance: 16.89, Production: 2147.70, Setup: 1082.66, TOTAL: 90138.02

 Scenario BOSCH Algo rmappo Exp benchmark_23_8_4 updates 4555/10416 episodes, total num timesteps 1312128/3000000, FPS 105.


 Scenario BOSCH Algo rmappo Exp benchmark_23_8_4 updates 4560/10416 episodes, total num timesteps 1313568/3000000, FPS 105.


 Scenario BOSCH Algo rmappo Exp benchmark_23_8_4 updates 4565/10416 episodes, total num timesteps 1315008/3000000, FPS 105.


 Scenario BOSCH Algo rmappo Exp benchmark_23_8_4 updates 4570/10416 episodes, total num timesteps 1316448/3000000, FPS 105.


 Scenario BOSCH Algo rmappo Exp benchmark_23_8_4 updates 4575/10416 episodes, total num timesteps 1317888/3000000, FPS 105.


 Scenario BOSCH Algo rmappo Exp benchmark_23_8_4 updates 4580/10416 episodes, total num timesteps 1319328/3000000, FPS 105.


 Scenario BOSCH Algo rmappo Exp benchmark_23_8_4 updates 4585/10416 episodes, total num timesteps 1320768/3000000, FPS 105.


 Scenario BOSCH Algo rmappo Exp benchmark_23_8_4 updates 4590/10416 episodes, total num timesteps 1322208/3000000, FPS 105.


 Scenario BOSCH Algo rmappo Exp benchmark_23_8_4 updates 4595/10416 episodes, total num timesteps 1323648/3000000, FPS 105.


 Scenario BOSCH Algo rmappo Exp benchmark_23_8_4 updates 4600/10416 episodes, total num timesteps 1325088/3000000, FPS 105.


[EVAL] BOSCH MARL Inference Solving Time for 36 periods: 0.6552 seconds
eval average episode rewards of agent0: -336.64865
eval average episode rewards of agent1: -335.55957
eval average episode rewards of agent2: -335.6369
eval average episode rewards of agent3: -335.54752
eval average episode rewards of agent4: -335.57892
eval average episode rewards of agent5: -335.4909
eval average episode rewards of agent6: -335.60083
eval average episode rewards of agent7: -335.47394
eval average episode rewards of agent8: -335.572
eval average episode costs: Backlog: 89207.90, Inventory: 0.00, Maintenance: 15.61, Production: 1997.42, Setup: 844.45, TOTAL: 92065.38

 Scenario BOSCH Algo rmappo Exp benchmark_23_8_4 updates 4605/10416 episodes, total num timesteps 1326528/3000000, FPS 105.


 Scenario BOSCH Algo rmappo Exp benchmark_23_8_4 updates 4610/10416 episodes, total num timesteps 1327968/3000000, FPS 105.


 Scenario BOSCH Algo rmappo Exp benchmark_23_8_4 updates 4615/10416 episodes, total num timesteps 1329408/3000000, FPS 105.


 Scenario BOSCH Algo rmappo Exp benchmark_23_8_4 updates 4620/10416 episodes, total num timesteps 1330848/3000000, FPS 105.


 Scenario BOSCH Algo rmappo Exp benchmark_23_8_4 updates 4625/10416 episodes, total num timesteps 1332288/3000000, FPS 105.


 Scenario BOSCH Algo rmappo Exp benchmark_23_8_4 updates 4630/10416 episodes, total num timesteps 1333728/3000000, FPS 105.


 Scenario BOSCH Algo rmappo Exp benchmark_23_8_4 updates 4635/10416 episodes, total num timesteps 1335168/3000000, FPS 105.


 Scenario BOSCH Algo rmappo Exp benchmark_23_8_4 updates 4640/10416 episodes, total num timesteps 1336608/3000000, FPS 105.


 Scenario BOSCH Algo rmappo Exp benchmark_23_8_4 updates 4645/10416 episodes, total num timesteps 1338048/3000000, FPS 105.


 Scenario BOSCH Algo rmappo Exp benchmark_23_8_4 updates 4650/10416 episodes, total num timesteps 1339488/3000000, FPS 105.


[EVAL] BOSCH MARL Inference Solving Time for 36 periods: 0.6604 seconds
eval average episode rewards of agent0: -348.77353
eval average episode rewards of agent1: -347.87076
eval average episode rewards of agent2: -347.8744
eval average episode rewards of agent3: -347.8327
eval average episode rewards of agent4: -347.8581
eval average episode rewards of agent5: -347.8324
eval average episode rewards of agent6: -347.8703
eval average episode rewards of agent7: -347.78687
eval average episode rewards of agent8: -347.87567
eval average episode costs: Backlog: 92490.73, Inventory: 0.00, Maintenance: 11.42, Production: 1440.06, Setup: 692.18, TOTAL: 94634.38

 Scenario BOSCH Algo rmappo Exp benchmark_23_8_4 updates 4655/10416 episodes, total num timesteps 1340928/3000000, FPS 105.


 Scenario BOSCH Algo rmappo Exp benchmark_23_8_4 updates 4660/10416 episodes, total num timesteps 1342368/3000000, FPS 105.


 Scenario BOSCH Algo rmappo Exp benchmark_23_8_4 updates 4665/10416 episodes, total num timesteps 1343808/3000000, FPS 105.


 Scenario BOSCH Algo rmappo Exp benchmark_23_8_4 updates 4670/10416 episodes, total num timesteps 1345248/3000000, FPS 105.


 Scenario BOSCH Algo rmappo Exp benchmark_23_8_4 updates 4675/10416 episodes, total num timesteps 1346688/3000000, FPS 105.


 Scenario BOSCH Algo rmappo Exp benchmark_23_8_4 updates 4680/10416 episodes, total num timesteps 1348128/3000000, FPS 105.


 Scenario BOSCH Algo rmappo Exp benchmark_23_8_4 updates 4685/10416 episodes, total num timesteps 1349568/3000000, FPS 105.


 Scenario BOSCH Algo rmappo Exp benchmark_23_8_4 updates 4690/10416 episodes, total num timesteps 1351008/3000000, FPS 105.


 Scenario BOSCH Algo rmappo Exp benchmark_23_8_4 updates 4695/10416 episodes, total num timesteps 1352448/3000000, FPS 105.


 Scenario BOSCH Algo rmappo Exp benchmark_23_8_4 updates 4700/10416 episodes, total num timesteps 1353888/3000000, FPS 105.


[EVAL] BOSCH MARL Inference Solving Time for 36 periods: 0.7717 seconds
eval average episode rewards of agent0: -316.25723
eval average episode rewards of agent1: -314.3325
eval average episode rewards of agent2: -314.39642
eval average episode rewards of agent3: -314.24265
eval average episode rewards of agent4: -314.35724
eval average episode rewards of agent5: -314.26913
eval average episode rewards of agent6: -314.3311
eval average episode rewards of agent7: -314.14523
eval average episode rewards of agent8: -314.40738
eval average episode costs: Backlog: 83485.28, Inventory: 0.00, Maintenance: 21.47, Production: 2693.19, Setup: 1328.65, TOTAL: 87528.59

 Scenario BOSCH Algo rmappo Exp benchmark_23_8_4 updates 4705/10416 episodes, total num timesteps 1355328/3000000, FPS 105.


 Scenario BOSCH Algo rmappo Exp benchmark_23_8_4 updates 4710/10416 episodes, total num timesteps 1356768/3000000, FPS 105.


 Scenario BOSCH Algo rmappo Exp benchmark_23_8_4 updates 4715/10416 episodes, total num timesteps 1358208/3000000, FPS 105.


 Scenario BOSCH Algo rmappo Exp benchmark_23_8_4 updates 4720/10416 episodes, total num timesteps 1359648/3000000, FPS 105.


 Scenario BOSCH Algo rmappo Exp benchmark_23_8_4 updates 4725/10416 episodes, total num timesteps 1361088/3000000, FPS 105.


 Scenario BOSCH Algo rmappo Exp benchmark_23_8_4 updates 4730/10416 episodes, total num timesteps 1362528/3000000, FPS 105.


 Scenario BOSCH Algo rmappo Exp benchmark_23_8_4 updates 4735/10416 episodes, total num timesteps 1363968/3000000, FPS 105.


 Scenario BOSCH Algo rmappo Exp benchmark_23_8_4 updates 4740/10416 episodes, total num timesteps 1365408/3000000, FPS 105.


 Scenario BOSCH Algo rmappo Exp benchmark_23_8_4 updates 4745/10416 episodes, total num timesteps 1366848/3000000, FPS 105.


 Scenario BOSCH Algo rmappo Exp benchmark_23_8_4 updates 4750/10416 episodes, total num timesteps 1368288/3000000, FPS 105.


[EVAL] BOSCH MARL Inference Solving Time for 36 periods: 0.6804 seconds
eval average episode rewards of agent0: -325.66544
eval average episode rewards of agent1: -323.98456
eval average episode rewards of agent2: -324.08966
eval average episode rewards of agent3: -323.98297
eval average episode rewards of agent4: -324.0369
eval average episode rewards of agent5: -323.97467
eval average episode rewards of agent6: -324.06445
eval average episode rewards of agent7: -323.87326
eval average episode rewards of agent8: -324.09146
eval average episode costs: Backlog: 86065.07, Inventory: 0.00, Maintenance: 19.57, Production: 2461.20, Setup: 1220.72, TOTAL: 89766.55

 Scenario BOSCH Algo rmappo Exp benchmark_23_8_4 updates 4755/10416 episodes, total num timesteps 1369728/3000000, FPS 105.


 Scenario BOSCH Algo rmappo Exp benchmark_23_8_4 updates 4760/10416 episodes, total num timesteps 1371168/3000000, FPS 105.


 Scenario BOSCH Algo rmappo Exp benchmark_23_8_4 updates 4765/10416 episodes, total num timesteps 1372608/3000000, FPS 105.


 Scenario BOSCH Algo rmappo Exp benchmark_23_8_4 updates 4770/10416 episodes, total num timesteps 1374048/3000000, FPS 105.


 Scenario BOSCH Algo rmappo Exp benchmark_23_8_4 updates 4775/10416 episodes, total num timesteps 1375488/3000000, FPS 105.


 Scenario BOSCH Algo rmappo Exp benchmark_23_8_4 updates 4780/10416 episodes, total num timesteps 1376928/3000000, FPS 105.


 Scenario BOSCH Algo rmappo Exp benchmark_23_8_4 updates 4785/10416 episodes, total num timesteps 1378368/3000000, FPS 105.


 Scenario BOSCH Algo rmappo Exp benchmark_23_8_4 updates 4790/10416 episodes, total num timesteps 1379808/3000000, FPS 105.


 Scenario BOSCH Algo rmappo Exp benchmark_23_8_4 updates 4795/10416 episodes, total num timesteps 1381248/3000000, FPS 105.


 Scenario BOSCH Algo rmappo Exp benchmark_23_8_4 updates 4800/10416 episodes, total num timesteps 1382688/3000000, FPS 105.


[EVAL] BOSCH MARL Inference Solving Time for 36 periods: 0.6572 seconds
eval average episode rewards of agent0: -344.25592
eval average episode rewards of agent1: -343.12033
eval average episode rewards of agent2: -343.1229
eval average episode rewards of agent3: -343.08505
eval average episode rewards of agent4: -343.11047
eval average episode rewards of agent5: -343.04602
eval average episode rewards of agent6: -343.10498
eval average episode rewards of agent7: -343.0149
eval average episode rewards of agent8: -343.13162
eval average episode costs: Backlog: 91173.47, Inventory: 0.00, Maintenance: 13.78, Production: 1726.68, Setup: 919.75, TOTAL: 93833.68

 Scenario BOSCH Algo rmappo Exp benchmark_23_8_4 updates 4805/10416 episodes, total num timesteps 1384128/3000000, FPS 105.


 Scenario BOSCH Algo rmappo Exp benchmark_23_8_4 updates 4810/10416 episodes, total num timesteps 1385568/3000000, FPS 105.


 Scenario BOSCH Algo rmappo Exp benchmark_23_8_4 updates 4815/10416 episodes, total num timesteps 1387008/3000000, FPS 105.


 Scenario BOSCH Algo rmappo Exp benchmark_23_8_4 updates 4820/10416 episodes, total num timesteps 1388448/3000000, FPS 105.


 Scenario BOSCH Algo rmappo Exp benchmark_23_8_4 updates 4825/10416 episodes, total num timesteps 1389888/3000000, FPS 105.


 Scenario BOSCH Algo rmappo Exp benchmark_23_8_4 updates 4830/10416 episodes, total num timesteps 1391328/3000000, FPS 105.


 Scenario BOSCH Algo rmappo Exp benchmark_23_8_4 updates 4835/10416 episodes, total num timesteps 1392768/3000000, FPS 105.


 Scenario BOSCH Algo rmappo Exp benchmark_23_8_4 updates 4840/10416 episodes, total num timesteps 1394208/3000000, FPS 105.


 Scenario BOSCH Algo rmappo Exp benchmark_23_8_4 updates 4845/10416 episodes, total num timesteps 1395648/3000000, FPS 105.


 Scenario BOSCH Algo rmappo Exp benchmark_23_8_4 updates 4850/10416 episodes, total num timesteps 1397088/3000000, FPS 105.


[EVAL] BOSCH MARL Inference Solving Time for 36 periods: 0.6618 seconds
eval average episode rewards of agent0: -319.9722
eval average episode rewards of agent1: -318.63312
eval average episode rewards of agent2: -318.72565
eval average episode rewards of agent3: -318.53845
eval average episode rewards of agent4: -318.67813
eval average episode rewards of agent5: -318.59628
eval average episode rewards of agent6: -318.67194
eval average episode rewards of agent7: -318.4615
eval average episode rewards of agent8: -318.6937
eval average episode costs: Backlog: 84679.95, Inventory: 0.00, Maintenance: 21.82, Production: 2716.39, Setup: 1076.97, TOTAL: 88495.12

 Scenario BOSCH Algo rmappo Exp benchmark_23_8_4 updates 4855/10416 episodes, total num timesteps 1398528/3000000, FPS 105.


 Scenario BOSCH Algo rmappo Exp benchmark_23_8_4 updates 4860/10416 episodes, total num timesteps 1399968/3000000, FPS 105.


 Scenario BOSCH Algo rmappo Exp benchmark_23_8_4 updates 4865/10416 episodes, total num timesteps 1401408/3000000, FPS 105.


 Scenario BOSCH Algo rmappo Exp benchmark_23_8_4 updates 4870/10416 episodes, total num timesteps 1402848/3000000, FPS 105.


 Scenario BOSCH Algo rmappo Exp benchmark_23_8_4 updates 4875/10416 episodes, total num timesteps 1404288/3000000, FPS 105.


 Scenario BOSCH Algo rmappo Exp benchmark_23_8_4 updates 4880/10416 episodes, total num timesteps 1405728/3000000, FPS 105.


 Scenario BOSCH Algo rmappo Exp benchmark_23_8_4 updates 4885/10416 episodes, total num timesteps 1407168/3000000, FPS 105.


 Scenario BOSCH Algo rmappo Exp benchmark_23_8_4 updates 4890/10416 episodes, total num timesteps 1408608/3000000, FPS 105.


 Scenario BOSCH Algo rmappo Exp benchmark_23_8_4 updates 4895/10416 episodes, total num timesteps 1410048/3000000, FPS 105.


 Scenario BOSCH Algo rmappo Exp benchmark_23_8_4 updates 4900/10416 episodes, total num timesteps 1411488/3000000, FPS 105.


[EVAL] BOSCH MARL Inference Solving Time for 36 periods: 0.6543 seconds
eval average episode rewards of agent0: -314.35553
eval average episode rewards of agent1: -312.60126
eval average episode rewards of agent2: -312.64764
eval average episode rewards of agent3: -312.5983
eval average episode rewards of agent4: -312.51337
eval average episode rewards of agent5: -312.52774
eval average episode rewards of agent6: -312.57953
eval average episode rewards of agent7: -312.4505
eval average episode rewards of agent8: -312.65387
eval average episode costs: Backlog: 83025.92, Inventory: 0.00, Maintenance: 34.56, Production: 2798.53, Setup: 1308.68, TOTAL: 87167.69

 Scenario BOSCH Algo rmappo Exp benchmark_23_8_4 updates 4905/10416 episodes, total num timesteps 1412928/3000000, FPS 105.


 Scenario BOSCH Algo rmappo Exp benchmark_23_8_4 updates 4910/10416 episodes, total num timesteps 1414368/3000000, FPS 105.


 Scenario BOSCH Algo rmappo Exp benchmark_23_8_4 updates 4915/10416 episodes, total num timesteps 1415808/3000000, FPS 105.


 Scenario BOSCH Algo rmappo Exp benchmark_23_8_4 updates 4920/10416 episodes, total num timesteps 1417248/3000000, FPS 105.


 Scenario BOSCH Algo rmappo Exp benchmark_23_8_4 updates 4925/10416 episodes, total num timesteps 1418688/3000000, FPS 105.


 Scenario BOSCH Algo rmappo Exp benchmark_23_8_4 updates 4930/10416 episodes, total num timesteps 1420128/3000000, FPS 105.


 Scenario BOSCH Algo rmappo Exp benchmark_23_8_4 updates 4935/10416 episodes, total num timesteps 1421568/3000000, FPS 105.


 Scenario BOSCH Algo rmappo Exp benchmark_23_8_4 updates 4940/10416 episodes, total num timesteps 1423008/3000000, FPS 105.


 Scenario BOSCH Algo rmappo Exp benchmark_23_8_4 updates 4945/10416 episodes, total num timesteps 1424448/3000000, FPS 105.


 Scenario BOSCH Algo rmappo Exp benchmark_23_8_4 updates 4950/10416 episodes, total num timesteps 1425888/3000000, FPS 105.


[EVAL] BOSCH MARL Inference Solving Time for 36 periods: 0.6486 seconds
eval average episode rewards of agent0: -323.19797
eval average episode rewards of agent1: -322.07172
eval average episode rewards of agent2: -322.08533
eval average episode rewards of agent3: -321.9357
eval average episode rewards of agent4: -322.0385
eval average episode rewards of agent5: -321.95288
eval average episode rewards of agent6: -322.03827
eval average episode rewards of agent7: -321.84445
eval average episode rewards of agent8: -322.01816
eval average episode costs: Backlog: 85586.55, Inventory: 0.00, Maintenance: 118.30, Production: 2387.98, Setup: 918.14, TOTAL: 89010.98

 Scenario BOSCH Algo rmappo Exp benchmark_23_8_4 updates 4955/10416 episodes, total num timesteps 1427328/3000000, FPS 105.


 Scenario BOSCH Algo rmappo Exp benchmark_23_8_4 updates 4960/10416 episodes, total num timesteps 1428768/3000000, FPS 105.


 Scenario BOSCH Algo rmappo Exp benchmark_23_8_4 updates 4965/10416 episodes, total num timesteps 1430208/3000000, FPS 105.


 Scenario BOSCH Algo rmappo Exp benchmark_23_8_4 updates 4970/10416 episodes, total num timesteps 1431648/3000000, FPS 105.


 Scenario BOSCH Algo rmappo Exp benchmark_23_8_4 updates 4975/10416 episodes, total num timesteps 1433088/3000000, FPS 105.


 Scenario BOSCH Algo rmappo Exp benchmark_23_8_4 updates 4980/10416 episodes, total num timesteps 1434528/3000000, FPS 105.


 Scenario BOSCH Algo rmappo Exp benchmark_23_8_4 updates 4985/10416 episodes, total num timesteps 1435968/3000000, FPS 105.


 Scenario BOSCH Algo rmappo Exp benchmark_23_8_4 updates 4990/10416 episodes, total num timesteps 1437408/3000000, FPS 105.


 Scenario BOSCH Algo rmappo Exp benchmark_23_8_4 updates 4995/10416 episodes, total num timesteps 1438848/3000000, FPS 105.


 Scenario BOSCH Algo rmappo Exp benchmark_23_8_4 updates 5000/10416 episodes, total num timesteps 1440288/3000000, FPS 105.


[EVAL] BOSCH MARL Inference Solving Time for 36 periods: 0.7504 seconds
eval average episode rewards of agent0: -316.7974
eval average episode rewards of agent1: -315.5413
eval average episode rewards of agent2: -315.6949
eval average episode rewards of agent3: -315.53525
eval average episode rewards of agent4: -315.60733
eval average episode rewards of agent5: -315.5616
eval average episode rewards of agent6: -315.61322
eval average episode rewards of agent7: -315.47745
eval average episode rewards of agent8: -315.60992
eval average episode costs: Backlog: 83950.30, Inventory: 0.00, Maintenance: 20.08, Production: 2539.13, Setup: 841.53, TOTAL: 87351.05

 Scenario BOSCH Algo rmappo Exp benchmark_23_8_4 updates 5005/10416 episodes, total num timesteps 1441728/3000000, FPS 105.


 Scenario BOSCH Algo rmappo Exp benchmark_23_8_4 updates 5010/10416 episodes, total num timesteps 1443168/3000000, FPS 105.


 Scenario BOSCH Algo rmappo Exp benchmark_23_8_4 updates 5015/10416 episodes, total num timesteps 1444608/3000000, FPS 105.


 Scenario BOSCH Algo rmappo Exp benchmark_23_8_4 updates 5020/10416 episodes, total num timesteps 1446048/3000000, FPS 105.


 Scenario BOSCH Algo rmappo Exp benchmark_23_8_4 updates 5025/10416 episodes, total num timesteps 1447488/3000000, FPS 105.


 Scenario BOSCH Algo rmappo Exp benchmark_23_8_4 updates 5030/10416 episodes, total num timesteps 1448928/3000000, FPS 105.


 Scenario BOSCH Algo rmappo Exp benchmark_23_8_4 updates 5035/10416 episodes, total num timesteps 1450368/3000000, FPS 105.


 Scenario BOSCH Algo rmappo Exp benchmark_23_8_4 updates 5040/10416 episodes, total num timesteps 1451808/3000000, FPS 105.


 Scenario BOSCH Algo rmappo Exp benchmark_23_8_4 updates 5045/10416 episodes, total num timesteps 1453248/3000000, FPS 105.


 Scenario BOSCH Algo rmappo Exp benchmark_23_8_4 updates 5050/10416 episodes, total num timesteps 1454688/3000000, FPS 105.


[EVAL] BOSCH MARL Inference Solving Time for 36 periods: 0.6552 seconds
eval average episode rewards of agent0: -339.49292
eval average episode rewards of agent1: -338.5946
eval average episode rewards of agent2: -338.65158
eval average episode rewards of agent3: -338.52478
eval average episode rewards of agent4: -338.62933
eval average episode rewards of agent5: -338.5656
eval average episode rewards of agent6: -338.6036
eval average episode rewards of agent7: -338.51602
eval average episode rewards of agent8: -338.57996
eval average episode costs: Backlog: 90036.97, Inventory: 0.00, Maintenance: 15.38, Production: 1973.45, Setup: 714.73, TOTAL: 92740.54

 Scenario BOSCH Algo rmappo Exp benchmark_23_8_4 updates 5055/10416 episodes, total num timesteps 1456128/3000000, FPS 105.


 Scenario BOSCH Algo rmappo Exp benchmark_23_8_4 updates 5060/10416 episodes, total num timesteps 1457568/3000000, FPS 105.


 Scenario BOSCH Algo rmappo Exp benchmark_23_8_4 updates 5065/10416 episodes, total num timesteps 1459008/3000000, FPS 105.


 Scenario BOSCH Algo rmappo Exp benchmark_23_8_4 updates 5070/10416 episodes, total num timesteps 1460448/3000000, FPS 105.


 Scenario BOSCH Algo rmappo Exp benchmark_23_8_4 updates 5075/10416 episodes, total num timesteps 1461888/3000000, FPS 105.


 Scenario BOSCH Algo rmappo Exp benchmark_23_8_4 updates 5080/10416 episodes, total num timesteps 1463328/3000000, FPS 105.


 Scenario BOSCH Algo rmappo Exp benchmark_23_8_4 updates 5085/10416 episodes, total num timesteps 1464768/3000000, FPS 105.


 Scenario BOSCH Algo rmappo Exp benchmark_23_8_4 updates 5090/10416 episodes, total num timesteps 1466208/3000000, FPS 105.


 Scenario BOSCH Algo rmappo Exp benchmark_23_8_4 updates 5095/10416 episodes, total num timesteps 1467648/3000000, FPS 105.


 Scenario BOSCH Algo rmappo Exp benchmark_23_8_4 updates 5100/10416 episodes, total num timesteps 1469088/3000000, FPS 105.


[EVAL] BOSCH MARL Inference Solving Time for 36 periods: 0.6583 seconds
eval average episode rewards of agent0: -332.1255
eval average episode rewards of agent1: -331.04352
eval average episode rewards of agent2: -331.18445
eval average episode rewards of agent3: -331.1607
eval average episode rewards of agent4: -331.17297
eval average episode rewards of agent5: -331.033
eval average episode rewards of agent6: -331.15988
eval average episode rewards of agent7: -330.91513
eval average episode rewards of agent8: -331.14502
eval average episode costs: Backlog: 88048.23, Inventory: 0.00, Maintenance: 16.28, Production: 2118.62, Setup: 796.09, TOTAL: 90979.22

 Scenario BOSCH Algo rmappo Exp benchmark_23_8_4 updates 5105/10416 episodes, total num timesteps 1470528/3000000, FPS 105.


 Scenario BOSCH Algo rmappo Exp benchmark_23_8_4 updates 5110/10416 episodes, total num timesteps 1471968/3000000, FPS 106.


 Scenario BOSCH Algo rmappo Exp benchmark_23_8_4 updates 5115/10416 episodes, total num timesteps 1473408/3000000, FPS 106.


 Scenario BOSCH Algo rmappo Exp benchmark_23_8_4 updates 5120/10416 episodes, total num timesteps 1474848/3000000, FPS 106.


 Scenario BOSCH Algo rmappo Exp benchmark_23_8_4 updates 5125/10416 episodes, total num timesteps 1476288/3000000, FPS 106.


 Scenario BOSCH Algo rmappo Exp benchmark_23_8_4 updates 5130/10416 episodes, total num timesteps 1477728/3000000, FPS 106.


 Scenario BOSCH Algo rmappo Exp benchmark_23_8_4 updates 5135/10416 episodes, total num timesteps 1479168/3000000, FPS 106.


 Scenario BOSCH Algo rmappo Exp benchmark_23_8_4 updates 5140/10416 episodes, total num timesteps 1480608/3000000, FPS 106.


 Scenario BOSCH Algo rmappo Exp benchmark_23_8_4 updates 5145/10416 episodes, total num timesteps 1482048/3000000, FPS 106.


 Scenario BOSCH Algo rmappo Exp benchmark_23_8_4 updates 5150/10416 episodes, total num timesteps 1483488/3000000, FPS 106.


[EVAL] BOSCH MARL Inference Solving Time for 36 periods: 0.7573 seconds
eval average episode rewards of agent0: -332.17047
eval average episode rewards of agent1: -331.341
eval average episode rewards of agent2: -331.40765
eval average episode rewards of agent3: -331.24832
eval average episode rewards of agent4: -331.3653
eval average episode rewards of agent5: -331.2774
eval average episode rewards of agent6: -331.2794
eval average episode rewards of agent7: -331.20245
eval average episode rewards of agent8: -331.3708
eval average episode costs: Backlog: 88137.74, Inventory: 0.00, Maintenance: 26.98, Production: 2174.15, Setup: 645.67, TOTAL: 90984.55

 Scenario BOSCH Algo rmappo Exp benchmark_23_8_4 updates 5155/10416 episodes, total num timesteps 1484928/3000000, FPS 106.


 Scenario BOSCH Algo rmappo Exp benchmark_23_8_4 updates 5160/10416 episodes, total num timesteps 1486368/3000000, FPS 106.


 Scenario BOSCH Algo rmappo Exp benchmark_23_8_4 updates 5165/10416 episodes, total num timesteps 1487808/3000000, FPS 106.


 Scenario BOSCH Algo rmappo Exp benchmark_23_8_4 updates 5170/10416 episodes, total num timesteps 1489248/3000000, FPS 106.


 Scenario BOSCH Algo rmappo Exp benchmark_23_8_4 updates 5175/10416 episodes, total num timesteps 1490688/3000000, FPS 106.


 Scenario BOSCH Algo rmappo Exp benchmark_23_8_4 updates 5180/10416 episodes, total num timesteps 1492128/3000000, FPS 106.


 Scenario BOSCH Algo rmappo Exp benchmark_23_8_4 updates 5185/10416 episodes, total num timesteps 1493568/3000000, FPS 106.


 Scenario BOSCH Algo rmappo Exp benchmark_23_8_4 updates 5190/10416 episodes, total num timesteps 1495008/3000000, FPS 106.


 Scenario BOSCH Algo rmappo Exp benchmark_23_8_4 updates 5195/10416 episodes, total num timesteps 1496448/3000000, FPS 106.


 Scenario BOSCH Algo rmappo Exp benchmark_23_8_4 updates 5200/10416 episodes, total num timesteps 1497888/3000000, FPS 106.


[EVAL] BOSCH MARL Inference Solving Time for 36 periods: 0.6531 seconds
eval average episode rewards of agent0: -325.1248
eval average episode rewards of agent1: -323.77417
eval average episode rewards of agent2: -323.87924
eval average episode rewards of agent3: -323.7451
eval average episode rewards of agent4: -323.835
eval average episode rewards of agent5: -323.74664
eval average episode rewards of agent6: -323.82974
eval average episode rewards of agent7: -323.53494
eval average episode rewards of agent8: -323.8351
eval average episode costs: Backlog: 86037.09, Inventory: 0.00, Maintenance: 45.65, Production: 2456.57, Setup: 1057.35, TOTAL: 89596.64

 Scenario BOSCH Algo rmappo Exp benchmark_23_8_4 updates 5205/10416 episodes, total num timesteps 1499328/3000000, FPS 106.


 Scenario BOSCH Algo rmappo Exp benchmark_23_8_4 updates 5210/10416 episodes, total num timesteps 1500768/3000000, FPS 106.


 Scenario BOSCH Algo rmappo Exp benchmark_23_8_4 updates 5215/10416 episodes, total num timesteps 1502208/3000000, FPS 106.


 Scenario BOSCH Algo rmappo Exp benchmark_23_8_4 updates 5220/10416 episodes, total num timesteps 1503648/3000000, FPS 106.


 Scenario BOSCH Algo rmappo Exp benchmark_23_8_4 updates 5225/10416 episodes, total num timesteps 1505088/3000000, FPS 106.


 Scenario BOSCH Algo rmappo Exp benchmark_23_8_4 updates 5230/10416 episodes, total num timesteps 1506528/3000000, FPS 106.


 Scenario BOSCH Algo rmappo Exp benchmark_23_8_4 updates 5235/10416 episodes, total num timesteps 1507968/3000000, FPS 106.


 Scenario BOSCH Algo rmappo Exp benchmark_23_8_4 updates 5240/10416 episodes, total num timesteps 1509408/3000000, FPS 106.


 Scenario BOSCH Algo rmappo Exp benchmark_23_8_4 updates 5245/10416 episodes, total num timesteps 1510848/3000000, FPS 106.


 Scenario BOSCH Algo rmappo Exp benchmark_23_8_4 updates 5250/10416 episodes, total num timesteps 1512288/3000000, FPS 106.


[EVAL] BOSCH MARL Inference Solving Time for 36 periods: 0.8445 seconds
eval average episode rewards of agent0: -321.99258
eval average episode rewards of agent1: -320.85327
eval average episode rewards of agent2: -321.02054
eval average episode rewards of agent3: -320.87045
eval average episode rewards of agent4: -320.92993
eval average episode rewards of agent5: -320.8543
eval average episode rewards of agent6: -320.90067
eval average episode rewards of agent7: -320.64972
eval average episode rewards of agent8: -320.92828
eval average episode costs: Backlog: 85280.20, Inventory: 0.00, Maintenance: 126.87, Production: 2655.61, Setup: 936.29, TOTAL: 88998.96

 Scenario BOSCH Algo rmappo Exp benchmark_23_8_4 updates 5255/10416 episodes, total num timesteps 1513728/3000000, FPS 106.


 Scenario BOSCH Algo rmappo Exp benchmark_23_8_4 updates 5260/10416 episodes, total num timesteps 1515168/3000000, FPS 106.


 Scenario BOSCH Algo rmappo Exp benchmark_23_8_4 updates 5265/10416 episodes, total num timesteps 1516608/3000000, FPS 106.


 Scenario BOSCH Algo rmappo Exp benchmark_23_8_4 updates 5270/10416 episodes, total num timesteps 1518048/3000000, FPS 106.


 Scenario BOSCH Algo rmappo Exp benchmark_23_8_4 updates 5275/10416 episodes, total num timesteps 1519488/3000000, FPS 106.


 Scenario BOSCH Algo rmappo Exp benchmark_23_8_4 updates 5280/10416 episodes, total num timesteps 1520928/3000000, FPS 106.


 Scenario BOSCH Algo rmappo Exp benchmark_23_8_4 updates 5285/10416 episodes, total num timesteps 1522368/3000000, FPS 106.


 Scenario BOSCH Algo rmappo Exp benchmark_23_8_4 updates 5290/10416 episodes, total num timesteps 1523808/3000000, FPS 106.


 Scenario BOSCH Algo rmappo Exp benchmark_23_8_4 updates 5295/10416 episodes, total num timesteps 1525248/3000000, FPS 106.


 Scenario BOSCH Algo rmappo Exp benchmark_23_8_4 updates 5300/10416 episodes, total num timesteps 1526688/3000000, FPS 106.


[EVAL] BOSCH MARL Inference Solving Time for 36 periods: 0.6571 seconds
eval average episode rewards of agent0: -336.6914
eval average episode rewards of agent1: -335.88815
eval average episode rewards of agent2: -336.3358
eval average episode rewards of agent3: -335.8228
eval average episode rewards of agent4: -335.86197
eval average episode rewards of agent5: -335.85297
eval average episode rewards of agent6: -336.00046
eval average episode rewards of agent7: -335.91684
eval average episode rewards of agent8: -336.00146
eval average episode costs: Backlog: 89196.71, Inventory: 0.00, Maintenance: 647.90, Production: 1836.64, Setup: 587.24, TOTAL: 92268.50

 Scenario BOSCH Algo rmappo Exp benchmark_23_8_4 updates 5305/10416 episodes, total num timesteps 1528128/3000000, FPS 106.


 Scenario BOSCH Algo rmappo Exp benchmark_23_8_4 updates 5310/10416 episodes, total num timesteps 1529568/3000000, FPS 106.


 Scenario BOSCH Algo rmappo Exp benchmark_23_8_4 updates 5315/10416 episodes, total num timesteps 1531008/3000000, FPS 106.


 Scenario BOSCH Algo rmappo Exp benchmark_23_8_4 updates 5320/10416 episodes, total num timesteps 1532448/3000000, FPS 106.


 Scenario BOSCH Algo rmappo Exp benchmark_23_8_4 updates 5325/10416 episodes, total num timesteps 1533888/3000000, FPS 106.


 Scenario BOSCH Algo rmappo Exp benchmark_23_8_4 updates 5330/10416 episodes, total num timesteps 1535328/3000000, FPS 106.


 Scenario BOSCH Algo rmappo Exp benchmark_23_8_4 updates 5335/10416 episodes, total num timesteps 1536768/3000000, FPS 106.


 Scenario BOSCH Algo rmappo Exp benchmark_23_8_4 updates 5340/10416 episodes, total num timesteps 1538208/3000000, FPS 106.


 Scenario BOSCH Algo rmappo Exp benchmark_23_8_4 updates 5345/10416 episodes, total num timesteps 1539648/3000000, FPS 106.


 Scenario BOSCH Algo rmappo Exp benchmark_23_8_4 updates 5350/10416 episodes, total num timesteps 1541088/3000000, FPS 106.


[EVAL] BOSCH MARL Inference Solving Time for 36 periods: 0.6556 seconds
eval average episode rewards of agent0: -306.56317
eval average episode rewards of agent1: -304.86826
eval average episode rewards of agent2: -305.0622
eval average episode rewards of agent3: -304.96268
eval average episode rewards of agent4: -304.9991
eval average episode rewards of agent5: -304.91934
eval average episode rewards of agent6: -304.9654
eval average episode rewards of agent7: -304.7631
eval average episode rewards of agent8: -304.99686
eval average episode costs: Backlog: 81045.99, Inventory: 0.00, Maintenance: 50.33, Production: 3065.21, Setup: 1173.42, TOTAL: 85334.95

 Scenario BOSCH Algo rmappo Exp benchmark_23_8_4 updates 5355/10416 episodes, total num timesteps 1542528/3000000, FPS 106.


 Scenario BOSCH Algo rmappo Exp benchmark_23_8_4 updates 5360/10416 episodes, total num timesteps 1543968/3000000, FPS 106.


 Scenario BOSCH Algo rmappo Exp benchmark_23_8_4 updates 5365/10416 episodes, total num timesteps 1545408/3000000, FPS 106.


 Scenario BOSCH Algo rmappo Exp benchmark_23_8_4 updates 5370/10416 episodes, total num timesteps 1546848/3000000, FPS 106.


 Scenario BOSCH Algo rmappo Exp benchmark_23_8_4 updates 5375/10416 episodes, total num timesteps 1548288/3000000, FPS 106.


 Scenario BOSCH Algo rmappo Exp benchmark_23_8_4 updates 5380/10416 episodes, total num timesteps 1549728/3000000, FPS 106.


 Scenario BOSCH Algo rmappo Exp benchmark_23_8_4 updates 5385/10416 episodes, total num timesteps 1551168/3000000, FPS 106.


 Scenario BOSCH Algo rmappo Exp benchmark_23_8_4 updates 5390/10416 episodes, total num timesteps 1552608/3000000, FPS 106.


 Scenario BOSCH Algo rmappo Exp benchmark_23_8_4 updates 5395/10416 episodes, total num timesteps 1554048/3000000, FPS 106.


 Scenario BOSCH Algo rmappo Exp benchmark_23_8_4 updates 5400/10416 episodes, total num timesteps 1555488/3000000, FPS 106.


[EVAL] BOSCH MARL Inference Solving Time for 36 periods: 0.6717 seconds
eval average episode rewards of agent0: -312.39175
eval average episode rewards of agent1: -310.78842
eval average episode rewards of agent2: -310.93433
eval average episode rewards of agent3: -310.81476
eval average episode rewards of agent4: -310.92447
eval average episode rewards of agent5: -310.8602
eval average episode rewards of agent6: -310.89578
eval average episode rewards of agent7: -310.6994
eval average episode rewards of agent8: -310.8758
eval average episode costs: Backlog: 82597.09, Inventory: 0.00, Maintenance: 59.51, Production: 2933.27, Setup: 1174.15, TOTAL: 86764.04

 Scenario BOSCH Algo rmappo Exp benchmark_23_8_4 updates 5405/10416 episodes, total num timesteps 1556928/3000000, FPS 106.


 Scenario BOSCH Algo rmappo Exp benchmark_23_8_4 updates 5410/10416 episodes, total num timesteps 1558368/3000000, FPS 106.


 Scenario BOSCH Algo rmappo Exp benchmark_23_8_4 updates 5415/10416 episodes, total num timesteps 1559808/3000000, FPS 106.


 Scenario BOSCH Algo rmappo Exp benchmark_23_8_4 updates 5420/10416 episodes, total num timesteps 1561248/3000000, FPS 106.


 Scenario BOSCH Algo rmappo Exp benchmark_23_8_4 updates 5425/10416 episodes, total num timesteps 1562688/3000000, FPS 106.


 Scenario BOSCH Algo rmappo Exp benchmark_23_8_4 updates 5430/10416 episodes, total num timesteps 1564128/3000000, FPS 106.


 Scenario BOSCH Algo rmappo Exp benchmark_23_8_4 updates 5435/10416 episodes, total num timesteps 1565568/3000000, FPS 106.


 Scenario BOSCH Algo rmappo Exp benchmark_23_8_4 updates 5440/10416 episodes, total num timesteps 1567008/3000000, FPS 106.


 Scenario BOSCH Algo rmappo Exp benchmark_23_8_4 updates 5445/10416 episodes, total num timesteps 1568448/3000000, FPS 106.


 Scenario BOSCH Algo rmappo Exp benchmark_23_8_4 updates 5450/10416 episodes, total num timesteps 1569888/3000000, FPS 106.


[EVAL] BOSCH MARL Inference Solving Time for 36 periods: 0.7481 seconds
eval average episode rewards of agent0: -319.4046
eval average episode rewards of agent1: -318.24896
eval average episode rewards of agent2: -318.29526
eval average episode rewards of agent3: -318.22266
eval average episode rewards of agent4: -318.33047
eval average episode rewards of agent5: -318.22153
eval average episode rewards of agent6: -318.32675
eval average episode rewards of agent7: -318.062
eval average episode rewards of agent8: -318.3085
eval average episode costs: Backlog: 84645.09, Inventory: 0.00, Maintenance: 27.10, Production: 2616.71, Setup: 850.43, TOTAL: 88139.34

 Scenario BOSCH Algo rmappo Exp benchmark_23_8_4 updates 5455/10416 episodes, total num timesteps 1571328/3000000, FPS 106.


 Scenario BOSCH Algo rmappo Exp benchmark_23_8_4 updates 5460/10416 episodes, total num timesteps 1572768/3000000, FPS 106.


 Scenario BOSCH Algo rmappo Exp benchmark_23_8_4 updates 5465/10416 episodes, total num timesteps 1574208/3000000, FPS 106.


 Scenario BOSCH Algo rmappo Exp benchmark_23_8_4 updates 5470/10416 episodes, total num timesteps 1575648/3000000, FPS 106.


 Scenario BOSCH Algo rmappo Exp benchmark_23_8_4 updates 5475/10416 episodes, total num timesteps 1577088/3000000, FPS 106.


 Scenario BOSCH Algo rmappo Exp benchmark_23_8_4 updates 5480/10416 episodes, total num timesteps 1578528/3000000, FPS 106.


 Scenario BOSCH Algo rmappo Exp benchmark_23_8_4 updates 5485/10416 episodes, total num timesteps 1579968/3000000, FPS 106.


 Scenario BOSCH Algo rmappo Exp benchmark_23_8_4 updates 5490/10416 episodes, total num timesteps 1581408/3000000, FPS 106.


 Scenario BOSCH Algo rmappo Exp benchmark_23_8_4 updates 5495/10416 episodes, total num timesteps 1582848/3000000, FPS 106.


 Scenario BOSCH Algo rmappo Exp benchmark_23_8_4 updates 5500/10416 episodes, total num timesteps 1584288/3000000, FPS 106.


[EVAL] BOSCH MARL Inference Solving Time for 36 periods: 0.6522 seconds
eval average episode rewards of agent0: -298.84976
eval average episode rewards of agent1: -297.0324
eval average episode rewards of agent2: -297.15228
eval average episode rewards of agent3: -297.1031
eval average episode rewards of agent4: -297.1537
eval average episode rewards of agent5: -297.06952
eval average episode rewards of agent6: -297.11603
eval average episode rewards of agent7: -296.94843
eval average episode rewards of agent8: -297.15253
eval average episode costs: Backlog: 78962.05, Inventory: 0.00, Maintenance: 28.82, Production: 3293.07, Setup: 1265.08, TOTAL: 83549.01

 Scenario BOSCH Algo rmappo Exp benchmark_23_8_4 updates 5505/10416 episodes, total num timesteps 1585728/3000000, FPS 106.


 Scenario BOSCH Algo rmappo Exp benchmark_23_8_4 updates 5510/10416 episodes, total num timesteps 1587168/3000000, FPS 106.


 Scenario BOSCH Algo rmappo Exp benchmark_23_8_4 updates 5515/10416 episodes, total num timesteps 1588608/3000000, FPS 106.


 Scenario BOSCH Algo rmappo Exp benchmark_23_8_4 updates 5520/10416 episodes, total num timesteps 1590048/3000000, FPS 106.


 Scenario BOSCH Algo rmappo Exp benchmark_23_8_4 updates 5525/10416 episodes, total num timesteps 1591488/3000000, FPS 106.


 Scenario BOSCH Algo rmappo Exp benchmark_23_8_4 updates 5530/10416 episodes, total num timesteps 1592928/3000000, FPS 106.


 Scenario BOSCH Algo rmappo Exp benchmark_23_8_4 updates 5535/10416 episodes, total num timesteps 1594368/3000000, FPS 106.


 Scenario BOSCH Algo rmappo Exp benchmark_23_8_4 updates 5540/10416 episodes, total num timesteps 1595808/3000000, FPS 106.


 Scenario BOSCH Algo rmappo Exp benchmark_23_8_4 updates 5545/10416 episodes, total num timesteps 1597248/3000000, FPS 106.


 Scenario BOSCH Algo rmappo Exp benchmark_23_8_4 updates 5550/10416 episodes, total num timesteps 1598688/3000000, FPS 106.


[EVAL] BOSCH MARL Inference Solving Time for 36 periods: 0.6514 seconds
eval average episode rewards of agent0: -297.5814
eval average episode rewards of agent1: -295.9903
eval average episode rewards of agent2: -296.09186
eval average episode rewards of agent3: -295.98682
eval average episode rewards of agent4: -296.0349
eval average episode rewards of agent5: -296.00195
eval average episode rewards of agent6: -296.06387
eval average episode rewards of agent7: -295.8897
eval average episode rewards of agent8: -296.07434
eval average episode costs: Backlog: 78726.79, Inventory: 0.00, Maintenance: 25.41, Production: 3242.64, Setup: 1101.89, TOTAL: 83096.73

 Scenario BOSCH Algo rmappo Exp benchmark_23_8_4 updates 5555/10416 episodes, total num timesteps 1600128/3000000, FPS 106.


 Scenario BOSCH Algo rmappo Exp benchmark_23_8_4 updates 5560/10416 episodes, total num timesteps 1601568/3000000, FPS 106.


 Scenario BOSCH Algo rmappo Exp benchmark_23_8_4 updates 5565/10416 episodes, total num timesteps 1603008/3000000, FPS 106.


 Scenario BOSCH Algo rmappo Exp benchmark_23_8_4 updates 5570/10416 episodes, total num timesteps 1604448/3000000, FPS 106.


 Scenario BOSCH Algo rmappo Exp benchmark_23_8_4 updates 5575/10416 episodes, total num timesteps 1605888/3000000, FPS 106.


 Scenario BOSCH Algo rmappo Exp benchmark_23_8_4 updates 5580/10416 episodes, total num timesteps 1607328/3000000, FPS 106.


 Scenario BOSCH Algo rmappo Exp benchmark_23_8_4 updates 5585/10416 episodes, total num timesteps 1608768/3000000, FPS 106.


 Scenario BOSCH Algo rmappo Exp benchmark_23_8_4 updates 5590/10416 episodes, total num timesteps 1610208/3000000, FPS 106.


 Scenario BOSCH Algo rmappo Exp benchmark_23_8_4 updates 5595/10416 episodes, total num timesteps 1611648/3000000, FPS 106.


 Scenario BOSCH Algo rmappo Exp benchmark_23_8_4 updates 5600/10416 episodes, total num timesteps 1613088/3000000, FPS 106.


[EVAL] BOSCH MARL Inference Solving Time for 36 periods: 0.7696 seconds
eval average episode rewards of agent0: -322.2603
eval average episode rewards of agent1: -320.72653
eval average episode rewards of agent2: -320.78342
eval average episode rewards of agent3: -320.66666
eval average episode rewards of agent4: -320.7348
eval average episode rewards of agent5: -320.72247
eval average episode rewards of agent6: -320.72113
eval average episode rewards of agent7: -320.5574
eval average episode rewards of agent8: -320.76346
eval average episode costs: Backlog: 85184.70, Inventory: 0.00, Maintenance: 21.64, Production: 2744.22, Setup: 1237.96, TOTAL: 89188.52

 Scenario BOSCH Algo rmappo Exp benchmark_23_8_4 updates 5605/10416 episodes, total num timesteps 1614528/3000000, FPS 106.


 Scenario BOSCH Algo rmappo Exp benchmark_23_8_4 updates 5610/10416 episodes, total num timesteps 1615968/3000000, FPS 106.


 Scenario BOSCH Algo rmappo Exp benchmark_23_8_4 updates 5615/10416 episodes, total num timesteps 1617408/3000000, FPS 106.


 Scenario BOSCH Algo rmappo Exp benchmark_23_8_4 updates 5620/10416 episodes, total num timesteps 1618848/3000000, FPS 106.


 Scenario BOSCH Algo rmappo Exp benchmark_23_8_4 updates 5625/10416 episodes, total num timesteps 1620288/3000000, FPS 106.


 Scenario BOSCH Algo rmappo Exp benchmark_23_8_4 updates 5630/10416 episodes, total num timesteps 1621728/3000000, FPS 106.


 Scenario BOSCH Algo rmappo Exp benchmark_23_8_4 updates 5635/10416 episodes, total num timesteps 1623168/3000000, FPS 106.


 Scenario BOSCH Algo rmappo Exp benchmark_23_8_4 updates 5640/10416 episodes, total num timesteps 1624608/3000000, FPS 106.


 Scenario BOSCH Algo rmappo Exp benchmark_23_8_4 updates 5645/10416 episodes, total num timesteps 1626048/3000000, FPS 106.


 Scenario BOSCH Algo rmappo Exp benchmark_23_8_4 updates 5650/10416 episodes, total num timesteps 1627488/3000000, FPS 106.


[EVAL] BOSCH MARL Inference Solving Time for 36 periods: 0.6632 seconds
eval average episode rewards of agent0: -306.68463
eval average episode rewards of agent1: -305.0563
eval average episode rewards of agent2: -305.1853
eval average episode rewards of agent3: -304.97925
eval average episode rewards of agent4: -305.03702
eval average episode rewards of agent5: -305.01678
eval average episode rewards of agent6: -305.15988
eval average episode rewards of agent7: -304.90198
eval average episode rewards of agent8: -305.10904
eval average episode costs: Backlog: 81070.70, Inventory: 0.00, Maintenance: 24.05, Production: 3053.21, Setup: 1207.82, TOTAL: 85355.77

 Scenario BOSCH Algo rmappo Exp benchmark_23_8_4 updates 5655/10416 episodes, total num timesteps 1628928/3000000, FPS 106.


 Scenario BOSCH Algo rmappo Exp benchmark_23_8_4 updates 5660/10416 episodes, total num timesteps 1630368/3000000, FPS 106.


 Scenario BOSCH Algo rmappo Exp benchmark_23_8_4 updates 5665/10416 episodes, total num timesteps 1631808/3000000, FPS 106.


 Scenario BOSCH Algo rmappo Exp benchmark_23_8_4 updates 5670/10416 episodes, total num timesteps 1633248/3000000, FPS 106.


 Scenario BOSCH Algo rmappo Exp benchmark_23_8_4 updates 5675/10416 episodes, total num timesteps 1634688/3000000, FPS 106.


 Scenario BOSCH Algo rmappo Exp benchmark_23_8_4 updates 5680/10416 episodes, total num timesteps 1636128/3000000, FPS 106.


 Scenario BOSCH Algo rmappo Exp benchmark_23_8_4 updates 5685/10416 episodes, total num timesteps 1637568/3000000, FPS 106.


 Scenario BOSCH Algo rmappo Exp benchmark_23_8_4 updates 5690/10416 episodes, total num timesteps 1639008/3000000, FPS 106.


 Scenario BOSCH Algo rmappo Exp benchmark_23_8_4 updates 5695/10416 episodes, total num timesteps 1640448/3000000, FPS 106.


 Scenario BOSCH Algo rmappo Exp benchmark_23_8_4 updates 5700/10416 episodes, total num timesteps 1641888/3000000, FPS 106.


[EVAL] BOSCH MARL Inference Solving Time for 36 periods: 0.6470 seconds
eval average episode rewards of agent0: -270.3999
eval average episode rewards of agent1: -268.13962
eval average episode rewards of agent2: -268.30566
eval average episode rewards of agent3: -268.01978
eval average episode rewards of agent4: -268.09265
eval average episode rewards of agent5: -268.13345
eval average episode rewards of agent6: -268.27423
eval average episode rewards of agent7: -267.92712
eval average episode rewards of agent8: -268.1621
eval average episode costs: Backlog: 71270.28, Inventory: 0.00, Maintenance: 36.75, Production: 4088.07, Setup: 1527.09, TOTAL: 76922.20

 Scenario BOSCH Algo rmappo Exp benchmark_23_8_4 updates 5705/10416 episodes, total num timesteps 1643328/3000000, FPS 106.


 Scenario BOSCH Algo rmappo Exp benchmark_23_8_4 updates 5710/10416 episodes, total num timesteps 1644768/3000000, FPS 106.


 Scenario BOSCH Algo rmappo Exp benchmark_23_8_4 updates 5715/10416 episodes, total num timesteps 1646208/3000000, FPS 106.


 Scenario BOSCH Algo rmappo Exp benchmark_23_8_4 updates 5720/10416 episodes, total num timesteps 1647648/3000000, FPS 106.


 Scenario BOSCH Algo rmappo Exp benchmark_23_8_4 updates 5725/10416 episodes, total num timesteps 1649088/3000000, FPS 106.


 Scenario BOSCH Algo rmappo Exp benchmark_23_8_4 updates 5730/10416 episodes, total num timesteps 1650528/3000000, FPS 106.


 Scenario BOSCH Algo rmappo Exp benchmark_23_8_4 updates 5735/10416 episodes, total num timesteps 1651968/3000000, FPS 106.


 Scenario BOSCH Algo rmappo Exp benchmark_23_8_4 updates 5740/10416 episodes, total num timesteps 1653408/3000000, FPS 106.


 Scenario BOSCH Algo rmappo Exp benchmark_23_8_4 updates 5745/10416 episodes, total num timesteps 1654848/3000000, FPS 106.


 Scenario BOSCH Algo rmappo Exp benchmark_23_8_4 updates 5750/10416 episodes, total num timesteps 1656288/3000000, FPS 106.


[EVAL] BOSCH MARL Inference Solving Time for 36 periods: 0.6526 seconds
eval average episode rewards of agent0: -304.0417
eval average episode rewards of agent1: -302.35474
eval average episode rewards of agent2: -302.50024
eval average episode rewards of agent3: -302.2998
eval average episode rewards of agent4: -302.4057
eval average episode rewards of agent5: -302.39194
eval average episode rewards of agent6: -302.47513
eval average episode rewards of agent7: -302.28912
eval average episode rewards of agent8: -302.46454
eval average episode costs: Backlog: 80339.27, Inventory: 0.00, Maintenance: 33.04, Production: 3420.84, Setup: 1295.65, TOTAL: 85088.82

 Scenario BOSCH Algo rmappo Exp benchmark_23_8_4 updates 5755/10416 episodes, total num timesteps 1657728/3000000, FPS 106.


 Scenario BOSCH Algo rmappo Exp benchmark_23_8_4 updates 5760/10416 episodes, total num timesteps 1659168/3000000, FPS 106.


 Scenario BOSCH Algo rmappo Exp benchmark_23_8_4 updates 5765/10416 episodes, total num timesteps 1660608/3000000, FPS 106.


 Scenario BOSCH Algo rmappo Exp benchmark_23_8_4 updates 5770/10416 episodes, total num timesteps 1662048/3000000, FPS 106.


 Scenario BOSCH Algo rmappo Exp benchmark_23_8_4 updates 5775/10416 episodes, total num timesteps 1663488/3000000, FPS 106.


 Scenario BOSCH Algo rmappo Exp benchmark_23_8_4 updates 5780/10416 episodes, total num timesteps 1664928/3000000, FPS 106.


 Scenario BOSCH Algo rmappo Exp benchmark_23_8_4 updates 5785/10416 episodes, total num timesteps 1666368/3000000, FPS 106.


 Scenario BOSCH Algo rmappo Exp benchmark_23_8_4 updates 5790/10416 episodes, total num timesteps 1667808/3000000, FPS 106.


 Scenario BOSCH Algo rmappo Exp benchmark_23_8_4 updates 5795/10416 episodes, total num timesteps 1669248/3000000, FPS 106.


 Scenario BOSCH Algo rmappo Exp benchmark_23_8_4 updates 5800/10416 episodes, total num timesteps 1670688/3000000, FPS 106.


[EVAL] BOSCH MARL Inference Solving Time for 36 periods: 0.6713 seconds
eval average episode rewards of agent0: -269.18927
eval average episode rewards of agent1: -266.76413
eval average episode rewards of agent2: -266.91327
eval average episode rewards of agent3: -266.6687
eval average episode rewards of agent4: -266.87897
eval average episode rewards of agent5: -266.84937
eval average episode rewards of agent6: -266.94153
eval average episode rewards of agent7: -266.64688
eval average episode rewards of agent8: -266.8065
eval average episode costs: Backlog: 70869.55, Inventory: 0.00, Maintenance: 34.22, Production: 4337.29, Setup: 1709.30, TOTAL: 76950.36

 Scenario BOSCH Algo rmappo Exp benchmark_23_8_4 updates 5805/10416 episodes, total num timesteps 1672128/3000000, FPS 106.


 Scenario BOSCH Algo rmappo Exp benchmark_23_8_4 updates 5810/10416 episodes, total num timesteps 1673568/3000000, FPS 106.


 Scenario BOSCH Algo rmappo Exp benchmark_23_8_4 updates 5815/10416 episodes, total num timesteps 1675008/3000000, FPS 106.


 Scenario BOSCH Algo rmappo Exp benchmark_23_8_4 updates 5820/10416 episodes, total num timesteps 1676448/3000000, FPS 106.


 Scenario BOSCH Algo rmappo Exp benchmark_23_8_4 updates 5825/10416 episodes, total num timesteps 1677888/3000000, FPS 106.


 Scenario BOSCH Algo rmappo Exp benchmark_23_8_4 updates 5830/10416 episodes, total num timesteps 1679328/3000000, FPS 106.


 Scenario BOSCH Algo rmappo Exp benchmark_23_8_4 updates 5835/10416 episodes, total num timesteps 1680768/3000000, FPS 106.


 Scenario BOSCH Algo rmappo Exp benchmark_23_8_4 updates 5840/10416 episodes, total num timesteps 1682208/3000000, FPS 106.


 Scenario BOSCH Algo rmappo Exp benchmark_23_8_4 updates 5845/10416 episodes, total num timesteps 1683648/3000000, FPS 106.


 Scenario BOSCH Algo rmappo Exp benchmark_23_8_4 updates 5850/10416 episodes, total num timesteps 1685088/3000000, FPS 106.


[EVAL] BOSCH MARL Inference Solving Time for 36 periods: 0.6525 seconds
eval average episode rewards of agent0: -265.0744
eval average episode rewards of agent1: -262.62332
eval average episode rewards of agent2: -262.87656
eval average episode rewards of agent3: -262.6552
eval average episode rewards of agent4: -262.7944
eval average episode rewards of agent5: -262.76447
eval average episode rewards of agent6: -262.82974
eval average episode rewards of agent7: -262.50128
eval average episode rewards of agent8: -262.7848
eval average episode costs: Backlog: 69831.52, Inventory: 0.00, Maintenance: 33.82, Production: 4276.71, Setup: 1598.68, TOTAL: 75740.73

 Scenario BOSCH Algo rmappo Exp benchmark_23_8_4 updates 5855/10416 episodes, total num timesteps 1686528/3000000, FPS 106.


 Scenario BOSCH Algo rmappo Exp benchmark_23_8_4 updates 5860/10416 episodes, total num timesteps 1687968/3000000, FPS 106.


 Scenario BOSCH Algo rmappo Exp benchmark_23_8_4 updates 5865/10416 episodes, total num timesteps 1689408/3000000, FPS 106.


 Scenario BOSCH Algo rmappo Exp benchmark_23_8_4 updates 5870/10416 episodes, total num timesteps 1690848/3000000, FPS 106.


 Scenario BOSCH Algo rmappo Exp benchmark_23_8_4 updates 5875/10416 episodes, total num timesteps 1692288/3000000, FPS 106.


 Scenario BOSCH Algo rmappo Exp benchmark_23_8_4 updates 5880/10416 episodes, total num timesteps 1693728/3000000, FPS 106.


 Scenario BOSCH Algo rmappo Exp benchmark_23_8_4 updates 5885/10416 episodes, total num timesteps 1695168/3000000, FPS 106.


 Scenario BOSCH Algo rmappo Exp benchmark_23_8_4 updates 5890/10416 episodes, total num timesteps 1696608/3000000, FPS 106.


 Scenario BOSCH Algo rmappo Exp benchmark_23_8_4 updates 5895/10416 episodes, total num timesteps 1698048/3000000, FPS 106.


 Scenario BOSCH Algo rmappo Exp benchmark_23_8_4 updates 5900/10416 episodes, total num timesteps 1699488/3000000, FPS 106.


[EVAL] BOSCH MARL Inference Solving Time for 36 periods: 0.7493 seconds
eval average episode rewards of agent0: -256.01132
eval average episode rewards of agent1: -253.29707
eval average episode rewards of agent2: -253.48923
eval average episode rewards of agent3: -253.17358
eval average episode rewards of agent4: -253.32816
eval average episode rewards of agent5: -253.34799
eval average episode rewards of agent6: -253.44852
eval average episode rewards of agent7: -253.14209
eval average episode rewards of agent8: -253.38406
eval average episode costs: Backlog: 67302.15, Inventory: 0.00, Maintenance: 36.12, Production: 4545.10, Setup: 1803.59, TOTAL: 73686.95

 Scenario BOSCH Algo rmappo Exp benchmark_23_8_4 updates 5905/10416 episodes, total num timesteps 1700928/3000000, FPS 106.


 Scenario BOSCH Algo rmappo Exp benchmark_23_8_4 updates 5910/10416 episodes, total num timesteps 1702368/3000000, FPS 106.


 Scenario BOSCH Algo rmappo Exp benchmark_23_8_4 updates 5915/10416 episodes, total num timesteps 1703808/3000000, FPS 106.


 Scenario BOSCH Algo rmappo Exp benchmark_23_8_4 updates 5920/10416 episodes, total num timesteps 1705248/3000000, FPS 106.


 Scenario BOSCH Algo rmappo Exp benchmark_23_8_4 updates 5925/10416 episodes, total num timesteps 1706688/3000000, FPS 106.


 Scenario BOSCH Algo rmappo Exp benchmark_23_8_4 updates 5930/10416 episodes, total num timesteps 1708128/3000000, FPS 106.


 Scenario BOSCH Algo rmappo Exp benchmark_23_8_4 updates 5935/10416 episodes, total num timesteps 1709568/3000000, FPS 106.


 Scenario BOSCH Algo rmappo Exp benchmark_23_8_4 updates 5940/10416 episodes, total num timesteps 1711008/3000000, FPS 106.


 Scenario BOSCH Algo rmappo Exp benchmark_23_8_4 updates 5945/10416 episodes, total num timesteps 1712448/3000000, FPS 106.


 Scenario BOSCH Algo rmappo Exp benchmark_23_8_4 updates 5950/10416 episodes, total num timesteps 1713888/3000000, FPS 106.


[EVAL] BOSCH MARL Inference Solving Time for 36 periods: 0.6508 seconds
eval average episode rewards of agent0: -263.6677
eval average episode rewards of agent1: -261.25104
eval average episode rewards of agent2: -261.5481
eval average episode rewards of agent3: -261.22577
eval average episode rewards of agent4: -261.3739
eval average episode rewards of agent5: -261.41928
eval average episode rewards of agent6: -261.4678
eval average episode rewards of agent7: -261.11377
eval average episode rewards of agent8: -261.41415
eval average episode costs: Backlog: 69490.60, Inventory: 0.00, Maintenance: 32.98, Production: 4218.99, Setup: 1534.18, TOTAL: 75276.75

 Scenario BOSCH Algo rmappo Exp benchmark_23_8_4 updates 5955/10416 episodes, total num timesteps 1715328/3000000, FPS 106.


 Scenario BOSCH Algo rmappo Exp benchmark_23_8_4 updates 5960/10416 episodes, total num timesteps 1716768/3000000, FPS 106.


 Scenario BOSCH Algo rmappo Exp benchmark_23_8_4 updates 5965/10416 episodes, total num timesteps 1718208/3000000, FPS 106.


 Scenario BOSCH Algo rmappo Exp benchmark_23_8_4 updates 5970/10416 episodes, total num timesteps 1719648/3000000, FPS 106.


 Scenario BOSCH Algo rmappo Exp benchmark_23_8_4 updates 5975/10416 episodes, total num timesteps 1721088/3000000, FPS 106.


 Scenario BOSCH Algo rmappo Exp benchmark_23_8_4 updates 5980/10416 episodes, total num timesteps 1722528/3000000, FPS 106.


 Scenario BOSCH Algo rmappo Exp benchmark_23_8_4 updates 5985/10416 episodes, total num timesteps 1723968/3000000, FPS 106.


 Scenario BOSCH Algo rmappo Exp benchmark_23_8_4 updates 5990/10416 episodes, total num timesteps 1725408/3000000, FPS 106.


 Scenario BOSCH Algo rmappo Exp benchmark_23_8_4 updates 5995/10416 episodes, total num timesteps 1726848/3000000, FPS 106.


 Scenario BOSCH Algo rmappo Exp benchmark_23_8_4 updates 6000/10416 episodes, total num timesteps 1728288/3000000, FPS 106.


[EVAL] BOSCH MARL Inference Solving Time for 36 periods: 0.6520 seconds
eval average episode rewards of agent0: -256.1131
eval average episode rewards of agent1: -253.69958
eval average episode rewards of agent2: -253.9078
eval average episode rewards of agent3: -253.62764
eval average episode rewards of agent4: -253.77856
eval average episode rewards of agent5: -253.85477
eval average episode rewards of agent6: -253.8813
eval average episode rewards of agent7: -253.5668
eval average episode rewards of agent8: -253.80815
eval average episode costs: Backlog: 67472.23, Inventory: 0.00, Maintenance: 35.44, Production: 4497.75, Setup: 1599.29, TOTAL: 73604.70

 Scenario BOSCH Algo rmappo Exp benchmark_23_8_4 updates 6005/10416 episodes, total num timesteps 1729728/3000000, FPS 106.


 Scenario BOSCH Algo rmappo Exp benchmark_23_8_4 updates 6010/10416 episodes, total num timesteps 1731168/3000000, FPS 106.


 Scenario BOSCH Algo rmappo Exp benchmark_23_8_4 updates 6015/10416 episodes, total num timesteps 1732608/3000000, FPS 106.


 Scenario BOSCH Algo rmappo Exp benchmark_23_8_4 updates 6020/10416 episodes, total num timesteps 1734048/3000000, FPS 106.


 Scenario BOSCH Algo rmappo Exp benchmark_23_8_4 updates 6025/10416 episodes, total num timesteps 1735488/3000000, FPS 106.


 Scenario BOSCH Algo rmappo Exp benchmark_23_8_4 updates 6030/10416 episodes, total num timesteps 1736928/3000000, FPS 106.


 Scenario BOSCH Algo rmappo Exp benchmark_23_8_4 updates 6035/10416 episodes, total num timesteps 1738368/3000000, FPS 106.


 Scenario BOSCH Algo rmappo Exp benchmark_23_8_4 updates 6040/10416 episodes, total num timesteps 1739808/3000000, FPS 106.


 Scenario BOSCH Algo rmappo Exp benchmark_23_8_4 updates 6045/10416 episodes, total num timesteps 1741248/3000000, FPS 106.


 Scenario BOSCH Algo rmappo Exp benchmark_23_8_4 updates 6050/10416 episodes, total num timesteps 1742688/3000000, FPS 106.


[EVAL] BOSCH MARL Inference Solving Time for 36 periods: 0.7426 seconds
eval average episode rewards of agent0: -259.67114
eval average episode rewards of agent1: -257.21512
eval average episode rewards of agent2: -257.48706
eval average episode rewards of agent3: -257.18253
eval average episode rewards of agent4: -257.23456
eval average episode rewards of agent5: -257.38153
eval average episode rewards of agent6: -257.38437
eval average episode rewards of agent7: -257.0783
eval average episode rewards of agent8: -257.3494
eval average episode costs: Backlog: 68428.89, Inventory: 0.00, Maintenance: 34.02, Production: 4302.66, Setup: 1514.13, TOTAL: 74279.70

 Scenario BOSCH Algo rmappo Exp benchmark_23_8_4 updates 6055/10416 episodes, total num timesteps 1744128/3000000, FPS 106.


 Scenario BOSCH Algo rmappo Exp benchmark_23_8_4 updates 6060/10416 episodes, total num timesteps 1745568/3000000, FPS 106.


 Scenario BOSCH Algo rmappo Exp benchmark_23_8_4 updates 6065/10416 episodes, total num timesteps 1747008/3000000, FPS 106.


 Scenario BOSCH Algo rmappo Exp benchmark_23_8_4 updates 6070/10416 episodes, total num timesteps 1748448/3000000, FPS 106.


 Scenario BOSCH Algo rmappo Exp benchmark_23_8_4 updates 6075/10416 episodes, total num timesteps 1749888/3000000, FPS 106.


 Scenario BOSCH Algo rmappo Exp benchmark_23_8_4 updates 6080/10416 episodes, total num timesteps 1751328/3000000, FPS 106.


 Scenario BOSCH Algo rmappo Exp benchmark_23_8_4 updates 6085/10416 episodes, total num timesteps 1752768/3000000, FPS 106.


 Scenario BOSCH Algo rmappo Exp benchmark_23_8_4 updates 6090/10416 episodes, total num timesteps 1754208/3000000, FPS 106.


 Scenario BOSCH Algo rmappo Exp benchmark_23_8_4 updates 6095/10416 episodes, total num timesteps 1755648/3000000, FPS 106.


 Scenario BOSCH Algo rmappo Exp benchmark_23_8_4 updates 6100/10416 episodes, total num timesteps 1757088/3000000, FPS 106.


[EVAL] BOSCH MARL Inference Solving Time for 36 periods: 0.6534 seconds
eval average episode rewards of agent0: -253.9185
eval average episode rewards of agent1: -251.32095
eval average episode rewards of agent2: -251.5957
eval average episode rewards of agent3: -251.27505
eval average episode rewards of agent4: -251.44336
eval average episode rewards of agent5: -251.5282
eval average episode rewards of agent6: -251.51541
eval average episode rewards of agent7: -251.2314
eval average episode rewards of agent8: -251.48062
eval average episode costs: Backlog: 66850.23, Inventory: 0.00, Maintenance: 36.48, Production: 4633.55, Setup: 1621.41, TOTAL: 73141.67

 Scenario BOSCH Algo rmappo Exp benchmark_23_8_4 updates 6105/10416 episodes, total num timesteps 1758528/3000000, FPS 106.


 Scenario BOSCH Algo rmappo Exp benchmark_23_8_4 updates 6110/10416 episodes, total num timesteps 1759968/3000000, FPS 106.


 Scenario BOSCH Algo rmappo Exp benchmark_23_8_4 updates 6115/10416 episodes, total num timesteps 1761408/3000000, FPS 106.


 Scenario BOSCH Algo rmappo Exp benchmark_23_8_4 updates 6120/10416 episodes, total num timesteps 1762848/3000000, FPS 106.


 Scenario BOSCH Algo rmappo Exp benchmark_23_8_4 updates 6125/10416 episodes, total num timesteps 1764288/3000000, FPS 106.


 Scenario BOSCH Algo rmappo Exp benchmark_23_8_4 updates 6130/10416 episodes, total num timesteps 1765728/3000000, FPS 106.


 Scenario BOSCH Algo rmappo Exp benchmark_23_8_4 updates 6135/10416 episodes, total num timesteps 1767168/3000000, FPS 106.


 Scenario BOSCH Algo rmappo Exp benchmark_23_8_4 updates 6140/10416 episodes, total num timesteps 1768608/3000000, FPS 106.


 Scenario BOSCH Algo rmappo Exp benchmark_23_8_4 updates 6145/10416 episodes, total num timesteps 1770048/3000000, FPS 106.


 Scenario BOSCH Algo rmappo Exp benchmark_23_8_4 updates 6150/10416 episodes, total num timesteps 1771488/3000000, FPS 106.


[EVAL] BOSCH MARL Inference Solving Time for 36 periods: 0.6508 seconds
eval average episode rewards of agent0: -257.94122
eval average episode rewards of agent1: -255.47672
eval average episode rewards of agent2: -255.72446
eval average episode rewards of agent3: -255.41414
eval average episode rewards of agent4: -255.50003
eval average episode rewards of agent5: -255.6561
eval average episode rewards of agent6: -255.62405
eval average episode rewards of agent7: -255.3606
eval average episode rewards of agent8: -255.57181
eval average episode costs: Backlog: 67924.09, Inventory: 0.00, Maintenance: 36.09, Production: 4610.30, Setup: 1645.56, TOTAL: 74216.04

 Scenario BOSCH Algo rmappo Exp benchmark_23_8_4 updates 6155/10416 episodes, total num timesteps 1772928/3000000, FPS 106.


 Scenario BOSCH Algo rmappo Exp benchmark_23_8_4 updates 6160/10416 episodes, total num timesteps 1774368/3000000, FPS 106.


 Scenario BOSCH Algo rmappo Exp benchmark_23_8_4 updates 6165/10416 episodes, total num timesteps 1775808/3000000, FPS 106.


 Scenario BOSCH Algo rmappo Exp benchmark_23_8_4 updates 6170/10416 episodes, total num timesteps 1777248/3000000, FPS 106.


 Scenario BOSCH Algo rmappo Exp benchmark_23_8_4 updates 6175/10416 episodes, total num timesteps 1778688/3000000, FPS 106.


 Scenario BOSCH Algo rmappo Exp benchmark_23_8_4 updates 6180/10416 episodes, total num timesteps 1780128/3000000, FPS 106.


 Scenario BOSCH Algo rmappo Exp benchmark_23_8_4 updates 6185/10416 episodes, total num timesteps 1781568/3000000, FPS 106.


 Scenario BOSCH Algo rmappo Exp benchmark_23_8_4 updates 6190/10416 episodes, total num timesteps 1783008/3000000, FPS 106.


 Scenario BOSCH Algo rmappo Exp benchmark_23_8_4 updates 6195/10416 episodes, total num timesteps 1784448/3000000, FPS 106.


 Scenario BOSCH Algo rmappo Exp benchmark_23_8_4 updates 6200/10416 episodes, total num timesteps 1785888/3000000, FPS 106.


[EVAL] BOSCH MARL Inference Solving Time for 36 periods: 0.6509 seconds
eval average episode rewards of agent0: -248.72282
eval average episode rewards of agent1: -245.94002
eval average episode rewards of agent2: -246.18808
eval average episode rewards of agent3: -245.92302
eval average episode rewards of agent4: -246.02788
eval average episode rewards of agent5: -246.07101
eval average episode rewards of agent6: -246.15652
eval average episode rewards of agent7: -245.78699
eval average episode rewards of agent8: -246.11484
eval average episode costs: Backlog: 65401.02, Inventory: 0.00, Maintenance: 37.61, Production: 4707.17, Setup: 1731.43, TOTAL: 71877.23

 Scenario BOSCH Algo rmappo Exp benchmark_23_8_4 updates 6205/10416 episodes, total num timesteps 1787328/3000000, FPS 106.


 Scenario BOSCH Algo rmappo Exp benchmark_23_8_4 updates 6210/10416 episodes, total num timesteps 1788768/3000000, FPS 106.


 Scenario BOSCH Algo rmappo Exp benchmark_23_8_4 updates 6215/10416 episodes, total num timesteps 1790208/3000000, FPS 106.


 Scenario BOSCH Algo rmappo Exp benchmark_23_8_4 updates 6220/10416 episodes, total num timesteps 1791648/3000000, FPS 106.


 Scenario BOSCH Algo rmappo Exp benchmark_23_8_4 updates 6225/10416 episodes, total num timesteps 1793088/3000000, FPS 106.


 Scenario BOSCH Algo rmappo Exp benchmark_23_8_4 updates 6230/10416 episodes, total num timesteps 1794528/3000000, FPS 106.


 Scenario BOSCH Algo rmappo Exp benchmark_23_8_4 updates 6235/10416 episodes, total num timesteps 1795968/3000000, FPS 106.


 Scenario BOSCH Algo rmappo Exp benchmark_23_8_4 updates 6240/10416 episodes, total num timesteps 1797408/3000000, FPS 106.


 Scenario BOSCH Algo rmappo Exp benchmark_23_8_4 updates 6245/10416 episodes, total num timesteps 1798848/3000000, FPS 106.


 Scenario BOSCH Algo rmappo Exp benchmark_23_8_4 updates 6250/10416 episodes, total num timesteps 1800288/3000000, FPS 106.


[EVAL] BOSCH MARL Inference Solving Time for 36 periods: 0.6604 seconds
eval average episode rewards of agent0: -263.72882
eval average episode rewards of agent1: -261.1922
eval average episode rewards of agent2: -261.43427
eval average episode rewards of agent3: -261.21222
eval average episode rewards of agent4: -261.2996
eval average episode rewards of agent5: -261.28384
eval average episode rewards of agent6: -261.4219
eval average episode rewards of agent7: -260.9865
eval average episode rewards of agent8: -261.35577
eval average episode costs: Backlog: 69422.49, Inventory: 0.00, Maintenance: 36.74, Production: 4354.78, Setup: 1690.86, TOTAL: 75504.86

 Scenario BOSCH Algo rmappo Exp benchmark_23_8_4 updates 6255/10416 episodes, total num timesteps 1801728/3000000, FPS 106.


 Scenario BOSCH Algo rmappo Exp benchmark_23_8_4 updates 6260/10416 episodes, total num timesteps 1803168/3000000, FPS 106.


 Scenario BOSCH Algo rmappo Exp benchmark_23_8_4 updates 6265/10416 episodes, total num timesteps 1804608/3000000, FPS 106.


 Scenario BOSCH Algo rmappo Exp benchmark_23_8_4 updates 6270/10416 episodes, total num timesteps 1806048/3000000, FPS 106.


 Scenario BOSCH Algo rmappo Exp benchmark_23_8_4 updates 6275/10416 episodes, total num timesteps 1807488/3000000, FPS 106.


 Scenario BOSCH Algo rmappo Exp benchmark_23_8_4 updates 6280/10416 episodes, total num timesteps 1808928/3000000, FPS 106.


 Scenario BOSCH Algo rmappo Exp benchmark_23_8_4 updates 6285/10416 episodes, total num timesteps 1810368/3000000, FPS 106.


 Scenario BOSCH Algo rmappo Exp benchmark_23_8_4 updates 6290/10416 episodes, total num timesteps 1811808/3000000, FPS 106.


 Scenario BOSCH Algo rmappo Exp benchmark_23_8_4 updates 6295/10416 episodes, total num timesteps 1813248/3000000, FPS 106.


 Scenario BOSCH Algo rmappo Exp benchmark_23_8_4 updates 6300/10416 episodes, total num timesteps 1814688/3000000, FPS 106.


[EVAL] BOSCH MARL Inference Solving Time for 36 periods: 0.6524 seconds
eval average episode rewards of agent0: -258.93
eval average episode rewards of agent1: -256.11102
eval average episode rewards of agent2: -256.3718
eval average episode rewards of agent3: -256.06412
eval average episode rewards of agent4: -256.18353
eval average episode rewards of agent5: -256.22742
eval average episode rewards of agent6: -256.28745
eval average episode rewards of agent7: -255.90096
eval average episode rewards of agent8: -256.28632
eval average episode costs: Backlog: 68049.12, Inventory: 0.00, Maintenance: 35.14, Production: 4397.47, Setup: 1831.55, TOTAL: 74313.29

 Scenario BOSCH Algo rmappo Exp benchmark_23_8_4 updates 6305/10416 episodes, total num timesteps 1816128/3000000, FPS 106.


 Scenario BOSCH Algo rmappo Exp benchmark_23_8_4 updates 6310/10416 episodes, total num timesteps 1817568/3000000, FPS 106.


 Scenario BOSCH Algo rmappo Exp benchmark_23_8_4 updates 6315/10416 episodes, total num timesteps 1819008/3000000, FPS 106.


 Scenario BOSCH Algo rmappo Exp benchmark_23_8_4 updates 6320/10416 episodes, total num timesteps 1820448/3000000, FPS 106.


 Scenario BOSCH Algo rmappo Exp benchmark_23_8_4 updates 6325/10416 episodes, total num timesteps 1821888/3000000, FPS 106.


 Scenario BOSCH Algo rmappo Exp benchmark_23_8_4 updates 6330/10416 episodes, total num timesteps 1823328/3000000, FPS 106.


 Scenario BOSCH Algo rmappo Exp benchmark_23_8_4 updates 6335/10416 episodes, total num timesteps 1824768/3000000, FPS 106.


 Scenario BOSCH Algo rmappo Exp benchmark_23_8_4 updates 6340/10416 episodes, total num timesteps 1826208/3000000, FPS 106.


 Scenario BOSCH Algo rmappo Exp benchmark_23_8_4 updates 6345/10416 episodes, total num timesteps 1827648/3000000, FPS 106.


 Scenario BOSCH Algo rmappo Exp benchmark_23_8_4 updates 6350/10416 episodes, total num timesteps 1829088/3000000, FPS 106.


[EVAL] BOSCH MARL Inference Solving Time for 36 periods: 0.6543 seconds
eval average episode rewards of agent0: -263.4954
eval average episode rewards of agent1: -261.0059
eval average episode rewards of agent2: -261.25146
eval average episode rewards of agent3: -260.97183
eval average episode rewards of agent4: -261.09796
eval average episode rewards of agent5: -261.16064
eval average episode rewards of agent6: -261.2255
eval average episode rewards of agent7: -260.80194
eval average episode rewards of agent8: -261.1432
eval average episode costs: Backlog: 69394.12, Inventory: 0.00, Maintenance: 34.01, Production: 4332.15, Setup: 1617.89, TOTAL: 75378.17

 Scenario BOSCH Algo rmappo Exp benchmark_23_8_4 updates 6355/10416 episodes, total num timesteps 1830528/3000000, FPS 106.


 Scenario BOSCH Algo rmappo Exp benchmark_23_8_4 updates 6360/10416 episodes, total num timesteps 1831968/3000000, FPS 106.


 Scenario BOSCH Algo rmappo Exp benchmark_23_8_4 updates 6365/10416 episodes, total num timesteps 1833408/3000000, FPS 106.


 Scenario BOSCH Algo rmappo Exp benchmark_23_8_4 updates 6370/10416 episodes, total num timesteps 1834848/3000000, FPS 106.


 Scenario BOSCH Algo rmappo Exp benchmark_23_8_4 updates 6375/10416 episodes, total num timesteps 1836288/3000000, FPS 106.


 Scenario BOSCH Algo rmappo Exp benchmark_23_8_4 updates 6380/10416 episodes, total num timesteps 1837728/3000000, FPS 106.


 Scenario BOSCH Algo rmappo Exp benchmark_23_8_4 updates 6385/10416 episodes, total num timesteps 1839168/3000000, FPS 106.


 Scenario BOSCH Algo rmappo Exp benchmark_23_8_4 updates 6390/10416 episodes, total num timesteps 1840608/3000000, FPS 106.


 Scenario BOSCH Algo rmappo Exp benchmark_23_8_4 updates 6395/10416 episodes, total num timesteps 1842048/3000000, FPS 106.


 Scenario BOSCH Algo rmappo Exp benchmark_23_8_4 updates 6400/10416 episodes, total num timesteps 1843488/3000000, FPS 106.


[EVAL] BOSCH MARL Inference Solving Time for 36 periods: 0.6545 seconds
eval average episode rewards of agent0: -265.585
eval average episode rewards of agent1: -263.08792
eval average episode rewards of agent2: -263.39478
eval average episode rewards of agent3: -263.08524
eval average episode rewards of agent4: -263.24146
eval average episode rewards of agent5: -263.24457
eval average episode rewards of agent6: -263.27863
eval average episode rewards of agent7: -262.9006
eval average episode rewards of agent8: -263.23898
eval average episode costs: Backlog: 69955.80, Inventory: 0.00, Maintenance: 48.10, Production: 4264.84, Setup: 1575.63, TOTAL: 75844.38

 Scenario BOSCH Algo rmappo Exp benchmark_23_8_4 updates 6405/10416 episodes, total num timesteps 1844928/3000000, FPS 106.


 Scenario BOSCH Algo rmappo Exp benchmark_23_8_4 updates 6410/10416 episodes, total num timesteps 1846368/3000000, FPS 106.


 Scenario BOSCH Algo rmappo Exp benchmark_23_8_4 updates 6415/10416 episodes, total num timesteps 1847808/3000000, FPS 106.


 Scenario BOSCH Algo rmappo Exp benchmark_23_8_4 updates 6420/10416 episodes, total num timesteps 1849248/3000000, FPS 106.


 Scenario BOSCH Algo rmappo Exp benchmark_23_8_4 updates 6425/10416 episodes, total num timesteps 1850688/3000000, FPS 106.


 Scenario BOSCH Algo rmappo Exp benchmark_23_8_4 updates 6430/10416 episodes, total num timesteps 1852128/3000000, FPS 106.


 Scenario BOSCH Algo rmappo Exp benchmark_23_8_4 updates 6435/10416 episodes, total num timesteps 1853568/3000000, FPS 106.


 Scenario BOSCH Algo rmappo Exp benchmark_23_8_4 updates 6440/10416 episodes, total num timesteps 1855008/3000000, FPS 106.


 Scenario BOSCH Algo rmappo Exp benchmark_23_8_4 updates 6445/10416 episodes, total num timesteps 1856448/3000000, FPS 106.


 Scenario BOSCH Algo rmappo Exp benchmark_23_8_4 updates 6450/10416 episodes, total num timesteps 1857888/3000000, FPS 106.


[EVAL] BOSCH MARL Inference Solving Time for 36 periods: 0.6501 seconds
eval average episode rewards of agent0: -257.7823
eval average episode rewards of agent1: -255.1084
eval average episode rewards of agent2: -255.4642
eval average episode rewards of agent3: -255.0826
eval average episode rewards of agent4: -255.21005
eval average episode rewards of agent5: -255.28984
eval average episode rewards of agent6: -255.2941
eval average episode rewards of agent7: -254.92317
eval average episode rewards of agent8: -255.26639
eval average episode costs: Backlog: 67791.31, Inventory: 0.00, Maintenance: 92.05, Production: 4576.71, Setup: 1737.86, TOTAL: 74197.94

 Scenario BOSCH Algo rmappo Exp benchmark_23_8_4 updates 6455/10416 episodes, total num timesteps 1859328/3000000, FPS 106.


 Scenario BOSCH Algo rmappo Exp benchmark_23_8_4 updates 6460/10416 episodes, total num timesteps 1860768/3000000, FPS 106.


 Scenario BOSCH Algo rmappo Exp benchmark_23_8_4 updates 6465/10416 episodes, total num timesteps 1862208/3000000, FPS 106.


 Scenario BOSCH Algo rmappo Exp benchmark_23_8_4 updates 6470/10416 episodes, total num timesteps 1863648/3000000, FPS 106.


 Scenario BOSCH Algo rmappo Exp benchmark_23_8_4 updates 6475/10416 episodes, total num timesteps 1865088/3000000, FPS 106.


 Scenario BOSCH Algo rmappo Exp benchmark_23_8_4 updates 6480/10416 episodes, total num timesteps 1866528/3000000, FPS 106.


 Scenario BOSCH Algo rmappo Exp benchmark_23_8_4 updates 6485/10416 episodes, total num timesteps 1867968/3000000, FPS 106.


 Scenario BOSCH Algo rmappo Exp benchmark_23_8_4 updates 6490/10416 episodes, total num timesteps 1869408/3000000, FPS 106.


 Scenario BOSCH Algo rmappo Exp benchmark_23_8_4 updates 6495/10416 episodes, total num timesteps 1870848/3000000, FPS 106.


 Scenario BOSCH Algo rmappo Exp benchmark_23_8_4 updates 6500/10416 episodes, total num timesteps 1872288/3000000, FPS 106.


[EVAL] BOSCH MARL Inference Solving Time for 36 periods: 0.6510 seconds
eval average episode rewards of agent0: -255.63611
eval average episode rewards of agent1: -252.59473
eval average episode rewards of agent2: -252.87798
eval average episode rewards of agent3: -252.53955
eval average episode rewards of agent4: -252.6595
eval average episode rewards of agent5: -252.6788
eval average episode rewards of agent6: -252.78549
eval average episode rewards of agent7: -252.45474
eval average episode rewards of agent8: -252.76575
eval average episode costs: Backlog: 67063.90, Inventory: 0.00, Maintenance: 63.35, Production: 4675.22, Setup: 2016.48, TOTAL: 73818.96

 Scenario BOSCH Algo rmappo Exp benchmark_23_8_4 updates 6505/10416 episodes, total num timesteps 1873728/3000000, FPS 106.


 Scenario BOSCH Algo rmappo Exp benchmark_23_8_4 updates 6510/10416 episodes, total num timesteps 1875168/3000000, FPS 106.


 Scenario BOSCH Algo rmappo Exp benchmark_23_8_4 updates 6515/10416 episodes, total num timesteps 1876608/3000000, FPS 106.


 Scenario BOSCH Algo rmappo Exp benchmark_23_8_4 updates 6520/10416 episodes, total num timesteps 1878048/3000000, FPS 106.


 Scenario BOSCH Algo rmappo Exp benchmark_23_8_4 updates 6525/10416 episodes, total num timesteps 1879488/3000000, FPS 106.


 Scenario BOSCH Algo rmappo Exp benchmark_23_8_4 updates 6530/10416 episodes, total num timesteps 1880928/3000000, FPS 106.


 Scenario BOSCH Algo rmappo Exp benchmark_23_8_4 updates 6535/10416 episodes, total num timesteps 1882368/3000000, FPS 106.


 Scenario BOSCH Algo rmappo Exp benchmark_23_8_4 updates 6540/10416 episodes, total num timesteps 1883808/3000000, FPS 106.


 Scenario BOSCH Algo rmappo Exp benchmark_23_8_4 updates 6545/10416 episodes, total num timesteps 1885248/3000000, FPS 106.


 Scenario BOSCH Algo rmappo Exp benchmark_23_8_4 updates 6550/10416 episodes, total num timesteps 1886688/3000000, FPS 106.


[EVAL] BOSCH MARL Inference Solving Time for 36 periods: 0.6699 seconds
eval average episode rewards of agent0: -253.93465
eval average episode rewards of agent1: -250.88037
eval average episode rewards of agent2: -251.21054
eval average episode rewards of agent3: -250.86626
eval average episode rewards of agent4: -250.99837
eval average episode rewards of agent5: -250.99442
eval average episode rewards of agent6: -251.08188
eval average episode rewards of agent7: -250.7612
eval average episode rewards of agent8: -251.07278
eval average episode costs: Backlog: 66607.27, Inventory: 0.00, Maintenance: 116.64, Production: 4721.34, Setup: 2007.54, TOTAL: 73452.79

 Scenario BOSCH Algo rmappo Exp benchmark_23_8_4 updates 6555/10416 episodes, total num timesteps 1888128/3000000, FPS 106.


 Scenario BOSCH Algo rmappo Exp benchmark_23_8_4 updates 6560/10416 episodes, total num timesteps 1889568/3000000, FPS 106.


 Scenario BOSCH Algo rmappo Exp benchmark_23_8_4 updates 6565/10416 episodes, total num timesteps 1891008/3000000, FPS 106.


 Scenario BOSCH Algo rmappo Exp benchmark_23_8_4 updates 6570/10416 episodes, total num timesteps 1892448/3000000, FPS 106.


 Scenario BOSCH Algo rmappo Exp benchmark_23_8_4 updates 6575/10416 episodes, total num timesteps 1893888/3000000, FPS 106.


 Scenario BOSCH Algo rmappo Exp benchmark_23_8_4 updates 6580/10416 episodes, total num timesteps 1895328/3000000, FPS 106.


 Scenario BOSCH Algo rmappo Exp benchmark_23_8_4 updates 6585/10416 episodes, total num timesteps 1896768/3000000, FPS 106.


 Scenario BOSCH Algo rmappo Exp benchmark_23_8_4 updates 6590/10416 episodes, total num timesteps 1898208/3000000, FPS 106.


 Scenario BOSCH Algo rmappo Exp benchmark_23_8_4 updates 6595/10416 episodes, total num timesteps 1899648/3000000, FPS 106.


 Scenario BOSCH Algo rmappo Exp benchmark_23_8_4 updates 6600/10416 episodes, total num timesteps 1901088/3000000, FPS 106.


[EVAL] BOSCH MARL Inference Solving Time for 36 periods: 0.6518 seconds
eval average episode rewards of agent0: -250.84029
eval average episode rewards of agent1: -247.57063
eval average episode rewards of agent2: -247.90475
eval average episode rewards of agent3: -247.58916
eval average episode rewards of agent4: -247.61365
eval average episode rewards of agent5: -247.69954
eval average episode rewards of agent6: -247.77426
eval average episode rewards of agent7: -247.4209
eval average episode rewards of agent8: -247.75154
eval average episode costs: Backlog: 65672.36, Inventory: 0.00, Maintenance: 151.88, Production: 4786.93, Setup: 2200.96, TOTAL: 72812.14

 Scenario BOSCH Algo rmappo Exp benchmark_23_8_4 updates 6605/10416 episodes, total num timesteps 1902528/3000000, FPS 106.


 Scenario BOSCH Algo rmappo Exp benchmark_23_8_4 updates 6610/10416 episodes, total num timesteps 1903968/3000000, FPS 106.


 Scenario BOSCH Algo rmappo Exp benchmark_23_8_4 updates 6615/10416 episodes, total num timesteps 1905408/3000000, FPS 106.


 Scenario BOSCH Algo rmappo Exp benchmark_23_8_4 updates 6620/10416 episodes, total num timesteps 1906848/3000000, FPS 106.


 Scenario BOSCH Algo rmappo Exp benchmark_23_8_4 updates 6625/10416 episodes, total num timesteps 1908288/3000000, FPS 106.


 Scenario BOSCH Algo rmappo Exp benchmark_23_8_4 updates 6630/10416 episodes, total num timesteps 1909728/3000000, FPS 106.


 Scenario BOSCH Algo rmappo Exp benchmark_23_8_4 updates 6635/10416 episodes, total num timesteps 1911168/3000000, FPS 106.


 Scenario BOSCH Algo rmappo Exp benchmark_23_8_4 updates 6640/10416 episodes, total num timesteps 1912608/3000000, FPS 106.


 Scenario BOSCH Algo rmappo Exp benchmark_23_8_4 updates 6645/10416 episodes, total num timesteps 1914048/3000000, FPS 106.


 Scenario BOSCH Algo rmappo Exp benchmark_23_8_4 updates 6650/10416 episodes, total num timesteps 1915488/3000000, FPS 106.


[EVAL] BOSCH MARL Inference Solving Time for 36 periods: 0.6556 seconds
eval average episode rewards of agent0: -254.77475
eval average episode rewards of agent1: -251.78552
eval average episode rewards of agent2: -252.07356
eval average episode rewards of agent3: -251.7791
eval average episode rewards of agent4: -251.8228
eval average episode rewards of agent5: -251.87576
eval average episode rewards of agent6: -251.97226
eval average episode rewards of agent7: -251.62239
eval average episode rewards of agent8: -251.96924
eval average episode costs: Backlog: 66878.81, Inventory: 0.00, Maintenance: 79.03, Production: 4617.70, Setup: 1907.18, TOTAL: 73482.73

 Scenario BOSCH Algo rmappo Exp benchmark_23_8_4 updates 6655/10416 episodes, total num timesteps 1916928/3000000, FPS 106.


 Scenario BOSCH Algo rmappo Exp benchmark_23_8_4 updates 6660/10416 episodes, total num timesteps 1918368/3000000, FPS 106.


 Scenario BOSCH Algo rmappo Exp benchmark_23_8_4 updates 6665/10416 episodes, total num timesteps 1919808/3000000, FPS 106.


 Scenario BOSCH Algo rmappo Exp benchmark_23_8_4 updates 6670/10416 episodes, total num timesteps 1921248/3000000, FPS 106.


 Scenario BOSCH Algo rmappo Exp benchmark_23_8_4 updates 6675/10416 episodes, total num timesteps 1922688/3000000, FPS 106.


 Scenario BOSCH Algo rmappo Exp benchmark_23_8_4 updates 6680/10416 episodes, total num timesteps 1924128/3000000, FPS 106.


 Scenario BOSCH Algo rmappo Exp benchmark_23_8_4 updates 6685/10416 episodes, total num timesteps 1925568/3000000, FPS 106.


 Scenario BOSCH Algo rmappo Exp benchmark_23_8_4 updates 6690/10416 episodes, total num timesteps 1927008/3000000, FPS 106.


 Scenario BOSCH Algo rmappo Exp benchmark_23_8_4 updates 6695/10416 episodes, total num timesteps 1928448/3000000, FPS 106.


 Scenario BOSCH Algo rmappo Exp benchmark_23_8_4 updates 6700/10416 episodes, total num timesteps 1929888/3000000, FPS 106.


[EVAL] BOSCH MARL Inference Solving Time for 36 periods: 0.6506 seconds
eval average episode rewards of agent0: -254.61076
eval average episode rewards of agent1: -251.5207
eval average episode rewards of agent2: -251.75967
eval average episode rewards of agent3: -251.48491
eval average episode rewards of agent4: -251.53264
eval average episode rewards of agent5: -251.64214
eval average episode rewards of agent6: -251.6951
eval average episode rewards of agent7: -251.35733
eval average episode rewards of agent8: -251.70578
eval average episode costs: Backlog: 66763.92, Inventory: 0.00, Maintenance: 66.48, Production: 4622.33, Setup: 2081.47, TOTAL: 73534.20

 Scenario BOSCH Algo rmappo Exp benchmark_23_8_4 updates 6705/10416 episodes, total num timesteps 1931328/3000000, FPS 106.


 Scenario BOSCH Algo rmappo Exp benchmark_23_8_4 updates 6710/10416 episodes, total num timesteps 1932768/3000000, FPS 106.


 Scenario BOSCH Algo rmappo Exp benchmark_23_8_4 updates 6715/10416 episodes, total num timesteps 1934208/3000000, FPS 106.


 Scenario BOSCH Algo rmappo Exp benchmark_23_8_4 updates 6720/10416 episodes, total num timesteps 1935648/3000000, FPS 106.


 Scenario BOSCH Algo rmappo Exp benchmark_23_8_4 updates 6725/10416 episodes, total num timesteps 1937088/3000000, FPS 106.


 Scenario BOSCH Algo rmappo Exp benchmark_23_8_4 updates 6730/10416 episodes, total num timesteps 1938528/3000000, FPS 106.


 Scenario BOSCH Algo rmappo Exp benchmark_23_8_4 updates 6735/10416 episodes, total num timesteps 1939968/3000000, FPS 106.


 Scenario BOSCH Algo rmappo Exp benchmark_23_8_4 updates 6740/10416 episodes, total num timesteps 1941408/3000000, FPS 106.


 Scenario BOSCH Algo rmappo Exp benchmark_23_8_4 updates 6745/10416 episodes, total num timesteps 1942848/3000000, FPS 106.


 Scenario BOSCH Algo rmappo Exp benchmark_23_8_4 updates 6750/10416 episodes, total num timesteps 1944288/3000000, FPS 106.


[EVAL] BOSCH MARL Inference Solving Time for 36 periods: 0.6490 seconds
eval average episode rewards of agent0: -252.84212
eval average episode rewards of agent1: -249.61514
eval average episode rewards of agent2: -249.94492
eval average episode rewards of agent3: -249.6305
eval average episode rewards of agent4: -249.63228
eval average episode rewards of agent5: -249.68156
eval average episode rewards of agent6: -249.78781
eval average episode rewards of agent7: -249.43604
eval average episode rewards of agent8: -249.83064
eval average episode costs: Backlog: 66214.11, Inventory: 0.00, Maintenance: 150.45, Production: 4758.39, Setup: 2171.76, TOTAL: 73294.71

 Scenario BOSCH Algo rmappo Exp benchmark_23_8_4 updates 6755/10416 episodes, total num timesteps 1945728/3000000, FPS 106.


 Scenario BOSCH Algo rmappo Exp benchmark_23_8_4 updates 6760/10416 episodes, total num timesteps 1947168/3000000, FPS 106.


 Scenario BOSCH Algo rmappo Exp benchmark_23_8_4 updates 6765/10416 episodes, total num timesteps 1948608/3000000, FPS 106.


 Scenario BOSCH Algo rmappo Exp benchmark_23_8_4 updates 6770/10416 episodes, total num timesteps 1950048/3000000, FPS 106.


 Scenario BOSCH Algo rmappo Exp benchmark_23_8_4 updates 6775/10416 episodes, total num timesteps 1951488/3000000, FPS 106.


 Scenario BOSCH Algo rmappo Exp benchmark_23_8_4 updates 6780/10416 episodes, total num timesteps 1952928/3000000, FPS 106.


 Scenario BOSCH Algo rmappo Exp benchmark_23_8_4 updates 6785/10416 episodes, total num timesteps 1954368/3000000, FPS 106.


 Scenario BOSCH Algo rmappo Exp benchmark_23_8_4 updates 6790/10416 episodes, total num timesteps 1955808/3000000, FPS 106.


 Scenario BOSCH Algo rmappo Exp benchmark_23_8_4 updates 6795/10416 episodes, total num timesteps 1957248/3000000, FPS 106.


 Scenario BOSCH Algo rmappo Exp benchmark_23_8_4 updates 6800/10416 episodes, total num timesteps 1958688/3000000, FPS 106.


[EVAL] BOSCH MARL Inference Solving Time for 36 periods: 0.6480 seconds
eval average episode rewards of agent0: -251.88638
eval average episode rewards of agent1: -248.6945
eval average episode rewards of agent2: -248.99678
eval average episode rewards of agent3: -248.70634
eval average episode rewards of agent4: -248.7382
eval average episode rewards of agent5: -248.7839
eval average episode rewards of agent6: -248.86307
eval average episode rewards of agent7: -248.53104
eval average episode rewards of agent8: -248.8765
eval average episode costs: Backlog: 66004.36, Inventory: 0.00, Maintenance: 93.64, Production: 4748.01, Setup: 2117.44, TOTAL: 72963.45

 Scenario BOSCH Algo rmappo Exp benchmark_23_8_4 updates 6805/10416 episodes, total num timesteps 1960128/3000000, FPS 106.


 Scenario BOSCH Algo rmappo Exp benchmark_23_8_4 updates 6810/10416 episodes, total num timesteps 1961568/3000000, FPS 106.


 Scenario BOSCH Algo rmappo Exp benchmark_23_8_4 updates 6815/10416 episodes, total num timesteps 1963008/3000000, FPS 106.


 Scenario BOSCH Algo rmappo Exp benchmark_23_8_4 updates 6820/10416 episodes, total num timesteps 1964448/3000000, FPS 106.


 Scenario BOSCH Algo rmappo Exp benchmark_23_8_4 updates 6825/10416 episodes, total num timesteps 1965888/3000000, FPS 106.


 Scenario BOSCH Algo rmappo Exp benchmark_23_8_4 updates 6830/10416 episodes, total num timesteps 1967328/3000000, FPS 106.


 Scenario BOSCH Algo rmappo Exp benchmark_23_8_4 updates 6835/10416 episodes, total num timesteps 1968768/3000000, FPS 106.


 Scenario BOSCH Algo rmappo Exp benchmark_23_8_4 updates 6840/10416 episodes, total num timesteps 1970208/3000000, FPS 106.


 Scenario BOSCH Algo rmappo Exp benchmark_23_8_4 updates 6845/10416 episodes, total num timesteps 1971648/3000000, FPS 106.


 Scenario BOSCH Algo rmappo Exp benchmark_23_8_4 updates 6850/10416 episodes, total num timesteps 1973088/3000000, FPS 106.


[EVAL] BOSCH MARL Inference Solving Time for 36 periods: 0.6470 seconds
eval average episode rewards of agent0: -263.9151
eval average episode rewards of agent1: -260.99313
eval average episode rewards of agent2: -261.36752
eval average episode rewards of agent3: -261.11145
eval average episode rewards of agent4: -261.02188
eval average episode rewards of agent5: -261.05292
eval average episode rewards of agent6: -261.1624
eval average episode rewards of agent7: -260.9262
eval average episode rewards of agent8: -261.13846
eval average episode costs: Backlog: 69263.94, Inventory: 0.00, Maintenance: 232.32, Production: 4212.02, Setup: 1920.70, TOTAL: 75628.98

 Scenario BOSCH Algo rmappo Exp benchmark_23_8_4 updates 6855/10416 episodes, total num timesteps 1974528/3000000, FPS 106.


 Scenario BOSCH Algo rmappo Exp benchmark_23_8_4 updates 6860/10416 episodes, total num timesteps 1975968/3000000, FPS 106.


 Scenario BOSCH Algo rmappo Exp benchmark_23_8_4 updates 6865/10416 episodes, total num timesteps 1977408/3000000, FPS 106.


 Scenario BOSCH Algo rmappo Exp benchmark_23_8_4 updates 6870/10416 episodes, total num timesteps 1978848/3000000, FPS 106.


 Scenario BOSCH Algo rmappo Exp benchmark_23_8_4 updates 6875/10416 episodes, total num timesteps 1980288/3000000, FPS 106.


 Scenario BOSCH Algo rmappo Exp benchmark_23_8_4 updates 6880/10416 episodes, total num timesteps 1981728/3000000, FPS 106.


 Scenario BOSCH Algo rmappo Exp benchmark_23_8_4 updates 6885/10416 episodes, total num timesteps 1983168/3000000, FPS 106.


 Scenario BOSCH Algo rmappo Exp benchmark_23_8_4 updates 6890/10416 episodes, total num timesteps 1984608/3000000, FPS 106.


 Scenario BOSCH Algo rmappo Exp benchmark_23_8_4 updates 6895/10416 episodes, total num timesteps 1986048/3000000, FPS 106.


 Scenario BOSCH Algo rmappo Exp benchmark_23_8_4 updates 6900/10416 episodes, total num timesteps 1987488/3000000, FPS 106.


[EVAL] BOSCH MARL Inference Solving Time for 36 periods: 0.6473 seconds
eval average episode rewards of agent0: -271.764
eval average episode rewards of agent1: -269.2937
eval average episode rewards of agent2: -269.58774
eval average episode rewards of agent3: -269.29974
eval average episode rewards of agent4: -269.36667
eval average episode rewards of agent5: -269.35675
eval average episode rewards of agent6: -269.4266
eval average episode rewards of agent7: -269.12744
eval average episode rewards of agent8: -269.4402
eval average episode costs: Backlog: 71528.55, Inventory: 0.00, Maintenance: 117.99, Production: 4199.51, Setup: 1677.42, TOTAL: 77523.46

 Scenario BOSCH Algo rmappo Exp benchmark_23_8_4 updates 6905/10416 episodes, total num timesteps 1988928/3000000, FPS 106.


 Scenario BOSCH Algo rmappo Exp benchmark_23_8_4 updates 6910/10416 episodes, total num timesteps 1990368/3000000, FPS 106.


 Scenario BOSCH Algo rmappo Exp benchmark_23_8_4 updates 6915/10416 episodes, total num timesteps 1991808/3000000, FPS 106.


 Scenario BOSCH Algo rmappo Exp benchmark_23_8_4 updates 6920/10416 episodes, total num timesteps 1993248/3000000, FPS 106.


 Scenario BOSCH Algo rmappo Exp benchmark_23_8_4 updates 6925/10416 episodes, total num timesteps 1994688/3000000, FPS 106.


 Scenario BOSCH Algo rmappo Exp benchmark_23_8_4 updates 6930/10416 episodes, total num timesteps 1996128/3000000, FPS 106.


 Scenario BOSCH Algo rmappo Exp benchmark_23_8_4 updates 6935/10416 episodes, total num timesteps 1997568/3000000, FPS 106.


 Scenario BOSCH Algo rmappo Exp benchmark_23_8_4 updates 6940/10416 episodes, total num timesteps 1999008/3000000, FPS 106.


 Scenario BOSCH Algo rmappo Exp benchmark_23_8_4 updates 6945/10416 episodes, total num timesteps 2000448/3000000, FPS 106.


 Scenario BOSCH Algo rmappo Exp benchmark_23_8_4 updates 6950/10416 episodes, total num timesteps 2001888/3000000, FPS 106.


[EVAL] BOSCH MARL Inference Solving Time for 36 periods: 0.6491 seconds
eval average episode rewards of agent0: -261.81342
eval average episode rewards of agent1: -259.16077
eval average episode rewards of agent2: -259.43652
eval average episode rewards of agent3: -259.16986
eval average episode rewards of agent4: -259.1228
eval average episode rewards of agent5: -259.21664
eval average episode rewards of agent6: -259.28506
eval average episode rewards of agent7: -258.98462
eval average episode rewards of agent8: -259.2956
eval average episode costs: Backlog: 68805.62, Inventory: 0.00, Maintenance: 137.82, Production: 4562.38, Setup: 1835.76, TOTAL: 75341.58

 Scenario BOSCH Algo rmappo Exp benchmark_23_8_4 updates 6955/10416 episodes, total num timesteps 2003328/3000000, FPS 106.


 Scenario BOSCH Algo rmappo Exp benchmark_23_8_4 updates 6960/10416 episodes, total num timesteps 2004768/3000000, FPS 106.


 Scenario BOSCH Algo rmappo Exp benchmark_23_8_4 updates 6965/10416 episodes, total num timesteps 2006208/3000000, FPS 106.


 Scenario BOSCH Algo rmappo Exp benchmark_23_8_4 updates 6970/10416 episodes, total num timesteps 2007648/3000000, FPS 106.


 Scenario BOSCH Algo rmappo Exp benchmark_23_8_4 updates 6975/10416 episodes, total num timesteps 2009088/3000000, FPS 106.


 Scenario BOSCH Algo rmappo Exp benchmark_23_8_4 updates 6980/10416 episodes, total num timesteps 2010528/3000000, FPS 106.


 Scenario BOSCH Algo rmappo Exp benchmark_23_8_4 updates 6985/10416 episodes, total num timesteps 2011968/3000000, FPS 106.


 Scenario BOSCH Algo rmappo Exp benchmark_23_8_4 updates 6990/10416 episodes, total num timesteps 2013408/3000000, FPS 106.


 Scenario BOSCH Algo rmappo Exp benchmark_23_8_4 updates 6995/10416 episodes, total num timesteps 2014848/3000000, FPS 106.


 Scenario BOSCH Algo rmappo Exp benchmark_23_8_4 updates 7000/10416 episodes, total num timesteps 2016288/3000000, FPS 106.


[EVAL] BOSCH MARL Inference Solving Time for 36 periods: 0.6519 seconds
eval average episode rewards of agent0: -248.21542
eval average episode rewards of agent1: -245.23035
eval average episode rewards of agent2: -245.71118
eval average episode rewards of agent3: -245.33017
eval average episode rewards of agent4: -245.19695
eval average episode rewards of agent5: -245.32141
eval average episode rewards of agent6: -245.4274
eval average episode rewards of agent7: -245.07307
eval average episode rewards of agent8: -245.4385
eval average episode costs: Backlog: 65079.07, Inventory: 0.00, Maintenance: 284.27, Production: 4900.89, Setup: 1973.84, TOTAL: 72238.08

 Scenario BOSCH Algo rmappo Exp benchmark_23_8_4 updates 7005/10416 episodes, total num timesteps 2017728/3000000, FPS 106.


 Scenario BOSCH Algo rmappo Exp benchmark_23_8_4 updates 7010/10416 episodes, total num timesteps 2019168/3000000, FPS 106.


 Scenario BOSCH Algo rmappo Exp benchmark_23_8_4 updates 7015/10416 episodes, total num timesteps 2020608/3000000, FPS 106.


 Scenario BOSCH Algo rmappo Exp benchmark_23_8_4 updates 7020/10416 episodes, total num timesteps 2022048/3000000, FPS 106.


 Scenario BOSCH Algo rmappo Exp benchmark_23_8_4 updates 7025/10416 episodes, total num timesteps 2023488/3000000, FPS 106.


 Scenario BOSCH Algo rmappo Exp benchmark_23_8_4 updates 7030/10416 episodes, total num timesteps 2024928/3000000, FPS 106.


 Scenario BOSCH Algo rmappo Exp benchmark_23_8_4 updates 7035/10416 episodes, total num timesteps 2026368/3000000, FPS 106.


 Scenario BOSCH Algo rmappo Exp benchmark_23_8_4 updates 7040/10416 episodes, total num timesteps 2027808/3000000, FPS 106.


 Scenario BOSCH Algo rmappo Exp benchmark_23_8_4 updates 7045/10416 episodes, total num timesteps 2029248/3000000, FPS 106.


 Scenario BOSCH Algo rmappo Exp benchmark_23_8_4 updates 7050/10416 episodes, total num timesteps 2030688/3000000, FPS 106.


[EVAL] BOSCH MARL Inference Solving Time for 36 periods: 0.6562 seconds
eval average episode rewards of agent0: -253.83438
eval average episode rewards of agent1: -251.1423
eval average episode rewards of agent2: -251.40034
eval average episode rewards of agent3: -251.15298
eval average episode rewards of agent4: -251.11234
eval average episode rewards of agent5: -251.19536
eval average episode rewards of agent6: -251.27963
eval average episode rewards of agent7: -251.00815
eval average episode rewards of agent8: -251.31319
eval average episode costs: Backlog: 66710.41, Inventory: 0.00, Maintenance: 75.70, Production: 4711.85, Setup: 1863.24, TOTAL: 73361.20

 Scenario BOSCH Algo rmappo Exp benchmark_23_8_4 updates 7055/10416 episodes, total num timesteps 2032128/3000000, FPS 106.


 Scenario BOSCH Algo rmappo Exp benchmark_23_8_4 updates 7060/10416 episodes, total num timesteps 2033568/3000000, FPS 106.


 Scenario BOSCH Algo rmappo Exp benchmark_23_8_4 updates 7065/10416 episodes, total num timesteps 2035008/3000000, FPS 106.


 Scenario BOSCH Algo rmappo Exp benchmark_23_8_4 updates 7070/10416 episodes, total num timesteps 2036448/3000000, FPS 106.


 Scenario BOSCH Algo rmappo Exp benchmark_23_8_4 updates 7075/10416 episodes, total num timesteps 2037888/3000000, FPS 106.


 Scenario BOSCH Algo rmappo Exp benchmark_23_8_4 updates 7080/10416 episodes, total num timesteps 2039328/3000000, FPS 106.


 Scenario BOSCH Algo rmappo Exp benchmark_23_8_4 updates 7085/10416 episodes, total num timesteps 2040768/3000000, FPS 106.


 Scenario BOSCH Algo rmappo Exp benchmark_23_8_4 updates 7090/10416 episodes, total num timesteps 2042208/3000000, FPS 106.


 Scenario BOSCH Algo rmappo Exp benchmark_23_8_4 updates 7095/10416 episodes, total num timesteps 2043648/3000000, FPS 106.


 Scenario BOSCH Algo rmappo Exp benchmark_23_8_4 updates 7100/10416 episodes, total num timesteps 2045088/3000000, FPS 106.


[EVAL] BOSCH MARL Inference Solving Time for 36 periods: 0.6486 seconds
eval average episode rewards of agent0: -244.46005
eval average episode rewards of agent1: -241.45288
eval average episode rewards of agent2: -241.7249
eval average episode rewards of agent3: -241.4332
eval average episode rewards of agent4: -241.4246
eval average episode rewards of agent5: -241.49031
eval average episode rewards of agent6: -241.63757
eval average episode rewards of agent7: -241.30042
eval average episode rewards of agent8: -241.64482
eval average episode costs: Backlog: 64154.29, Inventory: 0.00, Maintenance: 60.76, Production: 4897.94, Setup: 1930.73, TOTAL: 71043.73

 Scenario BOSCH Algo rmappo Exp benchmark_23_8_4 updates 7105/10416 episodes, total num timesteps 2046528/3000000, FPS 106.


 Scenario BOSCH Algo rmappo Exp benchmark_23_8_4 updates 7110/10416 episodes, total num timesteps 2047968/3000000, FPS 106.


 Scenario BOSCH Algo rmappo Exp benchmark_23_8_4 updates 7115/10416 episodes, total num timesteps 2049408/3000000, FPS 106.


 Scenario BOSCH Algo rmappo Exp benchmark_23_8_4 updates 7120/10416 episodes, total num timesteps 2050848/3000000, FPS 106.


 Scenario BOSCH Algo rmappo Exp benchmark_23_8_4 updates 7125/10416 episodes, total num timesteps 2052288/3000000, FPS 106.


 Scenario BOSCH Algo rmappo Exp benchmark_23_8_4 updates 7130/10416 episodes, total num timesteps 2053728/3000000, FPS 106.


 Scenario BOSCH Algo rmappo Exp benchmark_23_8_4 updates 7135/10416 episodes, total num timesteps 2055168/3000000, FPS 106.


 Scenario BOSCH Algo rmappo Exp benchmark_23_8_4 updates 7140/10416 episodes, total num timesteps 2056608/3000000, FPS 106.


 Scenario BOSCH Algo rmappo Exp benchmark_23_8_4 updates 7145/10416 episodes, total num timesteps 2058048/3000000, FPS 106.


 Scenario BOSCH Algo rmappo Exp benchmark_23_8_4 updates 7150/10416 episodes, total num timesteps 2059488/3000000, FPS 106.


[EVAL] BOSCH MARL Inference Solving Time for 36 periods: 0.6518 seconds
eval average episode rewards of agent0: -243.34062
eval average episode rewards of agent1: -240.29973
eval average episode rewards of agent2: -240.58798
eval average episode rewards of agent3: -240.2915
eval average episode rewards of agent4: -240.30399
eval average episode rewards of agent5: -240.37321
eval average episode rewards of agent6: -240.45158
eval average episode rewards of agent7: -240.16875
eval average episode rewards of agent8: -240.47083
eval average episode costs: Backlog: 63810.30, Inventory: 0.00, Maintenance: 69.18, Production: 5011.41, Setup: 2069.40, TOTAL: 70960.29

 Scenario BOSCH Algo rmappo Exp benchmark_23_8_4 updates 7155/10416 episodes, total num timesteps 2060928/3000000, FPS 106.


 Scenario BOSCH Algo rmappo Exp benchmark_23_8_4 updates 7160/10416 episodes, total num timesteps 2062368/3000000, FPS 106.


 Scenario BOSCH Algo rmappo Exp benchmark_23_8_4 updates 7165/10416 episodes, total num timesteps 2063808/3000000, FPS 106.


 Scenario BOSCH Algo rmappo Exp benchmark_23_8_4 updates 7170/10416 episodes, total num timesteps 2065248/3000000, FPS 106.


 Scenario BOSCH Algo rmappo Exp benchmark_23_8_4 updates 7175/10416 episodes, total num timesteps 2066688/3000000, FPS 106.


 Scenario BOSCH Algo rmappo Exp benchmark_23_8_4 updates 7180/10416 episodes, total num timesteps 2068128/3000000, FPS 106.


 Scenario BOSCH Algo rmappo Exp benchmark_23_8_4 updates 7185/10416 episodes, total num timesteps 2069568/3000000, FPS 106.


 Scenario BOSCH Algo rmappo Exp benchmark_23_8_4 updates 7190/10416 episodes, total num timesteps 2071008/3000000, FPS 106.


 Scenario BOSCH Algo rmappo Exp benchmark_23_8_4 updates 7195/10416 episodes, total num timesteps 2072448/3000000, FPS 106.


 Scenario BOSCH Algo rmappo Exp benchmark_23_8_4 updates 7200/10416 episodes, total num timesteps 2073888/3000000, FPS 106.


[EVAL] BOSCH MARL Inference Solving Time for 36 periods: 0.6462 seconds
eval average episode rewards of agent0: -255.5855
eval average episode rewards of agent1: -252.74063
eval average episode rewards of agent2: -253.00093
eval average episode rewards of agent3: -252.70407
eval average episode rewards of agent4: -252.72867
eval average episode rewards of agent5: -252.7989
eval average episode rewards of agent6: -252.82256
eval average episode rewards of agent7: -252.61601
eval average episode rewards of agent8: -252.84981
eval average episode costs: Backlog: 67085.35, Inventory: 0.00, Maintenance: 57.88, Production: 4795.11, Setup: 2032.80, TOTAL: 73971.14

 Scenario BOSCH Algo rmappo Exp benchmark_23_8_4 updates 7205/10416 episodes, total num timesteps 2075328/3000000, FPS 106.


 Scenario BOSCH Algo rmappo Exp benchmark_23_8_4 updates 7210/10416 episodes, total num timesteps 2076768/3000000, FPS 106.


 Scenario BOSCH Algo rmappo Exp benchmark_23_8_4 updates 7215/10416 episodes, total num timesteps 2078208/3000000, FPS 106.


 Scenario BOSCH Algo rmappo Exp benchmark_23_8_4 updates 7220/10416 episodes, total num timesteps 2079648/3000000, FPS 106.


 Scenario BOSCH Algo rmappo Exp benchmark_23_8_4 updates 7225/10416 episodes, total num timesteps 2081088/3000000, FPS 106.


 Scenario BOSCH Algo rmappo Exp benchmark_23_8_4 updates 7230/10416 episodes, total num timesteps 2082528/3000000, FPS 106.


 Scenario BOSCH Algo rmappo Exp benchmark_23_8_4 updates 7235/10416 episodes, total num timesteps 2083968/3000000, FPS 106.


 Scenario BOSCH Algo rmappo Exp benchmark_23_8_4 updates 7240/10416 episodes, total num timesteps 2085408/3000000, FPS 106.


 Scenario BOSCH Algo rmappo Exp benchmark_23_8_4 updates 7245/10416 episodes, total num timesteps 2086848/3000000, FPS 106.


 Scenario BOSCH Algo rmappo Exp benchmark_23_8_4 updates 7250/10416 episodes, total num timesteps 2088288/3000000, FPS 106.


[EVAL] BOSCH MARL Inference Solving Time for 36 periods: 0.8193 seconds
eval average episode rewards of agent0: -246.34363
eval average episode rewards of agent1: -243.35152
eval average episode rewards of agent2: -243.6744
eval average episode rewards of agent3: -243.34937
eval average episode rewards of agent4: -243.34111
eval average episode rewards of agent5: -243.41281
eval average episode rewards of agent6: -243.51761
eval average episode rewards of agent7: -243.23557
eval average episode rewards of agent8: -243.5459
eval average episode costs: Backlog: 64613.30, Inventory: 0.00, Maintenance: 70.36, Production: 4963.99, Setup: 2075.56, TOTAL: 71723.22

 Scenario BOSCH Algo rmappo Exp benchmark_23_8_4 updates 7255/10416 episodes, total num timesteps 2089728/3000000, FPS 106.


 Scenario BOSCH Algo rmappo Exp benchmark_23_8_4 updates 7260/10416 episodes, total num timesteps 2091168/3000000, FPS 106.


 Scenario BOSCH Algo rmappo Exp benchmark_23_8_4 updates 7265/10416 episodes, total num timesteps 2092608/3000000, FPS 106.


 Scenario BOSCH Algo rmappo Exp benchmark_23_8_4 updates 7270/10416 episodes, total num timesteps 2094048/3000000, FPS 106.


 Scenario BOSCH Algo rmappo Exp benchmark_23_8_4 updates 7275/10416 episodes, total num timesteps 2095488/3000000, FPS 106.


 Scenario BOSCH Algo rmappo Exp benchmark_23_8_4 updates 7280/10416 episodes, total num timesteps 2096928/3000000, FPS 106.


 Scenario BOSCH Algo rmappo Exp benchmark_23_8_4 updates 7285/10416 episodes, total num timesteps 2098368/3000000, FPS 106.


 Scenario BOSCH Algo rmappo Exp benchmark_23_8_4 updates 7290/10416 episodes, total num timesteps 2099808/3000000, FPS 106.


 Scenario BOSCH Algo rmappo Exp benchmark_23_8_4 updates 7295/10416 episodes, total num timesteps 2101248/3000000, FPS 106.


 Scenario BOSCH Algo rmappo Exp benchmark_23_8_4 updates 7300/10416 episodes, total num timesteps 2102688/3000000, FPS 106.


[EVAL] BOSCH MARL Inference Solving Time for 36 periods: 0.6523 seconds
eval average episode rewards of agent0: -254.85172
eval average episode rewards of agent1: -252.02629
eval average episode rewards of agent2: -252.29684
eval average episode rewards of agent3: -252.04599
eval average episode rewards of agent4: -252.02583
eval average episode rewards of agent5: -252.10945
eval average episode rewards of agent6: -252.1644
eval average episode rewards of agent7: -251.91887
eval average episode rewards of agent8: -252.18588
eval average episode costs: Backlog: 66916.59, Inventory: 0.00, Maintenance: 75.69, Production: 4741.17, Setup: 1977.30, TOTAL: 73710.75

 Scenario BOSCH Algo rmappo Exp benchmark_23_8_4 updates 7305/10416 episodes, total num timesteps 2104128/3000000, FPS 106.


 Scenario BOSCH Algo rmappo Exp benchmark_23_8_4 updates 7310/10416 episodes, total num timesteps 2105568/3000000, FPS 106.


 Scenario BOSCH Algo rmappo Exp benchmark_23_8_4 updates 7315/10416 episodes, total num timesteps 2107008/3000000, FPS 106.


 Scenario BOSCH Algo rmappo Exp benchmark_23_8_4 updates 7320/10416 episodes, total num timesteps 2108448/3000000, FPS 106.


 Scenario BOSCH Algo rmappo Exp benchmark_23_8_4 updates 7325/10416 episodes, total num timesteps 2109888/3000000, FPS 106.


 Scenario BOSCH Algo rmappo Exp benchmark_23_8_4 updates 7330/10416 episodes, total num timesteps 2111328/3000000, FPS 106.


 Scenario BOSCH Algo rmappo Exp benchmark_23_8_4 updates 7335/10416 episodes, total num timesteps 2112768/3000000, FPS 106.


 Scenario BOSCH Algo rmappo Exp benchmark_23_8_4 updates 7340/10416 episodes, total num timesteps 2114208/3000000, FPS 106.


 Scenario BOSCH Algo rmappo Exp benchmark_23_8_4 updates 7345/10416 episodes, total num timesteps 2115648/3000000, FPS 106.


 Scenario BOSCH Algo rmappo Exp benchmark_23_8_4 updates 7350/10416 episodes, total num timesteps 2117088/3000000, FPS 106.


[EVAL] BOSCH MARL Inference Solving Time for 36 periods: 0.6517 seconds
eval average episode rewards of agent0: -240.48389
eval average episode rewards of agent1: -237.35635
eval average episode rewards of agent2: -237.8068
eval average episode rewards of agent3: -237.37741
eval average episode rewards of agent4: -237.3258
eval average episode rewards of agent5: -237.43486
eval average episode rewards of agent6: -237.48515
eval average episode rewards of agent7: -237.19412
eval average episode rewards of agent8: -237.48796
eval average episode costs: Backlog: 62982.55, Inventory: 0.00, Maintenance: 227.15, Production: 5163.88, Setup: 2100.98, TOTAL: 70474.55

 Scenario BOSCH Algo rmappo Exp benchmark_23_8_4 updates 7355/10416 episodes, total num timesteps 2118528/3000000, FPS 106.


 Scenario BOSCH Algo rmappo Exp benchmark_23_8_4 updates 7360/10416 episodes, total num timesteps 2119968/3000000, FPS 106.


 Scenario BOSCH Algo rmappo Exp benchmark_23_8_4 updates 7365/10416 episodes, total num timesteps 2121408/3000000, FPS 106.


 Scenario BOSCH Algo rmappo Exp benchmark_23_8_4 updates 7370/10416 episodes, total num timesteps 2122848/3000000, FPS 106.


 Scenario BOSCH Algo rmappo Exp benchmark_23_8_4 updates 7375/10416 episodes, total num timesteps 2124288/3000000, FPS 106.


 Scenario BOSCH Algo rmappo Exp benchmark_23_8_4 updates 7380/10416 episodes, total num timesteps 2125728/3000000, FPS 106.


 Scenario BOSCH Algo rmappo Exp benchmark_23_8_4 updates 7385/10416 episodes, total num timesteps 2127168/3000000, FPS 106.


 Scenario BOSCH Algo rmappo Exp benchmark_23_8_4 updates 7390/10416 episodes, total num timesteps 2128608/3000000, FPS 106.


 Scenario BOSCH Algo rmappo Exp benchmark_23_8_4 updates 7395/10416 episodes, total num timesteps 2130048/3000000, FPS 106.


 Scenario BOSCH Algo rmappo Exp benchmark_23_8_4 updates 7400/10416 episodes, total num timesteps 2131488/3000000, FPS 106.


[EVAL] BOSCH MARL Inference Solving Time for 36 periods: 0.6652 seconds
eval average episode rewards of agent0: -236.93819
eval average episode rewards of agent1: -233.68222
eval average episode rewards of agent2: -234.05261
eval average episode rewards of agent3: -233.72542
eval average episode rewards of agent4: -233.68945
eval average episode rewards of agent5: -233.75858
eval average episode rewards of agent6: -233.82712
eval average episode rewards of agent7: -233.54414
eval average episode rewards of agent8: -233.8385
eval average episode costs: Backlog: 62028.36, Inventory: 0.00, Maintenance: 135.91, Production: 5246.64, Setup: 2160.84, TOTAL: 69571.75

 Scenario BOSCH Algo rmappo Exp benchmark_23_8_4 updates 7405/10416 episodes, total num timesteps 2132928/3000000, FPS 106.


 Scenario BOSCH Algo rmappo Exp benchmark_23_8_4 updates 7410/10416 episodes, total num timesteps 2134368/3000000, FPS 106.


 Scenario BOSCH Algo rmappo Exp benchmark_23_8_4 updates 7415/10416 episodes, total num timesteps 2135808/3000000, FPS 106.


 Scenario BOSCH Algo rmappo Exp benchmark_23_8_4 updates 7420/10416 episodes, total num timesteps 2137248/3000000, FPS 106.


 Scenario BOSCH Algo rmappo Exp benchmark_23_8_4 updates 7425/10416 episodes, total num timesteps 2138688/3000000, FPS 106.


 Scenario BOSCH Algo rmappo Exp benchmark_23_8_4 updates 7430/10416 episodes, total num timesteps 2140128/3000000, FPS 106.


 Scenario BOSCH Algo rmappo Exp benchmark_23_8_4 updates 7435/10416 episodes, total num timesteps 2141568/3000000, FPS 106.


 Scenario BOSCH Algo rmappo Exp benchmark_23_8_4 updates 7440/10416 episodes, total num timesteps 2143008/3000000, FPS 106.


 Scenario BOSCH Algo rmappo Exp benchmark_23_8_4 updates 7445/10416 episodes, total num timesteps 2144448/3000000, FPS 106.


 Scenario BOSCH Algo rmappo Exp benchmark_23_8_4 updates 7450/10416 episodes, total num timesteps 2145888/3000000, FPS 106.


[EVAL] BOSCH MARL Inference Solving Time for 36 periods: 0.6507 seconds
eval average episode rewards of agent0: -236.03879
eval average episode rewards of agent1: -232.78323
eval average episode rewards of agent2: -233.03116
eval average episode rewards of agent3: -232.78629
eval average episode rewards of agent4: -232.71367
eval average episode rewards of agent5: -232.80453
eval average episode rewards of agent6: -232.91426
eval average episode rewards of agent7: -232.62119
eval average episode rewards of agent8: -232.96082
eval average episode costs: Backlog: 61781.29, Inventory: 0.00, Maintenance: 85.80, Production: 5361.56, Setup: 2211.44, TOTAL: 69440.09

 Scenario BOSCH Algo rmappo Exp benchmark_23_8_4 updates 7455/10416 episodes, total num timesteps 2147328/3000000, FPS 106.


 Scenario BOSCH Algo rmappo Exp benchmark_23_8_4 updates 7460/10416 episodes, total num timesteps 2148768/3000000, FPS 106.


 Scenario BOSCH Algo rmappo Exp benchmark_23_8_4 updates 7465/10416 episodes, total num timesteps 2150208/3000000, FPS 106.


 Scenario BOSCH Algo rmappo Exp benchmark_23_8_4 updates 7470/10416 episodes, total num timesteps 2151648/3000000, FPS 106.


 Scenario BOSCH Algo rmappo Exp benchmark_23_8_4 updates 7475/10416 episodes, total num timesteps 2153088/3000000, FPS 106.


 Scenario BOSCH Algo rmappo Exp benchmark_23_8_4 updates 7480/10416 episodes, total num timesteps 2154528/3000000, FPS 106.


 Scenario BOSCH Algo rmappo Exp benchmark_23_8_4 updates 7485/10416 episodes, total num timesteps 2155968/3000000, FPS 106.


 Scenario BOSCH Algo rmappo Exp benchmark_23_8_4 updates 7490/10416 episodes, total num timesteps 2157408/3000000, FPS 106.


 Scenario BOSCH Algo rmappo Exp benchmark_23_8_4 updates 7495/10416 episodes, total num timesteps 2158848/3000000, FPS 106.


 Scenario BOSCH Algo rmappo Exp benchmark_23_8_4 updates 7500/10416 episodes, total num timesteps 2160288/3000000, FPS 106.


[EVAL] BOSCH MARL Inference Solving Time for 36 periods: 0.7595 seconds
eval average episode rewards of agent0: -236.26042
eval average episode rewards of agent1: -232.94807
eval average episode rewards of agent2: -233.19556
eval average episode rewards of agent3: -233.0192
eval average episode rewards of agent4: -232.92448
eval average episode rewards of agent5: -233.02068
eval average episode rewards of agent6: -233.10608
eval average episode rewards of agent7: -232.8184
eval average episode rewards of agent8: -233.11751
eval average episode costs: Backlog: 61817.27, Inventory: 0.00, Maintenance: 121.86, Production: 5297.46, Setup: 2220.22, TOTAL: 69456.80

 Scenario BOSCH Algo rmappo Exp benchmark_23_8_4 updates 7505/10416 episodes, total num timesteps 2161728/3000000, FPS 106.


 Scenario BOSCH Algo rmappo Exp benchmark_23_8_4 updates 7510/10416 episodes, total num timesteps 2163168/3000000, FPS 106.


 Scenario BOSCH Algo rmappo Exp benchmark_23_8_4 updates 7515/10416 episodes, total num timesteps 2164608/3000000, FPS 106.


 Scenario BOSCH Algo rmappo Exp benchmark_23_8_4 updates 7520/10416 episodes, total num timesteps 2166048/3000000, FPS 106.


 Scenario BOSCH Algo rmappo Exp benchmark_23_8_4 updates 7525/10416 episodes, total num timesteps 2167488/3000000, FPS 106.


 Scenario BOSCH Algo rmappo Exp benchmark_23_8_4 updates 7530/10416 episodes, total num timesteps 2168928/3000000, FPS 106.


 Scenario BOSCH Algo rmappo Exp benchmark_23_8_4 updates 7535/10416 episodes, total num timesteps 2170368/3000000, FPS 106.


 Scenario BOSCH Algo rmappo Exp benchmark_23_8_4 updates 7540/10416 episodes, total num timesteps 2171808/3000000, FPS 106.


 Scenario BOSCH Algo rmappo Exp benchmark_23_8_4 updates 7545/10416 episodes, total num timesteps 2173248/3000000, FPS 107.


 Scenario BOSCH Algo rmappo Exp benchmark_23_8_4 updates 7550/10416 episodes, total num timesteps 2174688/3000000, FPS 107.


[EVAL] BOSCH MARL Inference Solving Time for 36 periods: 0.6495 seconds
eval average episode rewards of agent0: -239.29626
eval average episode rewards of agent1: -236.26431
eval average episode rewards of agent2: -236.52261
eval average episode rewards of agent3: -236.32796
eval average episode rewards of agent4: -236.21713
eval average episode rewards of agent5: -236.31868
eval average episode rewards of agent6: -236.35019
eval average episode rewards of agent7: -236.13782
eval average episode rewards of agent8: -236.35027
eval average episode costs: Backlog: 62710.77, Inventory: 0.00, Maintenance: 93.62, Production: 5267.30, Setup: 2131.79, TOTAL: 70203.48

 Scenario BOSCH Algo rmappo Exp benchmark_23_8_4 updates 7555/10416 episodes, total num timesteps 2176128/3000000, FPS 107.


 Scenario BOSCH Algo rmappo Exp benchmark_23_8_4 updates 7560/10416 episodes, total num timesteps 2177568/3000000, FPS 107.


 Scenario BOSCH Algo rmappo Exp benchmark_23_8_4 updates 7565/10416 episodes, total num timesteps 2179008/3000000, FPS 107.


 Scenario BOSCH Algo rmappo Exp benchmark_23_8_4 updates 7570/10416 episodes, total num timesteps 2180448/3000000, FPS 107.


 Scenario BOSCH Algo rmappo Exp benchmark_23_8_4 updates 7575/10416 episodes, total num timesteps 2181888/3000000, FPS 107.


 Scenario BOSCH Algo rmappo Exp benchmark_23_8_4 updates 7580/10416 episodes, total num timesteps 2183328/3000000, FPS 107.


 Scenario BOSCH Algo rmappo Exp benchmark_23_8_4 updates 7585/10416 episodes, total num timesteps 2184768/3000000, FPS 107.


 Scenario BOSCH Algo rmappo Exp benchmark_23_8_4 updates 7590/10416 episodes, total num timesteps 2186208/3000000, FPS 107.


 Scenario BOSCH Algo rmappo Exp benchmark_23_8_4 updates 7595/10416 episodes, total num timesteps 2187648/3000000, FPS 107.


 Scenario BOSCH Algo rmappo Exp benchmark_23_8_4 updates 7600/10416 episodes, total num timesteps 2189088/3000000, FPS 107.


[EVAL] BOSCH MARL Inference Solving Time for 36 periods: 0.6518 seconds
eval average episode rewards of agent0: -237.27261
eval average episode rewards of agent1: -234.09053
eval average episode rewards of agent2: -234.36612
eval average episode rewards of agent3: -234.08809
eval average episode rewards of agent4: -234.01721
eval average episode rewards of agent5: -234.05261
eval average episode rewards of agent6: -234.15889
eval average episode rewards of agent7: -233.88261
eval average episode rewards of agent8: -234.14156
eval average episode costs: Backlog: 62089.68, Inventory: 0.00, Maintenance: 152.02, Production: 5338.79, Setup: 2219.88, TOTAL: 69800.36

 Scenario BOSCH Algo rmappo Exp benchmark_23_8_4 updates 7605/10416 episodes, total num timesteps 2190528/3000000, FPS 107.


 Scenario BOSCH Algo rmappo Exp benchmark_23_8_4 updates 7610/10416 episodes, total num timesteps 2191968/3000000, FPS 107.


 Scenario BOSCH Algo rmappo Exp benchmark_23_8_4 updates 7615/10416 episodes, total num timesteps 2193408/3000000, FPS 107.


 Scenario BOSCH Algo rmappo Exp benchmark_23_8_4 updates 7620/10416 episodes, total num timesteps 2194848/3000000, FPS 107.


 Scenario BOSCH Algo rmappo Exp benchmark_23_8_4 updates 7625/10416 episodes, total num timesteps 2196288/3000000, FPS 107.


 Scenario BOSCH Algo rmappo Exp benchmark_23_8_4 updates 7630/10416 episodes, total num timesteps 2197728/3000000, FPS 107.


 Scenario BOSCH Algo rmappo Exp benchmark_23_8_4 updates 7635/10416 episodes, total num timesteps 2199168/3000000, FPS 107.


 Scenario BOSCH Algo rmappo Exp benchmark_23_8_4 updates 7640/10416 episodes, total num timesteps 2200608/3000000, FPS 107.


 Scenario BOSCH Algo rmappo Exp benchmark_23_8_4 updates 7645/10416 episodes, total num timesteps 2202048/3000000, FPS 107.


 Scenario BOSCH Algo rmappo Exp benchmark_23_8_4 updates 7650/10416 episodes, total num timesteps 2203488/3000000, FPS 107.


[EVAL] BOSCH MARL Inference Solving Time for 36 periods: 0.7676 seconds
eval average episode rewards of agent0: -237.0002
eval average episode rewards of agent1: -233.87769
eval average episode rewards of agent2: -234.1923
eval average episode rewards of agent3: -233.98677
eval average episode rewards of agent4: -233.87349
eval average episode rewards of agent5: -233.9531
eval average episode rewards of agent6: -234.04276
eval average episode rewards of agent7: -233.74153
eval average episode rewards of agent8: -234.02368
eval average episode costs: Backlog: 62102.25, Inventory: 0.00, Maintenance: 109.44, Production: 5279.39, Setup: 2080.69, TOTAL: 69571.77

 Scenario BOSCH Algo rmappo Exp benchmark_23_8_4 updates 7655/10416 episodes, total num timesteps 2204928/3000000, FPS 107.


 Scenario BOSCH Algo rmappo Exp benchmark_23_8_4 updates 7660/10416 episodes, total num timesteps 2206368/3000000, FPS 107.


 Scenario BOSCH Algo rmappo Exp benchmark_23_8_4 updates 7665/10416 episodes, total num timesteps 2207808/3000000, FPS 107.


 Scenario BOSCH Algo rmappo Exp benchmark_23_8_4 updates 7670/10416 episodes, total num timesteps 2209248/3000000, FPS 107.


 Scenario BOSCH Algo rmappo Exp benchmark_23_8_4 updates 7675/10416 episodes, total num timesteps 2210688/3000000, FPS 107.


 Scenario BOSCH Algo rmappo Exp benchmark_23_8_4 updates 7680/10416 episodes, total num timesteps 2212128/3000000, FPS 107.


 Scenario BOSCH Algo rmappo Exp benchmark_23_8_4 updates 7685/10416 episodes, total num timesteps 2213568/3000000, FPS 107.


 Scenario BOSCH Algo rmappo Exp benchmark_23_8_4 updates 7690/10416 episodes, total num timesteps 2215008/3000000, FPS 107.


 Scenario BOSCH Algo rmappo Exp benchmark_23_8_4 updates 7695/10416 episodes, total num timesteps 2216448/3000000, FPS 107.


 Scenario BOSCH Algo rmappo Exp benchmark_23_8_4 updates 7700/10416 episodes, total num timesteps 2217888/3000000, FPS 107.


[EVAL] BOSCH MARL Inference Solving Time for 36 periods: 0.6519 seconds
eval average episode rewards of agent0: -244.67844
eval average episode rewards of agent1: -241.64763
eval average episode rewards of agent2: -241.83142
eval average episode rewards of agent3: -241.57559
eval average episode rewards of agent4: -241.5295
eval average episode rewards of agent5: -241.61064
eval average episode rewards of agent6: -241.65532
eval average episode rewards of agent7: -241.40561
eval average episode rewards of agent8: -241.64075
eval average episode costs: Backlog: 64092.43, Inventory: 0.00, Maintenance: 101.55, Production: 5048.74, Setup: 2177.84, TOTAL: 71420.55

 Scenario BOSCH Algo rmappo Exp benchmark_23_8_4 updates 7705/10416 episodes, total num timesteps 2219328/3000000, FPS 107.


 Scenario BOSCH Algo rmappo Exp benchmark_23_8_4 updates 7710/10416 episodes, total num timesteps 2220768/3000000, FPS 107.


 Scenario BOSCH Algo rmappo Exp benchmark_23_8_4 updates 7715/10416 episodes, total num timesteps 2222208/3000000, FPS 107.


 Scenario BOSCH Algo rmappo Exp benchmark_23_8_4 updates 7720/10416 episodes, total num timesteps 2223648/3000000, FPS 107.


 Scenario BOSCH Algo rmappo Exp benchmark_23_8_4 updates 7725/10416 episodes, total num timesteps 2225088/3000000, FPS 107.


 Scenario BOSCH Algo rmappo Exp benchmark_23_8_4 updates 7730/10416 episodes, total num timesteps 2226528/3000000, FPS 107.


 Scenario BOSCH Algo rmappo Exp benchmark_23_8_4 updates 7735/10416 episodes, total num timesteps 2227968/3000000, FPS 107.


 Scenario BOSCH Algo rmappo Exp benchmark_23_8_4 updates 7740/10416 episodes, total num timesteps 2229408/3000000, FPS 107.


 Scenario BOSCH Algo rmappo Exp benchmark_23_8_4 updates 7745/10416 episodes, total num timesteps 2230848/3000000, FPS 107.


 Scenario BOSCH Algo rmappo Exp benchmark_23_8_4 updates 7750/10416 episodes, total num timesteps 2232288/3000000, FPS 107.


[EVAL] BOSCH MARL Inference Solving Time for 36 periods: 0.6958 seconds
eval average episode rewards of agent0: -245.17188
eval average episode rewards of agent1: -242.22665
eval average episode rewards of agent2: -242.45264
eval average episode rewards of agent3: -242.16525
eval average episode rewards of agent4: -242.12556
eval average episode rewards of agent5: -242.23642
eval average episode rewards of agent6: -242.22836
eval average episode rewards of agent7: -242.00327
eval average episode rewards of agent8: -242.2833
eval average episode costs: Backlog: 64278.39, Inventory: 0.00, Maintenance: 119.60, Production: 5066.69, Setup: 2072.47, TOTAL: 71537.15

 Scenario BOSCH Algo rmappo Exp benchmark_23_8_4 updates 7755/10416 episodes, total num timesteps 2233728/3000000, FPS 107.


 Scenario BOSCH Algo rmappo Exp benchmark_23_8_4 updates 7760/10416 episodes, total num timesteps 2235168/3000000, FPS 107.


 Scenario BOSCH Algo rmappo Exp benchmark_23_8_4 updates 7765/10416 episodes, total num timesteps 2236608/3000000, FPS 107.


 Scenario BOSCH Algo rmappo Exp benchmark_23_8_4 updates 7770/10416 episodes, total num timesteps 2238048/3000000, FPS 107.


 Scenario BOSCH Algo rmappo Exp benchmark_23_8_4 updates 7775/10416 episodes, total num timesteps 2239488/3000000, FPS 107.


 Scenario BOSCH Algo rmappo Exp benchmark_23_8_4 updates 7780/10416 episodes, total num timesteps 2240928/3000000, FPS 107.


 Scenario BOSCH Algo rmappo Exp benchmark_23_8_4 updates 7785/10416 episodes, total num timesteps 2242368/3000000, FPS 107.


 Scenario BOSCH Algo rmappo Exp benchmark_23_8_4 updates 7790/10416 episodes, total num timesteps 2243808/3000000, FPS 107.


 Scenario BOSCH Algo rmappo Exp benchmark_23_8_4 updates 7795/10416 episodes, total num timesteps 2245248/3000000, FPS 107.


 Scenario BOSCH Algo rmappo Exp benchmark_23_8_4 updates 7800/10416 episodes, total num timesteps 2246688/3000000, FPS 107.


[EVAL] BOSCH MARL Inference Solving Time for 36 periods: 0.6930 seconds
eval average episode rewards of agent0: -235.33647
eval average episode rewards of agent1: -232.21463
eval average episode rewards of agent2: -232.4836
eval average episode rewards of agent3: -232.2189
eval average episode rewards of agent4: -232.15677
eval average episode rewards of agent5: -232.24643
eval average episode rewards of agent6: -232.28189
eval average episode rewards of agent7: -232.04727
eval average episode rewards of agent8: -232.3095
eval average episode costs: Backlog: 61609.36, Inventory: 0.00, Maintenance: 134.94, Production: 5354.36, Setup: 2208.94, TOTAL: 69307.59

 Scenario BOSCH Algo rmappo Exp benchmark_23_8_4 updates 7805/10416 episodes, total num timesteps 2248128/3000000, FPS 107.


 Scenario BOSCH Algo rmappo Exp benchmark_23_8_4 updates 7810/10416 episodes, total num timesteps 2249568/3000000, FPS 107.


 Scenario BOSCH Algo rmappo Exp benchmark_23_8_4 updates 7815/10416 episodes, total num timesteps 2251008/3000000, FPS 107.


 Scenario BOSCH Algo rmappo Exp benchmark_23_8_4 updates 7820/10416 episodes, total num timesteps 2252448/3000000, FPS 107.


 Scenario BOSCH Algo rmappo Exp benchmark_23_8_4 updates 7825/10416 episodes, total num timesteps 2253888/3000000, FPS 107.


 Scenario BOSCH Algo rmappo Exp benchmark_23_8_4 updates 7830/10416 episodes, total num timesteps 2255328/3000000, FPS 107.


 Scenario BOSCH Algo rmappo Exp benchmark_23_8_4 updates 7835/10416 episodes, total num timesteps 2256768/3000000, FPS 107.


 Scenario BOSCH Algo rmappo Exp benchmark_23_8_4 updates 7840/10416 episodes, total num timesteps 2258208/3000000, FPS 107.


 Scenario BOSCH Algo rmappo Exp benchmark_23_8_4 updates 7845/10416 episodes, total num timesteps 2259648/3000000, FPS 107.


 Scenario BOSCH Algo rmappo Exp benchmark_23_8_4 updates 7850/10416 episodes, total num timesteps 2261088/3000000, FPS 107.


[EVAL] BOSCH MARL Inference Solving Time for 36 periods: 0.7528 seconds
eval average episode rewards of agent0: -234.20293
eval average episode rewards of agent1: -230.92033
eval average episode rewards of agent2: -231.19038
eval average episode rewards of agent3: -230.92732
eval average episode rewards of agent4: -230.90347
eval average episode rewards of agent5: -231.03549
eval average episode rewards of agent6: -231.02547
eval average episode rewards of agent7: -230.78763
eval average episode rewards of agent8: -231.03716
eval average episode costs: Backlog: 61280.61, Inventory: 0.00, Maintenance: 92.36, Production: 5395.24, Setup: 2249.86, TOTAL: 69018.08

 Scenario BOSCH Algo rmappo Exp benchmark_23_8_4 updates 7855/10416 episodes, total num timesteps 2262528/3000000, FPS 107.


 Scenario BOSCH Algo rmappo Exp benchmark_23_8_4 updates 7860/10416 episodes, total num timesteps 2263968/3000000, FPS 107.


 Scenario BOSCH Algo rmappo Exp benchmark_23_8_4 updates 7865/10416 episodes, total num timesteps 2265408/3000000, FPS 106.


 Scenario BOSCH Algo rmappo Exp benchmark_23_8_4 updates 7870/10416 episodes, total num timesteps 2266848/3000000, FPS 106.


 Scenario BOSCH Algo rmappo Exp benchmark_23_8_4 updates 7875/10416 episodes, total num timesteps 2268288/3000000, FPS 106.


 Scenario BOSCH Algo rmappo Exp benchmark_23_8_4 updates 7880/10416 episodes, total num timesteps 2269728/3000000, FPS 106.


 Scenario BOSCH Algo rmappo Exp benchmark_23_8_4 updates 7885/10416 episodes, total num timesteps 2271168/3000000, FPS 106.


 Scenario BOSCH Algo rmappo Exp benchmark_23_8_4 updates 7890/10416 episodes, total num timesteps 2272608/3000000, FPS 106.


 Scenario BOSCH Algo rmappo Exp benchmark_23_8_4 updates 7895/10416 episodes, total num timesteps 2274048/3000000, FPS 106.


 Scenario BOSCH Algo rmappo Exp benchmark_23_8_4 updates 7900/10416 episodes, total num timesteps 2275488/3000000, FPS 106.


[EVAL] BOSCH MARL Inference Solving Time for 36 periods: 0.6875 seconds
eval average episode rewards of agent0: -231.76773
eval average episode rewards of agent1: -228.36458
eval average episode rewards of agent2: -228.65291
eval average episode rewards of agent3: -228.49777
eval average episode rewards of agent4: -228.3457
eval average episode rewards of agent5: -228.45053
eval average episode rewards of agent6: -228.46213
eval average episode rewards of agent7: -228.22432
eval average episode rewards of agent8: -228.5032
eval average episode costs: Backlog: 60560.66, Inventory: 0.00, Maintenance: 147.88, Production: 5487.83, Setup: 2372.62, TOTAL: 68568.98

 Scenario BOSCH Algo rmappo Exp benchmark_23_8_4 updates 7905/10416 episodes, total num timesteps 2276928/3000000, FPS 106.


 Scenario BOSCH Algo rmappo Exp benchmark_23_8_4 updates 7910/10416 episodes, total num timesteps 2278368/3000000, FPS 106.


 Scenario BOSCH Algo rmappo Exp benchmark_23_8_4 updates 7915/10416 episodes, total num timesteps 2279808/3000000, FPS 106.


 Scenario BOSCH Algo rmappo Exp benchmark_23_8_4 updates 7920/10416 episodes, total num timesteps 2281248/3000000, FPS 106.


 Scenario BOSCH Algo rmappo Exp benchmark_23_8_4 updates 7925/10416 episodes, total num timesteps 2282688/3000000, FPS 106.


 Scenario BOSCH Algo rmappo Exp benchmark_23_8_4 updates 7930/10416 episodes, total num timesteps 2284128/3000000, FPS 106.


 Scenario BOSCH Algo rmappo Exp benchmark_23_8_4 updates 7935/10416 episodes, total num timesteps 2285568/3000000, FPS 106.


 Scenario BOSCH Algo rmappo Exp benchmark_23_8_4 updates 7940/10416 episodes, total num timesteps 2287008/3000000, FPS 106.


 Scenario BOSCH Algo rmappo Exp benchmark_23_8_4 updates 7945/10416 episodes, total num timesteps 2288448/3000000, FPS 106.


 Scenario BOSCH Algo rmappo Exp benchmark_23_8_4 updates 7950/10416 episodes, total num timesteps 2289888/3000000, FPS 106.


[EVAL] BOSCH MARL Inference Solving Time for 36 periods: 0.7928 seconds
eval average episode rewards of agent0: -237.16301
eval average episode rewards of agent1: -233.92741
eval average episode rewards of agent2: -234.11963
eval average episode rewards of agent3: -233.88228
eval average episode rewards of agent4: -233.81612
eval average episode rewards of agent5: -233.91959
eval average episode rewards of agent6: -233.9396
eval average episode rewards of agent7: -233.70561
eval average episode rewards of agent8: -233.97871
eval average episode costs: Backlog: 62046.15, Inventory: 0.00, Maintenance: 84.89, Production: 5343.18, Setup: 2272.28, TOTAL: 69746.50

 Scenario BOSCH Algo rmappo Exp benchmark_23_8_4 updates 7955/10416 episodes, total num timesteps 2291328/3000000, FPS 77.


 Scenario BOSCH Algo rmappo Exp benchmark_23_8_4 updates 7960/10416 episodes, total num timesteps 2292768/3000000, FPS 77.


 Scenario BOSCH Algo rmappo Exp benchmark_23_8_4 updates 7965/10416 episodes, total num timesteps 2294208/3000000, FPS 77.


 Scenario BOSCH Algo rmappo Exp benchmark_23_8_4 updates 7970/10416 episodes, total num timesteps 2295648/3000000, FPS 77.


 Scenario BOSCH Algo rmappo Exp benchmark_23_8_4 updates 7975/10416 episodes, total num timesteps 2297088/3000000, FPS 77.


 Scenario BOSCH Algo rmappo Exp benchmark_23_8_4 updates 7980/10416 episodes, total num timesteps 2298528/3000000, FPS 77.


 Scenario BOSCH Algo rmappo Exp benchmark_23_8_4 updates 7985/10416 episodes, total num timesteps 2299968/3000000, FPS 77.


 Scenario BOSCH Algo rmappo Exp benchmark_23_8_4 updates 7990/10416 episodes, total num timesteps 2301408/3000000, FPS 77.


 Scenario BOSCH Algo rmappo Exp benchmark_23_8_4 updates 7995/10416 episodes, total num timesteps 2302848/3000000, FPS 77.


 Scenario BOSCH Algo rmappo Exp benchmark_23_8_4 updates 8000/10416 episodes, total num timesteps 2304288/3000000, FPS 77.


[EVAL] BOSCH MARL Inference Solving Time for 36 periods: 0.6780 seconds
eval average episode rewards of agent0: -238.85039
eval average episode rewards of agent1: -235.71448
eval average episode rewards of agent2: -235.91507
eval average episode rewards of agent3: -235.6962
eval average episode rewards of agent4: -235.61162
eval average episode rewards of agent5: -235.7214
eval average episode rewards of agent6: -235.71945
eval average episode rewards of agent7: -235.49788
eval average episode rewards of agent8: -235.80771
eval average episode costs: Backlog: 62554.39, Inventory: 0.00, Maintenance: 63.04, Production: 5242.99, Setup: 2179.32, TOTAL: 70039.73

 Scenario BOSCH Algo rmappo Exp benchmark_23_8_4 updates 8005/10416 episodes, total num timesteps 2305728/3000000, FPS 77.


 Scenario BOSCH Algo rmappo Exp benchmark_23_8_4 updates 8010/10416 episodes, total num timesteps 2307168/3000000, FPS 77.


 Scenario BOSCH Algo rmappo Exp benchmark_23_8_4 updates 8015/10416 episodes, total num timesteps 2308608/3000000, FPS 77.


 Scenario BOSCH Algo rmappo Exp benchmark_23_8_4 updates 8020/10416 episodes, total num timesteps 2310048/3000000, FPS 77.


 Scenario BOSCH Algo rmappo Exp benchmark_23_8_4 updates 8025/10416 episodes, total num timesteps 2311488/3000000, FPS 77.


 Scenario BOSCH Algo rmappo Exp benchmark_23_8_4 updates 8030/10416 episodes, total num timesteps 2312928/3000000, FPS 77.


 Scenario BOSCH Algo rmappo Exp benchmark_23_8_4 updates 8035/10416 episodes, total num timesteps 2314368/3000000, FPS 77.


 Scenario BOSCH Algo rmappo Exp benchmark_23_8_4 updates 8040/10416 episodes, total num timesteps 2315808/3000000, FPS 77.


 Scenario BOSCH Algo rmappo Exp benchmark_23_8_4 updates 8045/10416 episodes, total num timesteps 2317248/3000000, FPS 77.


 Scenario BOSCH Algo rmappo Exp benchmark_23_8_4 updates 8050/10416 episodes, total num timesteps 2318688/3000000, FPS 77.


[EVAL] BOSCH MARL Inference Solving Time for 36 periods: 0.7607 seconds
eval average episode rewards of agent0: -228.79614
eval average episode rewards of agent1: -225.12753
eval average episode rewards of agent2: -225.37589
eval average episode rewards of agent3: -225.14096
eval average episode rewards of agent4: -225.08635
eval average episode rewards of agent5: -225.18372
eval average episode rewards of agent6: -225.24069
eval average episode rewards of agent7: -224.9779
eval average episode rewards of agent8: -225.2771
eval average episode costs: Backlog: 59690.39, Inventory: 0.00, Maintenance: 98.74, Production: 5569.98, Setup: 2481.81, TOTAL: 67840.92

 Scenario BOSCH Algo rmappo Exp benchmark_23_8_4 updates 8055/10416 episodes, total num timesteps 2320128/3000000, FPS 77.


 Scenario BOSCH Algo rmappo Exp benchmark_23_8_4 updates 8060/10416 episodes, total num timesteps 2321568/3000000, FPS 77.


 Scenario BOSCH Algo rmappo Exp benchmark_23_8_4 updates 8065/10416 episodes, total num timesteps 2323008/3000000, FPS 77.


 Scenario BOSCH Algo rmappo Exp benchmark_23_8_4 updates 8070/10416 episodes, total num timesteps 2324448/3000000, FPS 77.


 Scenario BOSCH Algo rmappo Exp benchmark_23_8_4 updates 8075/10416 episodes, total num timesteps 2325888/3000000, FPS 77.


 Scenario BOSCH Algo rmappo Exp benchmark_23_8_4 updates 8080/10416 episodes, total num timesteps 2327328/3000000, FPS 77.


 Scenario BOSCH Algo rmappo Exp benchmark_23_8_4 updates 8085/10416 episodes, total num timesteps 2328768/3000000, FPS 77.


 Scenario BOSCH Algo rmappo Exp benchmark_23_8_4 updates 8090/10416 episodes, total num timesteps 2330208/3000000, FPS 77.


 Scenario BOSCH Algo rmappo Exp benchmark_23_8_4 updates 8095/10416 episodes, total num timesteps 2331648/3000000, FPS 77.


 Scenario BOSCH Algo rmappo Exp benchmark_23_8_4 updates 8100/10416 episodes, total num timesteps 2333088/3000000, FPS 77.


[EVAL] BOSCH MARL Inference Solving Time for 36 periods: 0.7847 seconds
eval average episode rewards of agent0: -233.52686
eval average episode rewards of agent1: -230.2644
eval average episode rewards of agent2: -230.51338
eval average episode rewards of agent3: -230.27103
eval average episode rewards of agent4: -230.20093
eval average episode rewards of agent5: -230.30981
eval average episode rewards of agent6: -230.36258
eval average episode rewards of agent7: -230.0876
eval average episode rewards of agent8: -230.38354
eval average episode costs: Backlog: 61090.76, Inventory: 0.00, Maintenance: 82.11, Production: 5446.31, Setup: 2304.25, TOTAL: 68923.44

 Scenario BOSCH Algo rmappo Exp benchmark_23_8_4 updates 8105/10416 episodes, total num timesteps 2334528/3000000, FPS 77.


 Scenario BOSCH Algo rmappo Exp benchmark_23_8_4 updates 8110/10416 episodes, total num timesteps 2335968/3000000, FPS 77.


 Scenario BOSCH Algo rmappo Exp benchmark_23_8_4 updates 8115/10416 episodes, total num timesteps 2337408/3000000, FPS 77.


 Scenario BOSCH Algo rmappo Exp benchmark_23_8_4 updates 8120/10416 episodes, total num timesteps 2338848/3000000, FPS 77.


 Scenario BOSCH Algo rmappo Exp benchmark_23_8_4 updates 8125/10416 episodes, total num timesteps 2340288/3000000, FPS 77.


 Scenario BOSCH Algo rmappo Exp benchmark_23_8_4 updates 8130/10416 episodes, total num timesteps 2341728/3000000, FPS 77.


 Scenario BOSCH Algo rmappo Exp benchmark_23_8_4 updates 8135/10416 episodes, total num timesteps 2343168/3000000, FPS 77.


 Scenario BOSCH Algo rmappo Exp benchmark_23_8_4 updates 8140/10416 episodes, total num timesteps 2344608/3000000, FPS 77.


 Scenario BOSCH Algo rmappo Exp benchmark_23_8_4 updates 8145/10416 episodes, total num timesteps 2346048/3000000, FPS 77.


 Scenario BOSCH Algo rmappo Exp benchmark_23_8_4 updates 8150/10416 episodes, total num timesteps 2347488/3000000, FPS 77.


[EVAL] BOSCH MARL Inference Solving Time for 36 periods: 0.6573 seconds
eval average episode rewards of agent0: -230.62175
eval average episode rewards of agent1: -227.48674
eval average episode rewards of agent2: -227.78214
eval average episode rewards of agent3: -227.54668
eval average episode rewards of agent4: -227.46452
eval average episode rewards of agent5: -227.54745
eval average episode rewards of agent6: -227.62112
eval average episode rewards of agent7: -227.35068
eval average episode rewards of agent8: -227.5914
eval average episode costs: Backlog: 60375.16, Inventory: 0.00, Maintenance: 118.81, Production: 5596.84, Setup: 2207.89, TOTAL: 68298.70

 Scenario BOSCH Algo rmappo Exp benchmark_23_8_4 updates 8155/10416 episodes, total num timesteps 2348928/3000000, FPS 77.


 Scenario BOSCH Algo rmappo Exp benchmark_23_8_4 updates 8160/10416 episodes, total num timesteps 2350368/3000000, FPS 77.


 Scenario BOSCH Algo rmappo Exp benchmark_23_8_4 updates 8165/10416 episodes, total num timesteps 2351808/3000000, FPS 77.


 Scenario BOSCH Algo rmappo Exp benchmark_23_8_4 updates 8170/10416 episodes, total num timesteps 2353248/3000000, FPS 77.


 Scenario BOSCH Algo rmappo Exp benchmark_23_8_4 updates 8175/10416 episodes, total num timesteps 2354688/3000000, FPS 77.


 Scenario BOSCH Algo rmappo Exp benchmark_23_8_4 updates 8180/10416 episodes, total num timesteps 2356128/3000000, FPS 77.


 Scenario BOSCH Algo rmappo Exp benchmark_23_8_4 updates 8185/10416 episodes, total num timesteps 2357568/3000000, FPS 77.


 Scenario BOSCH Algo rmappo Exp benchmark_23_8_4 updates 8190/10416 episodes, total num timesteps 2359008/3000000, FPS 77.


 Scenario BOSCH Algo rmappo Exp benchmark_23_8_4 updates 8195/10416 episodes, total num timesteps 2360448/3000000, FPS 78.


 Scenario BOSCH Algo rmappo Exp benchmark_23_8_4 updates 8200/10416 episodes, total num timesteps 2361888/3000000, FPS 78.


[EVAL] BOSCH MARL Inference Solving Time for 36 periods: 0.6638 seconds
eval average episode rewards of agent0: -231.69104
eval average episode rewards of agent1: -228.5241
eval average episode rewards of agent2: -228.81856
eval average episode rewards of agent3: -228.57735
eval average episode rewards of agent4: -228.47652
eval average episode rewards of agent5: -228.61731
eval average episode rewards of agent6: -228.64731
eval average episode rewards of agent7: -228.39487
eval average episode rewards of agent8: -228.63998
eval average episode costs: Backlog: 60676.86, Inventory: 0.00, Maintenance: 110.77, Production: 5525.02, Setup: 2120.69, TOTAL: 68433.34

 Scenario BOSCH Algo rmappo Exp benchmark_23_8_4 updates 8205/10416 episodes, total num timesteps 2363328/3000000, FPS 78.


 Scenario BOSCH Algo rmappo Exp benchmark_23_8_4 updates 8210/10416 episodes, total num timesteps 2364768/3000000, FPS 78.


 Scenario BOSCH Algo rmappo Exp benchmark_23_8_4 updates 8215/10416 episodes, total num timesteps 2366208/3000000, FPS 78.


 Scenario BOSCH Algo rmappo Exp benchmark_23_8_4 updates 8220/10416 episodes, total num timesteps 2367648/3000000, FPS 78.


 Scenario BOSCH Algo rmappo Exp benchmark_23_8_4 updates 8225/10416 episodes, total num timesteps 2369088/3000000, FPS 78.


 Scenario BOSCH Algo rmappo Exp benchmark_23_8_4 updates 8230/10416 episodes, total num timesteps 2370528/3000000, FPS 78.


 Scenario BOSCH Algo rmappo Exp benchmark_23_8_4 updates 8235/10416 episodes, total num timesteps 2371968/3000000, FPS 78.


 Scenario BOSCH Algo rmappo Exp benchmark_23_8_4 updates 8240/10416 episodes, total num timesteps 2373408/3000000, FPS 78.


 Scenario BOSCH Algo rmappo Exp benchmark_23_8_4 updates 8245/10416 episodes, total num timesteps 2374848/3000000, FPS 78.


 Scenario BOSCH Algo rmappo Exp benchmark_23_8_4 updates 8250/10416 episodes, total num timesteps 2376288/3000000, FPS 78.


[EVAL] BOSCH MARL Inference Solving Time for 36 periods: 0.6664 seconds
eval average episode rewards of agent0: -226.22433
eval average episode rewards of agent1: -222.64438
eval average episode rewards of agent2: -222.92236
eval average episode rewards of agent3: -222.6831
eval average episode rewards of agent4: -222.62321
eval average episode rewards of agent5: -222.73703
eval average episode rewards of agent6: -222.71492
eval average episode rewards of agent7: -222.49727
eval average episode rewards of agent8: -222.77515
eval average episode costs: Backlog: 59029.26, Inventory: 0.00, Maintenance: 159.44, Production: 5707.11, Setup: 2444.48, TOTAL: 67340.27

 Scenario BOSCH Algo rmappo Exp benchmark_23_8_4 updates 8255/10416 episodes, total num timesteps 2377728/3000000, FPS 78.


 Scenario BOSCH Algo rmappo Exp benchmark_23_8_4 updates 8260/10416 episodes, total num timesteps 2379168/3000000, FPS 78.


 Scenario BOSCH Algo rmappo Exp benchmark_23_8_4 updates 8265/10416 episodes, total num timesteps 2380608/3000000, FPS 78.


 Scenario BOSCH Algo rmappo Exp benchmark_23_8_4 updates 8270/10416 episodes, total num timesteps 2382048/3000000, FPS 78.


 Scenario BOSCH Algo rmappo Exp benchmark_23_8_4 updates 8275/10416 episodes, total num timesteps 2383488/3000000, FPS 78.


 Scenario BOSCH Algo rmappo Exp benchmark_23_8_4 updates 8280/10416 episodes, total num timesteps 2384928/3000000, FPS 78.


 Scenario BOSCH Algo rmappo Exp benchmark_23_8_4 updates 8285/10416 episodes, total num timesteps 2386368/3000000, FPS 78.


 Scenario BOSCH Algo rmappo Exp benchmark_23_8_4 updates 8290/10416 episodes, total num timesteps 2387808/3000000, FPS 78.


 Scenario BOSCH Algo rmappo Exp benchmark_23_8_4 updates 8295/10416 episodes, total num timesteps 2389248/3000000, FPS 78.


 Scenario BOSCH Algo rmappo Exp benchmark_23_8_4 updates 8300/10416 episodes, total num timesteps 2390688/3000000, FPS 78.


[EVAL] BOSCH MARL Inference Solving Time for 36 periods: 0.6862 seconds
eval average episode rewards of agent0: -224.21848
eval average episode rewards of agent1: -220.78194
eval average episode rewards of agent2: -221.0324
eval average episode rewards of agent3: -220.85867
eval average episode rewards of agent4: -220.68852
eval average episode rewards of agent5: -220.8865
eval average episode rewards of agent6: -220.87857
eval average episode rewards of agent7: -220.61426
eval average episode rewards of agent8: -220.90425
eval average episode costs: Backlog: 58598.06, Inventory: 0.00, Maintenance: 119.29, Production: 5679.72, Setup: 2266.47, TOTAL: 66663.55

 Scenario BOSCH Algo rmappo Exp benchmark_23_8_4 updates 8305/10416 episodes, total num timesteps 2392128/3000000, FPS 78.


 Scenario BOSCH Algo rmappo Exp benchmark_23_8_4 updates 8310/10416 episodes, total num timesteps 2393568/3000000, FPS 78.


 Scenario BOSCH Algo rmappo Exp benchmark_23_8_4 updates 8315/10416 episodes, total num timesteps 2395008/3000000, FPS 78.


 Scenario BOSCH Algo rmappo Exp benchmark_23_8_4 updates 8320/10416 episodes, total num timesteps 2396448/3000000, FPS 78.


 Scenario BOSCH Algo rmappo Exp benchmark_23_8_4 updates 8325/10416 episodes, total num timesteps 2397888/3000000, FPS 78.


 Scenario BOSCH Algo rmappo Exp benchmark_23_8_4 updates 8330/10416 episodes, total num timesteps 2399328/3000000, FPS 78.


 Scenario BOSCH Algo rmappo Exp benchmark_23_8_4 updates 8335/10416 episodes, total num timesteps 2400768/3000000, FPS 78.


 Scenario BOSCH Algo rmappo Exp benchmark_23_8_4 updates 8340/10416 episodes, total num timesteps 2402208/3000000, FPS 78.


 Scenario BOSCH Algo rmappo Exp benchmark_23_8_4 updates 8345/10416 episodes, total num timesteps 2403648/3000000, FPS 78.


 Scenario BOSCH Algo rmappo Exp benchmark_23_8_4 updates 8350/10416 episodes, total num timesteps 2405088/3000000, FPS 78.


[EVAL] BOSCH MARL Inference Solving Time for 36 periods: 0.6598 seconds
eval average episode rewards of agent0: -238.94807
eval average episode rewards of agent1: -235.969
eval average episode rewards of agent2: -236.20068
eval average episode rewards of agent3: -235.98062
eval average episode rewards of agent4: -235.85982
eval average episode rewards of agent5: -236.01184
eval average episode rewards of agent6: -236.12387
eval average episode rewards of agent7: -235.79575
eval average episode rewards of agent8: -236.08003
eval average episode costs: Backlog: 62659.70, Inventory: 0.00, Maintenance: 71.20, Production: 5292.52, Setup: 2049.65, TOTAL: 70073.08

 Scenario BOSCH Algo rmappo Exp benchmark_23_8_4 updates 8355/10416 episodes, total num timesteps 2406528/3000000, FPS 78.


 Scenario BOSCH Algo rmappo Exp benchmark_23_8_4 updates 8360/10416 episodes, total num timesteps 2407968/3000000, FPS 78.


 Scenario BOSCH Algo rmappo Exp benchmark_23_8_4 updates 8365/10416 episodes, total num timesteps 2409408/3000000, FPS 78.


 Scenario BOSCH Algo rmappo Exp benchmark_23_8_4 updates 8370/10416 episodes, total num timesteps 2410848/3000000, FPS 78.


 Scenario BOSCH Algo rmappo Exp benchmark_23_8_4 updates 8375/10416 episodes, total num timesteps 2412288/3000000, FPS 78.


 Scenario BOSCH Algo rmappo Exp benchmark_23_8_4 updates 8380/10416 episodes, total num timesteps 2413728/3000000, FPS 78.


 Scenario BOSCH Algo rmappo Exp benchmark_23_8_4 updates 8385/10416 episodes, total num timesteps 2415168/3000000, FPS 78.


 Scenario BOSCH Algo rmappo Exp benchmark_23_8_4 updates 8390/10416 episodes, total num timesteps 2416608/3000000, FPS 78.


 Scenario BOSCH Algo rmappo Exp benchmark_23_8_4 updates 8395/10416 episodes, total num timesteps 2418048/3000000, FPS 78.


 Scenario BOSCH Algo rmappo Exp benchmark_23_8_4 updates 8400/10416 episodes, total num timesteps 2419488/3000000, FPS 78.


[EVAL] BOSCH MARL Inference Solving Time for 36 periods: 0.8523 seconds
eval average episode rewards of agent0: -234.17252
eval average episode rewards of agent1: -230.88628
eval average episode rewards of agent2: -231.1774
eval average episode rewards of agent3: -230.93246
eval average episode rewards of agent4: -230.83037
eval average episode rewards of agent5: -230.96793
eval average episode rewards of agent6: -231.00081
eval average episode rewards of agent7: -230.75131
eval average episode rewards of agent8: -231.03018
eval average episode costs: Backlog: 61261.88, Inventory: 0.00, Maintenance: 94.73, Production: 5380.48, Setup: 2282.33, TOTAL: 69019.42

 Scenario BOSCH Algo rmappo Exp benchmark_23_8_4 updates 8405/10416 episodes, total num timesteps 2420928/3000000, FPS 78.


 Scenario BOSCH Algo rmappo Exp benchmark_23_8_4 updates 8410/10416 episodes, total num timesteps 2422368/3000000, FPS 78.


 Scenario BOSCH Algo rmappo Exp benchmark_23_8_4 updates 8415/10416 episodes, total num timesteps 2423808/3000000, FPS 78.


 Scenario BOSCH Algo rmappo Exp benchmark_23_8_4 updates 8420/10416 episodes, total num timesteps 2425248/3000000, FPS 78.


 Scenario BOSCH Algo rmappo Exp benchmark_23_8_4 updates 8425/10416 episodes, total num timesteps 2426688/3000000, FPS 78.


 Scenario BOSCH Algo rmappo Exp benchmark_23_8_4 updates 8430/10416 episodes, total num timesteps 2428128/3000000, FPS 78.


 Scenario BOSCH Algo rmappo Exp benchmark_23_8_4 updates 8435/10416 episodes, total num timesteps 2429568/3000000, FPS 78.


 Scenario BOSCH Algo rmappo Exp benchmark_23_8_4 updates 8440/10416 episodes, total num timesteps 2431008/3000000, FPS 78.


 Scenario BOSCH Algo rmappo Exp benchmark_23_8_4 updates 8445/10416 episodes, total num timesteps 2432448/3000000, FPS 78.


 Scenario BOSCH Algo rmappo Exp benchmark_23_8_4 updates 8450/10416 episodes, total num timesteps 2433888/3000000, FPS 78.


[EVAL] BOSCH MARL Inference Solving Time for 36 periods: 0.8147 seconds
eval average episode rewards of agent0: -235.95801
eval average episode rewards of agent1: -232.77657
eval average episode rewards of agent2: -233.02698
eval average episode rewards of agent3: -232.8158
eval average episode rewards of agent4: -232.69418
eval average episode rewards of agent5: -232.85983
eval average episode rewards of agent6: -232.88889
eval average episode rewards of agent7: -232.59207
eval average episode rewards of agent8: -232.88799
eval average episode costs: Backlog: 61758.31, Inventory: 0.00, Maintenance: 102.27, Production: 5373.02, Setup: 2254.95, TOTAL: 69488.55

 Scenario BOSCH Algo rmappo Exp benchmark_23_8_4 updates 8455/10416 episodes, total num timesteps 2435328/3000000, FPS 78.


 Scenario BOSCH Algo rmappo Exp benchmark_23_8_4 updates 8460/10416 episodes, total num timesteps 2436768/3000000, FPS 78.


 Scenario BOSCH Algo rmappo Exp benchmark_23_8_4 updates 8465/10416 episodes, total num timesteps 2438208/3000000, FPS 78.


 Scenario BOSCH Algo rmappo Exp benchmark_23_8_4 updates 8470/10416 episodes, total num timesteps 2439648/3000000, FPS 78.


 Scenario BOSCH Algo rmappo Exp benchmark_23_8_4 updates 8475/10416 episodes, total num timesteps 2441088/3000000, FPS 78.


 Scenario BOSCH Algo rmappo Exp benchmark_23_8_4 updates 8480/10416 episodes, total num timesteps 2442528/3000000, FPS 78.


 Scenario BOSCH Algo rmappo Exp benchmark_23_8_4 updates 8485/10416 episodes, total num timesteps 2443968/3000000, FPS 78.


 Scenario BOSCH Algo rmappo Exp benchmark_23_8_4 updates 8490/10416 episodes, total num timesteps 2445408/3000000, FPS 78.


 Scenario BOSCH Algo rmappo Exp benchmark_23_8_4 updates 8495/10416 episodes, total num timesteps 2446848/3000000, FPS 78.


 Scenario BOSCH Algo rmappo Exp benchmark_23_8_4 updates 8500/10416 episodes, total num timesteps 2448288/3000000, FPS 78.


[EVAL] BOSCH MARL Inference Solving Time for 36 periods: 0.8571 seconds
eval average episode rewards of agent0: -235.14734
eval average episode rewards of agent1: -231.75522
eval average episode rewards of agent2: -232.02718
eval average episode rewards of agent3: -231.84196
eval average episode rewards of agent4: -231.72
eval average episode rewards of agent5: -231.8436
eval average episode rewards of agent6: -231.90681
eval average episode rewards of agent7: -231.61923
eval average episode rewards of agent8: -231.92618
eval average episode costs: Backlog: 61491.94, Inventory: 0.00, Maintenance: 116.22, Production: 5355.20, Setup: 2271.21, TOTAL: 69234.56

 Scenario BOSCH Algo rmappo Exp benchmark_23_8_4 updates 8505/10416 episodes, total num timesteps 2449728/3000000, FPS 78.


 Scenario BOSCH Algo rmappo Exp benchmark_23_8_4 updates 8510/10416 episodes, total num timesteps 2451168/3000000, FPS 78.


 Scenario BOSCH Algo rmappo Exp benchmark_23_8_4 updates 8515/10416 episodes, total num timesteps 2452608/3000000, FPS 78.


 Scenario BOSCH Algo rmappo Exp benchmark_23_8_4 updates 8520/10416 episodes, total num timesteps 2454048/3000000, FPS 78.


 Scenario BOSCH Algo rmappo Exp benchmark_23_8_4 updates 8525/10416 episodes, total num timesteps 2455488/3000000, FPS 78.


 Scenario BOSCH Algo rmappo Exp benchmark_23_8_4 updates 8530/10416 episodes, total num timesteps 2456928/3000000, FPS 78.


 Scenario BOSCH Algo rmappo Exp benchmark_23_8_4 updates 8535/10416 episodes, total num timesteps 2458368/3000000, FPS 78.


 Scenario BOSCH Algo rmappo Exp benchmark_23_8_4 updates 8540/10416 episodes, total num timesteps 2459808/3000000, FPS 78.


 Scenario BOSCH Algo rmappo Exp benchmark_23_8_4 updates 8545/10416 episodes, total num timesteps 2461248/3000000, FPS 78.


 Scenario BOSCH Algo rmappo Exp benchmark_23_8_4 updates 8550/10416 episodes, total num timesteps 2462688/3000000, FPS 78.


[EVAL] BOSCH MARL Inference Solving Time for 36 periods: 1.2310 seconds
eval average episode rewards of agent0: -245.91035
eval average episode rewards of agent1: -242.89584
eval average episode rewards of agent2: -243.12932
eval average episode rewards of agent3: -243.16202
eval average episode rewards of agent4: -242.88445
eval average episode rewards of agent5: -242.93599
eval average episode rewards of agent6: -243.00504
eval average episode rewards of agent7: -242.72444
eval average episode rewards of agent8: -243.0312
eval average episode costs: Backlog: 64432.77, Inventory: 0.00, Maintenance: 245.51, Production: 5095.03, Setup: 2084.18, TOTAL: 71857.48

 Scenario BOSCH Algo rmappo Exp benchmark_23_8_4 updates 8555/10416 episodes, total num timesteps 2464128/3000000, FPS 78.


 Scenario BOSCH Algo rmappo Exp benchmark_23_8_4 updates 8560/10416 episodes, total num timesteps 2465568/3000000, FPS 78.


 Scenario BOSCH Algo rmappo Exp benchmark_23_8_4 updates 8565/10416 episodes, total num timesteps 2467008/3000000, FPS 78.


 Scenario BOSCH Algo rmappo Exp benchmark_23_8_4 updates 8570/10416 episodes, total num timesteps 2468448/3000000, FPS 78.


 Scenario BOSCH Algo rmappo Exp benchmark_23_8_4 updates 8575/10416 episodes, total num timesteps 2469888/3000000, FPS 78.


 Scenario BOSCH Algo rmappo Exp benchmark_23_8_4 updates 8580/10416 episodes, total num timesteps 2471328/3000000, FPS 78.


 Scenario BOSCH Algo rmappo Exp benchmark_23_8_4 updates 8585/10416 episodes, total num timesteps 2472768/3000000, FPS 78.


 Scenario BOSCH Algo rmappo Exp benchmark_23_8_4 updates 8590/10416 episodes, total num timesteps 2474208/3000000, FPS 78.


 Scenario BOSCH Algo rmappo Exp benchmark_23_8_4 updates 8595/10416 episodes, total num timesteps 2475648/3000000, FPS 78.


 Scenario BOSCH Algo rmappo Exp benchmark_23_8_4 updates 8600/10416 episodes, total num timesteps 2477088/3000000, FPS 78.


[EVAL] BOSCH MARL Inference Solving Time for 36 periods: 0.9956 seconds
eval average episode rewards of agent0: -233.41338
eval average episode rewards of agent1: -229.99594
eval average episode rewards of agent2: -230.25806
eval average episode rewards of agent3: -230.05298
eval average episode rewards of agent4: -229.94978
eval average episode rewards of agent5: -230.04778
eval average episode rewards of agent6: -230.14737
eval average episode rewards of agent7: -229.82964
eval average episode rewards of agent8: -230.14651
eval average episode costs: Backlog: 61017.83, Inventory: 0.00, Maintenance: 82.99, Production: 5432.80, Setup: 2327.18, TOTAL: 68860.80

 Scenario BOSCH Algo rmappo Exp benchmark_23_8_4 updates 8605/10416 episodes, total num timesteps 2478528/3000000, FPS 78.


 Scenario BOSCH Algo rmappo Exp benchmark_23_8_4 updates 8610/10416 episodes, total num timesteps 2479968/3000000, FPS 78.


 Scenario BOSCH Algo rmappo Exp benchmark_23_8_4 updates 8615/10416 episodes, total num timesteps 2481408/3000000, FPS 78.


 Scenario BOSCH Algo rmappo Exp benchmark_23_8_4 updates 8620/10416 episodes, total num timesteps 2482848/3000000, FPS 78.


 Scenario BOSCH Algo rmappo Exp benchmark_23_8_4 updates 8625/10416 episodes, total num timesteps 2484288/3000000, FPS 78.


 Scenario BOSCH Algo rmappo Exp benchmark_23_8_4 updates 8630/10416 episodes, total num timesteps 2485728/3000000, FPS 78.


 Scenario BOSCH Algo rmappo Exp benchmark_23_8_4 updates 8635/10416 episodes, total num timesteps 2487168/3000000, FPS 78.


 Scenario BOSCH Algo rmappo Exp benchmark_23_8_4 updates 8640/10416 episodes, total num timesteps 2488608/3000000, FPS 78.


 Scenario BOSCH Algo rmappo Exp benchmark_23_8_4 updates 8645/10416 episodes, total num timesteps 2490048/3000000, FPS 78.


 Scenario BOSCH Algo rmappo Exp benchmark_23_8_4 updates 8650/10416 episodes, total num timesteps 2491488/3000000, FPS 78.


[EVAL] BOSCH MARL Inference Solving Time for 36 periods: 1.0086 seconds
eval average episode rewards of agent0: -234.73547
eval average episode rewards of agent1: -231.51457
eval average episode rewards of agent2: -231.77556
eval average episode rewards of agent3: -231.59798
eval average episode rewards of agent4: -231.48799
eval average episode rewards of agent5: -231.57434
eval average episode rewards of agent6: -231.66727
eval average episode rewards of agent7: -231.36084
eval average episode rewards of agent8: -231.6437
eval average episode costs: Backlog: 61453.38, Inventory: 0.00, Maintenance: 117.54, Production: 5396.67, Setup: 2154.43, TOTAL: 69122.01

 Scenario BOSCH Algo rmappo Exp benchmark_23_8_4 updates 8655/10416 episodes, total num timesteps 2492928/3000000, FPS 78.


 Scenario BOSCH Algo rmappo Exp benchmark_23_8_4 updates 8660/10416 episodes, total num timesteps 2494368/3000000, FPS 78.


 Scenario BOSCH Algo rmappo Exp benchmark_23_8_4 updates 8665/10416 episodes, total num timesteps 2495808/3000000, FPS 78.


 Scenario BOSCH Algo rmappo Exp benchmark_23_8_4 updates 8670/10416 episodes, total num timesteps 2497248/3000000, FPS 78.


 Scenario BOSCH Algo rmappo Exp benchmark_23_8_4 updates 8675/10416 episodes, total num timesteps 2498688/3000000, FPS 78.


 Scenario BOSCH Algo rmappo Exp benchmark_23_8_4 updates 8680/10416 episodes, total num timesteps 2500128/3000000, FPS 78.


 Scenario BOSCH Algo rmappo Exp benchmark_23_8_4 updates 8685/10416 episodes, total num timesteps 2501568/3000000, FPS 78.


 Scenario BOSCH Algo rmappo Exp benchmark_23_8_4 updates 8690/10416 episodes, total num timesteps 2503008/3000000, FPS 78.


 Scenario BOSCH Algo rmappo Exp benchmark_23_8_4 updates 8695/10416 episodes, total num timesteps 2504448/3000000, FPS 78.


 Scenario BOSCH Algo rmappo Exp benchmark_23_8_4 updates 8700/10416 episodes, total num timesteps 2505888/3000000, FPS 78.


[EVAL] BOSCH MARL Inference Solving Time for 36 periods: 1.3061 seconds
eval average episode rewards of agent0: -239.9674
eval average episode rewards of agent1: -236.9034
eval average episode rewards of agent2: -237.18388
eval average episode rewards of agent3: -236.95386
eval average episode rewards of agent4: -236.90901
eval average episode rewards of agent5: -237.0175
eval average episode rewards of agent6: -237.05197
eval average episode rewards of agent7: -236.78467
eval average episode rewards of agent8: -237.05774
eval average episode costs: Backlog: 62912.78, Inventory: 0.00, Maintenance: 46.81, Production: 5210.19, Setup: 2101.77, TOTAL: 70271.55

 Scenario BOSCH Algo rmappo Exp benchmark_23_8_4 updates 8705/10416 episodes, total num timesteps 2507328/3000000, FPS 78.


 Scenario BOSCH Algo rmappo Exp benchmark_23_8_4 updates 8710/10416 episodes, total num timesteps 2508768/3000000, FPS 78.


 Scenario BOSCH Algo rmappo Exp benchmark_23_8_4 updates 8715/10416 episodes, total num timesteps 2510208/3000000, FPS 78.


 Scenario BOSCH Algo rmappo Exp benchmark_23_8_4 updates 8720/10416 episodes, total num timesteps 2511648/3000000, FPS 78.


 Scenario BOSCH Algo rmappo Exp benchmark_23_8_4 updates 8725/10416 episodes, total num timesteps 2513088/3000000, FPS 78.


 Scenario BOSCH Algo rmappo Exp benchmark_23_8_4 updates 8730/10416 episodes, total num timesteps 2514528/3000000, FPS 78.


 Scenario BOSCH Algo rmappo Exp benchmark_23_8_4 updates 8735/10416 episodes, total num timesteps 2515968/3000000, FPS 78.


 Scenario BOSCH Algo rmappo Exp benchmark_23_8_4 updates 8740/10416 episodes, total num timesteps 2517408/3000000, FPS 78.


 Scenario BOSCH Algo rmappo Exp benchmark_23_8_4 updates 8745/10416 episodes, total num timesteps 2518848/3000000, FPS 78.


 Scenario BOSCH Algo rmappo Exp benchmark_23_8_4 updates 8750/10416 episodes, total num timesteps 2520288/3000000, FPS 78.


[EVAL] BOSCH MARL Inference Solving Time for 36 periods: 1.0847 seconds
eval average episode rewards of agent0: -227.9849
eval average episode rewards of agent1: -224.35124
eval average episode rewards of agent2: -224.65059
eval average episode rewards of agent3: -224.39316
eval average episode rewards of agent4: -224.3346
eval average episode rewards of agent5: -224.49763
eval average episode rewards of agent6: -224.52437
eval average episode rewards of agent7: -224.23209
eval average episode rewards of agent8: -224.53336
eval average episode costs: Backlog: 59534.79, Inventory: 0.00, Maintenance: 66.15, Production: 5587.29, Setup: 2371.71, TOTAL: 67559.95

 Scenario BOSCH Algo rmappo Exp benchmark_23_8_4 updates 8755/10416 episodes, total num timesteps 2521728/3000000, FPS 78.


 Scenario BOSCH Algo rmappo Exp benchmark_23_8_4 updates 8760/10416 episodes, total num timesteps 2523168/3000000, FPS 78.


 Scenario BOSCH Algo rmappo Exp benchmark_23_8_4 updates 8765/10416 episodes, total num timesteps 2524608/3000000, FPS 78.


 Scenario BOSCH Algo rmappo Exp benchmark_23_8_4 updates 8770/10416 episodes, total num timesteps 2526048/3000000, FPS 78.


 Scenario BOSCH Algo rmappo Exp benchmark_23_8_4 updates 8775/10416 episodes, total num timesteps 2527488/3000000, FPS 78.


 Scenario BOSCH Algo rmappo Exp benchmark_23_8_4 updates 8780/10416 episodes, total num timesteps 2528928/3000000, FPS 78.


 Scenario BOSCH Algo rmappo Exp benchmark_23_8_4 updates 8785/10416 episodes, total num timesteps 2530368/3000000, FPS 78.


 Scenario BOSCH Algo rmappo Exp benchmark_23_8_4 updates 8790/10416 episodes, total num timesteps 2531808/3000000, FPS 78.


 Scenario BOSCH Algo rmappo Exp benchmark_23_8_4 updates 8795/10416 episodes, total num timesteps 2533248/3000000, FPS 78.


 Scenario BOSCH Algo rmappo Exp benchmark_23_8_4 updates 8800/10416 episodes, total num timesteps 2534688/3000000, FPS 78.


[EVAL] BOSCH MARL Inference Solving Time for 36 periods: 1.1172 seconds
eval average episode rewards of agent0: -230.8625
eval average episode rewards of agent1: -227.45488
eval average episode rewards of agent2: -227.71912
eval average episode rewards of agent3: -227.47957
eval average episode rewards of agent4: -227.41255
eval average episode rewards of agent5: -227.50134
eval average episode rewards of agent6: -227.60123
eval average episode rewards of agent7: -227.31137
eval average episode rewards of agent8: -227.59286
eval average episode costs: Backlog: 60366.51, Inventory: 0.00, Maintenance: 58.88, Production: 5475.98, Setup: 2286.50, TOTAL: 68187.86

 Scenario BOSCH Algo rmappo Exp benchmark_23_8_4 updates 8805/10416 episodes, total num timesteps 2536128/3000000, FPS 78.


 Scenario BOSCH Algo rmappo Exp benchmark_23_8_4 updates 8810/10416 episodes, total num timesteps 2537568/3000000, FPS 78.


 Scenario BOSCH Algo rmappo Exp benchmark_23_8_4 updates 8815/10416 episodes, total num timesteps 2539008/3000000, FPS 78.


 Scenario BOSCH Algo rmappo Exp benchmark_23_8_4 updates 8820/10416 episodes, total num timesteps 2540448/3000000, FPS 78.


 Scenario BOSCH Algo rmappo Exp benchmark_23_8_4 updates 8825/10416 episodes, total num timesteps 2541888/3000000, FPS 78.


 Scenario BOSCH Algo rmappo Exp benchmark_23_8_4 updates 8830/10416 episodes, total num timesteps 2543328/3000000, FPS 78.


 Scenario BOSCH Algo rmappo Exp benchmark_23_8_4 updates 8835/10416 episodes, total num timesteps 2544768/3000000, FPS 78.


 Scenario BOSCH Algo rmappo Exp benchmark_23_8_4 updates 8840/10416 episodes, total num timesteps 2546208/3000000, FPS 78.


 Scenario BOSCH Algo rmappo Exp benchmark_23_8_4 updates 8845/10416 episodes, total num timesteps 2547648/3000000, FPS 78.


 Scenario BOSCH Algo rmappo Exp benchmark_23_8_4 updates 8850/10416 episodes, total num timesteps 2549088/3000000, FPS 78.


[EVAL] BOSCH MARL Inference Solving Time for 36 periods: 1.2784 seconds
eval average episode rewards of agent0: -248.52084
eval average episode rewards of agent1: -245.83301
eval average episode rewards of agent2: -246.0719
eval average episode rewards of agent3: -245.86736
eval average episode rewards of agent4: -245.8013
eval average episode rewards of agent5: -245.88269
eval average episode rewards of agent6: -245.96663
eval average episode rewards of agent7: -245.66487
eval average episode rewards of agent8: -245.95633
eval average episode costs: Backlog: 65337.99, Inventory: 0.00, Maintenance: 39.10, Production: 4940.80, Setup: 1796.55, TOTAL: 72114.44

 Scenario BOSCH Algo rmappo Exp benchmark_23_8_4 updates 8855/10416 episodes, total num timesteps 2550528/3000000, FPS 78.


 Scenario BOSCH Algo rmappo Exp benchmark_23_8_4 updates 8860/10416 episodes, total num timesteps 2551968/3000000, FPS 78.


 Scenario BOSCH Algo rmappo Exp benchmark_23_8_4 updates 8865/10416 episodes, total num timesteps 2553408/3000000, FPS 78.


 Scenario BOSCH Algo rmappo Exp benchmark_23_8_4 updates 8870/10416 episodes, total num timesteps 2554848/3000000, FPS 78.


 Scenario BOSCH Algo rmappo Exp benchmark_23_8_4 updates 8875/10416 episodes, total num timesteps 2556288/3000000, FPS 78.


 Scenario BOSCH Algo rmappo Exp benchmark_23_8_4 updates 8880/10416 episodes, total num timesteps 2557728/3000000, FPS 78.


 Scenario BOSCH Algo rmappo Exp benchmark_23_8_4 updates 8885/10416 episodes, total num timesteps 2559168/3000000, FPS 78.


 Scenario BOSCH Algo rmappo Exp benchmark_23_8_4 updates 8890/10416 episodes, total num timesteps 2560608/3000000, FPS 78.


 Scenario BOSCH Algo rmappo Exp benchmark_23_8_4 updates 8895/10416 episodes, total num timesteps 2562048/3000000, FPS 78.


 Scenario BOSCH Algo rmappo Exp benchmark_23_8_4 updates 8900/10416 episodes, total num timesteps 2563488/3000000, FPS 78.


[EVAL] BOSCH MARL Inference Solving Time for 36 periods: 1.1699 seconds
eval average episode rewards of agent0: -242.74036
eval average episode rewards of agent1: -239.88652
eval average episode rewards of agent2: -240.15645
eval average episode rewards of agent3: -239.89629
eval average episode rewards of agent4: -239.83755
eval average episode rewards of agent5: -239.97974
eval average episode rewards of agent6: -240.0522
eval average episode rewards of agent7: -239.7382
eval average episode rewards of agent8: -240.052
eval average episode costs: Backlog: 63750.32, Inventory: 0.00, Maintenance: 40.79, Production: 5086.40, Setup: 1898.21, TOTAL: 70775.71

 Scenario BOSCH Algo rmappo Exp benchmark_23_8_4 updates 8905/10416 episodes, total num timesteps 2564928/3000000, FPS 78.


 Scenario BOSCH Algo rmappo Exp benchmark_23_8_4 updates 8910/10416 episodes, total num timesteps 2566368/3000000, FPS 78.


 Scenario BOSCH Algo rmappo Exp benchmark_23_8_4 updates 8915/10416 episodes, total num timesteps 2567808/3000000, FPS 78.


 Scenario BOSCH Algo rmappo Exp benchmark_23_8_4 updates 8920/10416 episodes, total num timesteps 2569248/3000000, FPS 78.


 Scenario BOSCH Algo rmappo Exp benchmark_23_8_4 updates 8925/10416 episodes, total num timesteps 2570688/3000000, FPS 78.


 Scenario BOSCH Algo rmappo Exp benchmark_23_8_4 updates 8930/10416 episodes, total num timesteps 2572128/3000000, FPS 78.


 Scenario BOSCH Algo rmappo Exp benchmark_23_8_4 updates 8935/10416 episodes, total num timesteps 2573568/3000000, FPS 78.


 Scenario BOSCH Algo rmappo Exp benchmark_23_8_4 updates 8940/10416 episodes, total num timesteps 2575008/3000000, FPS 78.


 Scenario BOSCH Algo rmappo Exp benchmark_23_8_4 updates 8945/10416 episodes, total num timesteps 2576448/3000000, FPS 78.


 Scenario BOSCH Algo rmappo Exp benchmark_23_8_4 updates 8950/10416 episodes, total num timesteps 2577888/3000000, FPS 78.


[EVAL] BOSCH MARL Inference Solving Time for 36 periods: 1.1651 seconds
eval average episode rewards of agent0: -256.84958
eval average episode rewards of agent1: -254.28581
eval average episode rewards of agent2: -254.5127
eval average episode rewards of agent3: -254.3132
eval average episode rewards of agent4: -254.24234
eval average episode rewards of agent5: -254.38191
eval average episode rewards of agent6: -254.4155
eval average episode rewards of agent7: -254.13
eval average episode rewards of agent8: -254.39029
eval average episode costs: Backlog: 67586.84, Inventory: 0.00, Maintenance: 37.25, Production: 4696.81, Setup: 1706.58, TOTAL: 74027.48

 Scenario BOSCH Algo rmappo Exp benchmark_23_8_4 updates 8955/10416 episodes, total num timesteps 2579328/3000000, FPS 78.


 Scenario BOSCH Algo rmappo Exp benchmark_23_8_4 updates 8960/10416 episodes, total num timesteps 2580768/3000000, FPS 78.


 Scenario BOSCH Algo rmappo Exp benchmark_23_8_4 updates 8965/10416 episodes, total num timesteps 2582208/3000000, FPS 78.


 Scenario BOSCH Algo rmappo Exp benchmark_23_8_4 updates 8970/10416 episodes, total num timesteps 2583648/3000000, FPS 78.


 Scenario BOSCH Algo rmappo Exp benchmark_23_8_4 updates 8975/10416 episodes, total num timesteps 2585088/3000000, FPS 78.


 Scenario BOSCH Algo rmappo Exp benchmark_23_8_4 updates 8980/10416 episodes, total num timesteps 2586528/3000000, FPS 77.


 Scenario BOSCH Algo rmappo Exp benchmark_23_8_4 updates 8985/10416 episodes, total num timesteps 2587968/3000000, FPS 77.


 Scenario BOSCH Algo rmappo Exp benchmark_23_8_4 updates 8990/10416 episodes, total num timesteps 2589408/3000000, FPS 77.


 Scenario BOSCH Algo rmappo Exp benchmark_23_8_4 updates 8995/10416 episodes, total num timesteps 2590848/3000000, FPS 77.


 Scenario BOSCH Algo rmappo Exp benchmark_23_8_4 updates 9000/10416 episodes, total num timesteps 2592288/3000000, FPS 77.


[EVAL] BOSCH MARL Inference Solving Time for 36 periods: 1.3021 seconds
eval average episode rewards of agent0: -242.3022
eval average episode rewards of agent1: -239.25586
eval average episode rewards of agent2: -239.51457
eval average episode rewards of agent3: -239.28165
eval average episode rewards of agent4: -239.20357
eval average episode rewards of agent5: -239.35812
eval average episode rewards of agent6: -239.44064
eval average episode rewards of agent7: -239.13232
eval average episode rewards of agent8: -239.35869
eval average episode costs: Backlog: 63540.66, Inventory: 0.00, Maintenance: 41.14, Production: 5194.89, Setup: 2053.90, TOTAL: 70830.59

 Scenario BOSCH Algo rmappo Exp benchmark_23_8_4 updates 9005/10416 episodes, total num timesteps 2593728/3000000, FPS 77.


 Scenario BOSCH Algo rmappo Exp benchmark_23_8_4 updates 9010/10416 episodes, total num timesteps 2595168/3000000, FPS 77.


 Scenario BOSCH Algo rmappo Exp benchmark_23_8_4 updates 9015/10416 episodes, total num timesteps 2596608/3000000, FPS 77.


 Scenario BOSCH Algo rmappo Exp benchmark_23_8_4 updates 9020/10416 episodes, total num timesteps 2598048/3000000, FPS 77.


 Scenario BOSCH Algo rmappo Exp benchmark_23_8_4 updates 9025/10416 episodes, total num timesteps 2599488/3000000, FPS 77.


 Scenario BOSCH Algo rmappo Exp benchmark_23_8_4 updates 9030/10416 episodes, total num timesteps 2600928/3000000, FPS 77.


 Scenario BOSCH Algo rmappo Exp benchmark_23_8_4 updates 9035/10416 episodes, total num timesteps 2602368/3000000, FPS 77.


 Scenario BOSCH Algo rmappo Exp benchmark_23_8_4 updates 9040/10416 episodes, total num timesteps 2603808/3000000, FPS 77.


 Scenario BOSCH Algo rmappo Exp benchmark_23_8_4 updates 9045/10416 episodes, total num timesteps 2605248/3000000, FPS 77.


 Scenario BOSCH Algo rmappo Exp benchmark_23_8_4 updates 9050/10416 episodes, total num timesteps 2606688/3000000, FPS 77.


[EVAL] BOSCH MARL Inference Solving Time for 36 periods: 1.1662 seconds
eval average episode rewards of agent0: -246.34683
eval average episode rewards of agent1: -243.54741
eval average episode rewards of agent2: -243.76021
eval average episode rewards of agent3: -243.56172
eval average episode rewards of agent4: -243.52214
eval average episode rewards of agent5: -243.60014
eval average episode rewards of agent6: -243.65182
eval average episode rewards of agent7: -243.37643
eval average episode rewards of agent8: -243.5883
eval average episode costs: Backlog: 64691.81, Inventory: 0.00, Maintenance: 43.47, Production: 5112.87, Setup: 1928.06, TOTAL: 71776.21

 Scenario BOSCH Algo rmappo Exp benchmark_23_8_4 updates 9055/10416 episodes, total num timesteps 2608128/3000000, FPS 77.


 Scenario BOSCH Algo rmappo Exp benchmark_23_8_4 updates 9060/10416 episodes, total num timesteps 2609568/3000000, FPS 77.


 Scenario BOSCH Algo rmappo Exp benchmark_23_8_4 updates 9065/10416 episodes, total num timesteps 2611008/3000000, FPS 77.


 Scenario BOSCH Algo rmappo Exp benchmark_23_8_4 updates 9070/10416 episodes, total num timesteps 2612448/3000000, FPS 77.


 Scenario BOSCH Algo rmappo Exp benchmark_23_8_4 updates 9075/10416 episodes, total num timesteps 2613888/3000000, FPS 77.


 Scenario BOSCH Algo rmappo Exp benchmark_23_8_4 updates 9080/10416 episodes, total num timesteps 2615328/3000000, FPS 77.


 Scenario BOSCH Algo rmappo Exp benchmark_23_8_4 updates 9085/10416 episodes, total num timesteps 2616768/3000000, FPS 77.


 Scenario BOSCH Algo rmappo Exp benchmark_23_8_4 updates 9090/10416 episodes, total num timesteps 2618208/3000000, FPS 77.


 Scenario BOSCH Algo rmappo Exp benchmark_23_8_4 updates 9095/10416 episodes, total num timesteps 2619648/3000000, FPS 77.


 Scenario BOSCH Algo rmappo Exp benchmark_23_8_4 updates 9100/10416 episodes, total num timesteps 2621088/3000000, FPS 77.


[EVAL] BOSCH MARL Inference Solving Time for 36 periods: 1.1961 seconds
eval average episode rewards of agent0: -247.17024
eval average episode rewards of agent1: -244.51993
eval average episode rewards of agent2: -244.73682
eval average episode rewards of agent3: -244.5101
eval average episode rewards of agent4: -244.51758
eval average episode rewards of agent5: -244.5656
eval average episode rewards of agent6: -244.63937
eval average episode rewards of agent7: -244.37704
eval average episode rewards of agent8: -244.60738
eval average episode costs: Backlog: 64996.58, Inventory: 0.00, Maintenance: 39.64, Production: 4947.52, Setup: 1761.24, TOTAL: 71744.98

 Scenario BOSCH Algo rmappo Exp benchmark_23_8_4 updates 9105/10416 episodes, total num timesteps 2622528/3000000, FPS 77.


 Scenario BOSCH Algo rmappo Exp benchmark_23_8_4 updates 9110/10416 episodes, total num timesteps 2623968/3000000, FPS 77.


 Scenario BOSCH Algo rmappo Exp benchmark_23_8_4 updates 9115/10416 episodes, total num timesteps 2625408/3000000, FPS 77.


 Scenario BOSCH Algo rmappo Exp benchmark_23_8_4 updates 9120/10416 episodes, total num timesteps 2626848/3000000, FPS 77.


 Scenario BOSCH Algo rmappo Exp benchmark_23_8_4 updates 9125/10416 episodes, total num timesteps 2628288/3000000, FPS 77.


 Scenario BOSCH Algo rmappo Exp benchmark_23_8_4 updates 9130/10416 episodes, total num timesteps 2629728/3000000, FPS 77.


 Scenario BOSCH Algo rmappo Exp benchmark_23_8_4 updates 9135/10416 episodes, total num timesteps 2631168/3000000, FPS 77.


 Scenario BOSCH Algo rmappo Exp benchmark_23_8_4 updates 9140/10416 episodes, total num timesteps 2632608/3000000, FPS 77.


 Scenario BOSCH Algo rmappo Exp benchmark_23_8_4 updates 9145/10416 episodes, total num timesteps 2634048/3000000, FPS 77.


 Scenario BOSCH Algo rmappo Exp benchmark_23_8_4 updates 9150/10416 episodes, total num timesteps 2635488/3000000, FPS 77.


[EVAL] BOSCH MARL Inference Solving Time for 36 periods: 1.1740 seconds
eval average episode rewards of agent0: -260.37308
eval average episode rewards of agent1: -257.72586
eval average episode rewards of agent2: -257.90033
eval average episode rewards of agent3: -257.6982
eval average episode rewards of agent4: -257.68033
eval average episode rewards of agent5: -257.7412
eval average episode rewards of agent6: -257.74536
eval average episode rewards of agent7: -257.56238
eval average episode rewards of agent8: -257.74808
eval average episode costs: Backlog: 68407.98, Inventory: 0.00, Maintenance: 63.65, Production: 4795.62, Setup: 1925.28, TOTAL: 75192.52

 Scenario BOSCH Algo rmappo Exp benchmark_23_8_4 updates 9155/10416 episodes, total num timesteps 2636928/3000000, FPS 77.


 Scenario BOSCH Algo rmappo Exp benchmark_23_8_4 updates 9160/10416 episodes, total num timesteps 2638368/3000000, FPS 77.


 Scenario BOSCH Algo rmappo Exp benchmark_23_8_4 updates 9165/10416 episodes, total num timesteps 2639808/3000000, FPS 77.


 Scenario BOSCH Algo rmappo Exp benchmark_23_8_4 updates 9170/10416 episodes, total num timesteps 2641248/3000000, FPS 77.


 Scenario BOSCH Algo rmappo Exp benchmark_23_8_4 updates 9175/10416 episodes, total num timesteps 2642688/3000000, FPS 77.


 Scenario BOSCH Algo rmappo Exp benchmark_23_8_4 updates 9180/10416 episodes, total num timesteps 2644128/3000000, FPS 77.


 Scenario BOSCH Algo rmappo Exp benchmark_23_8_4 updates 9185/10416 episodes, total num timesteps 2645568/3000000, FPS 77.


 Scenario BOSCH Algo rmappo Exp benchmark_23_8_4 updates 9190/10416 episodes, total num timesteps 2647008/3000000, FPS 77.


 Scenario BOSCH Algo rmappo Exp benchmark_23_8_4 updates 9195/10416 episodes, total num timesteps 2648448/3000000, FPS 77.


 Scenario BOSCH Algo rmappo Exp benchmark_23_8_4 updates 9200/10416 episodes, total num timesteps 2649888/3000000, FPS 77.


[EVAL] BOSCH MARL Inference Solving Time for 36 periods: 1.4423 seconds
eval average episode rewards of agent0: -231.80087
eval average episode rewards of agent1: -228.55595
eval average episode rewards of agent2: -228.79253
eval average episode rewards of agent3: -228.57666
eval average episode rewards of agent4: -228.51785
eval average episode rewards of agent5: -228.67949
eval average episode rewards of agent6: -228.68816
eval average episode rewards of agent7: -228.40164
eval average episode rewards of agent8: -228.616
eval average episode costs: Backlog: 60681.97, Inventory: 0.00, Maintenance: 78.38, Production: 5477.26, Setup: 2157.27, TOTAL: 68394.88

 Scenario BOSCH Algo rmappo Exp benchmark_23_8_4 updates 9205/10416 episodes, total num timesteps 2651328/3000000, FPS 77.


 Scenario BOSCH Algo rmappo Exp benchmark_23_8_4 updates 9210/10416 episodes, total num timesteps 2652768/3000000, FPS 77.


 Scenario BOSCH Algo rmappo Exp benchmark_23_8_4 updates 9215/10416 episodes, total num timesteps 2654208/3000000, FPS 77.


 Scenario BOSCH Algo rmappo Exp benchmark_23_8_4 updates 9220/10416 episodes, total num timesteps 2655648/3000000, FPS 77.


 Scenario BOSCH Algo rmappo Exp benchmark_23_8_4 updates 9225/10416 episodes, total num timesteps 2657088/3000000, FPS 77.


 Scenario BOSCH Algo rmappo Exp benchmark_23_8_4 updates 9230/10416 episodes, total num timesteps 2658528/3000000, FPS 77.


 Scenario BOSCH Algo rmappo Exp benchmark_23_8_4 updates 9235/10416 episodes, total num timesteps 2659968/3000000, FPS 77.


 Scenario BOSCH Algo rmappo Exp benchmark_23_8_4 updates 9240/10416 episodes, total num timesteps 2661408/3000000, FPS 77.


 Scenario BOSCH Algo rmappo Exp benchmark_23_8_4 updates 9245/10416 episodes, total num timesteps 2662848/3000000, FPS 77.


 Scenario BOSCH Algo rmappo Exp benchmark_23_8_4 updates 9250/10416 episodes, total num timesteps 2664288/3000000, FPS 77.


[EVAL] BOSCH MARL Inference Solving Time for 36 periods: 1.3087 seconds
eval average episode rewards of agent0: -229.68448
eval average episode rewards of agent1: -226.25948
eval average episode rewards of agent2: -226.50749
eval average episode rewards of agent3: -226.2884
eval average episode rewards of agent4: -226.23828
eval average episode rewards of agent5: -226.39095
eval average episode rewards of agent6: -226.40633
eval average episode rewards of agent7: -226.10933
eval average episode rewards of agent8: -226.34091
eval average episode costs: Backlog: 60046.70, Inventory: 0.00, Maintenance: 78.76, Production: 5530.86, Setup: 2280.03, TOTAL: 67936.35

 Scenario BOSCH Algo rmappo Exp benchmark_23_8_4 updates 9255/10416 episodes, total num timesteps 2665728/3000000, FPS 77.


 Scenario BOSCH Algo rmappo Exp benchmark_23_8_4 updates 9260/10416 episodes, total num timesteps 2667168/3000000, FPS 77.


 Scenario BOSCH Algo rmappo Exp benchmark_23_8_4 updates 9265/10416 episodes, total num timesteps 2668608/3000000, FPS 77.


 Scenario BOSCH Algo rmappo Exp benchmark_23_8_4 updates 9270/10416 episodes, total num timesteps 2670048/3000000, FPS 77.


 Scenario BOSCH Algo rmappo Exp benchmark_23_8_4 updates 9275/10416 episodes, total num timesteps 2671488/3000000, FPS 77.


 Scenario BOSCH Algo rmappo Exp benchmark_23_8_4 updates 9280/10416 episodes, total num timesteps 2672928/3000000, FPS 77.


 Scenario BOSCH Algo rmappo Exp benchmark_23_8_4 updates 9285/10416 episodes, total num timesteps 2674368/3000000, FPS 77.


 Scenario BOSCH Algo rmappo Exp benchmark_23_8_4 updates 9290/10416 episodes, total num timesteps 2675808/3000000, FPS 77.


 Scenario BOSCH Algo rmappo Exp benchmark_23_8_4 updates 9295/10416 episodes, total num timesteps 2677248/3000000, FPS 77.


 Scenario BOSCH Algo rmappo Exp benchmark_23_8_4 updates 9300/10416 episodes, total num timesteps 2678688/3000000, FPS 77.


[EVAL] BOSCH MARL Inference Solving Time for 36 periods: 1.5441 seconds
eval average episode rewards of agent0: -231.69267
eval average episode rewards of agent1: -228.3239
eval average episode rewards of agent2: -228.54819
eval average episode rewards of agent3: -228.3458
eval average episode rewards of agent4: -228.25247
eval average episode rewards of agent5: -228.39893
eval average episode rewards of agent6: -228.41838
eval average episode rewards of agent7: -228.15298
eval average episode rewards of agent8: -228.4174
eval average episode costs: Backlog: 60568.68, Inventory: 0.00, Maintenance: 74.52, Production: 5483.61, Setup: 2337.12, TOTAL: 68463.92

 Scenario BOSCH Algo rmappo Exp benchmark_23_8_4 updates 9305/10416 episodes, total num timesteps 2680128/3000000, FPS 77.


 Scenario BOSCH Algo rmappo Exp benchmark_23_8_4 updates 9310/10416 episodes, total num timesteps 2681568/3000000, FPS 77.


 Scenario BOSCH Algo rmappo Exp benchmark_23_8_4 updates 9315/10416 episodes, total num timesteps 2683008/3000000, FPS 76.


 Scenario BOSCH Algo rmappo Exp benchmark_23_8_4 updates 9320/10416 episodes, total num timesteps 2684448/3000000, FPS 76.


 Scenario BOSCH Algo rmappo Exp benchmark_23_8_4 updates 9325/10416 episodes, total num timesteps 2685888/3000000, FPS 76.


 Scenario BOSCH Algo rmappo Exp benchmark_23_8_4 updates 9330/10416 episodes, total num timesteps 2687328/3000000, FPS 76.


 Scenario BOSCH Algo rmappo Exp benchmark_23_8_4 updates 9335/10416 episodes, total num timesteps 2688768/3000000, FPS 76.


 Scenario BOSCH Algo rmappo Exp benchmark_23_8_4 updates 9340/10416 episodes, total num timesteps 2690208/3000000, FPS 76.


 Scenario BOSCH Algo rmappo Exp benchmark_23_8_4 updates 9345/10416 episodes, total num timesteps 2691648/3000000, FPS 76.


 Scenario BOSCH Algo rmappo Exp benchmark_23_8_4 updates 9350/10416 episodes, total num timesteps 2693088/3000000, FPS 76.


[EVAL] BOSCH MARL Inference Solving Time for 36 periods: 1.4773 seconds
eval average episode rewards of agent0: -233.19931
eval average episode rewards of agent1: -229.84464
eval average episode rewards of agent2: -230.05334
eval average episode rewards of agent3: -229.85336
eval average episode rewards of agent4: -229.77959
eval average episode rewards of agent5: -229.90494
eval average episode rewards of agent6: -229.92334
eval average episode rewards of agent7: -229.7085
eval average episode rewards of agent8: -229.91951
eval average episode costs: Backlog: 60970.60, Inventory: 0.00, Maintenance: 67.46, Production: 5493.35, Setup: 2326.19, TOTAL: 68857.59

 Scenario BOSCH Algo rmappo Exp benchmark_23_8_4 updates 9355/10416 episodes, total num timesteps 2694528/3000000, FPS 76.


 Scenario BOSCH Algo rmappo Exp benchmark_23_8_4 updates 9360/10416 episodes, total num timesteps 2695968/3000000, FPS 76.


 Scenario BOSCH Algo rmappo Exp benchmark_23_8_4 updates 9365/10416 episodes, total num timesteps 2697408/3000000, FPS 76.


 Scenario BOSCH Algo rmappo Exp benchmark_23_8_4 updates 9370/10416 episodes, total num timesteps 2698848/3000000, FPS 76.


 Scenario BOSCH Algo rmappo Exp benchmark_23_8_4 updates 9375/10416 episodes, total num timesteps 2700288/3000000, FPS 76.


 Scenario BOSCH Algo rmappo Exp benchmark_23_8_4 updates 9380/10416 episodes, total num timesteps 2701728/3000000, FPS 76.


 Scenario BOSCH Algo rmappo Exp benchmark_23_8_4 updates 9385/10416 episodes, total num timesteps 2703168/3000000, FPS 76.


 Scenario BOSCH Algo rmappo Exp benchmark_23_8_4 updates 9390/10416 episodes, total num timesteps 2704608/3000000, FPS 76.


 Scenario BOSCH Algo rmappo Exp benchmark_23_8_4 updates 9395/10416 episodes, total num timesteps 2706048/3000000, FPS 76.


 Scenario BOSCH Algo rmappo Exp benchmark_23_8_4 updates 9400/10416 episodes, total num timesteps 2707488/3000000, FPS 76.


[EVAL] BOSCH MARL Inference Solving Time for 36 periods: 1.4920 seconds
eval average episode rewards of agent0: -250.10422
eval average episode rewards of agent1: -247.08183
eval average episode rewards of agent2: -247.24332
eval average episode rewards of agent3: -247.1283
eval average episode rewards of agent4: -247.00517
eval average episode rewards of agent5: -247.10806
eval average episode rewards of agent6: -247.06523
eval average episode rewards of agent7: -246.92741
eval average episode rewards of agent8: -247.09941
eval average episode costs: Backlog: 65544.75, Inventory: 0.00, Maintenance: 95.55, Production: 5048.45, Setup: 2124.62, TOTAL: 72813.37

 Scenario BOSCH Algo rmappo Exp benchmark_23_8_4 updates 9405/10416 episodes, total num timesteps 2708928/3000000, FPS 76.


 Scenario BOSCH Algo rmappo Exp benchmark_23_8_4 updates 9410/10416 episodes, total num timesteps 2710368/3000000, FPS 76.


 Scenario BOSCH Algo rmappo Exp benchmark_23_8_4 updates 9415/10416 episodes, total num timesteps 2711808/3000000, FPS 76.


 Scenario BOSCH Algo rmappo Exp benchmark_23_8_4 updates 9420/10416 episodes, total num timesteps 2713248/3000000, FPS 76.


 Scenario BOSCH Algo rmappo Exp benchmark_23_8_4 updates 9425/10416 episodes, total num timesteps 2714688/3000000, FPS 76.


 Scenario BOSCH Algo rmappo Exp benchmark_23_8_4 updates 9430/10416 episodes, total num timesteps 2716128/3000000, FPS 76.


 Scenario BOSCH Algo rmappo Exp benchmark_23_8_4 updates 9435/10416 episodes, total num timesteps 2717568/3000000, FPS 76.


 Scenario BOSCH Algo rmappo Exp benchmark_23_8_4 updates 9440/10416 episodes, total num timesteps 2719008/3000000, FPS 76.


 Scenario BOSCH Algo rmappo Exp benchmark_23_8_4 updates 9445/10416 episodes, total num timesteps 2720448/3000000, FPS 76.


 Scenario BOSCH Algo rmappo Exp benchmark_23_8_4 updates 9450/10416 episodes, total num timesteps 2721888/3000000, FPS 76.


[EVAL] BOSCH MARL Inference Solving Time for 36 periods: 1.6120 seconds
eval average episode rewards of agent0: -222.97696
eval average episode rewards of agent1: -219.3258
eval average episode rewards of agent2: -219.54646
eval average episode rewards of agent3: -219.34517
eval average episode rewards of agent4: -219.23532
eval average episode rewards of agent5: -219.41206
eval average episode rewards of agent6: -219.32625
eval average episode rewards of agent7: -219.1396
eval average episode rewards of agent8: -219.41121
eval average episode costs: Backlog: 58154.17, Inventory: 0.00, Maintenance: 66.36, Production: 5730.63, Setup: 2524.50, TOTAL: 66475.66

 Scenario BOSCH Algo rmappo Exp benchmark_23_8_4 updates 9455/10416 episodes, total num timesteps 2723328/3000000, FPS 76.


 Scenario BOSCH Algo rmappo Exp benchmark_23_8_4 updates 9460/10416 episodes, total num timesteps 2724768/3000000, FPS 76.


 Scenario BOSCH Algo rmappo Exp benchmark_23_8_4 updates 9465/10416 episodes, total num timesteps 2726208/3000000, FPS 76.


 Scenario BOSCH Algo rmappo Exp benchmark_23_8_4 updates 9470/10416 episodes, total num timesteps 2727648/3000000, FPS 76.


 Scenario BOSCH Algo rmappo Exp benchmark_23_8_4 updates 9475/10416 episodes, total num timesteps 2729088/3000000, FPS 76.


 Scenario BOSCH Algo rmappo Exp benchmark_23_8_4 updates 9480/10416 episodes, total num timesteps 2730528/3000000, FPS 76.


 Scenario BOSCH Algo rmappo Exp benchmark_23_8_4 updates 9485/10416 episodes, total num timesteps 2731968/3000000, FPS 76.


 Scenario BOSCH Algo rmappo Exp benchmark_23_8_4 updates 9490/10416 episodes, total num timesteps 2733408/3000000, FPS 76.


 Scenario BOSCH Algo rmappo Exp benchmark_23_8_4 updates 9495/10416 episodes, total num timesteps 2734848/3000000, FPS 76.


 Scenario BOSCH Algo rmappo Exp benchmark_23_8_4 updates 9500/10416 episodes, total num timesteps 2736288/3000000, FPS 76.


[EVAL] BOSCH MARL Inference Solving Time for 36 periods: 1.5038 seconds
eval average episode rewards of agent0: -220.85477
eval average episode rewards of agent1: -217.29541
eval average episode rewards of agent2: -217.51254
eval average episode rewards of agent3: -217.31055
eval average episode rewards of agent4: -217.26291
eval average episode rewards of agent5: -217.37227
eval average episode rewards of agent6: -217.27617
eval average episode rewards of agent7: -217.1112
eval average episode rewards of agent8: -217.32686
eval average episode costs: Backlog: 57652.64, Inventory: 0.00, Maintenance: 58.83, Production: 5807.30, Setup: 2401.94, TOTAL: 65920.71

 Scenario BOSCH Algo rmappo Exp benchmark_23_8_4 updates 9505/10416 episodes, total num timesteps 2737728/3000000, FPS 76.


 Scenario BOSCH Algo rmappo Exp benchmark_23_8_4 updates 9510/10416 episodes, total num timesteps 2739168/3000000, FPS 76.


 Scenario BOSCH Algo rmappo Exp benchmark_23_8_4 updates 9515/10416 episodes, total num timesteps 2740608/3000000, FPS 76.


 Scenario BOSCH Algo rmappo Exp benchmark_23_8_4 updates 9520/10416 episodes, total num timesteps 2742048/3000000, FPS 76.


 Scenario BOSCH Algo rmappo Exp benchmark_23_8_4 updates 9525/10416 episodes, total num timesteps 2743488/3000000, FPS 76.


 Scenario BOSCH Algo rmappo Exp benchmark_23_8_4 updates 9530/10416 episodes, total num timesteps 2744928/3000000, FPS 76.


 Scenario BOSCH Algo rmappo Exp benchmark_23_8_4 updates 9535/10416 episodes, total num timesteps 2746368/3000000, FPS 76.


 Scenario BOSCH Algo rmappo Exp benchmark_23_8_4 updates 9540/10416 episodes, total num timesteps 2747808/3000000, FPS 76.


 Scenario BOSCH Algo rmappo Exp benchmark_23_8_4 updates 9545/10416 episodes, total num timesteps 2749248/3000000, FPS 76.


 Scenario BOSCH Algo rmappo Exp benchmark_23_8_4 updates 9550/10416 episodes, total num timesteps 2750688/3000000, FPS 76.


[EVAL] BOSCH MARL Inference Solving Time for 36 periods: 1.5769 seconds
eval average episode rewards of agent0: -221.3789
eval average episode rewards of agent1: -217.89682
eval average episode rewards of agent2: -218.128
eval average episode rewards of agent3: -217.90836
eval average episode rewards of agent4: -217.82962
eval average episode rewards of agent5: -217.99792
eval average episode rewards of agent6: -217.91013
eval average episode rewards of agent7: -217.71436
eval average episode rewards of agent8: -217.96066
eval average episode costs: Backlog: 57837.30, Inventory: 0.00, Maintenance: 51.48, Production: 5756.13, Setup: 2328.83, TOTAL: 65973.74

 Scenario BOSCH Algo rmappo Exp benchmark_23_8_4 updates 9555/10416 episodes, total num timesteps 2752128/3000000, FPS 76.


 Scenario BOSCH Algo rmappo Exp benchmark_23_8_4 updates 9560/10416 episodes, total num timesteps 2753568/3000000, FPS 76.


 Scenario BOSCH Algo rmappo Exp benchmark_23_8_4 updates 9565/10416 episodes, total num timesteps 2755008/3000000, FPS 76.


 Scenario BOSCH Algo rmappo Exp benchmark_23_8_4 updates 9570/10416 episodes, total num timesteps 2756448/3000000, FPS 75.


 Scenario BOSCH Algo rmappo Exp benchmark_23_8_4 updates 9575/10416 episodes, total num timesteps 2757888/3000000, FPS 75.


 Scenario BOSCH Algo rmappo Exp benchmark_23_8_4 updates 9580/10416 episodes, total num timesteps 2759328/3000000, FPS 75.


 Scenario BOSCH Algo rmappo Exp benchmark_23_8_4 updates 9585/10416 episodes, total num timesteps 2760768/3000000, FPS 75.


 Scenario BOSCH Algo rmappo Exp benchmark_23_8_4 updates 9590/10416 episodes, total num timesteps 2762208/3000000, FPS 75.


 Scenario BOSCH Algo rmappo Exp benchmark_23_8_4 updates 9595/10416 episodes, total num timesteps 2763648/3000000, FPS 75.


 Scenario BOSCH Algo rmappo Exp benchmark_23_8_4 updates 9600/10416 episodes, total num timesteps 2765088/3000000, FPS 75.


[EVAL] BOSCH MARL Inference Solving Time for 36 periods: 1.4537 seconds
eval average episode rewards of agent0: -224.58406
eval average episode rewards of agent1: -221.3093
eval average episode rewards of agent2: -221.55779
eval average episode rewards of agent3: -221.34009
eval average episode rewards of agent4: -221.25615
eval average episode rewards of agent5: -221.4113
eval average episode rewards of agent6: -221.33044
eval average episode rewards of agent7: -221.15356
eval average episode rewards of agent8: -221.39755
eval average episode costs: Backlog: 58776.90, Inventory: 0.00, Maintenance: 48.22, Production: 5634.37, Setup: 2183.96, TOTAL: 66643.45

 Scenario BOSCH Algo rmappo Exp benchmark_23_8_4 updates 9605/10416 episodes, total num timesteps 2766528/3000000, FPS 75.


 Scenario BOSCH Algo rmappo Exp benchmark_23_8_4 updates 9610/10416 episodes, total num timesteps 2767968/3000000, FPS 75.


 Scenario BOSCH Algo rmappo Exp benchmark_23_8_4 updates 9615/10416 episodes, total num timesteps 2769408/3000000, FPS 75.


 Scenario BOSCH Algo rmappo Exp benchmark_23_8_4 updates 9620/10416 episodes, total num timesteps 2770848/3000000, FPS 75.


 Scenario BOSCH Algo rmappo Exp benchmark_23_8_4 updates 9625/10416 episodes, total num timesteps 2772288/3000000, FPS 75.


 Scenario BOSCH Algo rmappo Exp benchmark_23_8_4 updates 9630/10416 episodes, total num timesteps 2773728/3000000, FPS 75.


 Scenario BOSCH Algo rmappo Exp benchmark_23_8_4 updates 9635/10416 episodes, total num timesteps 2775168/3000000, FPS 75.


 Scenario BOSCH Algo rmappo Exp benchmark_23_8_4 updates 9640/10416 episodes, total num timesteps 2776608/3000000, FPS 75.


 Scenario BOSCH Algo rmappo Exp benchmark_23_8_4 updates 9645/10416 episodes, total num timesteps 2778048/3000000, FPS 75.


 Scenario BOSCH Algo rmappo Exp benchmark_23_8_4 updates 9650/10416 episodes, total num timesteps 2779488/3000000, FPS 75.


[EVAL] BOSCH MARL Inference Solving Time for 36 periods: 1.3509 seconds
eval average episode rewards of agent0: -223.8636
eval average episode rewards of agent1: -220.45935
eval average episode rewards of agent2: -220.71085
eval average episode rewards of agent3: -220.48482
eval average episode rewards of agent4: -220.40298
eval average episode rewards of agent5: -220.54463
eval average episode rewards of agent6: -220.50626
eval average episode rewards of agent7: -220.31523
eval average episode rewards of agent8: -220.51118
eval average episode costs: Backlog: 58506.96, Inventory: 0.00, Maintenance: 45.46, Production: 5700.10, Setup: 2357.92, TOTAL: 66610.45

 Scenario BOSCH Algo rmappo Exp benchmark_23_8_4 updates 9655/10416 episodes, total num timesteps 2780928/3000000, FPS 75.


 Scenario BOSCH Algo rmappo Exp benchmark_23_8_4 updates 9660/10416 episodes, total num timesteps 2782368/3000000, FPS 75.


 Scenario BOSCH Algo rmappo Exp benchmark_23_8_4 updates 9665/10416 episodes, total num timesteps 2783808/3000000, FPS 75.


 Scenario BOSCH Algo rmappo Exp benchmark_23_8_4 updates 9670/10416 episodes, total num timesteps 2785248/3000000, FPS 75.


 Scenario BOSCH Algo rmappo Exp benchmark_23_8_4 updates 9675/10416 episodes, total num timesteps 2786688/3000000, FPS 75.


 Scenario BOSCH Algo rmappo Exp benchmark_23_8_4 updates 9680/10416 episodes, total num timesteps 2788128/3000000, FPS 75.


 Scenario BOSCH Algo rmappo Exp benchmark_23_8_4 updates 9685/10416 episodes, total num timesteps 2789568/3000000, FPS 75.


 Scenario BOSCH Algo rmappo Exp benchmark_23_8_4 updates 9690/10416 episodes, total num timesteps 2791008/3000000, FPS 75.


 Scenario BOSCH Algo rmappo Exp benchmark_23_8_4 updates 9695/10416 episodes, total num timesteps 2792448/3000000, FPS 75.


 Scenario BOSCH Algo rmappo Exp benchmark_23_8_4 updates 9700/10416 episodes, total num timesteps 2793888/3000000, FPS 75.


[EVAL] BOSCH MARL Inference Solving Time for 36 periods: 1.1717 seconds
eval average episode rewards of agent0: -230.70078
eval average episode rewards of agent1: -227.30904
eval average episode rewards of agent2: -227.54007
eval average episode rewards of agent3: -227.31462
eval average episode rewards of agent4: -227.26228
eval average episode rewards of agent5: -227.3884
eval average episode rewards of agent6: -227.30754
eval average episode rewards of agent7: -227.165
eval average episode rewards of agent8: -227.37961
eval average episode costs: Backlog: 60293.05, Inventory: 0.00, Maintenance: 44.31, Production: 5596.92, Setup: 2391.76, TOTAL: 68326.05

 Scenario BOSCH Algo rmappo Exp benchmark_23_8_4 updates 9705/10416 episodes, total num timesteps 2795328/3000000, FPS 75.


 Scenario BOSCH Algo rmappo Exp benchmark_23_8_4 updates 9710/10416 episodes, total num timesteps 2796768/3000000, FPS 75.


 Scenario BOSCH Algo rmappo Exp benchmark_23_8_4 updates 9715/10416 episodes, total num timesteps 2798208/3000000, FPS 75.


 Scenario BOSCH Algo rmappo Exp benchmark_23_8_4 updates 9720/10416 episodes, total num timesteps 2799648/3000000, FPS 75.


 Scenario BOSCH Algo rmappo Exp benchmark_23_8_4 updates 9725/10416 episodes, total num timesteps 2801088/3000000, FPS 75.


 Scenario BOSCH Algo rmappo Exp benchmark_23_8_4 updates 9730/10416 episodes, total num timesteps 2802528/3000000, FPS 75.


 Scenario BOSCH Algo rmappo Exp benchmark_23_8_4 updates 9735/10416 episodes, total num timesteps 2803968/3000000, FPS 75.


 Scenario BOSCH Algo rmappo Exp benchmark_23_8_4 updates 9740/10416 episodes, total num timesteps 2805408/3000000, FPS 75.


 Scenario BOSCH Algo rmappo Exp benchmark_23_8_4 updates 9745/10416 episodes, total num timesteps 2806848/3000000, FPS 75.


 Scenario BOSCH Algo rmappo Exp benchmark_23_8_4 updates 9750/10416 episodes, total num timesteps 2808288/3000000, FPS 75.


[EVAL] BOSCH MARL Inference Solving Time for 36 periods: 1.2600 seconds
eval average episode rewards of agent0: -229.29639
eval average episode rewards of agent1: -226.15738
eval average episode rewards of agent2: -226.39038
eval average episode rewards of agent3: -226.19846
eval average episode rewards of agent4: -226.13083
eval average episode rewards of agent5: -226.26108
eval average episode rewards of agent6: -226.17986
eval average episode rewards of agent7: -225.99377
eval average episode rewards of agent8: -226.22029
eval average episode costs: Backlog: 60058.88, Inventory: 0.00, Maintenance: 43.91, Production: 5560.98, Setup: 2156.22, TOTAL: 67819.98

 Scenario BOSCH Algo rmappo Exp benchmark_23_8_4 updates 9755/10416 episodes, total num timesteps 2809728/3000000, FPS 75.


 Scenario BOSCH Algo rmappo Exp benchmark_23_8_4 updates 9760/10416 episodes, total num timesteps 2811168/3000000, FPS 75.


 Scenario BOSCH Algo rmappo Exp benchmark_23_8_4 updates 9765/10416 episodes, total num timesteps 2812608/3000000, FPS 75.


 Scenario BOSCH Algo rmappo Exp benchmark_23_8_4 updates 9770/10416 episodes, total num timesteps 2814048/3000000, FPS 75.


 Scenario BOSCH Algo rmappo Exp benchmark_23_8_4 updates 9775/10416 episodes, total num timesteps 2815488/3000000, FPS 75.


 Scenario BOSCH Algo rmappo Exp benchmark_23_8_4 updates 9780/10416 episodes, total num timesteps 2816928/3000000, FPS 75.


 Scenario BOSCH Algo rmappo Exp benchmark_23_8_4 updates 9785/10416 episodes, total num timesteps 2818368/3000000, FPS 75.


 Scenario BOSCH Algo rmappo Exp benchmark_23_8_4 updates 9790/10416 episodes, total num timesteps 2819808/3000000, FPS 75.


 Scenario BOSCH Algo rmappo Exp benchmark_23_8_4 updates 9795/10416 episodes, total num timesteps 2821248/3000000, FPS 75.


 Scenario BOSCH Algo rmappo Exp benchmark_23_8_4 updates 9800/10416 episodes, total num timesteps 2822688/3000000, FPS 75.


[EVAL] BOSCH MARL Inference Solving Time for 36 periods: 1.1433 seconds
eval average episode rewards of agent0: -228.21841
eval average episode rewards of agent1: -224.89034
eval average episode rewards of agent2: -225.12251
eval average episode rewards of agent3: -224.90608
eval average episode rewards of agent4: -224.86443
eval average episode rewards of agent5: -224.95645
eval average episode rewards of agent6: -224.8917
eval average episode rewards of agent7: -224.74149
eval average episode rewards of agent8: -224.96147
eval average episode costs: Backlog: 59680.88, Inventory: 0.00, Maintenance: 44.21, Production: 5575.32, Setup: 2311.61, TOTAL: 67612.02

 Scenario BOSCH Algo rmappo Exp benchmark_23_8_4 updates 9805/10416 episodes, total num timesteps 2824128/3000000, FPS 75.


 Scenario BOSCH Algo rmappo Exp benchmark_23_8_4 updates 9810/10416 episodes, total num timesteps 2825568/3000000, FPS 75.


 Scenario BOSCH Algo rmappo Exp benchmark_23_8_4 updates 9815/10416 episodes, total num timesteps 2827008/3000000, FPS 75.


 Scenario BOSCH Algo rmappo Exp benchmark_23_8_4 updates 9820/10416 episodes, total num timesteps 2828448/3000000, FPS 75.


 Scenario BOSCH Algo rmappo Exp benchmark_23_8_4 updates 9825/10416 episodes, total num timesteps 2829888/3000000, FPS 75.


 Scenario BOSCH Algo rmappo Exp benchmark_23_8_4 updates 9830/10416 episodes, total num timesteps 2831328/3000000, FPS 75.


 Scenario BOSCH Algo rmappo Exp benchmark_23_8_4 updates 9835/10416 episodes, total num timesteps 2832768/3000000, FPS 75.


 Scenario BOSCH Algo rmappo Exp benchmark_23_8_4 updates 9840/10416 episodes, total num timesteps 2834208/3000000, FPS 75.


 Scenario BOSCH Algo rmappo Exp benchmark_23_8_4 updates 9845/10416 episodes, total num timesteps 2835648/3000000, FPS 75.


 Scenario BOSCH Algo rmappo Exp benchmark_23_8_4 updates 9850/10416 episodes, total num timesteps 2837088/3000000, FPS 75.


[EVAL] BOSCH MARL Inference Solving Time for 36 periods: 1.1269 seconds
eval average episode rewards of agent0: -227.19275
eval average episode rewards of agent1: -223.86325
eval average episode rewards of agent2: -224.07796
eval average episode rewards of agent3: -223.88757
eval average episode rewards of agent4: -223.81396
eval average episode rewards of agent5: -223.94087
eval average episode rewards of agent6: -223.84863
eval average episode rewards of agent7: -223.73679
eval average episode rewards of agent8: -223.94186
eval average episode costs: Backlog: 59410.95, Inventory: 0.00, Maintenance: 47.70, Production: 5595.22, Setup: 2308.24, TOTAL: 67362.10

 Scenario BOSCH Algo rmappo Exp benchmark_23_8_4 updates 9855/10416 episodes, total num timesteps 2838528/3000000, FPS 75.


 Scenario BOSCH Algo rmappo Exp benchmark_23_8_4 updates 9860/10416 episodes, total num timesteps 2839968/3000000, FPS 75.


 Scenario BOSCH Algo rmappo Exp benchmark_23_8_4 updates 9865/10416 episodes, total num timesteps 2841408/3000000, FPS 75.


 Scenario BOSCH Algo rmappo Exp benchmark_23_8_4 updates 9870/10416 episodes, total num timesteps 2842848/3000000, FPS 75.


 Scenario BOSCH Algo rmappo Exp benchmark_23_8_4 updates 9875/10416 episodes, total num timesteps 2844288/3000000, FPS 75.


 Scenario BOSCH Algo rmappo Exp benchmark_23_8_4 updates 9880/10416 episodes, total num timesteps 2845728/3000000, FPS 75.


 Scenario BOSCH Algo rmappo Exp benchmark_23_8_4 updates 9885/10416 episodes, total num timesteps 2847168/3000000, FPS 75.


 Scenario BOSCH Algo rmappo Exp benchmark_23_8_4 updates 9890/10416 episodes, total num timesteps 2848608/3000000, FPS 75.


 Scenario BOSCH Algo rmappo Exp benchmark_23_8_4 updates 9895/10416 episodes, total num timesteps 2850048/3000000, FPS 75.


 Scenario BOSCH Algo rmappo Exp benchmark_23_8_4 updates 9900/10416 episodes, total num timesteps 2851488/3000000, FPS 75.


[EVAL] BOSCH MARL Inference Solving Time for 36 periods: 1.2535 seconds
eval average episode rewards of agent0: -221.71468
eval average episode rewards of agent1: -218.12044
eval average episode rewards of agent2: -218.34587
eval average episode rewards of agent3: -218.14803
eval average episode rewards of agent4: -218.09126
eval average episode rewards of agent5: -218.18571
eval average episode rewards of agent6: -218.1217
eval average episode rewards of agent7: -217.96387
eval average episode rewards of agent8: -218.19551
eval average episode costs: Backlog: 57854.76, Inventory: 0.00, Maintenance: 52.40, Production: 5787.67, Setup: 2472.85, TOTAL: 66167.67

 Scenario BOSCH Algo rmappo Exp benchmark_23_8_4 updates 9905/10416 episodes, total num timesteps 2852928/3000000, FPS 75.


 Scenario BOSCH Algo rmappo Exp benchmark_23_8_4 updates 9910/10416 episodes, total num timesteps 2854368/3000000, FPS 75.


 Scenario BOSCH Algo rmappo Exp benchmark_23_8_4 updates 9915/10416 episodes, total num timesteps 2855808/3000000, FPS 75.


 Scenario BOSCH Algo rmappo Exp benchmark_23_8_4 updates 9920/10416 episodes, total num timesteps 2857248/3000000, FPS 75.


 Scenario BOSCH Algo rmappo Exp benchmark_23_8_4 updates 9925/10416 episodes, total num timesteps 2858688/3000000, FPS 75.


 Scenario BOSCH Algo rmappo Exp benchmark_23_8_4 updates 9930/10416 episodes, total num timesteps 2860128/3000000, FPS 75.


 Scenario BOSCH Algo rmappo Exp benchmark_23_8_4 updates 9935/10416 episodes, total num timesteps 2861568/3000000, FPS 75.


 Scenario BOSCH Algo rmappo Exp benchmark_23_8_4 updates 9940/10416 episodes, total num timesteps 2863008/3000000, FPS 75.


 Scenario BOSCH Algo rmappo Exp benchmark_23_8_4 updates 9945/10416 episodes, total num timesteps 2864448/3000000, FPS 75.


 Scenario BOSCH Algo rmappo Exp benchmark_23_8_4 updates 9950/10416 episodes, total num timesteps 2865888/3000000, FPS 75.


[EVAL] BOSCH MARL Inference Solving Time for 36 periods: 1.2544 seconds
eval average episode rewards of agent0: -222.2718
eval average episode rewards of agent1: -218.77177
eval average episode rewards of agent2: -219.00583
eval average episode rewards of agent3: -218.78989
eval average episode rewards of agent4: -218.75069
eval average episode rewards of agent5: -218.8479
eval average episode rewards of agent6: -218.78777
eval average episode rewards of agent7: -218.62625
eval average episode rewards of agent8: -218.88171
eval average episode costs: Backlog: 58059.97, Inventory: 0.00, Maintenance: 49.46, Production: 5789.69, Setup: 2363.60, TOTAL: 66262.72

 Scenario BOSCH Algo rmappo Exp benchmark_23_8_4 updates 9955/10416 episodes, total num timesteps 2867328/3000000, FPS 75.


 Scenario BOSCH Algo rmappo Exp benchmark_23_8_4 updates 9960/10416 episodes, total num timesteps 2868768/3000000, FPS 75.


 Scenario BOSCH Algo rmappo Exp benchmark_23_8_4 updates 9965/10416 episodes, total num timesteps 2870208/3000000, FPS 75.


 Scenario BOSCH Algo rmappo Exp benchmark_23_8_4 updates 9970/10416 episodes, total num timesteps 2871648/3000000, FPS 75.


 Scenario BOSCH Algo rmappo Exp benchmark_23_8_4 updates 9975/10416 episodes, total num timesteps 2873088/3000000, FPS 75.


 Scenario BOSCH Algo rmappo Exp benchmark_23_8_4 updates 9980/10416 episodes, total num timesteps 2874528/3000000, FPS 75.


 Scenario BOSCH Algo rmappo Exp benchmark_23_8_4 updates 9985/10416 episodes, total num timesteps 2875968/3000000, FPS 75.


 Scenario BOSCH Algo rmappo Exp benchmark_23_8_4 updates 9990/10416 episodes, total num timesteps 2877408/3000000, FPS 75.


 Scenario BOSCH Algo rmappo Exp benchmark_23_8_4 updates 9995/10416 episodes, total num timesteps 2878848/3000000, FPS 75.


 Scenario BOSCH Algo rmappo Exp benchmark_23_8_4 updates 10000/10416 episodes, total num timesteps 2880288/3000000, FPS 75.


[EVAL] BOSCH MARL Inference Solving Time for 36 periods: 1.1774 seconds
eval average episode rewards of agent0: -224.1932
eval average episode rewards of agent1: -220.94315
eval average episode rewards of agent2: -221.19717
eval average episode rewards of agent3: -220.96065
eval average episode rewards of agent4: -220.90677
eval average episode rewards of agent5: -221.01535
eval average episode rewards of agent6: -220.95686
eval average episode rewards of agent7: -220.80473
eval average episode rewards of agent8: -221.01363
eval average episode costs: Backlog: 58656.32, Inventory: 0.00, Maintenance: 48.56, Production: 5718.78, Setup: 2260.42, TOTAL: 66684.08

 Scenario BOSCH Algo rmappo Exp benchmark_23_8_4 updates 10005/10416 episodes, total num timesteps 2881728/3000000, FPS 75.


 Scenario BOSCH Algo rmappo Exp benchmark_23_8_4 updates 10010/10416 episodes, total num timesteps 2883168/3000000, FPS 75.


 Scenario BOSCH Algo rmappo Exp benchmark_23_8_4 updates 10015/10416 episodes, total num timesteps 2884608/3000000, FPS 75.


 Scenario BOSCH Algo rmappo Exp benchmark_23_8_4 updates 10020/10416 episodes, total num timesteps 2886048/3000000, FPS 75.


 Scenario BOSCH Algo rmappo Exp benchmark_23_8_4 updates 10025/10416 episodes, total num timesteps 2887488/3000000, FPS 75.


 Scenario BOSCH Algo rmappo Exp benchmark_23_8_4 updates 10030/10416 episodes, total num timesteps 2888928/3000000, FPS 75.


 Scenario BOSCH Algo rmappo Exp benchmark_23_8_4 updates 10035/10416 episodes, total num timesteps 2890368/3000000, FPS 75.


 Scenario BOSCH Algo rmappo Exp benchmark_23_8_4 updates 10040/10416 episodes, total num timesteps 2891808/3000000, FPS 75.


 Scenario BOSCH Algo rmappo Exp benchmark_23_8_4 updates 10045/10416 episodes, total num timesteps 2893248/3000000, FPS 75.


 Scenario BOSCH Algo rmappo Exp benchmark_23_8_4 updates 10050/10416 episodes, total num timesteps 2894688/3000000, FPS 75.


[EVAL] BOSCH MARL Inference Solving Time for 36 periods: 1.1641 seconds
eval average episode rewards of agent0: -221.07207
eval average episode rewards of agent1: -217.62825
eval average episode rewards of agent2: -217.84236
eval average episode rewards of agent3: -217.63554
eval average episode rewards of agent4: -217.5839
eval average episode rewards of agent5: -217.6717
eval average episode rewards of agent6: -217.64339
eval average episode rewards of agent7: -217.46233
eval average episode rewards of agent8: -217.67957
eval average episode costs: Backlog: 57733.96, Inventory: 0.00, Maintenance: 52.98, Production: 5855.48, Setup: 2424.15, TOTAL: 66066.56

 Scenario BOSCH Algo rmappo Exp benchmark_23_8_4 updates 10055/10416 episodes, total num timesteps 2896128/3000000, FPS 75.


 Scenario BOSCH Algo rmappo Exp benchmark_23_8_4 updates 10060/10416 episodes, total num timesteps 2897568/3000000, FPS 75.


 Scenario BOSCH Algo rmappo Exp benchmark_23_8_4 updates 10065/10416 episodes, total num timesteps 2899008/3000000, FPS 75.


 Scenario BOSCH Algo rmappo Exp benchmark_23_8_4 updates 10070/10416 episodes, total num timesteps 2900448/3000000, FPS 75.


 Scenario BOSCH Algo rmappo Exp benchmark_23_8_4 updates 10075/10416 episodes, total num timesteps 2901888/3000000, FPS 75.


 Scenario BOSCH Algo rmappo Exp benchmark_23_8_4 updates 10080/10416 episodes, total num timesteps 2903328/3000000, FPS 75.


 Scenario BOSCH Algo rmappo Exp benchmark_23_8_4 updates 10085/10416 episodes, total num timesteps 2904768/3000000, FPS 75.


 Scenario BOSCH Algo rmappo Exp benchmark_23_8_4 updates 10090/10416 episodes, total num timesteps 2906208/3000000, FPS 75.


 Scenario BOSCH Algo rmappo Exp benchmark_23_8_4 updates 10095/10416 episodes, total num timesteps 2907648/3000000, FPS 75.


 Scenario BOSCH Algo rmappo Exp benchmark_23_8_4 updates 10100/10416 episodes, total num timesteps 2909088/3000000, FPS 75.


[EVAL] BOSCH MARL Inference Solving Time for 36 periods: 1.1328 seconds
eval average episode rewards of agent0: -222.41318
eval average episode rewards of agent1: -218.89871
eval average episode rewards of agent2: -219.10538
eval average episode rewards of agent3: -218.89328
eval average episode rewards of agent4: -218.84372
eval average episode rewards of agent5: -218.94873
eval average episode rewards of agent6: -218.89839
eval average episode rewards of agent7: -218.72427
eval average episode rewards of agent8: -218.97046
eval average episode costs: Backlog: 58054.98, Inventory: 0.00, Maintenance: 57.18, Production: 5820.99, Setup: 2458.90, TOTAL: 66392.05

 Scenario BOSCH Algo rmappo Exp benchmark_23_8_4 updates 10105/10416 episodes, total num timesteps 2910528/3000000, FPS 75.


 Scenario BOSCH Algo rmappo Exp benchmark_23_8_4 updates 10110/10416 episodes, total num timesteps 2911968/3000000, FPS 75.


 Scenario BOSCH Algo rmappo Exp benchmark_23_8_4 updates 10115/10416 episodes, total num timesteps 2913408/3000000, FPS 75.


 Scenario BOSCH Algo rmappo Exp benchmark_23_8_4 updates 10120/10416 episodes, total num timesteps 2914848/3000000, FPS 75.


 Scenario BOSCH Algo rmappo Exp benchmark_23_8_4 updates 10125/10416 episodes, total num timesteps 2916288/3000000, FPS 75.


 Scenario BOSCH Algo rmappo Exp benchmark_23_8_4 updates 10130/10416 episodes, total num timesteps 2917728/3000000, FPS 75.


 Scenario BOSCH Algo rmappo Exp benchmark_23_8_4 updates 10135/10416 episodes, total num timesteps 2919168/3000000, FPS 75.


 Scenario BOSCH Algo rmappo Exp benchmark_23_8_4 updates 10140/10416 episodes, total num timesteps 2920608/3000000, FPS 75.


 Scenario BOSCH Algo rmappo Exp benchmark_23_8_4 updates 10145/10416 episodes, total num timesteps 2922048/3000000, FPS 75.


 Scenario BOSCH Algo rmappo Exp benchmark_23_8_4 updates 10150/10416 episodes, total num timesteps 2923488/3000000, FPS 75.


[EVAL] BOSCH MARL Inference Solving Time for 36 periods: 1.1215 seconds
eval average episode rewards of agent0: -224.57243
eval average episode rewards of agent1: -221.2969
eval average episode rewards of agent2: -221.49944
eval average episode rewards of agent3: -221.29436
eval average episode rewards of agent4: -221.24658
eval average episode rewards of agent5: -221.35693
eval average episode rewards of agent6: -221.29842
eval average episode rewards of agent7: -221.11801
eval average episode rewards of agent8: -221.36441
eval average episode costs: Backlog: 58740.17, Inventory: 0.00, Maintenance: 50.60, Production: 5713.98, Setup: 2275.67, TOTAL: 66780.41

 Scenario BOSCH Algo rmappo Exp benchmark_23_8_4 updates 10155/10416 episodes, total num timesteps 2924928/3000000, FPS 75.


 Scenario BOSCH Algo rmappo Exp benchmark_23_8_4 updates 10160/10416 episodes, total num timesteps 2926368/3000000, FPS 75.


 Scenario BOSCH Algo rmappo Exp benchmark_23_8_4 updates 10165/10416 episodes, total num timesteps 2927808/3000000, FPS 75.


 Scenario BOSCH Algo rmappo Exp benchmark_23_8_4 updates 10170/10416 episodes, total num timesteps 2929248/3000000, FPS 75.


 Scenario BOSCH Algo rmappo Exp benchmark_23_8_4 updates 10175/10416 episodes, total num timesteps 2930688/3000000, FPS 75.


 Scenario BOSCH Algo rmappo Exp benchmark_23_8_4 updates 10180/10416 episodes, total num timesteps 2932128/3000000, FPS 75.


 Scenario BOSCH Algo rmappo Exp benchmark_23_8_4 updates 10185/10416 episodes, total num timesteps 2933568/3000000, FPS 75.


 Scenario BOSCH Algo rmappo Exp benchmark_23_8_4 updates 10190/10416 episodes, total num timesteps 2935008/3000000, FPS 75.


 Scenario BOSCH Algo rmappo Exp benchmark_23_8_4 updates 10195/10416 episodes, total num timesteps 2936448/3000000, FPS 75.


 Scenario BOSCH Algo rmappo Exp benchmark_23_8_4 updates 10200/10416 episodes, total num timesteps 2937888/3000000, FPS 75.


[EVAL] BOSCH MARL Inference Solving Time for 36 periods: 1.1132 seconds
eval average episode rewards of agent0: -224.01714
eval average episode rewards of agent1: -220.65364
eval average episode rewards of agent2: -220.86748
eval average episode rewards of agent3: -220.65813
eval average episode rewards of agent4: -220.62967
eval average episode rewards of agent5: -220.73076
eval average episode rewards of agent6: -220.66875
eval average episode rewards of agent7: -220.48442
eval average episode rewards of agent8: -220.7376
eval average episode costs: Backlog: 58560.65, Inventory: 0.00, Maintenance: 54.39, Production: 5708.61, Setup: 2319.14, TOTAL: 66642.79

 Scenario BOSCH Algo rmappo Exp benchmark_23_8_4 updates 10205/10416 episodes, total num timesteps 2939328/3000000, FPS 75.


 Scenario BOSCH Algo rmappo Exp benchmark_23_8_4 updates 10210/10416 episodes, total num timesteps 2940768/3000000, FPS 75.


 Scenario BOSCH Algo rmappo Exp benchmark_23_8_4 updates 10215/10416 episodes, total num timesteps 2942208/3000000, FPS 75.


 Scenario BOSCH Algo rmappo Exp benchmark_23_8_4 updates 10220/10416 episodes, total num timesteps 2943648/3000000, FPS 75.


 Scenario BOSCH Algo rmappo Exp benchmark_23_8_4 updates 10225/10416 episodes, total num timesteps 2945088/3000000, FPS 75.


 Scenario BOSCH Algo rmappo Exp benchmark_23_8_4 updates 10230/10416 episodes, total num timesteps 2946528/3000000, FPS 75.


 Scenario BOSCH Algo rmappo Exp benchmark_23_8_4 updates 10235/10416 episodes, total num timesteps 2947968/3000000, FPS 75.


 Scenario BOSCH Algo rmappo Exp benchmark_23_8_4 updates 10240/10416 episodes, total num timesteps 2949408/3000000, FPS 75.


 Scenario BOSCH Algo rmappo Exp benchmark_23_8_4 updates 10245/10416 episodes, total num timesteps 2950848/3000000, FPS 75.


 Scenario BOSCH Algo rmappo Exp benchmark_23_8_4 updates 10250/10416 episodes, total num timesteps 2952288/3000000, FPS 75.


[EVAL] BOSCH MARL Inference Solving Time for 36 periods: 1.0864 seconds
eval average episode rewards of agent0: -222.82153
eval average episode rewards of agent1: -219.44951
eval average episode rewards of agent2: -219.63847
eval average episode rewards of agent3: -219.43726
eval average episode rewards of agent4: -219.39966
eval average episode rewards of agent5: -219.4978
eval average episode rewards of agent6: -219.4439
eval average episode rewards of agent7: -219.24216
eval average episode rewards of agent8: -219.52359
eval average episode costs: Backlog: 58230.43, Inventory: 0.00, Maintenance: 54.79, Production: 5796.93, Setup: 2349.31, TOTAL: 66431.45

 Scenario BOSCH Algo rmappo Exp benchmark_23_8_4 updates 10255/10416 episodes, total num timesteps 2953728/3000000, FPS 75.


 Scenario BOSCH Algo rmappo Exp benchmark_23_8_4 updates 10260/10416 episodes, total num timesteps 2955168/3000000, FPS 75.


 Scenario BOSCH Algo rmappo Exp benchmark_23_8_4 updates 10265/10416 episodes, total num timesteps 2956608/3000000, FPS 75.


 Scenario BOSCH Algo rmappo Exp benchmark_23_8_4 updates 10270/10416 episodes, total num timesteps 2958048/3000000, FPS 75.


 Scenario BOSCH Algo rmappo Exp benchmark_23_8_4 updates 10275/10416 episodes, total num timesteps 2959488/3000000, FPS 75.


 Scenario BOSCH Algo rmappo Exp benchmark_23_8_4 updates 10280/10416 episodes, total num timesteps 2960928/3000000, FPS 75.


 Scenario BOSCH Algo rmappo Exp benchmark_23_8_4 updates 10285/10416 episodes, total num timesteps 2962368/3000000, FPS 75.


 Scenario BOSCH Algo rmappo Exp benchmark_23_8_4 updates 10290/10416 episodes, total num timesteps 2963808/3000000, FPS 75.


 Scenario BOSCH Algo rmappo Exp benchmark_23_8_4 updates 10295/10416 episodes, total num timesteps 2965248/3000000, FPS 75.


 Scenario BOSCH Algo rmappo Exp benchmark_23_8_4 updates 10300/10416 episodes, total num timesteps 2966688/3000000, FPS 75.


[EVAL] BOSCH MARL Inference Solving Time for 36 periods: 1.0421 seconds
eval average episode rewards of agent0: -221.94931
eval average episode rewards of agent1: -218.46704
eval average episode rewards of agent2: -218.68925
eval average episode rewards of agent3: -218.46799
eval average episode rewards of agent4: -218.41643
eval average episode rewards of agent5: -218.52634
eval average episode rewards of agent6: -218.48637
eval average episode rewards of agent7: -218.2913
eval average episode rewards of agent8: -218.54993
eval average episode costs: Backlog: 57953.18, Inventory: 0.00, Maintenance: 51.91, Production: 5825.37, Setup: 2429.39, TOTAL: 66259.85

 Scenario BOSCH Algo rmappo Exp benchmark_23_8_4 updates 10305/10416 episodes, total num timesteps 2968128/3000000, FPS 75.


 Scenario BOSCH Algo rmappo Exp benchmark_23_8_4 updates 10310/10416 episodes, total num timesteps 2969568/3000000, FPS 75.


 Scenario BOSCH Algo rmappo Exp benchmark_23_8_4 updates 10315/10416 episodes, total num timesteps 2971008/3000000, FPS 74.


 Scenario BOSCH Algo rmappo Exp benchmark_23_8_4 updates 10320/10416 episodes, total num timesteps 2972448/3000000, FPS 74.


 Scenario BOSCH Algo rmappo Exp benchmark_23_8_4 updates 10325/10416 episodes, total num timesteps 2973888/3000000, FPS 74.


 Scenario BOSCH Algo rmappo Exp benchmark_23_8_4 updates 10330/10416 episodes, total num timesteps 2975328/3000000, FPS 74.


 Scenario BOSCH Algo rmappo Exp benchmark_23_8_4 updates 10335/10416 episodes, total num timesteps 2976768/3000000, FPS 74.


 Scenario BOSCH Algo rmappo Exp benchmark_23_8_4 updates 10340/10416 episodes, total num timesteps 2978208/3000000, FPS 74.


 Scenario BOSCH Algo rmappo Exp benchmark_23_8_4 updates 10345/10416 episodes, total num timesteps 2979648/3000000, FPS 74.


 Scenario BOSCH Algo rmappo Exp benchmark_23_8_4 updates 10350/10416 episodes, total num timesteps 2981088/3000000, FPS 74.


[EVAL] BOSCH MARL Inference Solving Time for 36 periods: 1.1497 seconds
eval average episode rewards of agent0: -223.31845
eval average episode rewards of agent1: -219.84494
eval average episode rewards of agent2: -220.05518
eval average episode rewards of agent3: -219.83139
eval average episode rewards of agent4: -219.7927
eval average episode rewards of agent5: -219.89041
eval average episode rewards of agent6: -219.84314
eval average episode rewards of agent7: -219.65585
eval average episode rewards of agent8: -219.93484
eval average episode costs: Backlog: 58305.68, Inventory: 0.00, Maintenance: 59.40, Production: 5793.60, Setup: 2449.87, TOTAL: 66608.55

 Scenario BOSCH Algo rmappo Exp benchmark_23_8_4 updates 10355/10416 episodes, total num timesteps 2982528/3000000, FPS 74.


 Scenario BOSCH Algo rmappo Exp benchmark_23_8_4 updates 10360/10416 episodes, total num timesteps 2983968/3000000, FPS 74.


 Scenario BOSCH Algo rmappo Exp benchmark_23_8_4 updates 10365/10416 episodes, total num timesteps 2985408/3000000, FPS 74.


 Scenario BOSCH Algo rmappo Exp benchmark_23_8_4 updates 10370/10416 episodes, total num timesteps 2986848/3000000, FPS 74.


 Scenario BOSCH Algo rmappo Exp benchmark_23_8_4 updates 10375/10416 episodes, total num timesteps 2988288/3000000, FPS 74.


 Scenario BOSCH Algo rmappo Exp benchmark_23_8_4 updates 10380/10416 episodes, total num timesteps 2989728/3000000, FPS 74.


 Scenario BOSCH Algo rmappo Exp benchmark_23_8_4 updates 10385/10416 episodes, total num timesteps 2991168/3000000, FPS 74.


 Scenario BOSCH Algo rmappo Exp benchmark_23_8_4 updates 10390/10416 episodes, total num timesteps 2992608/3000000, FPS 74.


 Scenario BOSCH Algo rmappo Exp benchmark_23_8_4 updates 10395/10416 episodes, total num timesteps 2994048/3000000, FPS 74.


 Scenario BOSCH Algo rmappo Exp benchmark_23_8_4 updates 10400/10416 episodes, total num timesteps 2995488/3000000, FPS 74.


[EVAL] BOSCH MARL Inference Solving Time for 36 periods: 1.1272 seconds
eval average episode rewards of agent0: -222.83574
eval average episode rewards of agent1: -219.44455
eval average episode rewards of agent2: -219.65369
eval average episode rewards of agent3: -219.4462
eval average episode rewards of agent4: -219.40005
eval average episode rewards of agent5: -219.4948
eval average episode rewards of agent6: -219.44345
eval average episode rewards of agent7: -219.2718
eval average episode rewards of agent8: -219.53812
eval average episode costs: Backlog: 58228.18, Inventory: 0.00, Maintenance: 58.72, Production: 5777.75, Setup: 2351.63, TOTAL: 66416.28

 Scenario BOSCH Algo rmappo Exp benchmark_23_8_4 updates 10405/10416 episodes, total num timesteps 2996928/3000000, FPS 74.


 Scenario BOSCH Algo rmappo Exp benchmark_23_8_4 updates 10410/10416 episodes, total num timesteps 2998368/3000000, FPS 74.


 Scenario BOSCH Algo rmappo Exp benchmark_23_8_4 updates 10415/10416 episodes, total num timesteps 2999808/3000000, FPS 74.


[Step 1] Training complete. Model copied to: /Users/nhi/thesis_14th-1/benchmark_results/23_8_4/model

[1/100] 23_8_4 instance 1
  Step1 only:  37256.76  (0.9s)
  Step1+2+3:   16669.70  (5.5s)
  RH2 FAILED: Command '['/Users/nhi/bin/python', '/Users/nhi/thesis_14th-1/configs/bosch/rh2_baseline.py', '--config', '/Users/nhi/thesis_14th-1/dataset/Large/test_benchmark_23_8_4/test_P23_L8_T4_1.json', '--quiet', '--time_limit', '1000']' timed out after 1500 seconds

[2/100] 23_8_4 instance 2
  Step1 only:  40360.52  (1.2s)
  Step1+2+3:   13984.38  (7.5s)
  RH2 FAILED: Command '['/Users/nhi/bin/python', '/Users/nhi/thesis_14th-1/configs/bosch/rh2_baseline.py', '--config', '/Users/nhi/thesis_14th-1/dataset/Large/test_benchmark_23_8_4/test_P23_L8_T4_2.json', '--quiet', '--time_limit', '1000']' timed out after 1500 seconds

[3/100] 23_8_4 instance 3
  Step1 only:  32002.50  (1.3s)
  Step1+2+3:   14319.76  (7.7s)
  RH2 FAILED: Command '['/Users/nhi/bin/python', '/Users/nhi/thesis_14th-1/configs/bosch/rh2_baseline.py', '--config', '/Users/nhi/thesis_14th-1/dataset/Large/test_benchmark_23_8_4/test_P23_L8_T4_3.json', '--quiet', '--time_limit', '1000']' timed out after 1500 seconds

[4/100] 23_8_4 instance 4
  Step1 only:  32517.70  (1.5s)
  Step1+2+3:   15914.63  (8.3s)
  RH2 FAILED: Command '['/Users/nhi/bin/python', '/Users/nhi/thesis_14th-1/configs/bosch/rh2_baseline.py', '--config', '/Users/nhi/thesis_14th-1/dataset/Large/test_benchmark_23_8_4/test_P23_L8_T4_4.json', '--quiet', '--time_limit', '1000']' timed out after 1500 seconds

[5/100] 23_8_4 instance 5
  Step1 only:  47072.29  (1.7s)
  Step1+2+3:   19128.14  (8.8s)
  RH2 FAILED: Command '['/Users/nhi/bin/python', '/Users/nhi/thesis_14th-1/configs/bosch/rh2_baseline.py', '--config', '/Users/nhi/thesis_14th-1/dataset/Large/test_benchmark_23_8_4/test_P23_L8_T4_5.json', '--quiet', '--time_limit', '1000']' timed out after 1500 seconds

[6/100] 23_8_4 instance 6
  Step1 only:  34663.88  (1.5s)
  Step1+2+3:   12279.77  (10.5s)
  RH2 FAILED: Command '['/Users/nhi/bin/python', '/Users/nhi/thesis_14th-1/configs/bosch/rh2_baseline.py', '--config', '/Users/nhi/thesis_14th-1/dataset/Large/test_benchmark_23_8_4/test_P23_L8_T4_6.json', '--quiet', '--time_limit', '1000']' timed out after 1500 seconds

[7/100] 23_8_4 instance 7
  Step1 only:  31736.74  (1.6s)
  Step1+2+3:   12769.43  (8.6s)
  RH2 FAILED: Command '['/Users/nhi/bin/python', '/Users/nhi/thesis_14th-1/configs/bosch/rh2_baseline.py', '--config', '/Users/nhi/thesis_14th-1/dataset/Large/test_benchmark_23_8_4/test_P23_L8_T4_7.json', '--quiet', '--time_limit', '1000']' timed out after 1500 seconds

[8/100] 23_8_4 instance 8
  Step1 only:  30019.13  (1.4s)
  Step1+2+3:   14645.55  (8.6s)
  RH2 FAILED: Command '['/Users/nhi/bin/python', '/Users/nhi/thesis_14th-1/configs/bosch/rh2_baseline.py', '--config', '/Users/nhi/thesis_14th-1/dataset/Large/test_benchmark_23_8_4/test_P23_L8_T4_8.json', '--quiet', '--time_limit', '1000']' timed out after 1500 seconds

[9/100] 23_8_4 instance 9
  Step1 only:  28705.63  (1.4s)
  Step1+2+3:   14036.75  (9.0s)
  RH2 FAILED: Command '['/Users/nhi/bin/python', '/Users/nhi/thesis_14th-1/configs/bosch/rh2_baseline.py', '--config', '/Users/nhi/thesis_14th-1/dataset/Large/test_benchmark_23_8_4/test_P23_L8_T4_9.json', '--quiet', '--time_limit', '1000']' timed out after 1500 seconds

[10/100] 23_8_4 instance 10
  Step1 only:  47295.06  (1.6s)
  Step1+2+3:   14803.83  (8.2s)
  RH2 FAILED: Command '['/Users/nhi/bin/python', '/Users/nhi/thesis_14th-1/configs/bosch/rh2_baseline.py', '--config', '/Users/nhi/thesis_14th-1/dataset/Large/test_benchmark_23_8_4/test_P23_L8_T4_10.json', '--quiet', '--time_limit', '1000']' timed out after 1500 seconds
No valid results to summarize.
[1;34mwandb[0m: 
[1;34mwandb[0m: 🚀 View run [33mrmappo_benchmark_23_8_4_seed1[0m at: [34mhttps://wandb.ai/tntvan-iac-instagram/BOSCH/runs/mmoxyo2y[0m
wandb: [wandb.login()] Loaded credentials for https://api.wandb.ai from /Users/nhi/.netrc.
wandb: Currently logged in as: tntvan-iac (tntvan-iac-instagram) to https://api.wandb.ai. Use `wandb login --relogin` to force relogin
wandb: WARNING Using a boolean value for 'reinit' is deprecated. Use 'return_previous' or 'finish_previous' instead.
wandb: setting up run 38vorht7
wandb: Tracking run with wandb version 0.26.1
wandb: Run data is saved locally in results/BOSCH/rmappo/benchmark_24_8_4/wandb/run-20260527_151752-38vorht7
wandb: Run `wandb offline` to turn off syncing.
wandb: Syncing run rmappo_benchmark_24_8_4_seed1
wandb: ⭐️ View project at https://wandb.ai/tntvan-iac-instagram/BOSCH
wandb: 🚀 View run at https://wandb.ai/tntvan-iac-instagram/BOSCH/runs/38vorht7

============================================================
STEP 1: Training P=24 L=8 T=4  kill_switch=20
============================================================
BOSCH: using multiprocessing start_method='fork' on macOS.
share_observation_space:  [Box(-inf, inf, (8289,), float32), Box(-inf, inf, (8289,), float32), Box(-inf, inf, (8289,), float32), Box(-inf, inf, (8289,), float32), Box(-inf, inf, (8289,), float32), Box(-inf, inf, (8289,), float32), Box(-inf, inf, (8289,), float32), Box(-inf, inf, (8289,), float32), Box(-inf, inf, (8289,), float32)]
observation_space:  [Box(-inf, inf, (921,), float32), Box(-inf, inf, (921,), float32), Box(-inf, inf, (921,), float32), Box(-inf, inf, (921,), float32), Box(-inf, inf, (921,), float32), Box(-inf, inf, (921,), float32), Box(-inf, inf, (921,), float32), Box(-inf, inf, (921,), float32), Box(-inf, inf, (921,), float32)]
action_space:  [MultiDiscrete192, Discrete(26), Discrete(26), Discrete(26), Discrete(26), Discrete(26), Discrete(26), Discrete(26), Discrete(26)]
Using shared machine policy: agent 0 separate; agents 1..8 share.

 Scenario BOSCH Algo rmappo Exp benchmark_24_8_4 updates 0/6944 episodes, total num timesteps 288/2000000, FPS 39.


[EVAL] BOSCH MARL Inference Solving Time for 36 periods: 2.0180 seconds
eval average episode rewards of agent0: -349.99475
eval average episode rewards of agent1: -346.41092
eval average episode rewards of agent2: -346.30603
eval average episode rewards of agent3: -346.40536
eval average episode rewards of agent4: -346.3701
eval average episode rewards of agent5: -346.3942
eval average episode rewards of agent6: -346.26422
eval average episode rewards of agent7: -346.48468
eval average episode rewards of agent8: -346.4282
eval average episode costs: Backlog: 91567.36, Inventory: 0.00, Maintenance: 20.59, Production: 2673.58, Setup: 2798.31, TOTAL: 97059.84

 Scenario BOSCH Algo rmappo Exp benchmark_24_8_4 updates 5/6944 episodes, total num timesteps 1728/2000000, FPS 37.


 Scenario BOSCH Algo rmappo Exp benchmark_24_8_4 updates 10/6944 episodes, total num timesteps 3168/2000000, FPS 38.


 Scenario BOSCH Algo rmappo Exp benchmark_24_8_4 updates 15/6944 episodes, total num timesteps 4608/2000000, FPS 38.


 Scenario BOSCH Algo rmappo Exp benchmark_24_8_4 updates 20/6944 episodes, total num timesteps 6048/2000000, FPS 39.


 Scenario BOSCH Algo rmappo Exp benchmark_24_8_4 updates 25/6944 episodes, total num timesteps 7488/2000000, FPS 39.


 Scenario BOSCH Algo rmappo Exp benchmark_24_8_4 updates 30/6944 episodes, total num timesteps 8928/2000000, FPS 39.


 Scenario BOSCH Algo rmappo Exp benchmark_24_8_4 updates 35/6944 episodes, total num timesteps 10368/2000000, FPS 39.


 Scenario BOSCH Algo rmappo Exp benchmark_24_8_4 updates 40/6944 episodes, total num timesteps 11808/2000000, FPS 39.


 Scenario BOSCH Algo rmappo Exp benchmark_24_8_4 updates 45/6944 episodes, total num timesteps 13248/2000000, FPS 39.


 Scenario BOSCH Algo rmappo Exp benchmark_24_8_4 updates 50/6944 episodes, total num timesteps 14688/2000000, FPS 39.


[EVAL] BOSCH MARL Inference Solving Time for 36 periods: 1.8683 seconds
eval average episode rewards of agent0: -361.35468
eval average episode rewards of agent1: -358.23846
eval average episode rewards of agent2: -358.19324
eval average episode rewards of agent3: -358.21286
eval average episode rewards of agent4: -358.2119
eval average episode rewards of agent5: -358.1727
eval average episode rewards of agent6: -358.18076
eval average episode rewards of agent7: -358.1197
eval average episode rewards of agent8: -358.1197
eval average episode costs: Backlog: 94711.64, Inventory: 0.00, Maintenance: 225.08, Production: 2224.40, Setup: 2466.66, TOTAL: 99627.79

 Scenario BOSCH Algo rmappo Exp benchmark_24_8_4 updates 55/6944 episodes, total num timesteps 16128/2000000, FPS 39.


 Scenario BOSCH Algo rmappo Exp benchmark_24_8_4 updates 60/6944 episodes, total num timesteps 17568/2000000, FPS 39.


 Scenario BOSCH Algo rmappo Exp benchmark_24_8_4 updates 65/6944 episodes, total num timesteps 19008/2000000, FPS 39.


 Scenario BOSCH Algo rmappo Exp benchmark_24_8_4 updates 70/6944 episodes, total num timesteps 20448/2000000, FPS 40.


 Scenario BOSCH Algo rmappo Exp benchmark_24_8_4 updates 75/6944 episodes, total num timesteps 21888/2000000, FPS 41.


 Scenario BOSCH Algo rmappo Exp benchmark_24_8_4 updates 80/6944 episodes, total num timesteps 23328/2000000, FPS 42.


 Scenario BOSCH Algo rmappo Exp benchmark_24_8_4 updates 85/6944 episodes, total num timesteps 24768/2000000, FPS 42.


 Scenario BOSCH Algo rmappo Exp benchmark_24_8_4 updates 90/6944 episodes, total num timesteps 26208/2000000, FPS 43.


 Scenario BOSCH Algo rmappo Exp benchmark_24_8_4 updates 95/6944 episodes, total num timesteps 27648/2000000, FPS 43.


 Scenario BOSCH Algo rmappo Exp benchmark_24_8_4 updates 100/6944 episodes, total num timesteps 29088/2000000, FPS 44.


[EVAL] BOSCH MARL Inference Solving Time for 36 periods: 1.2161 seconds
eval average episode rewards of agent0: -367.8809
eval average episode rewards of agent1: -364.92212
eval average episode rewards of agent2: -364.90106
eval average episode rewards of agent3: -364.85516
eval average episode rewards of agent4: -364.9001
eval average episode rewards of agent5: -364.85333
eval average episode rewards of agent6: -364.91058
eval average episode rewards of agent7: -364.89697
eval average episode rewards of agent8: -364.94604
eval average episode costs: Backlog: 96584.42, Inventory: 0.00, Maintenance: 17.35, Production: 2151.16, Setup: 2282.05, TOTAL: 101034.97

 Scenario BOSCH Algo rmappo Exp benchmark_24_8_4 updates 105/6944 episodes, total num timesteps 30528/2000000, FPS 44.


 Scenario BOSCH Algo rmappo Exp benchmark_24_8_4 updates 110/6944 episodes, total num timesteps 31968/2000000, FPS 45.


 Scenario BOSCH Algo rmappo Exp benchmark_24_8_4 updates 115/6944 episodes, total num timesteps 33408/2000000, FPS 46.


 Scenario BOSCH Algo rmappo Exp benchmark_24_8_4 updates 120/6944 episodes, total num timesteps 34848/2000000, FPS 46.


 Scenario BOSCH Algo rmappo Exp benchmark_24_8_4 updates 125/6944 episodes, total num timesteps 36288/2000000, FPS 47.


 Scenario BOSCH Algo rmappo Exp benchmark_24_8_4 updates 130/6944 episodes, total num timesteps 37728/2000000, FPS 47.


 Scenario BOSCH Algo rmappo Exp benchmark_24_8_4 updates 135/6944 episodes, total num timesteps 39168/2000000, FPS 47.


 Scenario BOSCH Algo rmappo Exp benchmark_24_8_4 updates 140/6944 episodes, total num timesteps 40608/2000000, FPS 48.


 Scenario BOSCH Algo rmappo Exp benchmark_24_8_4 updates 145/6944 episodes, total num timesteps 42048/2000000, FPS 48.


 Scenario BOSCH Algo rmappo Exp benchmark_24_8_4 updates 150/6944 episodes, total num timesteps 43488/2000000, FPS 49.


[EVAL] BOSCH MARL Inference Solving Time for 36 periods: 1.3128 seconds
eval average episode rewards of agent0: -391.44254
eval average episode rewards of agent1: -390.28238
eval average episode rewards of agent2: -390.30368
eval average episode rewards of agent3: -390.22467
eval average episode rewards of agent4: -390.33878
eval average episode rewards of agent5: -390.29697
eval average episode rewards of agent6: -390.28522
eval average episode rewards of agent7: -390.32663
eval average episode rewards of agent8: -390.30536
eval average episode costs: Backlog: 103340.46, Inventory: 0.00, Maintenance: 995.39, Production: 1097.81, Setup: 901.21, TOTAL: 106334.88

 Scenario BOSCH Algo rmappo Exp benchmark_24_8_4 updates 155/6944 episodes, total num timesteps 44928/2000000, FPS 49.


 Scenario BOSCH Algo rmappo Exp benchmark_24_8_4 updates 160/6944 episodes, total num timesteps 46368/2000000, FPS 49.


 Scenario BOSCH Algo rmappo Exp benchmark_24_8_4 updates 165/6944 episodes, total num timesteps 47808/2000000, FPS 49.


 Scenario BOSCH Algo rmappo Exp benchmark_24_8_4 updates 170/6944 episodes, total num timesteps 49248/2000000, FPS 50.


 Scenario BOSCH Algo rmappo Exp benchmark_24_8_4 updates 175/6944 episodes, total num timesteps 50688/2000000, FPS 50.


 Scenario BOSCH Algo rmappo Exp benchmark_24_8_4 updates 180/6944 episodes, total num timesteps 52128/2000000, FPS 50.


 Scenario BOSCH Algo rmappo Exp benchmark_24_8_4 updates 185/6944 episodes, total num timesteps 53568/2000000, FPS 50.


 Scenario BOSCH Algo rmappo Exp benchmark_24_8_4 updates 190/6944 episodes, total num timesteps 55008/2000000, FPS 51.


 Scenario BOSCH Algo rmappo Exp benchmark_24_8_4 updates 195/6944 episodes, total num timesteps 56448/2000000, FPS 51.


 Scenario BOSCH Algo rmappo Exp benchmark_24_8_4 updates 200/6944 episodes, total num timesteps 57888/2000000, FPS 51.


[EVAL] BOSCH MARL Inference Solving Time for 36 periods: 1.1908 seconds
eval average episode rewards of agent0: -354.73184
eval average episode rewards of agent1: -351.7138
eval average episode rewards of agent2: -351.68204
eval average episode rewards of agent3: -351.60458
eval average episode rewards of agent4: -351.6788
eval average episode rewards of agent5: -351.7088
eval average episode rewards of agent6: -351.69614
eval average episode rewards of agent7: -351.6554
eval average episode rewards of agent8: -351.54337
eval average episode costs: Backlog: 93068.66, Inventory: 0.00, Maintenance: 20.43, Production: 2498.82, Setup: 2379.29, TOTAL: 97967.20

 Scenario BOSCH Algo rmappo Exp benchmark_24_8_4 updates 205/6944 episodes, total num timesteps 59328/2000000, FPS 51.


 Scenario BOSCH Algo rmappo Exp benchmark_24_8_4 updates 210/6944 episodes, total num timesteps 60768/2000000, FPS 52.


 Scenario BOSCH Algo rmappo Exp benchmark_24_8_4 updates 215/6944 episodes, total num timesteps 62208/2000000, FPS 52.


 Scenario BOSCH Algo rmappo Exp benchmark_24_8_4 updates 220/6944 episodes, total num timesteps 63648/2000000, FPS 52.


 Scenario BOSCH Algo rmappo Exp benchmark_24_8_4 updates 225/6944 episodes, total num timesteps 65088/2000000, FPS 52.


 Scenario BOSCH Algo rmappo Exp benchmark_24_8_4 updates 230/6944 episodes, total num timesteps 66528/2000000, FPS 52.


 Scenario BOSCH Algo rmappo Exp benchmark_24_8_4 updates 235/6944 episodes, total num timesteps 67968/2000000, FPS 52.


 Scenario BOSCH Algo rmappo Exp benchmark_24_8_4 updates 240/6944 episodes, total num timesteps 69408/2000000, FPS 53.


 Scenario BOSCH Algo rmappo Exp benchmark_24_8_4 updates 245/6944 episodes, total num timesteps 70848/2000000, FPS 53.


 Scenario BOSCH Algo rmappo Exp benchmark_24_8_4 updates 250/6944 episodes, total num timesteps 72288/2000000, FPS 53.


[EVAL] BOSCH MARL Inference Solving Time for 36 periods: 1.1798 seconds
eval average episode rewards of agent0: -413.39902
eval average episode rewards of agent1: -413.52728
eval average episode rewards of agent2: -413.50406
eval average episode rewards of agent3: -413.54428
eval average episode rewards of agent4: -413.5774
eval average episode rewards of agent5: -413.57745
eval average episode rewards of agent6: -413.60138
eval average episode rewards of agent7: -413.52887
eval average episode rewards of agent8: -413.56528
eval average episode costs: Backlog: 109117.75, Inventory: 0.00, Maintenance: 2827.59, Production: 216.01, Setup: 138.07, TOTAL: 112299.42

 Scenario BOSCH Algo rmappo Exp benchmark_24_8_4 updates 255/6944 episodes, total num timesteps 73728/2000000, FPS 53.


 Scenario BOSCH Algo rmappo Exp benchmark_24_8_4 updates 260/6944 episodes, total num timesteps 75168/2000000, FPS 53.


 Scenario BOSCH Algo rmappo Exp benchmark_24_8_4 updates 265/6944 episodes, total num timesteps 76608/2000000, FPS 53.


 Scenario BOSCH Algo rmappo Exp benchmark_24_8_4 updates 270/6944 episodes, total num timesteps 78048/2000000, FPS 53.


 Scenario BOSCH Algo rmappo Exp benchmark_24_8_4 updates 275/6944 episodes, total num timesteps 79488/2000000, FPS 53.


 Scenario BOSCH Algo rmappo Exp benchmark_24_8_4 updates 280/6944 episodes, total num timesteps 80928/2000000, FPS 54.


 Scenario BOSCH Algo rmappo Exp benchmark_24_8_4 updates 285/6944 episodes, total num timesteps 82368/2000000, FPS 54.


 Scenario BOSCH Algo rmappo Exp benchmark_24_8_4 updates 290/6944 episodes, total num timesteps 83808/2000000, FPS 54.


 Scenario BOSCH Algo rmappo Exp benchmark_24_8_4 updates 295/6944 episodes, total num timesteps 85248/2000000, FPS 54.


 Scenario BOSCH Algo rmappo Exp benchmark_24_8_4 updates 300/6944 episodes, total num timesteps 86688/2000000, FPS 54.


[EVAL] BOSCH MARL Inference Solving Time for 36 periods: 1.1990 seconds
eval average episode rewards of agent0: -363.88748
eval average episode rewards of agent1: -360.97375
eval average episode rewards of agent2: -360.96484
eval average episode rewards of agent3: -361.02203
eval average episode rewards of agent4: -361.03125
eval average episode rewards of agent5: -360.98065
eval average episode rewards of agent6: -360.9657
eval average episode rewards of agent7: -360.97513
eval average episode rewards of agent8: -360.9152
eval average episode costs: Backlog: 95549.62, Inventory: 0.00, Maintenance: 245.96, Production: 2009.67, Setup: 2059.88, TOTAL: 99865.13

 Scenario BOSCH Algo rmappo Exp benchmark_24_8_4 updates 305/6944 episodes, total num timesteps 88128/2000000, FPS 54.


 Scenario BOSCH Algo rmappo Exp benchmark_24_8_4 updates 310/6944 episodes, total num timesteps 89568/2000000, FPS 54.


 Scenario BOSCH Algo rmappo Exp benchmark_24_8_4 updates 315/6944 episodes, total num timesteps 91008/2000000, FPS 54.


 Scenario BOSCH Algo rmappo Exp benchmark_24_8_4 updates 320/6944 episodes, total num timesteps 92448/2000000, FPS 54.


 Scenario BOSCH Algo rmappo Exp benchmark_24_8_4 updates 325/6944 episodes, total num timesteps 93888/2000000, FPS 55.


 Scenario BOSCH Algo rmappo Exp benchmark_24_8_4 updates 330/6944 episodes, total num timesteps 95328/2000000, FPS 55.


 Scenario BOSCH Algo rmappo Exp benchmark_24_8_4 updates 335/6944 episodes, total num timesteps 96768/2000000, FPS 55.


 Scenario BOSCH Algo rmappo Exp benchmark_24_8_4 updates 340/6944 episodes, total num timesteps 98208/2000000, FPS 55.


 Scenario BOSCH Algo rmappo Exp benchmark_24_8_4 updates 345/6944 episodes, total num timesteps 99648/2000000, FPS 55.


 Scenario BOSCH Algo rmappo Exp benchmark_24_8_4 updates 350/6944 episodes, total num timesteps 101088/2000000, FPS 55.


[EVAL] BOSCH MARL Inference Solving Time for 36 periods: 1.1867 seconds
eval average episode rewards of agent0: -366.84415
eval average episode rewards of agent1: -364.1198
eval average episode rewards of agent2: -364.08282
eval average episode rewards of agent3: -364.0769
eval average episode rewards of agent4: -364.08432
eval average episode rewards of agent5: -364.13806
eval average episode rewards of agent6: -364.07526
eval average episode rewards of agent7: -364.08072
eval average episode rewards of agent8: -363.9736
eval average episode costs: Backlog: 96205.11, Inventory: 0.00, Maintenance: 424.82, Production: 2290.46, Setup: 2395.88, TOTAL: 101316.27

 Scenario BOSCH Algo rmappo Exp benchmark_24_8_4 updates 355/6944 episodes, total num timesteps 102528/2000000, FPS 55.


 Scenario BOSCH Algo rmappo Exp benchmark_24_8_4 updates 360/6944 episodes, total num timesteps 103968/2000000, FPS 55.


 Scenario BOSCH Algo rmappo Exp benchmark_24_8_4 updates 365/6944 episodes, total num timesteps 105408/2000000, FPS 55.


 Scenario BOSCH Algo rmappo Exp benchmark_24_8_4 updates 370/6944 episodes, total num timesteps 106848/2000000, FPS 55.


 Scenario BOSCH Algo rmappo Exp benchmark_24_8_4 updates 375/6944 episodes, total num timesteps 108288/2000000, FPS 55.


 Scenario BOSCH Algo rmappo Exp benchmark_24_8_4 updates 380/6944 episodes, total num timesteps 109728/2000000, FPS 56.


 Scenario BOSCH Algo rmappo Exp benchmark_24_8_4 updates 385/6944 episodes, total num timesteps 111168/2000000, FPS 56.


 Scenario BOSCH Algo rmappo Exp benchmark_24_8_4 updates 390/6944 episodes, total num timesteps 112608/2000000, FPS 56.


 Scenario BOSCH Algo rmappo Exp benchmark_24_8_4 updates 395/6944 episodes, total num timesteps 114048/2000000, FPS 56.


 Scenario BOSCH Algo rmappo Exp benchmark_24_8_4 updates 400/6944 episodes, total num timesteps 115488/2000000, FPS 56.


[EVAL] BOSCH MARL Inference Solving Time for 36 periods: 1.5019 seconds
eval average episode rewards of agent0: -411.29474
eval average episode rewards of agent1: -411.39877
eval average episode rewards of agent2: -411.40714
eval average episode rewards of agent3: -411.3082
eval average episode rewards of agent4: -411.4549
eval average episode rewards of agent5: -411.59756
eval average episode rewards of agent6: -411.4372
eval average episode rewards of agent7: -411.49283
eval average episode rewards of agent8: -411.40714
eval average episode costs: Backlog: 108797.35, Inventory: 0.00, Maintenance: 1954.62, Production: 392.23, Setup: 188.49, TOTAL: 111332.69

 Scenario BOSCH Algo rmappo Exp benchmark_24_8_4 updates 405/6944 episodes, total num timesteps 116928/2000000, FPS 56.


 Scenario BOSCH Algo rmappo Exp benchmark_24_8_4 updates 410/6944 episodes, total num timesteps 118368/2000000, FPS 56.


 Scenario BOSCH Algo rmappo Exp benchmark_24_8_4 updates 415/6944 episodes, total num timesteps 119808/2000000, FPS 56.


 Scenario BOSCH Algo rmappo Exp benchmark_24_8_4 updates 420/6944 episodes, total num timesteps 121248/2000000, FPS 56.


 Scenario BOSCH Algo rmappo Exp benchmark_24_8_4 updates 425/6944 episodes, total num timesteps 122688/2000000, FPS 56.


 Scenario BOSCH Algo rmappo Exp benchmark_24_8_4 updates 430/6944 episodes, total num timesteps 124128/2000000, FPS 56.


 Scenario BOSCH Algo rmappo Exp benchmark_24_8_4 updates 435/6944 episodes, total num timesteps 125568/2000000, FPS 57.


 Scenario BOSCH Algo rmappo Exp benchmark_24_8_4 updates 440/6944 episodes, total num timesteps 127008/2000000, FPS 57.


 Scenario BOSCH Algo rmappo Exp benchmark_24_8_4 updates 445/6944 episodes, total num timesteps 128448/2000000, FPS 57.


 Scenario BOSCH Algo rmappo Exp benchmark_24_8_4 updates 450/6944 episodes, total num timesteps 129888/2000000, FPS 57.


[EVAL] BOSCH MARL Inference Solving Time for 36 periods: 1.1557 seconds
eval average episode rewards of agent0: -378.40002
eval average episode rewards of agent1: -376.47705
eval average episode rewards of agent2: -376.38013
eval average episode rewards of agent3: -376.37018
eval average episode rewards of agent4: -376.48267
eval average episode rewards of agent5: -376.41205
eval average episode rewards of agent6: -376.4129
eval average episode rewards of agent7: -376.4068
eval average episode rewards of agent8: -376.3658
eval average episode costs: Backlog: 99645.14, Inventory: 0.00, Maintenance: 283.21, Production: 1824.14, Setup: 1840.40, TOTAL: 103592.89

 Scenario BOSCH Algo rmappo Exp benchmark_24_8_4 updates 455/6944 episodes, total num timesteps 131328/2000000, FPS 57.


 Scenario BOSCH Algo rmappo Exp benchmark_24_8_4 updates 460/6944 episodes, total num timesteps 132768/2000000, FPS 57.


 Scenario BOSCH Algo rmappo Exp benchmark_24_8_4 updates 465/6944 episodes, total num timesteps 134208/2000000, FPS 57.


 Scenario BOSCH Algo rmappo Exp benchmark_24_8_4 updates 470/6944 episodes, total num timesteps 135648/2000000, FPS 57.


 Scenario BOSCH Algo rmappo Exp benchmark_24_8_4 updates 475/6944 episodes, total num timesteps 137088/2000000, FPS 57.


 Scenario BOSCH Algo rmappo Exp benchmark_24_8_4 updates 480/6944 episodes, total num timesteps 138528/2000000, FPS 57.


 Scenario BOSCH Algo rmappo Exp benchmark_24_8_4 updates 485/6944 episodes, total num timesteps 139968/2000000, FPS 57.


 Scenario BOSCH Algo rmappo Exp benchmark_24_8_4 updates 490/6944 episodes, total num timesteps 141408/2000000, FPS 57.


 Scenario BOSCH Algo rmappo Exp benchmark_24_8_4 updates 495/6944 episodes, total num timesteps 142848/2000000, FPS 57.


 Scenario BOSCH Algo rmappo Exp benchmark_24_8_4 updates 500/6944 episodes, total num timesteps 144288/2000000, FPS 57.


[EVAL] BOSCH MARL Inference Solving Time for 36 periods: 1.1769 seconds
eval average episode rewards of agent0: -373.18793
eval average episode rewards of agent1: -370.4354
eval average episode rewards of agent2: -370.42694
eval average episode rewards of agent3: -370.379
eval average episode rewards of agent4: -370.47467
eval average episode rewards of agent5: -370.47897
eval average episode rewards of agent6: -370.38727
eval average episode rewards of agent7: -370.4528
eval average episode rewards of agent8: -370.3146
eval average episode costs: Backlog: 97975.62, Inventory: 0.00, Maintenance: 170.24, Production: 1969.49, Setup: 2302.22, TOTAL: 102417.58

 Scenario BOSCH Algo rmappo Exp benchmark_24_8_4 updates 505/6944 episodes, total num timesteps 145728/2000000, FPS 57.


 Scenario BOSCH Algo rmappo Exp benchmark_24_8_4 updates 510/6944 episodes, total num timesteps 147168/2000000, FPS 57.


 Scenario BOSCH Algo rmappo Exp benchmark_24_8_4 updates 515/6944 episodes, total num timesteps 148608/2000000, FPS 58.


 Scenario BOSCH Algo rmappo Exp benchmark_24_8_4 updates 520/6944 episodes, total num timesteps 150048/2000000, FPS 58.


 Scenario BOSCH Algo rmappo Exp benchmark_24_8_4 updates 525/6944 episodes, total num timesteps 151488/2000000, FPS 58.


 Scenario BOSCH Algo rmappo Exp benchmark_24_8_4 updates 530/6944 episodes, total num timesteps 152928/2000000, FPS 58.


 Scenario BOSCH Algo rmappo Exp benchmark_24_8_4 updates 535/6944 episodes, total num timesteps 154368/2000000, FPS 58.


 Scenario BOSCH Algo rmappo Exp benchmark_24_8_4 updates 540/6944 episodes, total num timesteps 155808/2000000, FPS 58.


 Scenario BOSCH Algo rmappo Exp benchmark_24_8_4 updates 545/6944 episodes, total num timesteps 157248/2000000, FPS 58.


 Scenario BOSCH Algo rmappo Exp benchmark_24_8_4 updates 550/6944 episodes, total num timesteps 158688/2000000, FPS 58.


[EVAL] BOSCH MARL Inference Solving Time for 36 periods: 1.1433 seconds
eval average episode rewards of agent0: -362.56427
eval average episode rewards of agent1: -359.84088
eval average episode rewards of agent2: -359.86963
eval average episode rewards of agent3: -359.75696
eval average episode rewards of agent4: -359.85437
eval average episode rewards of agent5: -359.88605
eval average episode rewards of agent6: -359.8684
eval average episode rewards of agent7: -359.79346
eval average episode rewards of agent8: -359.8543
eval average episode costs: Backlog: 95281.19, Inventory: 0.00, Maintenance: 33.24, Production: 2242.63, Setup: 2161.72, TOTAL: 99718.77

 Scenario BOSCH Algo rmappo Exp benchmark_24_8_4 updates 555/6944 episodes, total num timesteps 160128/2000000, FPS 58.


 Scenario BOSCH Algo rmappo Exp benchmark_24_8_4 updates 560/6944 episodes, total num timesteps 161568/2000000, FPS 58.


 Scenario BOSCH Algo rmappo Exp benchmark_24_8_4 updates 565/6944 episodes, total num timesteps 163008/2000000, FPS 58.


 Scenario BOSCH Algo rmappo Exp benchmark_24_8_4 updates 570/6944 episodes, total num timesteps 164448/2000000, FPS 58.


 Scenario BOSCH Algo rmappo Exp benchmark_24_8_4 updates 575/6944 episodes, total num timesteps 165888/2000000, FPS 58.


 Scenario BOSCH Algo rmappo Exp benchmark_24_8_4 updates 580/6944 episodes, total num timesteps 167328/2000000, FPS 58.


 Scenario BOSCH Algo rmappo Exp benchmark_24_8_4 updates 585/6944 episodes, total num timesteps 168768/2000000, FPS 58.


 Scenario BOSCH Algo rmappo Exp benchmark_24_8_4 updates 590/6944 episodes, total num timesteps 170208/2000000, FPS 58.


 Scenario BOSCH Algo rmappo Exp benchmark_24_8_4 updates 595/6944 episodes, total num timesteps 171648/2000000, FPS 58.


 Scenario BOSCH Algo rmappo Exp benchmark_24_8_4 updates 600/6944 episodes, total num timesteps 173088/2000000, FPS 58.


[EVAL] BOSCH MARL Inference Solving Time for 36 periods: 1.3820 seconds
eval average episode rewards of agent0: -376.55167
eval average episode rewards of agent1: -374.99615
eval average episode rewards of agent2: -374.95023
eval average episode rewards of agent3: -375.04517
eval average episode rewards of agent4: -374.94534
eval average episode rewards of agent5: -375.02698
eval average episode rewards of agent6: -375.02832
eval average episode rewards of agent7: -374.97394
eval average episode rewards of agent8: -375.0285
eval average episode costs: Backlog: 99508.58, Inventory: 0.00, Maintenance: 13.44, Production: 1733.11, Setup: 1290.69, TOTAL: 102545.81

 Scenario BOSCH Algo rmappo Exp benchmark_24_8_4 updates 605/6944 episodes, total num timesteps 174528/2000000, FPS 58.


 Scenario BOSCH Algo rmappo Exp benchmark_24_8_4 updates 610/6944 episodes, total num timesteps 175968/2000000, FPS 58.


 Scenario BOSCH Algo rmappo Exp benchmark_24_8_4 updates 615/6944 episodes, total num timesteps 177408/2000000, FPS 58.


 Scenario BOSCH Algo rmappo Exp benchmark_24_8_4 updates 620/6944 episodes, total num timesteps 178848/2000000, FPS 58.


 Scenario BOSCH Algo rmappo Exp benchmark_24_8_4 updates 625/6944 episodes, total num timesteps 180288/2000000, FPS 58.


 Scenario BOSCH Algo rmappo Exp benchmark_24_8_4 updates 630/6944 episodes, total num timesteps 181728/2000000, FPS 59.


 Scenario BOSCH Algo rmappo Exp benchmark_24_8_4 updates 635/6944 episodes, total num timesteps 183168/2000000, FPS 59.


 Scenario BOSCH Algo rmappo Exp benchmark_24_8_4 updates 640/6944 episodes, total num timesteps 184608/2000000, FPS 59.


 Scenario BOSCH Algo rmappo Exp benchmark_24_8_4 updates 645/6944 episodes, total num timesteps 186048/2000000, FPS 59.


 Scenario BOSCH Algo rmappo Exp benchmark_24_8_4 updates 650/6944 episodes, total num timesteps 187488/2000000, FPS 59.


[EVAL] BOSCH MARL Inference Solving Time for 36 periods: 1.1849 seconds
eval average episode rewards of agent0: -356.67242
eval average episode rewards of agent1: -353.971
eval average episode rewards of agent2: -353.9011
eval average episode rewards of agent3: -353.93793
eval average episode rewards of agent4: -353.9123
eval average episode rewards of agent5: -353.92084
eval average episode rewards of agent6: -353.95508
eval average episode rewards of agent7: -353.9643
eval average episode rewards of agent8: -353.90527
eval average episode costs: Backlog: 93740.61, Inventory: 0.00, Maintenance: 30.90, Production: 2452.67, Setup: 2080.43, TOTAL: 98304.60

 Scenario BOSCH Algo rmappo Exp benchmark_24_8_4 updates 655/6944 episodes, total num timesteps 188928/2000000, FPS 59.


 Scenario BOSCH Algo rmappo Exp benchmark_24_8_4 updates 660/6944 episodes, total num timesteps 190368/2000000, FPS 59.


 Scenario BOSCH Algo rmappo Exp benchmark_24_8_4 updates 665/6944 episodes, total num timesteps 191808/2000000, FPS 59.


 Scenario BOSCH Algo rmappo Exp benchmark_24_8_4 updates 670/6944 episodes, total num timesteps 193248/2000000, FPS 59.


 Scenario BOSCH Algo rmappo Exp benchmark_24_8_4 updates 675/6944 episodes, total num timesteps 194688/2000000, FPS 59.


 Scenario BOSCH Algo rmappo Exp benchmark_24_8_4 updates 680/6944 episodes, total num timesteps 196128/2000000, FPS 59.


 Scenario BOSCH Algo rmappo Exp benchmark_24_8_4 updates 685/6944 episodes, total num timesteps 197568/2000000, FPS 59.


 Scenario BOSCH Algo rmappo Exp benchmark_24_8_4 updates 690/6944 episodes, total num timesteps 199008/2000000, FPS 59.


 Scenario BOSCH Algo rmappo Exp benchmark_24_8_4 updates 695/6944 episodes, total num timesteps 200448/2000000, FPS 59.


 Scenario BOSCH Algo rmappo Exp benchmark_24_8_4 updates 700/6944 episodes, total num timesteps 201888/2000000, FPS 59.


[EVAL] BOSCH MARL Inference Solving Time for 36 periods: 1.1807 seconds
eval average episode rewards of agent0: -382.60547
eval average episode rewards of agent1: -381.1062
eval average episode rewards of agent2: -381.0381
eval average episode rewards of agent3: -380.96884
eval average episode rewards of agent4: -381.04742
eval average episode rewards of agent5: -381.1894
eval average episode rewards of agent6: -381.05698
eval average episode rewards of agent7: -381.1172
eval average episode rewards of agent8: -380.94748
eval average episode costs: Backlog: 100930.87, Inventory: 0.00, Maintenance: 504.83, Production: 1675.34, Setup: 1341.68, TOTAL: 104452.73

 Scenario BOSCH Algo rmappo Exp benchmark_24_8_4 updates 705/6944 episodes, total num timesteps 203328/2000000, FPS 59.


 Scenario BOSCH Algo rmappo Exp benchmark_24_8_4 updates 710/6944 episodes, total num timesteps 204768/2000000, FPS 59.


 Scenario BOSCH Algo rmappo Exp benchmark_24_8_4 updates 715/6944 episodes, total num timesteps 206208/2000000, FPS 59.


 Scenario BOSCH Algo rmappo Exp benchmark_24_8_4 updates 720/6944 episodes, total num timesteps 207648/2000000, FPS 59.


 Scenario BOSCH Algo rmappo Exp benchmark_24_8_4 updates 725/6944 episodes, total num timesteps 209088/2000000, FPS 59.


 Scenario BOSCH Algo rmappo Exp benchmark_24_8_4 updates 730/6944 episodes, total num timesteps 210528/2000000, FPS 59.


 Scenario BOSCH Algo rmappo Exp benchmark_24_8_4 updates 735/6944 episodes, total num timesteps 211968/2000000, FPS 59.


 Scenario BOSCH Algo rmappo Exp benchmark_24_8_4 updates 740/6944 episodes, total num timesteps 213408/2000000, FPS 59.


 Scenario BOSCH Algo rmappo Exp benchmark_24_8_4 updates 745/6944 episodes, total num timesteps 214848/2000000, FPS 59.


 Scenario BOSCH Algo rmappo Exp benchmark_24_8_4 updates 750/6944 episodes, total num timesteps 216288/2000000, FPS 59.


[EVAL] BOSCH MARL Inference Solving Time for 36 periods: 1.1951 seconds
eval average episode rewards of agent0: -392.32043
eval average episode rewards of agent1: -391.55743
eval average episode rewards of agent2: -391.56314
eval average episode rewards of agent3: -391.5672
eval average episode rewards of agent4: -391.58902
eval average episode rewards of agent5: -391.5888
eval average episode rewards of agent6: -391.63657
eval average episode rewards of agent7: -391.5608
eval average episode rewards of agent8: -391.54086
eval average episode costs: Backlog: 103768.43, Inventory: 0.00, Maintenance: 849.48, Production: 1121.48, Setup: 677.28, TOTAL: 106416.66

 Scenario BOSCH Algo rmappo Exp benchmark_24_8_4 updates 755/6944 episodes, total num timesteps 217728/2000000, FPS 59.


 Scenario BOSCH Algo rmappo Exp benchmark_24_8_4 updates 760/6944 episodes, total num timesteps 219168/2000000, FPS 59.


 Scenario BOSCH Algo rmappo Exp benchmark_24_8_4 updates 765/6944 episodes, total num timesteps 220608/2000000, FPS 59.


 Scenario BOSCH Algo rmappo Exp benchmark_24_8_4 updates 770/6944 episodes, total num timesteps 222048/2000000, FPS 59.


 Scenario BOSCH Algo rmappo Exp benchmark_24_8_4 updates 775/6944 episodes, total num timesteps 223488/2000000, FPS 59.


 Scenario BOSCH Algo rmappo Exp benchmark_24_8_4 updates 780/6944 episodes, total num timesteps 224928/2000000, FPS 59.


 Scenario BOSCH Algo rmappo Exp benchmark_24_8_4 updates 785/6944 episodes, total num timesteps 226368/2000000, FPS 59.


 Scenario BOSCH Algo rmappo Exp benchmark_24_8_4 updates 790/6944 episodes, total num timesteps 227808/2000000, FPS 59.


 Scenario BOSCH Algo rmappo Exp benchmark_24_8_4 updates 795/6944 episodes, total num timesteps 229248/2000000, FPS 59.


 Scenario BOSCH Algo rmappo Exp benchmark_24_8_4 updates 800/6944 episodes, total num timesteps 230688/2000000, FPS 59.


[EVAL] BOSCH MARL Inference Solving Time for 36 periods: 1.1820 seconds
eval average episode rewards of agent0: -394.9833
eval average episode rewards of agent1: -394.28503
eval average episode rewards of agent2: -394.32037
eval average episode rewards of agent3: -394.28296
eval average episode rewards of agent4: -394.26227
eval average episode rewards of agent5: -394.24127
eval average episode rewards of agent6: -394.30142
eval average episode rewards of agent7: -394.26608
eval average episode rewards of agent8: -394.27063
eval average episode costs: Backlog: 104798.50, Inventory: 0.00, Maintenance: 15.87, Production: 871.10, Setup: 494.05, TOTAL: 106179.52

 Scenario BOSCH Algo rmappo Exp benchmark_24_8_4 updates 805/6944 episodes, total num timesteps 232128/2000000, FPS 59.


 Scenario BOSCH Algo rmappo Exp benchmark_24_8_4 updates 810/6944 episodes, total num timesteps 233568/2000000, FPS 59.


 Scenario BOSCH Algo rmappo Exp benchmark_24_8_4 updates 815/6944 episodes, total num timesteps 235008/2000000, FPS 59.


 Scenario BOSCH Algo rmappo Exp benchmark_24_8_4 updates 820/6944 episodes, total num timesteps 236448/2000000, FPS 59.


 Scenario BOSCH Algo rmappo Exp benchmark_24_8_4 updates 825/6944 episodes, total num timesteps 237888/2000000, FPS 60.


 Scenario BOSCH Algo rmappo Exp benchmark_24_8_4 updates 830/6944 episodes, total num timesteps 239328/2000000, FPS 60.


 Scenario BOSCH Algo rmappo Exp benchmark_24_8_4 updates 835/6944 episodes, total num timesteps 240768/2000000, FPS 60.


 Scenario BOSCH Algo rmappo Exp benchmark_24_8_4 updates 840/6944 episodes, total num timesteps 242208/2000000, FPS 60.


 Scenario BOSCH Algo rmappo Exp benchmark_24_8_4 updates 845/6944 episodes, total num timesteps 243648/2000000, FPS 60.


 Scenario BOSCH Algo rmappo Exp benchmark_24_8_4 updates 850/6944 episodes, total num timesteps 245088/2000000, FPS 60.


[EVAL] BOSCH MARL Inference Solving Time for 36 periods: 1.2315 seconds
eval average episode rewards of agent0: -390.68622
eval average episode rewards of agent1: -389.6179
eval average episode rewards of agent2: -389.63766
eval average episode rewards of agent3: -389.6465
eval average episode rewards of agent4: -389.59705
eval average episode rewards of agent5: -389.66498
eval average episode rewards of agent6: -389.64914
eval average episode rewards of agent7: -389.57037
eval average episode rewards of agent8: -389.5918
eval average episode costs: Backlog: 103502.11, Inventory: 0.00, Maintenance: 8.55, Production: 1063.55, Setup: 755.29, TOTAL: 105329.48

 Scenario BOSCH Algo rmappo Exp benchmark_24_8_4 updates 855/6944 episodes, total num timesteps 246528/2000000, FPS 60.


 Scenario BOSCH Algo rmappo Exp benchmark_24_8_4 updates 860/6944 episodes, total num timesteps 247968/2000000, FPS 60.


 Scenario BOSCH Algo rmappo Exp benchmark_24_8_4 updates 865/6944 episodes, total num timesteps 249408/2000000, FPS 60.


 Scenario BOSCH Algo rmappo Exp benchmark_24_8_4 updates 870/6944 episodes, total num timesteps 250848/2000000, FPS 60.


 Scenario BOSCH Algo rmappo Exp benchmark_24_8_4 updates 875/6944 episodes, total num timesteps 252288/2000000, FPS 60.


 Scenario BOSCH Algo rmappo Exp benchmark_24_8_4 updates 880/6944 episodes, total num timesteps 253728/2000000, FPS 60.


 Scenario BOSCH Algo rmappo Exp benchmark_24_8_4 updates 885/6944 episodes, total num timesteps 255168/2000000, FPS 60.


 Scenario BOSCH Algo rmappo Exp benchmark_24_8_4 updates 890/6944 episodes, total num timesteps 256608/2000000, FPS 60.


 Scenario BOSCH Algo rmappo Exp benchmark_24_8_4 updates 895/6944 episodes, total num timesteps 258048/2000000, FPS 60.


 Scenario BOSCH Algo rmappo Exp benchmark_24_8_4 updates 900/6944 episodes, total num timesteps 259488/2000000, FPS 60.


[EVAL] BOSCH MARL Inference Solving Time for 36 periods: 1.1877 seconds
eval average episode rewards of agent0: -398.7308
eval average episode rewards of agent1: -398.26846
eval average episode rewards of agent2: -398.28717
eval average episode rewards of agent3: -398.30487
eval average episode rewards of agent4: -398.2683
eval average episode rewards of agent5: -398.2948
eval average episode rewards of agent6: -398.34238
eval average episode rewards of agent7: -398.28995
eval average episode rewards of agent8: -398.24503
eval average episode costs: Backlog: 105383.33, Inventory: 0.00, Maintenance: 1513.66, Production: 779.36, Setup: 498.14, TOTAL: 108174.48

 Scenario BOSCH Algo rmappo Exp benchmark_24_8_4 updates 905/6944 episodes, total num timesteps 260928/2000000, FPS 60.


 Scenario BOSCH Algo rmappo Exp benchmark_24_8_4 updates 910/6944 episodes, total num timesteps 262368/2000000, FPS 60.


 Scenario BOSCH Algo rmappo Exp benchmark_24_8_4 updates 915/6944 episodes, total num timesteps 263808/2000000, FPS 60.


 Scenario BOSCH Algo rmappo Exp benchmark_24_8_4 updates 920/6944 episodes, total num timesteps 265248/2000000, FPS 60.


 Scenario BOSCH Algo rmappo Exp benchmark_24_8_4 updates 925/6944 episodes, total num timesteps 266688/2000000, FPS 60.


 Scenario BOSCH Algo rmappo Exp benchmark_24_8_4 updates 930/6944 episodes, total num timesteps 268128/2000000, FPS 60.


 Scenario BOSCH Algo rmappo Exp benchmark_24_8_4 updates 935/6944 episodes, total num timesteps 269568/2000000, FPS 60.


 Scenario BOSCH Algo rmappo Exp benchmark_24_8_4 updates 940/6944 episodes, total num timesteps 271008/2000000, FPS 60.


 Scenario BOSCH Algo rmappo Exp benchmark_24_8_4 updates 945/6944 episodes, total num timesteps 272448/2000000, FPS 60.


 Scenario BOSCH Algo rmappo Exp benchmark_24_8_4 updates 950/6944 episodes, total num timesteps 273888/2000000, FPS 60.


[EVAL] BOSCH MARL Inference Solving Time for 36 periods: 1.1585 seconds
eval average episode rewards of agent0: -391.8184
eval average episode rewards of agent1: -390.57202
eval average episode rewards of agent2: -390.55475
eval average episode rewards of agent3: -390.6089
eval average episode rewards of agent4: -390.60333
eval average episode rewards of agent5: -390.59747
eval average episode rewards of agent6: -390.65802
eval average episode rewards of agent7: -390.58063
eval average episode rewards of agent8: -390.5869
eval average episode costs: Backlog: 103317.20, Inventory: 0.00, Maintenance: 1115.12, Production: 1020.69, Setup: 1108.32, TOTAL: 106561.34

 Scenario BOSCH Algo rmappo Exp benchmark_24_8_4 updates 955/6944 episodes, total num timesteps 275328/2000000, FPS 60.


 Scenario BOSCH Algo rmappo Exp benchmark_24_8_4 updates 960/6944 episodes, total num timesteps 276768/2000000, FPS 60.


 Scenario BOSCH Algo rmappo Exp benchmark_24_8_4 updates 965/6944 episodes, total num timesteps 278208/2000000, FPS 60.


 Scenario BOSCH Algo rmappo Exp benchmark_24_8_4 updates 970/6944 episodes, total num timesteps 279648/2000000, FPS 60.


 Scenario BOSCH Algo rmappo Exp benchmark_24_8_4 updates 975/6944 episodes, total num timesteps 281088/2000000, FPS 60.


 Scenario BOSCH Algo rmappo Exp benchmark_24_8_4 updates 980/6944 episodes, total num timesteps 282528/2000000, FPS 60.


 Scenario BOSCH Algo rmappo Exp benchmark_24_8_4 updates 985/6944 episodes, total num timesteps 283968/2000000, FPS 60.


 Scenario BOSCH Algo rmappo Exp benchmark_24_8_4 updates 990/6944 episodes, total num timesteps 285408/2000000, FPS 60.


 Scenario BOSCH Algo rmappo Exp benchmark_24_8_4 updates 995/6944 episodes, total num timesteps 286848/2000000, FPS 60.


 Scenario BOSCH Algo rmappo Exp benchmark_24_8_4 updates 1000/6944 episodes, total num timesteps 288288/2000000, FPS 60.


[EVAL] BOSCH MARL Inference Solving Time for 36 periods: 1.2082 seconds
eval average episode rewards of agent0: -400.2508
eval average episode rewards of agent1: -398.99026
eval average episode rewards of agent2: -398.9645
eval average episode rewards of agent3: -398.99976
eval average episode rewards of agent4: -398.952
eval average episode rewards of agent5: -399.05328
eval average episode rewards of agent6: -398.99188
eval average episode rewards of agent7: -398.9975
eval average episode rewards of agent8: -399.0022
eval average episode costs: Backlog: 105386.65, Inventory: 0.00, Maintenance: 1232.53, Production: 1172.47, Setup: 1469.24, TOTAL: 109260.89

 Scenario BOSCH Algo rmappo Exp benchmark_24_8_4 updates 1005/6944 episodes, total num timesteps 289728/2000000, FPS 60.


 Scenario BOSCH Algo rmappo Exp benchmark_24_8_4 updates 1010/6944 episodes, total num timesteps 291168/2000000, FPS 60.


 Scenario BOSCH Algo rmappo Exp benchmark_24_8_4 updates 1015/6944 episodes, total num timesteps 292608/2000000, FPS 60.


 Scenario BOSCH Algo rmappo Exp benchmark_24_8_4 updates 1020/6944 episodes, total num timesteps 294048/2000000, FPS 60.


 Scenario BOSCH Algo rmappo Exp benchmark_24_8_4 updates 1025/6944 episodes, total num timesteps 295488/2000000, FPS 60.


 Scenario BOSCH Algo rmappo Exp benchmark_24_8_4 updates 1030/6944 episodes, total num timesteps 296928/2000000, FPS 60.


 Scenario BOSCH Algo rmappo Exp benchmark_24_8_4 updates 1035/6944 episodes, total num timesteps 298368/2000000, FPS 60.


 Scenario BOSCH Algo rmappo Exp benchmark_24_8_4 updates 1040/6944 episodes, total num timesteps 299808/2000000, FPS 60.


 Scenario BOSCH Algo rmappo Exp benchmark_24_8_4 updates 1045/6944 episodes, total num timesteps 301248/2000000, FPS 60.


 Scenario BOSCH Algo rmappo Exp benchmark_24_8_4 updates 1050/6944 episodes, total num timesteps 302688/2000000, FPS 60.


[EVAL] BOSCH MARL Inference Solving Time for 36 periods: 1.1862 seconds
eval average episode rewards of agent0: -369.89087
eval average episode rewards of agent1: -367.00647
eval average episode rewards of agent2: -366.9643
eval average episode rewards of agent3: -366.9939
eval average episode rewards of agent4: -367.0238
eval average episode rewards of agent5: -367.04425
eval average episode rewards of agent6: -367.0625
eval average episode rewards of agent7: -367.02078
eval average episode rewards of agent8: -367.02667
eval average episode costs: Backlog: 97071.27, Inventory: 0.00, Maintenance: 451.77, Production: 1810.97, Setup: 2078.61, TOTAL: 101412.60

 Scenario BOSCH Algo rmappo Exp benchmark_24_8_4 updates 1055/6944 episodes, total num timesteps 304128/2000000, FPS 60.


 Scenario BOSCH Algo rmappo Exp benchmark_24_8_4 updates 1060/6944 episodes, total num timesteps 305568/2000000, FPS 60.


 Scenario BOSCH Algo rmappo Exp benchmark_24_8_4 updates 1065/6944 episodes, total num timesteps 307008/2000000, FPS 60.


 Scenario BOSCH Algo rmappo Exp benchmark_24_8_4 updates 1070/6944 episodes, total num timesteps 308448/2000000, FPS 60.


 Scenario BOSCH Algo rmappo Exp benchmark_24_8_4 updates 1075/6944 episodes, total num timesteps 309888/2000000, FPS 60.


 Scenario BOSCH Algo rmappo Exp benchmark_24_8_4 updates 1080/6944 episodes, total num timesteps 311328/2000000, FPS 60.


 Scenario BOSCH Algo rmappo Exp benchmark_24_8_4 updates 1085/6944 episodes, total num timesteps 312768/2000000, FPS 60.


 Scenario BOSCH Algo rmappo Exp benchmark_24_8_4 updates 1090/6944 episodes, total num timesteps 314208/2000000, FPS 60.


 Scenario BOSCH Algo rmappo Exp benchmark_24_8_4 updates 1095/6944 episodes, total num timesteps 315648/2000000, FPS 60.


 Scenario BOSCH Algo rmappo Exp benchmark_24_8_4 updates 1100/6944 episodes, total num timesteps 317088/2000000, FPS 60.


[EVAL] BOSCH MARL Inference Solving Time for 36 periods: 1.2738 seconds
eval average episode rewards of agent0: -387.75372
eval average episode rewards of agent1: -386.7481
eval average episode rewards of agent2: -386.59543
eval average episode rewards of agent3: -386.74564
eval average episode rewards of agent4: -386.75732
eval average episode rewards of agent5: -386.84573
eval average episode rewards of agent6: -386.76193
eval average episode rewards of agent7: -386.74487
eval average episode rewards of agent8: -386.71527
eval average episode costs: Backlog: 102626.50, Inventory: 0.00, Maintenance: 419.43, Production: 1134.87, Setup: 739.63, TOTAL: 104920.42

 Scenario BOSCH Algo rmappo Exp benchmark_24_8_4 updates 1105/6944 episodes, total num timesteps 318528/2000000, FPS 60.


 Scenario BOSCH Algo rmappo Exp benchmark_24_8_4 updates 1110/6944 episodes, total num timesteps 319968/2000000, FPS 60.


 Scenario BOSCH Algo rmappo Exp benchmark_24_8_4 updates 1115/6944 episodes, total num timesteps 321408/2000000, FPS 60.


 Scenario BOSCH Algo rmappo Exp benchmark_24_8_4 updates 1120/6944 episodes, total num timesteps 322848/2000000, FPS 60.


 Scenario BOSCH Algo rmappo Exp benchmark_24_8_4 updates 1125/6944 episodes, total num timesteps 324288/2000000, FPS 60.


 Scenario BOSCH Algo rmappo Exp benchmark_24_8_4 updates 1130/6944 episodes, total num timesteps 325728/2000000, FPS 60.


 Scenario BOSCH Algo rmappo Exp benchmark_24_8_4 updates 1135/6944 episodes, total num timesteps 327168/2000000, FPS 60.


 Scenario BOSCH Algo rmappo Exp benchmark_24_8_4 updates 1140/6944 episodes, total num timesteps 328608/2000000, FPS 60.


 Scenario BOSCH Algo rmappo Exp benchmark_24_8_4 updates 1145/6944 episodes, total num timesteps 330048/2000000, FPS 60.


 Scenario BOSCH Algo rmappo Exp benchmark_24_8_4 updates 1150/6944 episodes, total num timesteps 331488/2000000, FPS 60.


[EVAL] BOSCH MARL Inference Solving Time for 36 periods: 1.1604 seconds
eval average episode rewards of agent0: -344.17188
eval average episode rewards of agent1: -341.14423
eval average episode rewards of agent2: -341.03152
eval average episode rewards of agent3: -341.12762
eval average episode rewards of agent4: -341.17618
eval average episode rewards of agent5: -341.1685
eval average episode rewards of agent6: -341.17743
eval average episode rewards of agent7: -341.1397
eval average episode rewards of agent8: -341.22955
eval average episode costs: Backlog: 90363.06, Inventory: 0.00, Maintenance: 21.29, Production: 2734.01, Setup: 2170.71, TOTAL: 95289.08

 Scenario BOSCH Algo rmappo Exp benchmark_24_8_4 updates 1155/6944 episodes, total num timesteps 332928/2000000, FPS 60.


 Scenario BOSCH Algo rmappo Exp benchmark_24_8_4 updates 1160/6944 episodes, total num timesteps 334368/2000000, FPS 60.


 Scenario BOSCH Algo rmappo Exp benchmark_24_8_4 updates 1165/6944 episodes, total num timesteps 335808/2000000, FPS 60.


 Scenario BOSCH Algo rmappo Exp benchmark_24_8_4 updates 1170/6944 episodes, total num timesteps 337248/2000000, FPS 60.


 Scenario BOSCH Algo rmappo Exp benchmark_24_8_4 updates 1175/6944 episodes, total num timesteps 338688/2000000, FPS 60.


 Scenario BOSCH Algo rmappo Exp benchmark_24_8_4 updates 1180/6944 episodes, total num timesteps 340128/2000000, FPS 60.


 Scenario BOSCH Algo rmappo Exp benchmark_24_8_4 updates 1185/6944 episodes, total num timesteps 341568/2000000, FPS 60.


 Scenario BOSCH Algo rmappo Exp benchmark_24_8_4 updates 1190/6944 episodes, total num timesteps 343008/2000000, FPS 60.


 Scenario BOSCH Algo rmappo Exp benchmark_24_8_4 updates 1195/6944 episodes, total num timesteps 344448/2000000, FPS 60.


 Scenario BOSCH Algo rmappo Exp benchmark_24_8_4 updates 1200/6944 episodes, total num timesteps 345888/2000000, FPS 60.


[EVAL] BOSCH MARL Inference Solving Time for 36 periods: 1.1690 seconds
eval average episode rewards of agent0: -349.78702
eval average episode rewards of agent1: -346.4914
eval average episode rewards of agent2: -346.38232
eval average episode rewards of agent3: -346.48816
eval average episode rewards of agent4: -346.44702
eval average episode rewards of agent5: -346.40005
eval average episode rewards of agent6: -346.45026
eval average episode rewards of agent7: -346.45322
eval average episode rewards of agent8: -346.50504
eval average episode costs: Backlog: 91667.61, Inventory: 0.00, Maintenance: 20.64, Production: 2660.25, Setup: 2519.78, TOTAL: 96868.29

 Scenario BOSCH Algo rmappo Exp benchmark_24_8_4 updates 1205/6944 episodes, total num timesteps 347328/2000000, FPS 60.


 Scenario BOSCH Algo rmappo Exp benchmark_24_8_4 updates 1210/6944 episodes, total num timesteps 348768/2000000, FPS 60.


 Scenario BOSCH Algo rmappo Exp benchmark_24_8_4 updates 1215/6944 episodes, total num timesteps 350208/2000000, FPS 60.


 Scenario BOSCH Algo rmappo Exp benchmark_24_8_4 updates 1220/6944 episodes, total num timesteps 351648/2000000, FPS 60.


 Scenario BOSCH Algo rmappo Exp benchmark_24_8_4 updates 1225/6944 episodes, total num timesteps 353088/2000000, FPS 60.


 Scenario BOSCH Algo rmappo Exp benchmark_24_8_4 updates 1230/6944 episodes, total num timesteps 354528/2000000, FPS 60.


 Scenario BOSCH Algo rmappo Exp benchmark_24_8_4 updates 1235/6944 episodes, total num timesteps 355968/2000000, FPS 60.


 Scenario BOSCH Algo rmappo Exp benchmark_24_8_4 updates 1240/6944 episodes, total num timesteps 357408/2000000, FPS 61.


 Scenario BOSCH Algo rmappo Exp benchmark_24_8_4 updates 1245/6944 episodes, total num timesteps 358848/2000000, FPS 61.


 Scenario BOSCH Algo rmappo Exp benchmark_24_8_4 updates 1250/6944 episodes, total num timesteps 360288/2000000, FPS 61.


[EVAL] BOSCH MARL Inference Solving Time for 36 periods: 1.1910 seconds
eval average episode rewards of agent0: -377.90634
eval average episode rewards of agent1: -376.77454
eval average episode rewards of agent2: -376.77533
eval average episode rewards of agent3: -376.7587
eval average episode rewards of agent4: -376.82718
eval average episode rewards of agent5: -376.79144
eval average episode rewards of agent6: -376.77734
eval average episode rewards of agent7: -376.7389
eval average episode rewards of agent8: -376.7619
eval average episode costs: Backlog: 100095.23, Inventory: 0.00, Maintenance: 13.10, Production: 1633.39, Setup: 843.42, TOTAL: 102585.14

 Scenario BOSCH Algo rmappo Exp benchmark_24_8_4 updates 1255/6944 episodes, total num timesteps 361728/2000000, FPS 61.


 Scenario BOSCH Algo rmappo Exp benchmark_24_8_4 updates 1260/6944 episodes, total num timesteps 363168/2000000, FPS 61.


 Scenario BOSCH Algo rmappo Exp benchmark_24_8_4 updates 1265/6944 episodes, total num timesteps 364608/2000000, FPS 61.


 Scenario BOSCH Algo rmappo Exp benchmark_24_8_4 updates 1270/6944 episodes, total num timesteps 366048/2000000, FPS 61.


 Scenario BOSCH Algo rmappo Exp benchmark_24_8_4 updates 1275/6944 episodes, total num timesteps 367488/2000000, FPS 61.


 Scenario BOSCH Algo rmappo Exp benchmark_24_8_4 updates 1280/6944 episodes, total num timesteps 368928/2000000, FPS 61.


 Scenario BOSCH Algo rmappo Exp benchmark_24_8_4 updates 1285/6944 episodes, total num timesteps 370368/2000000, FPS 61.


 Scenario BOSCH Algo rmappo Exp benchmark_24_8_4 updates 1290/6944 episodes, total num timesteps 371808/2000000, FPS 61.


 Scenario BOSCH Algo rmappo Exp benchmark_24_8_4 updates 1295/6944 episodes, total num timesteps 373248/2000000, FPS 61.


 Scenario BOSCH Algo rmappo Exp benchmark_24_8_4 updates 1300/6944 episodes, total num timesteps 374688/2000000, FPS 61.


[EVAL] BOSCH MARL Inference Solving Time for 36 periods: 1.6693 seconds
eval average episode rewards of agent0: -397.60107
eval average episode rewards of agent1: -396.90668
eval average episode rewards of agent2: -396.88516
eval average episode rewards of agent3: -396.8982
eval average episode rewards of agent4: -396.90332
eval average episode rewards of agent5: -396.91055
eval average episode rewards of agent6: -396.9264
eval average episode rewards of agent7: -396.89938
eval average episode rewards of agent8: -396.86697
eval average episode costs: Backlog: 105508.27, Inventory: 0.00, Maintenance: 4.68, Production: 579.65, Setup: 456.94, TOTAL: 106549.55

 Scenario BOSCH Algo rmappo Exp benchmark_24_8_4 updates 1305/6944 episodes, total num timesteps 376128/2000000, FPS 61.


 Scenario BOSCH Algo rmappo Exp benchmark_24_8_4 updates 1310/6944 episodes, total num timesteps 377568/2000000, FPS 61.


 Scenario BOSCH Algo rmappo Exp benchmark_24_8_4 updates 1315/6944 episodes, total num timesteps 379008/2000000, FPS 61.


 Scenario BOSCH Algo rmappo Exp benchmark_24_8_4 updates 1320/6944 episodes, total num timesteps 380448/2000000, FPS 61.


 Scenario BOSCH Algo rmappo Exp benchmark_24_8_4 updates 1325/6944 episodes, total num timesteps 381888/2000000, FPS 61.


 Scenario BOSCH Algo rmappo Exp benchmark_24_8_4 updates 1330/6944 episodes, total num timesteps 383328/2000000, FPS 61.


 Scenario BOSCH Algo rmappo Exp benchmark_24_8_4 updates 1335/6944 episodes, total num timesteps 384768/2000000, FPS 61.


 Scenario BOSCH Algo rmappo Exp benchmark_24_8_4 updates 1340/6944 episodes, total num timesteps 386208/2000000, FPS 61.


 Scenario BOSCH Algo rmappo Exp benchmark_24_8_4 updates 1345/6944 episodes, total num timesteps 387648/2000000, FPS 61.


 Scenario BOSCH Algo rmappo Exp benchmark_24_8_4 updates 1350/6944 episodes, total num timesteps 389088/2000000, FPS 61.


[EVAL] BOSCH MARL Inference Solving Time for 36 periods: 1.1706 seconds
eval average episode rewards of agent0: -411.21655
eval average episode rewards of agent1: -411.5086
eval average episode rewards of agent2: -411.42413
eval average episode rewards of agent3: -411.5433
eval average episode rewards of agent4: -411.5769
eval average episode rewards of agent5: -411.51544
eval average episode rewards of agent6: -411.60068
eval average episode rewards of agent7: -411.52872
eval average episode rewards of agent8: -411.5761
eval average episode costs: Backlog: 108595.90, Inventory: 0.00, Maintenance: 2863.17, Production: 344.15, Setup: 56.21, TOTAL: 111859.42

 Scenario BOSCH Algo rmappo Exp benchmark_24_8_4 updates 1355/6944 episodes, total num timesteps 390528/2000000, FPS 61.


 Scenario BOSCH Algo rmappo Exp benchmark_24_8_4 updates 1360/6944 episodes, total num timesteps 391968/2000000, FPS 61.


 Scenario BOSCH Algo rmappo Exp benchmark_24_8_4 updates 1365/6944 episodes, total num timesteps 393408/2000000, FPS 61.


 Scenario BOSCH Algo rmappo Exp benchmark_24_8_4 updates 1370/6944 episodes, total num timesteps 394848/2000000, FPS 61.


 Scenario BOSCH Algo rmappo Exp benchmark_24_8_4 updates 1375/6944 episodes, total num timesteps 396288/2000000, FPS 61.


 Scenario BOSCH Algo rmappo Exp benchmark_24_8_4 updates 1380/6944 episodes, total num timesteps 397728/2000000, FPS 61.


 Scenario BOSCH Algo rmappo Exp benchmark_24_8_4 updates 1385/6944 episodes, total num timesteps 399168/2000000, FPS 61.


 Scenario BOSCH Algo rmappo Exp benchmark_24_8_4 updates 1390/6944 episodes, total num timesteps 400608/2000000, FPS 61.


 Scenario BOSCH Algo rmappo Exp benchmark_24_8_4 updates 1395/6944 episodes, total num timesteps 402048/2000000, FPS 61.


 Scenario BOSCH Algo rmappo Exp benchmark_24_8_4 updates 1400/6944 episodes, total num timesteps 403488/2000000, FPS 61.


[EVAL] BOSCH MARL Inference Solving Time for 36 periods: 1.2289 seconds
eval average episode rewards of agent0: -368.80215
eval average episode rewards of agent1: -366.46603
eval average episode rewards of agent2: -366.39365
eval average episode rewards of agent3: -366.39697
eval average episode rewards of agent4: -366.4315
eval average episode rewards of agent5: -366.4493
eval average episode rewards of agent6: -366.396
eval average episode rewards of agent7: -366.42514
eval average episode rewards of agent8: -366.40027
eval average episode costs: Backlog: 97133.44, Inventory: 0.00, Maintenance: 55.08, Production: 1850.58, Setup: 1707.49, TOTAL: 100746.60

 Scenario BOSCH Algo rmappo Exp benchmark_24_8_4 updates 1405/6944 episodes, total num timesteps 404928/2000000, FPS 61.


 Scenario BOSCH Algo rmappo Exp benchmark_24_8_4 updates 1410/6944 episodes, total num timesteps 406368/2000000, FPS 61.


 Scenario BOSCH Algo rmappo Exp benchmark_24_8_4 updates 1415/6944 episodes, total num timesteps 407808/2000000, FPS 61.


 Scenario BOSCH Algo rmappo Exp benchmark_24_8_4 updates 1420/6944 episodes, total num timesteps 409248/2000000, FPS 61.


 Scenario BOSCH Algo rmappo Exp benchmark_24_8_4 updates 1425/6944 episodes, total num timesteps 410688/2000000, FPS 61.


 Scenario BOSCH Algo rmappo Exp benchmark_24_8_4 updates 1430/6944 episodes, total num timesteps 412128/2000000, FPS 61.


 Scenario BOSCH Algo rmappo Exp benchmark_24_8_4 updates 1435/6944 episodes, total num timesteps 413568/2000000, FPS 61.


 Scenario BOSCH Algo rmappo Exp benchmark_24_8_4 updates 1440/6944 episodes, total num timesteps 415008/2000000, FPS 61.


 Scenario BOSCH Algo rmappo Exp benchmark_24_8_4 updates 1445/6944 episodes, total num timesteps 416448/2000000, FPS 61.


 Scenario BOSCH Algo rmappo Exp benchmark_24_8_4 updates 1450/6944 episodes, total num timesteps 417888/2000000, FPS 61.


[EVAL] BOSCH MARL Inference Solving Time for 36 periods: 2.4474 seconds
eval average episode rewards of agent0: -388.38873
eval average episode rewards of agent1: -386.75772
eval average episode rewards of agent2: -386.66843
eval average episode rewards of agent3: -386.6902
eval average episode rewards of agent4: -386.74738
eval average episode rewards of agent5: -386.76056
eval average episode rewards of agent6: -386.81332
eval average episode rewards of agent7: -386.7335
eval average episode rewards of agent8: -386.7836
eval average episode costs: Backlog: 102127.59, Inventory: 0.00, Maintenance: 1460.60, Production: 1254.63, Setup: 1425.94, TOTAL: 106268.77

 Scenario BOSCH Algo rmappo Exp benchmark_24_8_4 updates 1455/6944 episodes, total num timesteps 419328/2000000, FPS 61.


 Scenario BOSCH Algo rmappo Exp benchmark_24_8_4 updates 1460/6944 episodes, total num timesteps 420768/2000000, FPS 61.


 Scenario BOSCH Algo rmappo Exp benchmark_24_8_4 updates 1465/6944 episodes, total num timesteps 422208/2000000, FPS 61.


 Scenario BOSCH Algo rmappo Exp benchmark_24_8_4 updates 1470/6944 episodes, total num timesteps 423648/2000000, FPS 61.


 Scenario BOSCH Algo rmappo Exp benchmark_24_8_4 updates 1475/6944 episodes, total num timesteps 425088/2000000, FPS 61.


 Scenario BOSCH Algo rmappo Exp benchmark_24_8_4 updates 1480/6944 episodes, total num timesteps 426528/2000000, FPS 61.


 Scenario BOSCH Algo rmappo Exp benchmark_24_8_4 updates 1485/6944 episodes, total num timesteps 427968/2000000, FPS 61.


 Scenario BOSCH Algo rmappo Exp benchmark_24_8_4 updates 1490/6944 episodes, total num timesteps 429408/2000000, FPS 61.


 Scenario BOSCH Algo rmappo Exp benchmark_24_8_4 updates 1495/6944 episodes, total num timesteps 430848/2000000, FPS 61.


 Scenario BOSCH Algo rmappo Exp benchmark_24_8_4 updates 1500/6944 episodes, total num timesteps 432288/2000000, FPS 61.


[EVAL] BOSCH MARL Inference Solving Time for 36 periods: 1.1790 seconds
eval average episode rewards of agent0: -359.5623
eval average episode rewards of agent1: -357.19586
eval average episode rewards of agent2: -357.09863
eval average episode rewards of agent3: -357.16495
eval average episode rewards of agent4: -357.17142
eval average episode rewards of agent5: -357.1239
eval average episode rewards of agent6: -357.19012
eval average episode rewards of agent7: -357.1599
eval average episode rewards of agent8: -357.18893
eval average episode costs: Backlog: 94560.30, Inventory: 0.00, Maintenance: 428.26, Production: 2162.20, Setup: 1763.62, TOTAL: 98914.36

 Scenario BOSCH Algo rmappo Exp benchmark_24_8_4 updates 1505/6944 episodes, total num timesteps 433728/2000000, FPS 61.


 Scenario BOSCH Algo rmappo Exp benchmark_24_8_4 updates 1510/6944 episodes, total num timesteps 435168/2000000, FPS 61.


 Scenario BOSCH Algo rmappo Exp benchmark_24_8_4 updates 1515/6944 episodes, total num timesteps 436608/2000000, FPS 61.


 Scenario BOSCH Algo rmappo Exp benchmark_24_8_4 updates 1520/6944 episodes, total num timesteps 438048/2000000, FPS 61.


 Scenario BOSCH Algo rmappo Exp benchmark_24_8_4 updates 1525/6944 episodes, total num timesteps 439488/2000000, FPS 61.


 Scenario BOSCH Algo rmappo Exp benchmark_24_8_4 updates 1530/6944 episodes, total num timesteps 440928/2000000, FPS 61.


 Scenario BOSCH Algo rmappo Exp benchmark_24_8_4 updates 1535/6944 episodes, total num timesteps 442368/2000000, FPS 61.


 Scenario BOSCH Algo rmappo Exp benchmark_24_8_4 updates 1540/6944 episodes, total num timesteps 443808/2000000, FPS 61.


 Scenario BOSCH Algo rmappo Exp benchmark_24_8_4 updates 1545/6944 episodes, total num timesteps 445248/2000000, FPS 61.


 Scenario BOSCH Algo rmappo Exp benchmark_24_8_4 updates 1550/6944 episodes, total num timesteps 446688/2000000, FPS 61.


[EVAL] BOSCH MARL Inference Solving Time for 36 periods: 1.1879 seconds
eval average episode rewards of agent0: -402.27667
eval average episode rewards of agent1: -402.31296
eval average episode rewards of agent2: -402.19254
eval average episode rewards of agent3: -402.34613
eval average episode rewards of agent4: -402.39352
eval average episode rewards of agent5: -402.3758
eval average episode rewards of agent6: -402.40466
eval average episode rewards of agent7: -402.37613
eval average episode rewards of agent8: -402.3981
eval average episode costs: Backlog: 106284.65, Inventory: 0.00, Maintenance: 2418.49, Production: 686.96, Setup: 156.54, TOTAL: 109546.62

 Scenario BOSCH Algo rmappo Exp benchmark_24_8_4 updates 1555/6944 episodes, total num timesteps 448128/2000000, FPS 61.


 Scenario BOSCH Algo rmappo Exp benchmark_24_8_4 updates 1560/6944 episodes, total num timesteps 449568/2000000, FPS 61.


 Scenario BOSCH Algo rmappo Exp benchmark_24_8_4 updates 1565/6944 episodes, total num timesteps 451008/2000000, FPS 61.


 Scenario BOSCH Algo rmappo Exp benchmark_24_8_4 updates 1570/6944 episodes, total num timesteps 452448/2000000, FPS 61.


 Scenario BOSCH Algo rmappo Exp benchmark_24_8_4 updates 1575/6944 episodes, total num timesteps 453888/2000000, FPS 61.


 Scenario BOSCH Algo rmappo Exp benchmark_24_8_4 updates 1580/6944 episodes, total num timesteps 455328/2000000, FPS 61.


 Scenario BOSCH Algo rmappo Exp benchmark_24_8_4 updates 1585/6944 episodes, total num timesteps 456768/2000000, FPS 61.


 Scenario BOSCH Algo rmappo Exp benchmark_24_8_4 updates 1590/6944 episodes, total num timesteps 458208/2000000, FPS 61.


 Scenario BOSCH Algo rmappo Exp benchmark_24_8_4 updates 1595/6944 episodes, total num timesteps 459648/2000000, FPS 61.


 Scenario BOSCH Algo rmappo Exp benchmark_24_8_4 updates 1600/6944 episodes, total num timesteps 461088/2000000, FPS 61.


[EVAL] BOSCH MARL Inference Solving Time for 36 periods: 1.1488 seconds
eval average episode rewards of agent0: -376.96283
eval average episode rewards of agent1: -375.35947
eval average episode rewards of agent2: -375.27295
eval average episode rewards of agent3: -375.359
eval average episode rewards of agent4: -375.40295
eval average episode rewards of agent5: -375.389
eval average episode rewards of agent6: -375.34317
eval average episode rewards of agent7: -375.33658
eval average episode rewards of agent8: -375.35196
eval average episode costs: Backlog: 99590.45, Inventory: 0.00, Maintenance: 190.23, Production: 1518.90, Setup: 1147.82, TOTAL: 102447.42

 Scenario BOSCH Algo rmappo Exp benchmark_24_8_4 updates 1605/6944 episodes, total num timesteps 462528/2000000, FPS 61.


 Scenario BOSCH Algo rmappo Exp benchmark_24_8_4 updates 1610/6944 episodes, total num timesteps 463968/2000000, FPS 61.


 Scenario BOSCH Algo rmappo Exp benchmark_24_8_4 updates 1615/6944 episodes, total num timesteps 465408/2000000, FPS 61.


 Scenario BOSCH Algo rmappo Exp benchmark_24_8_4 updates 1620/6944 episodes, total num timesteps 466848/2000000, FPS 61.


 Scenario BOSCH Algo rmappo Exp benchmark_24_8_4 updates 1625/6944 episodes, total num timesteps 468288/2000000, FPS 61.


 Scenario BOSCH Algo rmappo Exp benchmark_24_8_4 updates 1630/6944 episodes, total num timesteps 469728/2000000, FPS 61.


 Scenario BOSCH Algo rmappo Exp benchmark_24_8_4 updates 1635/6944 episodes, total num timesteps 471168/2000000, FPS 61.


 Scenario BOSCH Algo rmappo Exp benchmark_24_8_4 updates 1640/6944 episodes, total num timesteps 472608/2000000, FPS 61.


 Scenario BOSCH Algo rmappo Exp benchmark_24_8_4 updates 1645/6944 episodes, total num timesteps 474048/2000000, FPS 62.


 Scenario BOSCH Algo rmappo Exp benchmark_24_8_4 updates 1650/6944 episodes, total num timesteps 475488/2000000, FPS 62.


[EVAL] BOSCH MARL Inference Solving Time for 36 periods: 1.2448 seconds
eval average episode rewards of agent0: -379.62585
eval average episode rewards of agent1: -378.30548
eval average episode rewards of agent2: -378.18863
eval average episode rewards of agent3: -378.27472
eval average episode rewards of agent4: -378.34024
eval average episode rewards of agent5: -378.3571
eval average episode rewards of agent6: -378.32965
eval average episode rewards of agent7: -378.31647
eval average episode rewards of agent8: -378.3241
eval average episode costs: Backlog: 100118.17, Inventory: 0.00, Maintenance: 874.80, Production: 1558.93, Setup: 1247.49, TOTAL: 103799.39

 Scenario BOSCH Algo rmappo Exp benchmark_24_8_4 updates 1655/6944 episodes, total num timesteps 476928/2000000, FPS 62.


 Scenario BOSCH Algo rmappo Exp benchmark_24_8_4 updates 1660/6944 episodes, total num timesteps 478368/2000000, FPS 62.


 Scenario BOSCH Algo rmappo Exp benchmark_24_8_4 updates 1665/6944 episodes, total num timesteps 479808/2000000, FPS 62.


 Scenario BOSCH Algo rmappo Exp benchmark_24_8_4 updates 1670/6944 episodes, total num timesteps 481248/2000000, FPS 62.


 Scenario BOSCH Algo rmappo Exp benchmark_24_8_4 updates 1675/6944 episodes, total num timesteps 482688/2000000, FPS 62.


 Scenario BOSCH Algo rmappo Exp benchmark_24_8_4 updates 1680/6944 episodes, total num timesteps 484128/2000000, FPS 62.


 Scenario BOSCH Algo rmappo Exp benchmark_24_8_4 updates 1685/6944 episodes, total num timesteps 485568/2000000, FPS 62.


 Scenario BOSCH Algo rmappo Exp benchmark_24_8_4 updates 1690/6944 episodes, total num timesteps 487008/2000000, FPS 62.


 Scenario BOSCH Algo rmappo Exp benchmark_24_8_4 updates 1695/6944 episodes, total num timesteps 488448/2000000, FPS 62.


 Scenario BOSCH Algo rmappo Exp benchmark_24_8_4 updates 1700/6944 episodes, total num timesteps 489888/2000000, FPS 62.


[EVAL] BOSCH MARL Inference Solving Time for 36 periods: 1.1748 seconds
eval average episode rewards of agent0: -370.85187
eval average episode rewards of agent1: -369.07205
eval average episode rewards of agent2: -368.99432
eval average episode rewards of agent3: -369.0309
eval average episode rewards of agent4: -369.10236
eval average episode rewards of agent5: -369.04242
eval average episode rewards of agent6: -369.17685
eval average episode rewards of agent7: -369.008
eval average episode rewards of agent8: -369.07742
eval average episode costs: Backlog: 97834.55, Inventory: 0.00, Maintenance: 388.83, Production: 1558.54, Setup: 1322.23, TOTAL: 101104.14

 Scenario BOSCH Algo rmappo Exp benchmark_24_8_4 updates 1705/6944 episodes, total num timesteps 491328/2000000, FPS 62.


 Scenario BOSCH Algo rmappo Exp benchmark_24_8_4 updates 1710/6944 episodes, total num timesteps 492768/2000000, FPS 62.


 Scenario BOSCH Algo rmappo Exp benchmark_24_8_4 updates 1715/6944 episodes, total num timesteps 494208/2000000, FPS 62.


 Scenario BOSCH Algo rmappo Exp benchmark_24_8_4 updates 1720/6944 episodes, total num timesteps 495648/2000000, FPS 62.


 Scenario BOSCH Algo rmappo Exp benchmark_24_8_4 updates 1725/6944 episodes, total num timesteps 497088/2000000, FPS 62.


 Scenario BOSCH Algo rmappo Exp benchmark_24_8_4 updates 1730/6944 episodes, total num timesteps 498528/2000000, FPS 62.


 Scenario BOSCH Algo rmappo Exp benchmark_24_8_4 updates 1735/6944 episodes, total num timesteps 499968/2000000, FPS 62.


 Scenario BOSCH Algo rmappo Exp benchmark_24_8_4 updates 1740/6944 episodes, total num timesteps 501408/2000000, FPS 62.


 Scenario BOSCH Algo rmappo Exp benchmark_24_8_4 updates 1745/6944 episodes, total num timesteps 502848/2000000, FPS 62.


 Scenario BOSCH Algo rmappo Exp benchmark_24_8_4 updates 1750/6944 episodes, total num timesteps 504288/2000000, FPS 62.


[EVAL] BOSCH MARL Inference Solving Time for 36 periods: 1.0946 seconds
eval average episode rewards of agent0: -398.6372
eval average episode rewards of agent1: -398.05823
eval average episode rewards of agent2: -398.062
eval average episode rewards of agent3: -398.06546
eval average episode rewards of agent4: -398.1108
eval average episode rewards of agent5: -398.1098
eval average episode rewards of agent6: -398.17233
eval average episode rewards of agent7: -398.0241
eval average episode rewards of agent8: -398.23618
eval average episode costs: Backlog: 105755.71, Inventory: 0.00, Maintenance: 234.34, Production: 821.77, Setup: 441.06, TOTAL: 107252.89

 Scenario BOSCH Algo rmappo Exp benchmark_24_8_4 updates 1755/6944 episodes, total num timesteps 505728/2000000, FPS 62.


 Scenario BOSCH Algo rmappo Exp benchmark_24_8_4 updates 1760/6944 episodes, total num timesteps 507168/2000000, FPS 62.


 Scenario BOSCH Algo rmappo Exp benchmark_24_8_4 updates 1765/6944 episodes, total num timesteps 508608/2000000, FPS 62.


 Scenario BOSCH Algo rmappo Exp benchmark_24_8_4 updates 1770/6944 episodes, total num timesteps 510048/2000000, FPS 62.


 Scenario BOSCH Algo rmappo Exp benchmark_24_8_4 updates 1775/6944 episodes, total num timesteps 511488/2000000, FPS 62.


 Scenario BOSCH Algo rmappo Exp benchmark_24_8_4 updates 1780/6944 episodes, total num timesteps 512928/2000000, FPS 62.


 Scenario BOSCH Algo rmappo Exp benchmark_24_8_4 updates 1785/6944 episodes, total num timesteps 514368/2000000, FPS 62.


 Scenario BOSCH Algo rmappo Exp benchmark_24_8_4 updates 1790/6944 episodes, total num timesteps 515808/2000000, FPS 62.


 Scenario BOSCH Algo rmappo Exp benchmark_24_8_4 updates 1795/6944 episodes, total num timesteps 517248/2000000, FPS 62.


 Scenario BOSCH Algo rmappo Exp benchmark_24_8_4 updates 1800/6944 episodes, total num timesteps 518688/2000000, FPS 62.


[EVAL] BOSCH MARL Inference Solving Time for 36 periods: 1.1763 seconds
eval average episode rewards of agent0: -395.4903
eval average episode rewards of agent1: -394.69708
eval average episode rewards of agent2: -394.6263
eval average episode rewards of agent3: -394.68045
eval average episode rewards of agent4: -394.7465
eval average episode rewards of agent5: -394.70273
eval average episode rewards of agent6: -394.95135
eval average episode rewards of agent7: -394.63757
eval average episode rewards of agent8: -395.04858
eval average episode costs: Backlog: 104721.04, Inventory: 0.00, Maintenance: 500.37, Production: 970.39, Setup: 695.53, TOTAL: 106887.33

 Scenario BOSCH Algo rmappo Exp benchmark_24_8_4 updates 1805/6944 episodes, total num timesteps 520128/2000000, FPS 62.


 Scenario BOSCH Algo rmappo Exp benchmark_24_8_4 updates 1810/6944 episodes, total num timesteps 521568/2000000, FPS 62.


 Scenario BOSCH Algo rmappo Exp benchmark_24_8_4 updates 1815/6944 episodes, total num timesteps 523008/2000000, FPS 62.


 Scenario BOSCH Algo rmappo Exp benchmark_24_8_4 updates 1820/6944 episodes, total num timesteps 524448/2000000, FPS 62.


 Scenario BOSCH Algo rmappo Exp benchmark_24_8_4 updates 1825/6944 episodes, total num timesteps 525888/2000000, FPS 62.


 Scenario BOSCH Algo rmappo Exp benchmark_24_8_4 updates 1830/6944 episodes, total num timesteps 527328/2000000, FPS 62.


 Scenario BOSCH Algo rmappo Exp benchmark_24_8_4 updates 1835/6944 episodes, total num timesteps 528768/2000000, FPS 62.


 Scenario BOSCH Algo rmappo Exp benchmark_24_8_4 updates 1840/6944 episodes, total num timesteps 530208/2000000, FPS 62.


 Scenario BOSCH Algo rmappo Exp benchmark_24_8_4 updates 1845/6944 episodes, total num timesteps 531648/2000000, FPS 62.


 Scenario BOSCH Algo rmappo Exp benchmark_24_8_4 updates 1850/6944 episodes, total num timesteps 533088/2000000, FPS 62.


[EVAL] BOSCH MARL Inference Solving Time for 36 periods: 1.0895 seconds
eval average episode rewards of agent0: -400.16193
eval average episode rewards of agent1: -399.39096
eval average episode rewards of agent2: -399.27353
eval average episode rewards of agent3: -399.32135
eval average episode rewards of agent4: -399.41232
eval average episode rewards of agent5: -399.32617
eval average episode rewards of agent6: -399.43207
eval average episode rewards of agent7: -399.26367
eval average episode rewards of agent8: -399.6972
eval average episode costs: Backlog: 105908.66, Inventory: 0.00, Maintenance: 615.98, Production: 777.57, Setup: 707.16, TOTAL: 108009.36

 Scenario BOSCH Algo rmappo Exp benchmark_24_8_4 updates 1855/6944 episodes, total num timesteps 534528/2000000, FPS 62.


 Scenario BOSCH Algo rmappo Exp benchmark_24_8_4 updates 1860/6944 episodes, total num timesteps 535968/2000000, FPS 62.


 Scenario BOSCH Algo rmappo Exp benchmark_24_8_4 updates 1865/6944 episodes, total num timesteps 537408/2000000, FPS 62.


 Scenario BOSCH Algo rmappo Exp benchmark_24_8_4 updates 1870/6944 episodes, total num timesteps 538848/2000000, FPS 62.


 Scenario BOSCH Algo rmappo Exp benchmark_24_8_4 updates 1875/6944 episodes, total num timesteps 540288/2000000, FPS 62.


 Scenario BOSCH Algo rmappo Exp benchmark_24_8_4 updates 1880/6944 episodes, total num timesteps 541728/2000000, FPS 62.


 Scenario BOSCH Algo rmappo Exp benchmark_24_8_4 updates 1885/6944 episodes, total num timesteps 543168/2000000, FPS 62.


 Scenario BOSCH Algo rmappo Exp benchmark_24_8_4 updates 1890/6944 episodes, total num timesteps 544608/2000000, FPS 62.


 Scenario BOSCH Algo rmappo Exp benchmark_24_8_4 updates 1895/6944 episodes, total num timesteps 546048/2000000, FPS 62.


 Scenario BOSCH Algo rmappo Exp benchmark_24_8_4 updates 1900/6944 episodes, total num timesteps 547488/2000000, FPS 62.


[EVAL] BOSCH MARL Inference Solving Time for 36 periods: 1.0799 seconds
eval average episode rewards of agent0: -391.39096
eval average episode rewards of agent1: -389.94138
eval average episode rewards of agent2: -389.9384
eval average episode rewards of agent3: -389.95258
eval average episode rewards of agent4: -389.93927
eval average episode rewards of agent5: -389.91904
eval average episode rewards of agent6: -389.9129
eval average episode rewards of agent7: -389.9053
eval average episode rewards of agent8: -389.98758
eval average episode costs: Backlog: 103455.20, Inventory: 0.00, Maintenance: 67.33, Production: 1195.05, Setup: 1177.25, TOTAL: 105894.84

 Scenario BOSCH Algo rmappo Exp benchmark_24_8_4 updates 1905/6944 episodes, total num timesteps 548928/2000000, FPS 62.


 Scenario BOSCH Algo rmappo Exp benchmark_24_8_4 updates 1910/6944 episodes, total num timesteps 550368/2000000, FPS 62.


 Scenario BOSCH Algo rmappo Exp benchmark_24_8_4 updates 1915/6944 episodes, total num timesteps 551808/2000000, FPS 62.


 Scenario BOSCH Algo rmappo Exp benchmark_24_8_4 updates 1920/6944 episodes, total num timesteps 553248/2000000, FPS 62.


 Scenario BOSCH Algo rmappo Exp benchmark_24_8_4 updates 1925/6944 episodes, total num timesteps 554688/2000000, FPS 62.


 Scenario BOSCH Algo rmappo Exp benchmark_24_8_4 updates 1930/6944 episodes, total num timesteps 556128/2000000, FPS 62.


 Scenario BOSCH Algo rmappo Exp benchmark_24_8_4 updates 1935/6944 episodes, total num timesteps 557568/2000000, FPS 62.


 Scenario BOSCH Algo rmappo Exp benchmark_24_8_4 updates 1940/6944 episodes, total num timesteps 559008/2000000, FPS 62.


 Scenario BOSCH Algo rmappo Exp benchmark_24_8_4 updates 1945/6944 episodes, total num timesteps 560448/2000000, FPS 62.


 Scenario BOSCH Algo rmappo Exp benchmark_24_8_4 updates 1950/6944 episodes, total num timesteps 561888/2000000, FPS 62.


[EVAL] BOSCH MARL Inference Solving Time for 36 periods: 1.1159 seconds
eval average episode rewards of agent0: -393.15494
eval average episode rewards of agent1: -392.3374
eval average episode rewards of agent2: -392.37872
eval average episode rewards of agent3: -392.38202
eval average episode rewards of agent4: -392.31012
eval average episode rewards of agent5: -392.4088
eval average episode rewards of agent6: -392.38522
eval average episode rewards of agent7: -392.3775
eval average episode rewards of agent8: -392.33792
eval average episode costs: Backlog: 104092.98, Inventory: 0.00, Maintenance: 609.91, Production: 810.48, Setup: 561.05, TOTAL: 106074.42

 Scenario BOSCH Algo rmappo Exp benchmark_24_8_4 updates 1955/6944 episodes, total num timesteps 563328/2000000, FPS 62.


 Scenario BOSCH Algo rmappo Exp benchmark_24_8_4 updates 1960/6944 episodes, total num timesteps 564768/2000000, FPS 62.


 Scenario BOSCH Algo rmappo Exp benchmark_24_8_4 updates 1965/6944 episodes, total num timesteps 566208/2000000, FPS 62.


 Scenario BOSCH Algo rmappo Exp benchmark_24_8_4 updates 1970/6944 episodes, total num timesteps 567648/2000000, FPS 62.


 Scenario BOSCH Algo rmappo Exp benchmark_24_8_4 updates 1975/6944 episodes, total num timesteps 569088/2000000, FPS 62.


 Scenario BOSCH Algo rmappo Exp benchmark_24_8_4 updates 1980/6944 episodes, total num timesteps 570528/2000000, FPS 62.


 Scenario BOSCH Algo rmappo Exp benchmark_24_8_4 updates 1985/6944 episodes, total num timesteps 571968/2000000, FPS 62.


 Scenario BOSCH Algo rmappo Exp benchmark_24_8_4 updates 1990/6944 episodes, total num timesteps 573408/2000000, FPS 63.


 Scenario BOSCH Algo rmappo Exp benchmark_24_8_4 updates 1995/6944 episodes, total num timesteps 574848/2000000, FPS 63.


 Scenario BOSCH Algo rmappo Exp benchmark_24_8_4 updates 2000/6944 episodes, total num timesteps 576288/2000000, FPS 63.


[EVAL] BOSCH MARL Inference Solving Time for 36 periods: 1.0441 seconds
eval average episode rewards of agent0: -375.11737
eval average episode rewards of agent1: -373.39423
eval average episode rewards of agent2: -373.44553
eval average episode rewards of agent3: -373.3579
eval average episode rewards of agent4: -373.38434
eval average episode rewards of agent5: -373.367
eval average episode rewards of agent6: -373.3718
eval average episode rewards of agent7: -373.37866
eval average episode rewards of agent8: -373.45312
eval average episode costs: Backlog: 99047.08, Inventory: 0.00, Maintenance: 159.83, Production: 1560.40, Setup: 1262.91, TOTAL: 102030.21

 Scenario BOSCH Algo rmappo Exp benchmark_24_8_4 updates 2005/6944 episodes, total num timesteps 577728/2000000, FPS 63.


 Scenario BOSCH Algo rmappo Exp benchmark_24_8_4 updates 2010/6944 episodes, total num timesteps 579168/2000000, FPS 63.


 Scenario BOSCH Algo rmappo Exp benchmark_24_8_4 updates 2015/6944 episodes, total num timesteps 580608/2000000, FPS 63.


 Scenario BOSCH Algo rmappo Exp benchmark_24_8_4 updates 2020/6944 episodes, total num timesteps 582048/2000000, FPS 63.


 Scenario BOSCH Algo rmappo Exp benchmark_24_8_4 updates 2025/6944 episodes, total num timesteps 583488/2000000, FPS 63.


 Scenario BOSCH Algo rmappo Exp benchmark_24_8_4 updates 2030/6944 episodes, total num timesteps 584928/2000000, FPS 63.


 Scenario BOSCH Algo rmappo Exp benchmark_24_8_4 updates 2035/6944 episodes, total num timesteps 586368/2000000, FPS 63.


 Scenario BOSCH Algo rmappo Exp benchmark_24_8_4 updates 2040/6944 episodes, total num timesteps 587808/2000000, FPS 63.


 Scenario BOSCH Algo rmappo Exp benchmark_24_8_4 updates 2045/6944 episodes, total num timesteps 589248/2000000, FPS 63.


 Scenario BOSCH Algo rmappo Exp benchmark_24_8_4 updates 2050/6944 episodes, total num timesteps 590688/2000000, FPS 63.


[EVAL] BOSCH MARL Inference Solving Time for 36 periods: 1.0798 seconds
eval average episode rewards of agent0: -378.7818
eval average episode rewards of agent1: -377.3006
eval average episode rewards of agent2: -377.29517
eval average episode rewards of agent3: -377.28915
eval average episode rewards of agent4: -377.27515
eval average episode rewards of agent5: -377.3415
eval average episode rewards of agent6: -377.3228
eval average episode rewards of agent7: -377.24982
eval average episode rewards of agent8: -377.46512
eval average episode costs: Backlog: 100046.96, Inventory: 0.00, Maintenance: 329.26, Production: 1444.93, Setup: 1216.96, TOTAL: 103038.11

 Scenario BOSCH Algo rmappo Exp benchmark_24_8_4 updates 2055/6944 episodes, total num timesteps 592128/2000000, FPS 63.


 Scenario BOSCH Algo rmappo Exp benchmark_24_8_4 updates 2060/6944 episodes, total num timesteps 593568/2000000, FPS 63.


 Scenario BOSCH Algo rmappo Exp benchmark_24_8_4 updates 2065/6944 episodes, total num timesteps 595008/2000000, FPS 63.


 Scenario BOSCH Algo rmappo Exp benchmark_24_8_4 updates 2070/6944 episodes, total num timesteps 596448/2000000, FPS 63.


 Scenario BOSCH Algo rmappo Exp benchmark_24_8_4 updates 2075/6944 episodes, total num timesteps 597888/2000000, FPS 63.


 Scenario BOSCH Algo rmappo Exp benchmark_24_8_4 updates 2080/6944 episodes, total num timesteps 599328/2000000, FPS 63.


 Scenario BOSCH Algo rmappo Exp benchmark_24_8_4 updates 2085/6944 episodes, total num timesteps 600768/2000000, FPS 63.


 Scenario BOSCH Algo rmappo Exp benchmark_24_8_4 updates 2090/6944 episodes, total num timesteps 602208/2000000, FPS 63.


 Scenario BOSCH Algo rmappo Exp benchmark_24_8_4 updates 2095/6944 episodes, total num timesteps 603648/2000000, FPS 63.


 Scenario BOSCH Algo rmappo Exp benchmark_24_8_4 updates 2100/6944 episodes, total num timesteps 605088/2000000, FPS 63.


[EVAL] BOSCH MARL Inference Solving Time for 36 periods: 1.0363 seconds
eval average episode rewards of agent0: -363.21933
eval average episode rewards of agent1: -361.27148
eval average episode rewards of agent2: -361.24933
eval average episode rewards of agent3: -361.2622
eval average episode rewards of agent4: -361.20816
eval average episode rewards of agent5: -361.29474
eval average episode rewards of agent6: -361.21185
eval average episode rewards of agent7: -361.21732
eval average episode rewards of agent8: -361.31427
eval average episode costs: Backlog: 95807.74, Inventory: 0.00, Maintenance: 100.40, Production: 1912.32, Setup: 1500.55, TOTAL: 99321.02

 Scenario BOSCH Algo rmappo Exp benchmark_24_8_4 updates 2105/6944 episodes, total num timesteps 606528/2000000, FPS 63.


 Scenario BOSCH Algo rmappo Exp benchmark_24_8_4 updates 2110/6944 episodes, total num timesteps 607968/2000000, FPS 63.


 Scenario BOSCH Algo rmappo Exp benchmark_24_8_4 updates 2115/6944 episodes, total num timesteps 609408/2000000, FPS 63.


 Scenario BOSCH Algo rmappo Exp benchmark_24_8_4 updates 2120/6944 episodes, total num timesteps 610848/2000000, FPS 63.


 Scenario BOSCH Algo rmappo Exp benchmark_24_8_4 updates 2125/6944 episodes, total num timesteps 612288/2000000, FPS 63.


 Scenario BOSCH Algo rmappo Exp benchmark_24_8_4 updates 2130/6944 episodes, total num timesteps 613728/2000000, FPS 63.


 Scenario BOSCH Algo rmappo Exp benchmark_24_8_4 updates 2135/6944 episodes, total num timesteps 615168/2000000, FPS 63.


 Scenario BOSCH Algo rmappo Exp benchmark_24_8_4 updates 2140/6944 episodes, total num timesteps 616608/2000000, FPS 63.


 Scenario BOSCH Algo rmappo Exp benchmark_24_8_4 updates 2145/6944 episodes, total num timesteps 618048/2000000, FPS 63.


 Scenario BOSCH Algo rmappo Exp benchmark_24_8_4 updates 2150/6944 episodes, total num timesteps 619488/2000000, FPS 63.


[EVAL] BOSCH MARL Inference Solving Time for 36 periods: 1.0983 seconds
eval average episode rewards of agent0: -363.25046
eval average episode rewards of agent1: -361.38065
eval average episode rewards of agent2: -361.32242
eval average episode rewards of agent3: -361.33368
eval average episode rewards of agent4: -361.3305
eval average episode rewards of agent5: -361.32043
eval average episode rewards of agent6: -361.28232
eval average episode rewards of agent7: -361.33203
eval average episode rewards of agent8: -361.3978
eval average episode costs: Backlog: 95857.96, Inventory: 0.00, Maintenance: 168.59, Production: 1946.08, Setup: 1345.08, TOTAL: 99317.71

 Scenario BOSCH Algo rmappo Exp benchmark_24_8_4 updates 2155/6944 episodes, total num timesteps 620928/2000000, FPS 63.


 Scenario BOSCH Algo rmappo Exp benchmark_24_8_4 updates 2160/6944 episodes, total num timesteps 622368/2000000, FPS 63.


 Scenario BOSCH Algo rmappo Exp benchmark_24_8_4 updates 2165/6944 episodes, total num timesteps 623808/2000000, FPS 63.


 Scenario BOSCH Algo rmappo Exp benchmark_24_8_4 updates 2170/6944 episodes, total num timesteps 625248/2000000, FPS 63.


 Scenario BOSCH Algo rmappo Exp benchmark_24_8_4 updates 2175/6944 episodes, total num timesteps 626688/2000000, FPS 63.


 Scenario BOSCH Algo rmappo Exp benchmark_24_8_4 updates 2180/6944 episodes, total num timesteps 628128/2000000, FPS 63.


 Scenario BOSCH Algo rmappo Exp benchmark_24_8_4 updates 2185/6944 episodes, total num timesteps 629568/2000000, FPS 63.


 Scenario BOSCH Algo rmappo Exp benchmark_24_8_4 updates 2190/6944 episodes, total num timesteps 631008/2000000, FPS 63.


 Scenario BOSCH Algo rmappo Exp benchmark_24_8_4 updates 2195/6944 episodes, total num timesteps 632448/2000000, FPS 63.


 Scenario BOSCH Algo rmappo Exp benchmark_24_8_4 updates 2200/6944 episodes, total num timesteps 633888/2000000, FPS 63.


[EVAL] BOSCH MARL Inference Solving Time for 36 periods: 1.0554 seconds
eval average episode rewards of agent0: -371.33646
eval average episode rewards of agent1: -369.41357
eval average episode rewards of agent2: -369.38153
eval average episode rewards of agent3: -369.42108
eval average episode rewards of agent4: -369.4208
eval average episode rewards of agent5: -369.42328
eval average episode rewards of agent6: -369.33734
eval average episode rewards of agent7: -369.37582
eval average episode rewards of agent8: -369.42804
eval average episode costs: Backlog: 97923.11, Inventory: 0.00, Maintenance: 194.47, Production: 1824.06, Setup: 1518.01, TOTAL: 101459.64

 Scenario BOSCH Algo rmappo Exp benchmark_24_8_4 updates 2205/6944 episodes, total num timesteps 635328/2000000, FPS 63.


 Scenario BOSCH Algo rmappo Exp benchmark_24_8_4 updates 2210/6944 episodes, total num timesteps 636768/2000000, FPS 63.


 Scenario BOSCH Algo rmappo Exp benchmark_24_8_4 updates 2215/6944 episodes, total num timesteps 638208/2000000, FPS 63.


 Scenario BOSCH Algo rmappo Exp benchmark_24_8_4 updates 2220/6944 episodes, total num timesteps 639648/2000000, FPS 63.


 Scenario BOSCH Algo rmappo Exp benchmark_24_8_4 updates 2225/6944 episodes, total num timesteps 641088/2000000, FPS 63.


 Scenario BOSCH Algo rmappo Exp benchmark_24_8_4 updates 2230/6944 episodes, total num timesteps 642528/2000000, FPS 63.


 Scenario BOSCH Algo rmappo Exp benchmark_24_8_4 updates 2235/6944 episodes, total num timesteps 643968/2000000, FPS 63.


 Scenario BOSCH Algo rmappo Exp benchmark_24_8_4 updates 2240/6944 episodes, total num timesteps 645408/2000000, FPS 63.


 Scenario BOSCH Algo rmappo Exp benchmark_24_8_4 updates 2245/6944 episodes, total num timesteps 646848/2000000, FPS 63.


 Scenario BOSCH Algo rmappo Exp benchmark_24_8_4 updates 2250/6944 episodes, total num timesteps 648288/2000000, FPS 63.


[EVAL] BOSCH MARL Inference Solving Time for 36 periods: 1.0695 seconds
eval average episode rewards of agent0: -366.0758
eval average episode rewards of agent1: -363.73978
eval average episode rewards of agent2: -363.69693
eval average episode rewards of agent3: -363.7488
eval average episode rewards of agent4: -363.75397
eval average episode rewards of agent5: -363.7413
eval average episode rewards of agent6: -363.70718
eval average episode rewards of agent7: -363.69827
eval average episode rewards of agent8: -363.7613
eval average episode costs: Backlog: 96434.40, Inventory: 0.00, Maintenance: 18.58, Production: 1909.15, Setup: 1720.01, TOTAL: 100082.14

 Scenario BOSCH Algo rmappo Exp benchmark_24_8_4 updates 2255/6944 episodes, total num timesteps 649728/2000000, FPS 63.


 Scenario BOSCH Algo rmappo Exp benchmark_24_8_4 updates 2260/6944 episodes, total num timesteps 651168/2000000, FPS 63.


 Scenario BOSCH Algo rmappo Exp benchmark_24_8_4 updates 2265/6944 episodes, total num timesteps 652608/2000000, FPS 63.


 Scenario BOSCH Algo rmappo Exp benchmark_24_8_4 updates 2270/6944 episodes, total num timesteps 654048/2000000, FPS 63.


 Scenario BOSCH Algo rmappo Exp benchmark_24_8_4 updates 2275/6944 episodes, total num timesteps 655488/2000000, FPS 63.


 Scenario BOSCH Algo rmappo Exp benchmark_24_8_4 updates 2280/6944 episodes, total num timesteps 656928/2000000, FPS 63.


 Scenario BOSCH Algo rmappo Exp benchmark_24_8_4 updates 2285/6944 episodes, total num timesteps 658368/2000000, FPS 63.


 Scenario BOSCH Algo rmappo Exp benchmark_24_8_4 updates 2290/6944 episodes, total num timesteps 659808/2000000, FPS 63.


 Scenario BOSCH Algo rmappo Exp benchmark_24_8_4 updates 2295/6944 episodes, total num timesteps 661248/2000000, FPS 63.


 Scenario BOSCH Algo rmappo Exp benchmark_24_8_4 updates 2300/6944 episodes, total num timesteps 662688/2000000, FPS 63.


[EVAL] BOSCH MARL Inference Solving Time for 36 periods: 1.0577 seconds
eval average episode rewards of agent0: -368.56128
eval average episode rewards of agent1: -366.4954
eval average episode rewards of agent2: -366.43237
eval average episode rewards of agent3: -366.475
eval average episode rewards of agent4: -366.51913
eval average episode rewards of agent5: -366.4908
eval average episode rewards of agent6: -366.45282
eval average episode rewards of agent7: -366.46613
eval average episode rewards of agent8: -366.53104
eval average episode costs: Backlog: 97206.09, Inventory: 0.00, Maintenance: 14.56, Production: 1857.30, Setup: 1511.73, TOTAL: 100589.67

 Scenario BOSCH Algo rmappo Exp benchmark_24_8_4 updates 2305/6944 episodes, total num timesteps 664128/2000000, FPS 63.


 Scenario BOSCH Algo rmappo Exp benchmark_24_8_4 updates 2310/6944 episodes, total num timesteps 665568/2000000, FPS 63.


 Scenario BOSCH Algo rmappo Exp benchmark_24_8_4 updates 2315/6944 episodes, total num timesteps 667008/2000000, FPS 63.


 Scenario BOSCH Algo rmappo Exp benchmark_24_8_4 updates 2320/6944 episodes, total num timesteps 668448/2000000, FPS 63.


 Scenario BOSCH Algo rmappo Exp benchmark_24_8_4 updates 2325/6944 episodes, total num timesteps 669888/2000000, FPS 63.


 Scenario BOSCH Algo rmappo Exp benchmark_24_8_4 updates 2330/6944 episodes, total num timesteps 671328/2000000, FPS 63.


 Scenario BOSCH Algo rmappo Exp benchmark_24_8_4 updates 2335/6944 episodes, total num timesteps 672768/2000000, FPS 63.


 Scenario BOSCH Algo rmappo Exp benchmark_24_8_4 updates 2340/6944 episodes, total num timesteps 674208/2000000, FPS 63.


 Scenario BOSCH Algo rmappo Exp benchmark_24_8_4 updates 2345/6944 episodes, total num timesteps 675648/2000000, FPS 63.


 Scenario BOSCH Algo rmappo Exp benchmark_24_8_4 updates 2350/6944 episodes, total num timesteps 677088/2000000, FPS 63.


[EVAL] BOSCH MARL Inference Solving Time for 36 periods: 1.0628 seconds
eval average episode rewards of agent0: -397.19083
eval average episode rewards of agent1: -396.53012
eval average episode rewards of agent2: -396.51532
eval average episode rewards of agent3: -396.5451
eval average episode rewards of agent4: -396.53314
eval average episode rewards of agent5: -396.57086
eval average episode rewards of agent6: -396.51694
eval average episode rewards of agent7: -396.49973
eval average episode rewards of agent8: -396.60077
eval average episode costs: Backlog: 104920.23, Inventory: 0.00, Maintenance: 1257.93, Production: 986.95, Setup: 798.05, TOTAL: 107963.16

 Scenario BOSCH Algo rmappo Exp benchmark_24_8_4 updates 2355/6944 episodes, total num timesteps 678528/2000000, FPS 63.


 Scenario BOSCH Algo rmappo Exp benchmark_24_8_4 updates 2360/6944 episodes, total num timesteps 679968/2000000, FPS 64.


 Scenario BOSCH Algo rmappo Exp benchmark_24_8_4 updates 2365/6944 episodes, total num timesteps 681408/2000000, FPS 64.


 Scenario BOSCH Algo rmappo Exp benchmark_24_8_4 updates 2370/6944 episodes, total num timesteps 682848/2000000, FPS 64.


 Scenario BOSCH Algo rmappo Exp benchmark_24_8_4 updates 2375/6944 episodes, total num timesteps 684288/2000000, FPS 64.


 Scenario BOSCH Algo rmappo Exp benchmark_24_8_4 updates 2380/6944 episodes, total num timesteps 685728/2000000, FPS 64.


 Scenario BOSCH Algo rmappo Exp benchmark_24_8_4 updates 2385/6944 episodes, total num timesteps 687168/2000000, FPS 64.


 Scenario BOSCH Algo rmappo Exp benchmark_24_8_4 updates 2390/6944 episodes, total num timesteps 688608/2000000, FPS 64.


 Scenario BOSCH Algo rmappo Exp benchmark_24_8_4 updates 2395/6944 episodes, total num timesteps 690048/2000000, FPS 64.


 Scenario BOSCH Algo rmappo Exp benchmark_24_8_4 updates 2400/6944 episodes, total num timesteps 691488/2000000, FPS 64.


[EVAL] BOSCH MARL Inference Solving Time for 36 periods: 0.9972 seconds
eval average episode rewards of agent0: -391.27875
eval average episode rewards of agent1: -390.423
eval average episode rewards of agent2: -390.3427
eval average episode rewards of agent3: -390.41333
eval average episode rewards of agent4: -390.399
eval average episode rewards of agent5: -390.63446
eval average episode rewards of agent6: -390.3597
eval average episode rewards of agent7: -390.35226
eval average episode rewards of agent8: -390.5147
eval average episode costs: Backlog: 103545.77, Inventory: 0.00, Maintenance: 538.00, Production: 1154.72, Setup: 790.54, TOTAL: 106029.02

 Scenario BOSCH Algo rmappo Exp benchmark_24_8_4 updates 2405/6944 episodes, total num timesteps 692928/2000000, FPS 64.


 Scenario BOSCH Algo rmappo Exp benchmark_24_8_4 updates 2410/6944 episodes, total num timesteps 694368/2000000, FPS 64.


 Scenario BOSCH Algo rmappo Exp benchmark_24_8_4 updates 2415/6944 episodes, total num timesteps 695808/2000000, FPS 64.


 Scenario BOSCH Algo rmappo Exp benchmark_24_8_4 updates 2420/6944 episodes, total num timesteps 697248/2000000, FPS 64.


 Scenario BOSCH Algo rmappo Exp benchmark_24_8_4 updates 2425/6944 episodes, total num timesteps 698688/2000000, FPS 64.


 Scenario BOSCH Algo rmappo Exp benchmark_24_8_4 updates 2430/6944 episodes, total num timesteps 700128/2000000, FPS 64.


 Scenario BOSCH Algo rmappo Exp benchmark_24_8_4 updates 2435/6944 episodes, total num timesteps 701568/2000000, FPS 64.


 Scenario BOSCH Algo rmappo Exp benchmark_24_8_4 updates 2440/6944 episodes, total num timesteps 703008/2000000, FPS 64.


 Scenario BOSCH Algo rmappo Exp benchmark_24_8_4 updates 2445/6944 episodes, total num timesteps 704448/2000000, FPS 64.


 Scenario BOSCH Algo rmappo Exp benchmark_24_8_4 updates 2450/6944 episodes, total num timesteps 705888/2000000, FPS 64.


[EVAL] BOSCH MARL Inference Solving Time for 36 periods: 1.0232 seconds
eval average episode rewards of agent0: -358.2931
eval average episode rewards of agent1: -355.94998
eval average episode rewards of agent2: -355.9494
eval average episode rewards of agent3: -355.95712
eval average episode rewards of agent4: -355.97345
eval average episode rewards of agent5: -355.9527
eval average episode rewards of agent6: -355.89764
eval average episode rewards of agent7: -355.9283
eval average episode rewards of agent8: -356.0494
eval average episode costs: Backlog: 94380.91, Inventory: 0.00, Maintenance: 67.52, Production: 2160.63, Setup: 1684.03, TOTAL: 98293.08

 Scenario BOSCH Algo rmappo Exp benchmark_24_8_4 updates 2455/6944 episodes, total num timesteps 707328/2000000, FPS 64.


 Scenario BOSCH Algo rmappo Exp benchmark_24_8_4 updates 2460/6944 episodes, total num timesteps 708768/2000000, FPS 64.


 Scenario BOSCH Algo rmappo Exp benchmark_24_8_4 updates 2465/6944 episodes, total num timesteps 710208/2000000, FPS 64.


 Scenario BOSCH Algo rmappo Exp benchmark_24_8_4 updates 2470/6944 episodes, total num timesteps 711648/2000000, FPS 64.


 Scenario BOSCH Algo rmappo Exp benchmark_24_8_4 updates 2475/6944 episodes, total num timesteps 713088/2000000, FPS 64.


 Scenario BOSCH Algo rmappo Exp benchmark_24_8_4 updates 2480/6944 episodes, total num timesteps 714528/2000000, FPS 64.


 Scenario BOSCH Algo rmappo Exp benchmark_24_8_4 updates 2485/6944 episodes, total num timesteps 715968/2000000, FPS 64.


 Scenario BOSCH Algo rmappo Exp benchmark_24_8_4 updates 2490/6944 episodes, total num timesteps 717408/2000000, FPS 64.


 Scenario BOSCH Algo rmappo Exp benchmark_24_8_4 updates 2495/6944 episodes, total num timesteps 718848/2000000, FPS 64.


 Scenario BOSCH Algo rmappo Exp benchmark_24_8_4 updates 2500/6944 episodes, total num timesteps 720288/2000000, FPS 64.


[EVAL] BOSCH MARL Inference Solving Time for 36 periods: 1.0300 seconds
eval average episode rewards of agent0: -367.98474
eval average episode rewards of agent1: -365.51776
eval average episode rewards of agent2: -365.54593
eval average episode rewards of agent3: -365.57858
eval average episode rewards of agent4: -365.5937
eval average episode rewards of agent5: -365.56036
eval average episode rewards of agent6: -365.54565
eval average episode rewards of agent7: -365.47833
eval average episode rewards of agent8: -365.55597
eval average episode costs: Backlog: 96834.93, Inventory: 0.00, Maintenance: 22.71, Production: 1985.55, Setup: 1976.97, TOTAL: 100820.15

 Scenario BOSCH Algo rmappo Exp benchmark_24_8_4 updates 2505/6944 episodes, total num timesteps 721728/2000000, FPS 64.


 Scenario BOSCH Algo rmappo Exp benchmark_24_8_4 updates 2510/6944 episodes, total num timesteps 723168/2000000, FPS 64.


 Scenario BOSCH Algo rmappo Exp benchmark_24_8_4 updates 2515/6944 episodes, total num timesteps 724608/2000000, FPS 64.


 Scenario BOSCH Algo rmappo Exp benchmark_24_8_4 updates 2520/6944 episodes, total num timesteps 726048/2000000, FPS 64.


 Scenario BOSCH Algo rmappo Exp benchmark_24_8_4 updates 2525/6944 episodes, total num timesteps 727488/2000000, FPS 64.


 Scenario BOSCH Algo rmappo Exp benchmark_24_8_4 updates 2530/6944 episodes, total num timesteps 728928/2000000, FPS 64.


 Scenario BOSCH Algo rmappo Exp benchmark_24_8_4 updates 2535/6944 episodes, total num timesteps 730368/2000000, FPS 64.


 Scenario BOSCH Algo rmappo Exp benchmark_24_8_4 updates 2540/6944 episodes, total num timesteps 731808/2000000, FPS 64.


 Scenario BOSCH Algo rmappo Exp benchmark_24_8_4 updates 2545/6944 episodes, total num timesteps 733248/2000000, FPS 64.


 Scenario BOSCH Algo rmappo Exp benchmark_24_8_4 updates 2550/6944 episodes, total num timesteps 734688/2000000, FPS 64.


[EVAL] BOSCH MARL Inference Solving Time for 36 periods: 1.0538 seconds
eval average episode rewards of agent0: -398.6584
eval average episode rewards of agent1: -398.31445
eval average episode rewards of agent2: -398.29474
eval average episode rewards of agent3: -398.29626
eval average episode rewards of agent4: -398.31647
eval average episode rewards of agent5: -398.342
eval average episode rewards of agent6: -398.28497
eval average episode rewards of agent7: -398.26584
eval average episode rewards of agent8: -398.40692
eval average episode costs: Backlog: 105367.04, Inventory: 0.00, Maintenance: 1566.27, Production: 903.35, Setup: 533.35, TOTAL: 108370.02

 Scenario BOSCH Algo rmappo Exp benchmark_24_8_4 updates 2555/6944 episodes, total num timesteps 736128/2000000, FPS 64.


 Scenario BOSCH Algo rmappo Exp benchmark_24_8_4 updates 2560/6944 episodes, total num timesteps 737568/2000000, FPS 64.


 Scenario BOSCH Algo rmappo Exp benchmark_24_8_4 updates 2565/6944 episodes, total num timesteps 739008/2000000, FPS 64.


 Scenario BOSCH Algo rmappo Exp benchmark_24_8_4 updates 2570/6944 episodes, total num timesteps 740448/2000000, FPS 64.


 Scenario BOSCH Algo rmappo Exp benchmark_24_8_4 updates 2575/6944 episodes, total num timesteps 741888/2000000, FPS 64.


 Scenario BOSCH Algo rmappo Exp benchmark_24_8_4 updates 2580/6944 episodes, total num timesteps 743328/2000000, FPS 64.


 Scenario BOSCH Algo rmappo Exp benchmark_24_8_4 updates 2585/6944 episodes, total num timesteps 744768/2000000, FPS 64.


 Scenario BOSCH Algo rmappo Exp benchmark_24_8_4 updates 2590/6944 episodes, total num timesteps 746208/2000000, FPS 64.


 Scenario BOSCH Algo rmappo Exp benchmark_24_8_4 updates 2595/6944 episodes, total num timesteps 747648/2000000, FPS 64.


 Scenario BOSCH Algo rmappo Exp benchmark_24_8_4 updates 2600/6944 episodes, total num timesteps 749088/2000000, FPS 64.


[EVAL] BOSCH MARL Inference Solving Time for 36 periods: 1.0984 seconds
eval average episode rewards of agent0: -358.81607
eval average episode rewards of agent1: -356.80112
eval average episode rewards of agent2: -356.85382
eval average episode rewards of agent3: -356.72556
eval average episode rewards of agent4: -356.8401
eval average episode rewards of agent5: -356.7916
eval average episode rewards of agent6: -356.80722
eval average episode rewards of agent7: -356.78833
eval average episode rewards of agent8: -356.81958
eval average episode costs: Backlog: 94624.94, Inventory: 0.00, Maintenance: 223.53, Production: 2032.89, Setup: 1433.35, TOTAL: 98314.73

 Scenario BOSCH Algo rmappo Exp benchmark_24_8_4 updates 2605/6944 episodes, total num timesteps 750528/2000000, FPS 64.


 Scenario BOSCH Algo rmappo Exp benchmark_24_8_4 updates 2610/6944 episodes, total num timesteps 751968/2000000, FPS 64.


 Scenario BOSCH Algo rmappo Exp benchmark_24_8_4 updates 2615/6944 episodes, total num timesteps 753408/2000000, FPS 64.


 Scenario BOSCH Algo rmappo Exp benchmark_24_8_4 updates 2620/6944 episodes, total num timesteps 754848/2000000, FPS 64.


 Scenario BOSCH Algo rmappo Exp benchmark_24_8_4 updates 2625/6944 episodes, total num timesteps 756288/2000000, FPS 64.


 Scenario BOSCH Algo rmappo Exp benchmark_24_8_4 updates 2630/6944 episodes, total num timesteps 757728/2000000, FPS 64.


 Scenario BOSCH Algo rmappo Exp benchmark_24_8_4 updates 2635/6944 episodes, total num timesteps 759168/2000000, FPS 64.


 Scenario BOSCH Algo rmappo Exp benchmark_24_8_4 updates 2640/6944 episodes, total num timesteps 760608/2000000, FPS 64.


 Scenario BOSCH Algo rmappo Exp benchmark_24_8_4 updates 2645/6944 episodes, total num timesteps 762048/2000000, FPS 64.


 Scenario BOSCH Algo rmappo Exp benchmark_24_8_4 updates 2650/6944 episodes, total num timesteps 763488/2000000, FPS 64.


[EVAL] BOSCH MARL Inference Solving Time for 36 periods: 1.0363 seconds
eval average episode rewards of agent0: -392.81207
eval average episode rewards of agent1: -391.719
eval average episode rewards of agent2: -391.67944
eval average episode rewards of agent3: -391.72424
eval average episode rewards of agent4: -391.77182
eval average episode rewards of agent5: -391.6845
eval average episode rewards of agent6: -391.78806
eval average episode rewards of agent7: -391.72946
eval average episode rewards of agent8: -391.82117
eval average episode costs: Backlog: 103665.20, Inventory: 0.00, Maintenance: 936.00, Production: 1234.40, Setup: 1123.02, TOTAL: 106958.61

 Scenario BOSCH Algo rmappo Exp benchmark_24_8_4 updates 2655/6944 episodes, total num timesteps 764928/2000000, FPS 64.


 Scenario BOSCH Algo rmappo Exp benchmark_24_8_4 updates 2660/6944 episodes, total num timesteps 766368/2000000, FPS 64.


 Scenario BOSCH Algo rmappo Exp benchmark_24_8_4 updates 2665/6944 episodes, total num timesteps 767808/2000000, FPS 64.


 Scenario BOSCH Algo rmappo Exp benchmark_24_8_4 updates 2670/6944 episodes, total num timesteps 769248/2000000, FPS 64.


 Scenario BOSCH Algo rmappo Exp benchmark_24_8_4 updates 2675/6944 episodes, total num timesteps 770688/2000000, FPS 64.


 Scenario BOSCH Algo rmappo Exp benchmark_24_8_4 updates 2680/6944 episodes, total num timesteps 772128/2000000, FPS 64.


 Scenario BOSCH Algo rmappo Exp benchmark_24_8_4 updates 2685/6944 episodes, total num timesteps 773568/2000000, FPS 64.


 Scenario BOSCH Algo rmappo Exp benchmark_24_8_4 updates 2690/6944 episodes, total num timesteps 775008/2000000, FPS 64.


 Scenario BOSCH Algo rmappo Exp benchmark_24_8_4 updates 2695/6944 episodes, total num timesteps 776448/2000000, FPS 64.


 Scenario BOSCH Algo rmappo Exp benchmark_24_8_4 updates 2700/6944 episodes, total num timesteps 777888/2000000, FPS 64.


[EVAL] BOSCH MARL Inference Solving Time for 36 periods: 1.0162 seconds
eval average episode rewards of agent0: -406.17606
eval average episode rewards of agent1: -405.57764
eval average episode rewards of agent2: -405.5587
eval average episode rewards of agent3: -405.67938
eval average episode rewards of agent4: -405.57764
eval average episode rewards of agent5: -405.57483
eval average episode rewards of agent6: -405.5983
eval average episode rewards of agent7: -405.69223
eval average episode rewards of agent8: -405.7058
eval average episode costs: Backlog: 107240.86, Inventory: 0.00, Maintenance: 1458.96, Production: 866.72, Setup: 806.70, TOTAL: 110373.23

 Scenario BOSCH Algo rmappo Exp benchmark_24_8_4 updates 2705/6944 episodes, total num timesteps 779328/2000000, FPS 64.


 Scenario BOSCH Algo rmappo Exp benchmark_24_8_4 updates 2710/6944 episodes, total num timesteps 780768/2000000, FPS 64.


 Scenario BOSCH Algo rmappo Exp benchmark_24_8_4 updates 2715/6944 episodes, total num timesteps 782208/2000000, FPS 64.


 Scenario BOSCH Algo rmappo Exp benchmark_24_8_4 updates 2720/6944 episodes, total num timesteps 783648/2000000, FPS 64.


 Scenario BOSCH Algo rmappo Exp benchmark_24_8_4 updates 2725/6944 episodes, total num timesteps 785088/2000000, FPS 64.


 Scenario BOSCH Algo rmappo Exp benchmark_24_8_4 updates 2730/6944 episodes, total num timesteps 786528/2000000, FPS 64.


 Scenario BOSCH Algo rmappo Exp benchmark_24_8_4 updates 2735/6944 episodes, total num timesteps 787968/2000000, FPS 64.


 Scenario BOSCH Algo rmappo Exp benchmark_24_8_4 updates 2740/6944 episodes, total num timesteps 789408/2000000, FPS 64.


 Scenario BOSCH Algo rmappo Exp benchmark_24_8_4 updates 2745/6944 episodes, total num timesteps 790848/2000000, FPS 64.


 Scenario BOSCH Algo rmappo Exp benchmark_24_8_4 updates 2750/6944 episodes, total num timesteps 792288/2000000, FPS 64.


[EVAL] BOSCH MARL Inference Solving Time for 36 periods: 1.1645 seconds
eval average episode rewards of agent0: -397.4919
eval average episode rewards of agent1: -396.57343
eval average episode rewards of agent2: -396.5772
eval average episode rewards of agent3: -396.64072
eval average episode rewards of agent4: -396.62592
eval average episode rewards of agent5: -396.62897
eval average episode rewards of agent6: -396.6143
eval average episode rewards of agent7: -396.63116
eval average episode rewards of agent8: -396.6795
eval average episode costs: Backlog: 104879.42, Inventory: 0.00, Maintenance: 1189.32, Production: 1146.44, Setup: 1077.48, TOTAL: 108292.67

 Scenario BOSCH Algo rmappo Exp benchmark_24_8_4 updates 2755/6944 episodes, total num timesteps 793728/2000000, FPS 64.


 Scenario BOSCH Algo rmappo Exp benchmark_24_8_4 updates 2760/6944 episodes, total num timesteps 795168/2000000, FPS 64.


 Scenario BOSCH Algo rmappo Exp benchmark_24_8_4 updates 2765/6944 episodes, total num timesteps 796608/2000000, FPS 64.


 Scenario BOSCH Algo rmappo Exp benchmark_24_8_4 updates 2770/6944 episodes, total num timesteps 798048/2000000, FPS 64.


 Scenario BOSCH Algo rmappo Exp benchmark_24_8_4 updates 2775/6944 episodes, total num timesteps 799488/2000000, FPS 64.


 Scenario BOSCH Algo rmappo Exp benchmark_24_8_4 updates 2780/6944 episodes, total num timesteps 800928/2000000, FPS 65.


 Scenario BOSCH Algo rmappo Exp benchmark_24_8_4 updates 2785/6944 episodes, total num timesteps 802368/2000000, FPS 65.


 Scenario BOSCH Algo rmappo Exp benchmark_24_8_4 updates 2790/6944 episodes, total num timesteps 803808/2000000, FPS 65.


 Scenario BOSCH Algo rmappo Exp benchmark_24_8_4 updates 2795/6944 episodes, total num timesteps 805248/2000000, FPS 65.


 Scenario BOSCH Algo rmappo Exp benchmark_24_8_4 updates 2800/6944 episodes, total num timesteps 806688/2000000, FPS 65.


[EVAL] BOSCH MARL Inference Solving Time for 36 periods: 1.1930 seconds
eval average episode rewards of agent0: -401.39862
eval average episode rewards of agent1: -400.66565
eval average episode rewards of agent2: -400.6399
eval average episode rewards of agent3: -400.6975
eval average episode rewards of agent4: -400.6839
eval average episode rewards of agent5: -400.68268
eval average episode rewards of agent6: -400.69412
eval average episode rewards of agent7: -400.67633
eval average episode rewards of agent8: -400.70157
eval average episode costs: Backlog: 105995.21, Inventory: 0.00, Maintenance: 1170.36, Production: 908.86, Setup: 931.98, TOTAL: 109006.41

 Scenario BOSCH Algo rmappo Exp benchmark_24_8_4 updates 2805/6944 episodes, total num timesteps 808128/2000000, FPS 65.


 Scenario BOSCH Algo rmappo Exp benchmark_24_8_4 updates 2810/6944 episodes, total num timesteps 809568/2000000, FPS 65.


 Scenario BOSCH Algo rmappo Exp benchmark_24_8_4 updates 2815/6944 episodes, total num timesteps 811008/2000000, FPS 65.


 Scenario BOSCH Algo rmappo Exp benchmark_24_8_4 updates 2820/6944 episodes, total num timesteps 812448/2000000, FPS 65.


 Scenario BOSCH Algo rmappo Exp benchmark_24_8_4 updates 2825/6944 episodes, total num timesteps 813888/2000000, FPS 65.


 Scenario BOSCH Algo rmappo Exp benchmark_24_8_4 updates 2830/6944 episodes, total num timesteps 815328/2000000, FPS 65.


 Scenario BOSCH Algo rmappo Exp benchmark_24_8_4 updates 2835/6944 episodes, total num timesteps 816768/2000000, FPS 65.


 Scenario BOSCH Algo rmappo Exp benchmark_24_8_4 updates 2840/6944 episodes, total num timesteps 818208/2000000, FPS 65.


 Scenario BOSCH Algo rmappo Exp benchmark_24_8_4 updates 2845/6944 episodes, total num timesteps 819648/2000000, FPS 65.


 Scenario BOSCH Algo rmappo Exp benchmark_24_8_4 updates 2850/6944 episodes, total num timesteps 821088/2000000, FPS 65.


[EVAL] BOSCH MARL Inference Solving Time for 36 periods: 1.0593 seconds
eval average episode rewards of agent0: -380.25742
eval average episode rewards of agent1: -378.1582
eval average episode rewards of agent2: -378.152
eval average episode rewards of agent3: -378.15323
eval average episode rewards of agent4: -378.17993
eval average episode rewards of agent5: -378.20096
eval average episode rewards of agent6: -378.14093
eval average episode rewards of agent7: -378.1443
eval average episode rewards of agent8: -378.37866
eval average episode costs: Backlog: 100108.09, Inventory: 0.00, Maintenance: 397.31, Production: 1749.46, Setup: 1722.57, TOTAL: 103977.43

 Scenario BOSCH Algo rmappo Exp benchmark_24_8_4 updates 2855/6944 episodes, total num timesteps 822528/2000000, FPS 65.


 Scenario BOSCH Algo rmappo Exp benchmark_24_8_4 updates 2860/6944 episodes, total num timesteps 823968/2000000, FPS 65.


 Scenario BOSCH Algo rmappo Exp benchmark_24_8_4 updates 2865/6944 episodes, total num timesteps 825408/2000000, FPS 65.


 Scenario BOSCH Algo rmappo Exp benchmark_24_8_4 updates 2870/6944 episodes, total num timesteps 826848/2000000, FPS 65.


 Scenario BOSCH Algo rmappo Exp benchmark_24_8_4 updates 2875/6944 episodes, total num timesteps 828288/2000000, FPS 65.


 Scenario BOSCH Algo rmappo Exp benchmark_24_8_4 updates 2880/6944 episodes, total num timesteps 829728/2000000, FPS 65.


 Scenario BOSCH Algo rmappo Exp benchmark_24_8_4 updates 2885/6944 episodes, total num timesteps 831168/2000000, FPS 65.


 Scenario BOSCH Algo rmappo Exp benchmark_24_8_4 updates 2890/6944 episodes, total num timesteps 832608/2000000, FPS 65.


 Scenario BOSCH Algo rmappo Exp benchmark_24_8_4 updates 2895/6944 episodes, total num timesteps 834048/2000000, FPS 65.


 Scenario BOSCH Algo rmappo Exp benchmark_24_8_4 updates 2900/6944 episodes, total num timesteps 835488/2000000, FPS 65.


[EVAL] BOSCH MARL Inference Solving Time for 36 periods: 1.0780 seconds
eval average episode rewards of agent0: -370.28625
eval average episode rewards of agent1: -368.0266
eval average episode rewards of agent2: -368.04303
eval average episode rewards of agent3: -368.0744
eval average episode rewards of agent4: -368.05035
eval average episode rewards of agent5: -368.06775
eval average episode rewards of agent6: -368.01733
eval average episode rewards of agent7: -368.0395
eval average episode rewards of agent8: -367.88223
eval average episode costs: Backlog: 97336.27, Inventory: 0.00, Maintenance: 537.67, Production: 1924.98, Setup: 1935.59, TOTAL: 101734.52

 Scenario BOSCH Algo rmappo Exp benchmark_24_8_4 updates 2905/6944 episodes, total num timesteps 836928/2000000, FPS 65.


 Scenario BOSCH Algo rmappo Exp benchmark_24_8_4 updates 2910/6944 episodes, total num timesteps 838368/2000000, FPS 65.


 Scenario BOSCH Algo rmappo Exp benchmark_24_8_4 updates 2915/6944 episodes, total num timesteps 839808/2000000, FPS 65.


 Scenario BOSCH Algo rmappo Exp benchmark_24_8_4 updates 2920/6944 episodes, total num timesteps 841248/2000000, FPS 65.


 Scenario BOSCH Algo rmappo Exp benchmark_24_8_4 updates 2925/6944 episodes, total num timesteps 842688/2000000, FPS 65.


 Scenario BOSCH Algo rmappo Exp benchmark_24_8_4 updates 2930/6944 episodes, total num timesteps 844128/2000000, FPS 65.


 Scenario BOSCH Algo rmappo Exp benchmark_24_8_4 updates 2935/6944 episodes, total num timesteps 845568/2000000, FPS 65.


 Scenario BOSCH Algo rmappo Exp benchmark_24_8_4 updates 2940/6944 episodes, total num timesteps 847008/2000000, FPS 65.


 Scenario BOSCH Algo rmappo Exp benchmark_24_8_4 updates 2945/6944 episodes, total num timesteps 848448/2000000, FPS 65.


 Scenario BOSCH Algo rmappo Exp benchmark_24_8_4 updates 2950/6944 episodes, total num timesteps 849888/2000000, FPS 65.


[EVAL] BOSCH MARL Inference Solving Time for 36 periods: 1.0110 seconds
eval average episode rewards of agent0: -371.1128
eval average episode rewards of agent1: -369.22638
eval average episode rewards of agent2: -369.2281
eval average episode rewards of agent3: -369.23404
eval average episode rewards of agent4: -369.14752
eval average episode rewards of agent5: -369.25342
eval average episode rewards of agent6: -369.1285
eval average episode rewards of agent7: -369.16772
eval average episode rewards of agent8: -369.24173
eval average episode costs: Backlog: 97618.70, Inventory: 0.00, Maintenance: 743.44, Production: 2094.42, Setup: 1775.60, TOTAL: 102232.14

 Scenario BOSCH Algo rmappo Exp benchmark_24_8_4 updates 2955/6944 episodes, total num timesteps 851328/2000000, FPS 65.


 Scenario BOSCH Algo rmappo Exp benchmark_24_8_4 updates 2960/6944 episodes, total num timesteps 852768/2000000, FPS 65.


 Scenario BOSCH Algo rmappo Exp benchmark_24_8_4 updates 2965/6944 episodes, total num timesteps 854208/2000000, FPS 65.


 Scenario BOSCH Algo rmappo Exp benchmark_24_8_4 updates 2970/6944 episodes, total num timesteps 855648/2000000, FPS 65.


 Scenario BOSCH Algo rmappo Exp benchmark_24_8_4 updates 2975/6944 episodes, total num timesteps 857088/2000000, FPS 65.


 Scenario BOSCH Algo rmappo Exp benchmark_24_8_4 updates 2980/6944 episodes, total num timesteps 858528/2000000, FPS 65.


 Scenario BOSCH Algo rmappo Exp benchmark_24_8_4 updates 2985/6944 episodes, total num timesteps 859968/2000000, FPS 65.


 Scenario BOSCH Algo rmappo Exp benchmark_24_8_4 updates 2990/6944 episodes, total num timesteps 861408/2000000, FPS 65.


 Scenario BOSCH Algo rmappo Exp benchmark_24_8_4 updates 2995/6944 episodes, total num timesteps 862848/2000000, FPS 65.


 Scenario BOSCH Algo rmappo Exp benchmark_24_8_4 updates 3000/6944 episodes, total num timesteps 864288/2000000, FPS 65.


[EVAL] BOSCH MARL Inference Solving Time for 36 periods: 1.0406 seconds
eval average episode rewards of agent0: -381.75455
eval average episode rewards of agent1: -380.26895
eval average episode rewards of agent2: -380.33575
eval average episode rewards of agent3: -380.29123
eval average episode rewards of agent4: -380.28336
eval average episode rewards of agent5: -380.3633
eval average episode rewards of agent6: -380.27478
eval average episode rewards of agent7: -380.33496
eval average episode rewards of agent8: -380.0798
eval average episode costs: Backlog: 100633.66, Inventory: 0.00, Maintenance: 729.89, Production: 1570.82, Setup: 1427.72, TOTAL: 104362.10

 Scenario BOSCH Algo rmappo Exp benchmark_24_8_4 updates 3005/6944 episodes, total num timesteps 865728/2000000, FPS 65.


 Scenario BOSCH Algo rmappo Exp benchmark_24_8_4 updates 3010/6944 episodes, total num timesteps 867168/2000000, FPS 65.


 Scenario BOSCH Algo rmappo Exp benchmark_24_8_4 updates 3015/6944 episodes, total num timesteps 868608/2000000, FPS 65.


 Scenario BOSCH Algo rmappo Exp benchmark_24_8_4 updates 3020/6944 episodes, total num timesteps 870048/2000000, FPS 65.


 Scenario BOSCH Algo rmappo Exp benchmark_24_8_4 updates 3025/6944 episodes, total num timesteps 871488/2000000, FPS 65.


 Scenario BOSCH Algo rmappo Exp benchmark_24_8_4 updates 3030/6944 episodes, total num timesteps 872928/2000000, FPS 65.


 Scenario BOSCH Algo rmappo Exp benchmark_24_8_4 updates 3035/6944 episodes, total num timesteps 874368/2000000, FPS 65.


 Scenario BOSCH Algo rmappo Exp benchmark_24_8_4 updates 3040/6944 episodes, total num timesteps 875808/2000000, FPS 65.


 Scenario BOSCH Algo rmappo Exp benchmark_24_8_4 updates 3045/6944 episodes, total num timesteps 877248/2000000, FPS 65.


 Scenario BOSCH Algo rmappo Exp benchmark_24_8_4 updates 3050/6944 episodes, total num timesteps 878688/2000000, FPS 65.


[EVAL] BOSCH MARL Inference Solving Time for 36 periods: 1.0413 seconds
eval average episode rewards of agent0: -358.8295
eval average episode rewards of agent1: -356.72955
eval average episode rewards of agent2: -356.75037
eval average episode rewards of agent3: -356.67877
eval average episode rewards of agent4: -356.74188
eval average episode rewards of agent5: -356.72482
eval average episode rewards of agent6: -356.65158
eval average episode rewards of agent7: -356.72482
eval average episode rewards of agent8: -356.70502
eval average episode costs: Backlog: 94611.95, Inventory: 0.00, Maintenance: 23.30, Production: 2152.50, Setup: 1609.84, TOTAL: 98397.59

 Scenario BOSCH Algo rmappo Exp benchmark_24_8_4 updates 3055/6944 episodes, total num timesteps 880128/2000000, FPS 65.


 Scenario BOSCH Algo rmappo Exp benchmark_24_8_4 updates 3060/6944 episodes, total num timesteps 881568/2000000, FPS 65.


 Scenario BOSCH Algo rmappo Exp benchmark_24_8_4 updates 3065/6944 episodes, total num timesteps 883008/2000000, FPS 65.


 Scenario BOSCH Algo rmappo Exp benchmark_24_8_4 updates 3070/6944 episodes, total num timesteps 884448/2000000, FPS 65.


 Scenario BOSCH Algo rmappo Exp benchmark_24_8_4 updates 3075/6944 episodes, total num timesteps 885888/2000000, FPS 65.


 Scenario BOSCH Algo rmappo Exp benchmark_24_8_4 updates 3080/6944 episodes, total num timesteps 887328/2000000, FPS 65.


 Scenario BOSCH Algo rmappo Exp benchmark_24_8_4 updates 3085/6944 episodes, total num timesteps 888768/2000000, FPS 65.


 Scenario BOSCH Algo rmappo Exp benchmark_24_8_4 updates 3090/6944 episodes, total num timesteps 890208/2000000, FPS 65.


 Scenario BOSCH Algo rmappo Exp benchmark_24_8_4 updates 3095/6944 episodes, total num timesteps 891648/2000000, FPS 65.


 Scenario BOSCH Algo rmappo Exp benchmark_24_8_4 updates 3100/6944 episodes, total num timesteps 893088/2000000, FPS 65.


[EVAL] BOSCH MARL Inference Solving Time for 36 periods: 1.0518 seconds
eval average episode rewards of agent0: -405.67694
eval average episode rewards of agent1: -405.27563
eval average episode rewards of agent2: -405.2083
eval average episode rewards of agent3: -405.29633
eval average episode rewards of agent4: -405.30353
eval average episode rewards of agent5: -405.24677
eval average episode rewards of agent6: -405.32935
eval average episode rewards of agent7: -405.31558
eval average episode rewards of agent8: -405.35028
eval average episode costs: Backlog: 107125.56, Inventory: 0.00, Maintenance: 1686.41, Production: 793.36, Setup: 669.09, TOTAL: 110274.42

 Scenario BOSCH Algo rmappo Exp benchmark_24_8_4 updates 3105/6944 episodes, total num timesteps 894528/2000000, FPS 65.


 Scenario BOSCH Algo rmappo Exp benchmark_24_8_4 updates 3110/6944 episodes, total num timesteps 895968/2000000, FPS 65.


 Scenario BOSCH Algo rmappo Exp benchmark_24_8_4 updates 3115/6944 episodes, total num timesteps 897408/2000000, FPS 65.


 Scenario BOSCH Algo rmappo Exp benchmark_24_8_4 updates 3120/6944 episodes, total num timesteps 898848/2000000, FPS 65.


 Scenario BOSCH Algo rmappo Exp benchmark_24_8_4 updates 3125/6944 episodes, total num timesteps 900288/2000000, FPS 65.


 Scenario BOSCH Algo rmappo Exp benchmark_24_8_4 updates 3130/6944 episodes, total num timesteps 901728/2000000, FPS 65.


 Scenario BOSCH Algo rmappo Exp benchmark_24_8_4 updates 3135/6944 episodes, total num timesteps 903168/2000000, FPS 65.


 Scenario BOSCH Algo rmappo Exp benchmark_24_8_4 updates 3140/6944 episodes, total num timesteps 904608/2000000, FPS 65.


 Scenario BOSCH Algo rmappo Exp benchmark_24_8_4 updates 3145/6944 episodes, total num timesteps 906048/2000000, FPS 65.


 Scenario BOSCH Algo rmappo Exp benchmark_24_8_4 updates 3150/6944 episodes, total num timesteps 907488/2000000, FPS 65.


[EVAL] BOSCH MARL Inference Solving Time for 36 periods: 1.0493 seconds
eval average episode rewards of agent0: -379.39224
eval average episode rewards of agent1: -377.91873
eval average episode rewards of agent2: -377.9385
eval average episode rewards of agent3: -377.88544
eval average episode rewards of agent4: -377.8982
eval average episode rewards of agent5: -377.9542
eval average episode rewards of agent6: -377.86655
eval average episode rewards of agent7: -377.88788
eval average episode rewards of agent8: -377.87402
eval average episode costs: Backlog: 100196.27, Inventory: 0.00, Maintenance: 238.34, Production: 1691.42, Setup: 1272.40, TOTAL: 103398.42

 Scenario BOSCH Algo rmappo Exp benchmark_24_8_4 updates 3155/6944 episodes, total num timesteps 908928/2000000, FPS 65.


 Scenario BOSCH Algo rmappo Exp benchmark_24_8_4 updates 3160/6944 episodes, total num timesteps 910368/2000000, FPS 65.


 Scenario BOSCH Algo rmappo Exp benchmark_24_8_4 updates 3165/6944 episodes, total num timesteps 911808/2000000, FPS 65.


 Scenario BOSCH Algo rmappo Exp benchmark_24_8_4 updates 3170/6944 episodes, total num timesteps 913248/2000000, FPS 65.


 Scenario BOSCH Algo rmappo Exp benchmark_24_8_4 updates 3175/6944 episodes, total num timesteps 914688/2000000, FPS 65.


 Scenario BOSCH Algo rmappo Exp benchmark_24_8_4 updates 3180/6944 episodes, total num timesteps 916128/2000000, FPS 65.


 Scenario BOSCH Algo rmappo Exp benchmark_24_8_4 updates 3185/6944 episodes, total num timesteps 917568/2000000, FPS 65.


 Scenario BOSCH Algo rmappo Exp benchmark_24_8_4 updates 3190/6944 episodes, total num timesteps 919008/2000000, FPS 65.


 Scenario BOSCH Algo rmappo Exp benchmark_24_8_4 updates 3195/6944 episodes, total num timesteps 920448/2000000, FPS 65.


 Scenario BOSCH Algo rmappo Exp benchmark_24_8_4 updates 3200/6944 episodes, total num timesteps 921888/2000000, FPS 65.


[EVAL] BOSCH MARL Inference Solving Time for 36 periods: 1.1320 seconds
eval average episode rewards of agent0: -401.59915
eval average episode rewards of agent1: -401.02527
eval average episode rewards of agent2: -401.0449
eval average episode rewards of agent3: -401.06613
eval average episode rewards of agent4: -401.11212
eval average episode rewards of agent5: -401.07465
eval average episode rewards of agent6: -401.0284
eval average episode rewards of agent7: -401.10632
eval average episode rewards of agent8: -401.13425
eval average episode costs: Backlog: 106113.56, Inventory: 0.00, Maintenance: 1351.42, Production: 857.52, Setup: 692.77, TOTAL: 109015.27

 Scenario BOSCH Algo rmappo Exp benchmark_24_8_4 updates 3205/6944 episodes, total num timesteps 923328/2000000, FPS 65.


 Scenario BOSCH Algo rmappo Exp benchmark_24_8_4 updates 3210/6944 episodes, total num timesteps 924768/2000000, FPS 65.


 Scenario BOSCH Algo rmappo Exp benchmark_24_8_4 updates 3215/6944 episodes, total num timesteps 926208/2000000, FPS 65.


 Scenario BOSCH Algo rmappo Exp benchmark_24_8_4 updates 3220/6944 episodes, total num timesteps 927648/2000000, FPS 65.


 Scenario BOSCH Algo rmappo Exp benchmark_24_8_4 updates 3225/6944 episodes, total num timesteps 929088/2000000, FPS 65.


 Scenario BOSCH Algo rmappo Exp benchmark_24_8_4 updates 3230/6944 episodes, total num timesteps 930528/2000000, FPS 65.


 Scenario BOSCH Algo rmappo Exp benchmark_24_8_4 updates 3235/6944 episodes, total num timesteps 931968/2000000, FPS 65.


 Scenario BOSCH Algo rmappo Exp benchmark_24_8_4 updates 3240/6944 episodes, total num timesteps 933408/2000000, FPS 65.


 Scenario BOSCH Algo rmappo Exp benchmark_24_8_4 updates 3245/6944 episodes, total num timesteps 934848/2000000, FPS 65.


 Scenario BOSCH Algo rmappo Exp benchmark_24_8_4 updates 3250/6944 episodes, total num timesteps 936288/2000000, FPS 65.


[EVAL] BOSCH MARL Inference Solving Time for 36 periods: 1.0365 seconds
eval average episode rewards of agent0: -378.3895
eval average episode rewards of agent1: -377.1615
eval average episode rewards of agent2: -377.24063
eval average episode rewards of agent3: -377.25693
eval average episode rewards of agent4: -377.17682
eval average episode rewards of agent5: -377.23065
eval average episode rewards of agent6: -377.13208
eval average episode rewards of agent7: -377.20883
eval average episode rewards of agent8: -377.20236
eval average episode costs: Backlog: 100063.52, Inventory: 0.00, Maintenance: 421.51, Production: 1457.82, Setup: 948.87, TOTAL: 102891.71

 Scenario BOSCH Algo rmappo Exp benchmark_24_8_4 updates 3255/6944 episodes, total num timesteps 937728/2000000, FPS 65.


 Scenario BOSCH Algo rmappo Exp benchmark_24_8_4 updates 3260/6944 episodes, total num timesteps 939168/2000000, FPS 65.


 Scenario BOSCH Algo rmappo Exp benchmark_24_8_4 updates 3265/6944 episodes, total num timesteps 940608/2000000, FPS 65.


 Scenario BOSCH Algo rmappo Exp benchmark_24_8_4 updates 3270/6944 episodes, total num timesteps 942048/2000000, FPS 66.


 Scenario BOSCH Algo rmappo Exp benchmark_24_8_4 updates 3275/6944 episodes, total num timesteps 943488/2000000, FPS 66.


 Scenario BOSCH Algo rmappo Exp benchmark_24_8_4 updates 3280/6944 episodes, total num timesteps 944928/2000000, FPS 66.


 Scenario BOSCH Algo rmappo Exp benchmark_24_8_4 updates 3285/6944 episodes, total num timesteps 946368/2000000, FPS 66.


 Scenario BOSCH Algo rmappo Exp benchmark_24_8_4 updates 3290/6944 episodes, total num timesteps 947808/2000000, FPS 66.


 Scenario BOSCH Algo rmappo Exp benchmark_24_8_4 updates 3295/6944 episodes, total num timesteps 949248/2000000, FPS 66.


 Scenario BOSCH Algo rmappo Exp benchmark_24_8_4 updates 3300/6944 episodes, total num timesteps 950688/2000000, FPS 66.


[EVAL] BOSCH MARL Inference Solving Time for 36 periods: 1.0303 seconds
eval average episode rewards of agent0: -380.7829
eval average episode rewards of agent1: -379.8278
eval average episode rewards of agent2: -379.90787
eval average episode rewards of agent3: -379.88364
eval average episode rewards of agent4: -379.80225
eval average episode rewards of agent5: -379.9515
eval average episode rewards of agent6: -379.7844
eval average episode rewards of agent7: -379.90994
eval average episode rewards of agent8: -379.8507
eval average episode costs: Backlog: 100786.73, Inventory: 0.00, Maintenance: 643.91, Production: 1166.09, Setup: 623.86, TOTAL: 103220.61

 Scenario BOSCH Algo rmappo Exp benchmark_24_8_4 updates 3305/6944 episodes, total num timesteps 952128/2000000, FPS 66.


 Scenario BOSCH Algo rmappo Exp benchmark_24_8_4 updates 3310/6944 episodes, total num timesteps 953568/2000000, FPS 66.


 Scenario BOSCH Algo rmappo Exp benchmark_24_8_4 updates 3315/6944 episodes, total num timesteps 955008/2000000, FPS 66.


 Scenario BOSCH Algo rmappo Exp benchmark_24_8_4 updates 3320/6944 episodes, total num timesteps 956448/2000000, FPS 66.


 Scenario BOSCH Algo rmappo Exp benchmark_24_8_4 updates 3325/6944 episodes, total num timesteps 957888/2000000, FPS 66.


 Scenario BOSCH Algo rmappo Exp benchmark_24_8_4 updates 3330/6944 episodes, total num timesteps 959328/2000000, FPS 66.


 Scenario BOSCH Algo rmappo Exp benchmark_24_8_4 updates 3335/6944 episodes, total num timesteps 960768/2000000, FPS 66.


 Scenario BOSCH Algo rmappo Exp benchmark_24_8_4 updates 3340/6944 episodes, total num timesteps 962208/2000000, FPS 66.


 Scenario BOSCH Algo rmappo Exp benchmark_24_8_4 updates 3345/6944 episodes, total num timesteps 963648/2000000, FPS 66.


 Scenario BOSCH Algo rmappo Exp benchmark_24_8_4 updates 3350/6944 episodes, total num timesteps 965088/2000000, FPS 66.


[EVAL] BOSCH MARL Inference Solving Time for 36 periods: 1.1245 seconds
eval average episode rewards of agent0: -379.09454
eval average episode rewards of agent1: -377.90988
eval average episode rewards of agent2: -377.88544
eval average episode rewards of agent3: -377.91962
eval average episode rewards of agent4: -377.87836
eval average episode rewards of agent5: -377.8986
eval average episode rewards of agent6: -377.88116
eval average episode rewards of agent7: -377.87595
eval average episode rewards of agent8: -377.88068
eval average episode costs: Backlog: 100322.20, Inventory: 0.00, Maintenance: 227.88, Production: 1363.03, Setup: 889.73, TOTAL: 102802.86

 Scenario BOSCH Algo rmappo Exp benchmark_24_8_4 updates 3355/6944 episodes, total num timesteps 966528/2000000, FPS 66.


 Scenario BOSCH Algo rmappo Exp benchmark_24_8_4 updates 3360/6944 episodes, total num timesteps 967968/2000000, FPS 66.


 Scenario BOSCH Algo rmappo Exp benchmark_24_8_4 updates 3365/6944 episodes, total num timesteps 969408/2000000, FPS 66.


 Scenario BOSCH Algo rmappo Exp benchmark_24_8_4 updates 3370/6944 episodes, total num timesteps 970848/2000000, FPS 66.


 Scenario BOSCH Algo rmappo Exp benchmark_24_8_4 updates 3375/6944 episodes, total num timesteps 972288/2000000, FPS 66.


 Scenario BOSCH Algo rmappo Exp benchmark_24_8_4 updates 3380/6944 episodes, total num timesteps 973728/2000000, FPS 66.


 Scenario BOSCH Algo rmappo Exp benchmark_24_8_4 updates 3385/6944 episodes, total num timesteps 975168/2000000, FPS 66.


 Scenario BOSCH Algo rmappo Exp benchmark_24_8_4 updates 3390/6944 episodes, total num timesteps 976608/2000000, FPS 66.


 Scenario BOSCH Algo rmappo Exp benchmark_24_8_4 updates 3395/6944 episodes, total num timesteps 978048/2000000, FPS 66.


 Scenario BOSCH Algo rmappo Exp benchmark_24_8_4 updates 3400/6944 episodes, total num timesteps 979488/2000000, FPS 66.


[EVAL] BOSCH MARL Inference Solving Time for 36 periods: 1.1069 seconds
eval average episode rewards of agent0: -368.02692
eval average episode rewards of agent1: -366.82825
eval average episode rewards of agent2: -366.895
eval average episode rewards of agent3: -366.86328
eval average episode rewards of agent4: -366.7762
eval average episode rewards of agent5: -366.85205
eval average episode rewards of agent6: -366.659
eval average episode rewards of agent7: -366.91174
eval average episode rewards of agent8: -366.80325
eval average episode costs: Backlog: 97291.83, Inventory: 0.00, Maintenance: 565.29, Production: 1740.40, Setup: 920.12, TOTAL: 100517.64

 Scenario BOSCH Algo rmappo Exp benchmark_24_8_4 updates 3405/6944 episodes, total num timesteps 980928/2000000, FPS 66.


 Scenario BOSCH Algo rmappo Exp benchmark_24_8_4 updates 3410/6944 episodes, total num timesteps 982368/2000000, FPS 66.


 Scenario BOSCH Algo rmappo Exp benchmark_24_8_4 updates 3415/6944 episodes, total num timesteps 983808/2000000, FPS 66.


 Scenario BOSCH Algo rmappo Exp benchmark_24_8_4 updates 3420/6944 episodes, total num timesteps 985248/2000000, FPS 66.


 Scenario BOSCH Algo rmappo Exp benchmark_24_8_4 updates 3425/6944 episodes, total num timesteps 986688/2000000, FPS 66.


 Scenario BOSCH Algo rmappo Exp benchmark_24_8_4 updates 3430/6944 episodes, total num timesteps 988128/2000000, FPS 66.


 Scenario BOSCH Algo rmappo Exp benchmark_24_8_4 updates 3435/6944 episodes, total num timesteps 989568/2000000, FPS 66.


 Scenario BOSCH Algo rmappo Exp benchmark_24_8_4 updates 3440/6944 episodes, total num timesteps 991008/2000000, FPS 66.


 Scenario BOSCH Algo rmappo Exp benchmark_24_8_4 updates 3445/6944 episodes, total num timesteps 992448/2000000, FPS 66.


 Scenario BOSCH Algo rmappo Exp benchmark_24_8_4 updates 3450/6944 episodes, total num timesteps 993888/2000000, FPS 66.


[EVAL] BOSCH MARL Inference Solving Time for 36 periods: 1.0318 seconds
eval average episode rewards of agent0: -368.61163
eval average episode rewards of agent1: -366.92657
eval average episode rewards of agent2: -367.00568
eval average episode rewards of agent3: -367.07123
eval average episode rewards of agent4: -366.9561
eval average episode rewards of agent5: -367.03003
eval average episode rewards of agent6: -366.9267
eval average episode rewards of agent7: -367.01654
eval average episode rewards of agent8: -367.05804
eval average episode costs: Backlog: 97455.84, Inventory: 0.00, Maintenance: 13.49, Production: 1764.90, Setup: 1117.01, TOTAL: 100351.24

 Scenario BOSCH Algo rmappo Exp benchmark_24_8_4 updates 3455/6944 episodes, total num timesteps 995328/2000000, FPS 66.


 Scenario BOSCH Algo rmappo Exp benchmark_24_8_4 updates 3460/6944 episodes, total num timesteps 996768/2000000, FPS 66.


 Scenario BOSCH Algo rmappo Exp benchmark_24_8_4 updates 3465/6944 episodes, total num timesteps 998208/2000000, FPS 66.


 Scenario BOSCH Algo rmappo Exp benchmark_24_8_4 updates 3470/6944 episodes, total num timesteps 999648/2000000, FPS 66.


 Scenario BOSCH Algo rmappo Exp benchmark_24_8_4 updates 3475/6944 episodes, total num timesteps 1001088/2000000, FPS 66.


 Scenario BOSCH Algo rmappo Exp benchmark_24_8_4 updates 3480/6944 episodes, total num timesteps 1002528/2000000, FPS 66.


 Scenario BOSCH Algo rmappo Exp benchmark_24_8_4 updates 3485/6944 episodes, total num timesteps 1003968/2000000, FPS 66.


 Scenario BOSCH Algo rmappo Exp benchmark_24_8_4 updates 3490/6944 episodes, total num timesteps 1005408/2000000, FPS 66.


 Scenario BOSCH Algo rmappo Exp benchmark_24_8_4 updates 3495/6944 episodes, total num timesteps 1006848/2000000, FPS 66.


 Scenario BOSCH Algo rmappo Exp benchmark_24_8_4 updates 3500/6944 episodes, total num timesteps 1008288/2000000, FPS 66.


[EVAL] BOSCH MARL Inference Solving Time for 36 periods: 1.0823 seconds
eval average episode rewards of agent0: -355.06647
eval average episode rewards of agent1: -353.19778
eval average episode rewards of agent2: -353.21735
eval average episode rewards of agent3: -353.1347
eval average episode rewards of agent4: -353.19165
eval average episode rewards of agent5: -353.19794
eval average episode rewards of agent6: -353.09995
eval average episode rewards of agent7: -353.18857
eval average episode rewards of agent8: -353.11923
eval average episode costs: Backlog: 93577.83, Inventory: 0.00, Maintenance: 442.98, Production: 2411.71, Setup: 1480.03, TOTAL: 97912.54

 Scenario BOSCH Algo rmappo Exp benchmark_24_8_4 updates 3505/6944 episodes, total num timesteps 1009728/2000000, FPS 66.


 Scenario BOSCH Algo rmappo Exp benchmark_24_8_4 updates 3510/6944 episodes, total num timesteps 1011168/2000000, FPS 66.


 Scenario BOSCH Algo rmappo Exp benchmark_24_8_4 updates 3515/6944 episodes, total num timesteps 1012608/2000000, FPS 66.


 Scenario BOSCH Algo rmappo Exp benchmark_24_8_4 updates 3520/6944 episodes, total num timesteps 1014048/2000000, FPS 66.


 Scenario BOSCH Algo rmappo Exp benchmark_24_8_4 updates 3525/6944 episodes, total num timesteps 1015488/2000000, FPS 66.


 Scenario BOSCH Algo rmappo Exp benchmark_24_8_4 updates 3530/6944 episodes, total num timesteps 1016928/2000000, FPS 66.


 Scenario BOSCH Algo rmappo Exp benchmark_24_8_4 updates 3535/6944 episodes, total num timesteps 1018368/2000000, FPS 66.


 Scenario BOSCH Algo rmappo Exp benchmark_24_8_4 updates 3540/6944 episodes, total num timesteps 1019808/2000000, FPS 66.


 Scenario BOSCH Algo rmappo Exp benchmark_24_8_4 updates 3545/6944 episodes, total num timesteps 1021248/2000000, FPS 66.


 Scenario BOSCH Algo rmappo Exp benchmark_24_8_4 updates 3550/6944 episodes, total num timesteps 1022688/2000000, FPS 66.


[EVAL] BOSCH MARL Inference Solving Time for 36 periods: 1.0418 seconds
eval average episode rewards of agent0: -350.2978
eval average episode rewards of agent1: -347.90213
eval average episode rewards of agent2: -347.99506
eval average episode rewards of agent3: -347.99243
eval average episode rewards of agent4: -347.9707
eval average episode rewards of agent5: -347.97763
eval average episode rewards of agent6: -347.9109
eval average episode rewards of agent7: -347.98273
eval average episode rewards of agent8: -347.94147
eval average episode costs: Backlog: 92288.30, Inventory: 0.00, Maintenance: 18.89, Production: 2384.08, Setup: 1659.83, TOTAL: 96351.10

 Scenario BOSCH Algo rmappo Exp benchmark_24_8_4 updates 3555/6944 episodes, total num timesteps 1024128/2000000, FPS 66.


 Scenario BOSCH Algo rmappo Exp benchmark_24_8_4 updates 3560/6944 episodes, total num timesteps 1025568/2000000, FPS 66.


 Scenario BOSCH Algo rmappo Exp benchmark_24_8_4 updates 3565/6944 episodes, total num timesteps 1027008/2000000, FPS 66.


 Scenario BOSCH Algo rmappo Exp benchmark_24_8_4 updates 3570/6944 episodes, total num timesteps 1028448/2000000, FPS 66.


 Scenario BOSCH Algo rmappo Exp benchmark_24_8_4 updates 3575/6944 episodes, total num timesteps 1029888/2000000, FPS 66.


 Scenario BOSCH Algo rmappo Exp benchmark_24_8_4 updates 3580/6944 episodes, total num timesteps 1031328/2000000, FPS 66.


 Scenario BOSCH Algo rmappo Exp benchmark_24_8_4 updates 3585/6944 episodes, total num timesteps 1032768/2000000, FPS 66.


 Scenario BOSCH Algo rmappo Exp benchmark_24_8_4 updates 3590/6944 episodes, total num timesteps 1034208/2000000, FPS 66.


 Scenario BOSCH Algo rmappo Exp benchmark_24_8_4 updates 3595/6944 episodes, total num timesteps 1035648/2000000, FPS 66.


 Scenario BOSCH Algo rmappo Exp benchmark_24_8_4 updates 3600/6944 episodes, total num timesteps 1037088/2000000, FPS 66.


[EVAL] BOSCH MARL Inference Solving Time for 36 periods: 0.9845 seconds
eval average episode rewards of agent0: -338.4521
eval average episode rewards of agent1: -335.701
eval average episode rewards of agent2: -335.78912
eval average episode rewards of agent3: -335.76743
eval average episode rewards of agent4: -335.72748
eval average episode rewards of agent5: -335.736
eval average episode rewards of agent6: -335.65918
eval average episode rewards of agent7: -335.76886
eval average episode rewards of agent8: -335.75037
eval average episode costs: Backlog: 88966.84, Inventory: 0.00, Maintenance: 22.96, Production: 2925.45, Setup: 2009.81, TOTAL: 93925.06

 Scenario BOSCH Algo rmappo Exp benchmark_24_8_4 updates 3605/6944 episodes, total num timesteps 1038528/2000000, FPS 66.


 Scenario BOSCH Algo rmappo Exp benchmark_24_8_4 updates 3610/6944 episodes, total num timesteps 1039968/2000000, FPS 66.


 Scenario BOSCH Algo rmappo Exp benchmark_24_8_4 updates 3615/6944 episodes, total num timesteps 1041408/2000000, FPS 66.


 Scenario BOSCH Algo rmappo Exp benchmark_24_8_4 updates 3620/6944 episodes, total num timesteps 1042848/2000000, FPS 66.


 Scenario BOSCH Algo rmappo Exp benchmark_24_8_4 updates 3625/6944 episodes, total num timesteps 1044288/2000000, FPS 66.


 Scenario BOSCH Algo rmappo Exp benchmark_24_8_4 updates 3630/6944 episodes, total num timesteps 1045728/2000000, FPS 66.


 Scenario BOSCH Algo rmappo Exp benchmark_24_8_4 updates 3635/6944 episodes, total num timesteps 1047168/2000000, FPS 66.


 Scenario BOSCH Algo rmappo Exp benchmark_24_8_4 updates 3640/6944 episodes, total num timesteps 1048608/2000000, FPS 66.


 Scenario BOSCH Algo rmappo Exp benchmark_24_8_4 updates 3645/6944 episodes, total num timesteps 1050048/2000000, FPS 66.


 Scenario BOSCH Algo rmappo Exp benchmark_24_8_4 updates 3650/6944 episodes, total num timesteps 1051488/2000000, FPS 66.


[EVAL] BOSCH MARL Inference Solving Time for 36 periods: 1.1036 seconds
eval average episode rewards of agent0: -345.63943
eval average episode rewards of agent1: -343.41943
eval average episode rewards of agent2: -343.54355
eval average episode rewards of agent3: -343.4935
eval average episode rewards of agent4: -343.42746
eval average episode rewards of agent5: -343.46918
eval average episode rewards of agent6: -343.38458
eval average episode rewards of agent7: -343.48633
eval average episode rewards of agent8: -343.48975
eval average episode costs: Backlog: 91139.92, Inventory: 0.00, Maintenance: 19.61, Production: 2512.24, Setup: 1531.77, TOTAL: 95203.55

 Scenario BOSCH Algo rmappo Exp benchmark_24_8_4 updates 3655/6944 episodes, total num timesteps 1052928/2000000, FPS 66.


 Scenario BOSCH Algo rmappo Exp benchmark_24_8_4 updates 3660/6944 episodes, total num timesteps 1054368/2000000, FPS 66.


 Scenario BOSCH Algo rmappo Exp benchmark_24_8_4 updates 3665/6944 episodes, total num timesteps 1055808/2000000, FPS 66.


 Scenario BOSCH Algo rmappo Exp benchmark_24_8_4 updates 3670/6944 episodes, total num timesteps 1057248/2000000, FPS 66.


 Scenario BOSCH Algo rmappo Exp benchmark_24_8_4 updates 3675/6944 episodes, total num timesteps 1058688/2000000, FPS 66.


 Scenario BOSCH Algo rmappo Exp benchmark_24_8_4 updates 3680/6944 episodes, total num timesteps 1060128/2000000, FPS 66.


 Scenario BOSCH Algo rmappo Exp benchmark_24_8_4 updates 3685/6944 episodes, total num timesteps 1061568/2000000, FPS 66.


 Scenario BOSCH Algo rmappo Exp benchmark_24_8_4 updates 3690/6944 episodes, total num timesteps 1063008/2000000, FPS 66.


 Scenario BOSCH Algo rmappo Exp benchmark_24_8_4 updates 3695/6944 episodes, total num timesteps 1064448/2000000, FPS 66.


 Scenario BOSCH Algo rmappo Exp benchmark_24_8_4 updates 3700/6944 episodes, total num timesteps 1065888/2000000, FPS 66.


[EVAL] BOSCH MARL Inference Solving Time for 36 periods: 1.0938 seconds
eval average episode rewards of agent0: -333.02472
eval average episode rewards of agent1: -330.2538
eval average episode rewards of agent2: -330.3183
eval average episode rewards of agent3: -330.37265
eval average episode rewards of agent4: -330.32074
eval average episode rewards of agent5: -330.33624
eval average episode rewards of agent6: -330.2775
eval average episode rewards of agent7: -330.3222
eval average episode rewards of agent8: -330.3503
eval average episode costs: Backlog: 87529.20, Inventory: 0.00, Maintenance: 24.27, Production: 3083.51, Setup: 2048.05, TOTAL: 92685.04

 Scenario BOSCH Algo rmappo Exp benchmark_24_8_4 updates 3705/6944 episodes, total num timesteps 1067328/2000000, FPS 66.


 Scenario BOSCH Algo rmappo Exp benchmark_24_8_4 updates 3710/6944 episodes, total num timesteps 1068768/2000000, FPS 66.


 Scenario BOSCH Algo rmappo Exp benchmark_24_8_4 updates 3715/6944 episodes, total num timesteps 1070208/2000000, FPS 66.


 Scenario BOSCH Algo rmappo Exp benchmark_24_8_4 updates 3720/6944 episodes, total num timesteps 1071648/2000000, FPS 66.


 Scenario BOSCH Algo rmappo Exp benchmark_24_8_4 updates 3725/6944 episodes, total num timesteps 1073088/2000000, FPS 66.


 Scenario BOSCH Algo rmappo Exp benchmark_24_8_4 updates 3730/6944 episodes, total num timesteps 1074528/2000000, FPS 66.


 Scenario BOSCH Algo rmappo Exp benchmark_24_8_4 updates 3735/6944 episodes, total num timesteps 1075968/2000000, FPS 66.


 Scenario BOSCH Algo rmappo Exp benchmark_24_8_4 updates 3740/6944 episodes, total num timesteps 1077408/2000000, FPS 66.


 Scenario BOSCH Algo rmappo Exp benchmark_24_8_4 updates 3745/6944 episodes, total num timesteps 1078848/2000000, FPS 66.


 Scenario BOSCH Algo rmappo Exp benchmark_24_8_4 updates 3750/6944 episodes, total num timesteps 1080288/2000000, FPS 66.


[EVAL] BOSCH MARL Inference Solving Time for 36 periods: 0.9976 seconds
eval average episode rewards of agent0: -344.50317
eval average episode rewards of agent1: -341.63535
eval average episode rewards of agent2: -341.71396
eval average episode rewards of agent3: -341.70978
eval average episode rewards of agent4: -341.62744
eval average episode rewards of agent5: -341.70633
eval average episode rewards of agent6: -341.58652
eval average episode rewards of agent7: -341.64578
eval average episode rewards of agent8: -341.73346
eval average episode costs: Backlog: 90504.34, Inventory: 0.00, Maintenance: 44.48, Production: 2850.31, Setup: 2123.98, TOTAL: 95523.12

 Scenario BOSCH Algo rmappo Exp benchmark_24_8_4 updates 3755/6944 episodes, total num timesteps 1081728/2000000, FPS 66.


 Scenario BOSCH Algo rmappo Exp benchmark_24_8_4 updates 3760/6944 episodes, total num timesteps 1083168/2000000, FPS 66.


 Scenario BOSCH Algo rmappo Exp benchmark_24_8_4 updates 3765/6944 episodes, total num timesteps 1084608/2000000, FPS 66.


 Scenario BOSCH Algo rmappo Exp benchmark_24_8_4 updates 3770/6944 episodes, total num timesteps 1086048/2000000, FPS 66.


 Scenario BOSCH Algo rmappo Exp benchmark_24_8_4 updates 3775/6944 episodes, total num timesteps 1087488/2000000, FPS 66.


 Scenario BOSCH Algo rmappo Exp benchmark_24_8_4 updates 3780/6944 episodes, total num timesteps 1088928/2000000, FPS 66.


 Scenario BOSCH Algo rmappo Exp benchmark_24_8_4 updates 3785/6944 episodes, total num timesteps 1090368/2000000, FPS 66.


 Scenario BOSCH Algo rmappo Exp benchmark_24_8_4 updates 3790/6944 episodes, total num timesteps 1091808/2000000, FPS 66.


 Scenario BOSCH Algo rmappo Exp benchmark_24_8_4 updates 3795/6944 episodes, total num timesteps 1093248/2000000, FPS 66.


 Scenario BOSCH Algo rmappo Exp benchmark_24_8_4 updates 3800/6944 episodes, total num timesteps 1094688/2000000, FPS 66.


[EVAL] BOSCH MARL Inference Solving Time for 36 periods: 1.0099 seconds
eval average episode rewards of agent0: -333.72748
eval average episode rewards of agent1: -330.84305
eval average episode rewards of agent2: -330.94876
eval average episode rewards of agent3: -330.92636
eval average episode rewards of agent4: -330.90082
eval average episode rewards of agent5: -330.84894
eval average episode rewards of agent6: -330.83774
eval average episode rewards of agent7: -330.87012
eval average episode rewards of agent8: -330.92114
eval average episode costs: Backlog: 87684.76, Inventory: 0.00, Maintenance: 27.38, Production: 3010.13, Setup: 2086.72, TOTAL: 92808.98

 Scenario BOSCH Algo rmappo Exp benchmark_24_8_4 updates 3805/6944 episodes, total num timesteps 1096128/2000000, FPS 66.


 Scenario BOSCH Algo rmappo Exp benchmark_24_8_4 updates 3810/6944 episodes, total num timesteps 1097568/2000000, FPS 67.


 Scenario BOSCH Algo rmappo Exp benchmark_24_8_4 updates 3815/6944 episodes, total num timesteps 1099008/2000000, FPS 67.


 Scenario BOSCH Algo rmappo Exp benchmark_24_8_4 updates 3820/6944 episodes, total num timesteps 1100448/2000000, FPS 67.


 Scenario BOSCH Algo rmappo Exp benchmark_24_8_4 updates 3825/6944 episodes, total num timesteps 1101888/2000000, FPS 67.


 Scenario BOSCH Algo rmappo Exp benchmark_24_8_4 updates 3830/6944 episodes, total num timesteps 1103328/2000000, FPS 67.


 Scenario BOSCH Algo rmappo Exp benchmark_24_8_4 updates 3835/6944 episodes, total num timesteps 1104768/2000000, FPS 67.


 Scenario BOSCH Algo rmappo Exp benchmark_24_8_4 updates 3840/6944 episodes, total num timesteps 1106208/2000000, FPS 67.


 Scenario BOSCH Algo rmappo Exp benchmark_24_8_4 updates 3845/6944 episodes, total num timesteps 1107648/2000000, FPS 67.


 Scenario BOSCH Algo rmappo Exp benchmark_24_8_4 updates 3850/6944 episodes, total num timesteps 1109088/2000000, FPS 67.


[EVAL] BOSCH MARL Inference Solving Time for 36 periods: 1.0633 seconds
eval average episode rewards of agent0: -350.74667
eval average episode rewards of agent1: -348.8072
eval average episode rewards of agent2: -348.88846
eval average episode rewards of agent3: -348.82065
eval average episode rewards of agent4: -348.85376
eval average episode rewards of agent5: -348.8449
eval average episode rewards of agent6: -348.81818
eval average episode rewards of agent7: -348.76764
eval average episode rewards of agent8: -348.88605
eval average episode costs: Backlog: 92572.05, Inventory: 0.00, Maintenance: 218.77, Production: 2274.22, Setup: 1284.20, TOTAL: 96349.23

 Scenario BOSCH Algo rmappo Exp benchmark_24_8_4 updates 3855/6944 episodes, total num timesteps 1110528/2000000, FPS 67.


 Scenario BOSCH Algo rmappo Exp benchmark_24_8_4 updates 3860/6944 episodes, total num timesteps 1111968/2000000, FPS 67.


 Scenario BOSCH Algo rmappo Exp benchmark_24_8_4 updates 3865/6944 episodes, total num timesteps 1113408/2000000, FPS 67.


 Scenario BOSCH Algo rmappo Exp benchmark_24_8_4 updates 3870/6944 episodes, total num timesteps 1114848/2000000, FPS 67.


 Scenario BOSCH Algo rmappo Exp benchmark_24_8_4 updates 3875/6944 episodes, total num timesteps 1116288/2000000, FPS 67.


 Scenario BOSCH Algo rmappo Exp benchmark_24_8_4 updates 3880/6944 episodes, total num timesteps 1117728/2000000, FPS 67.


 Scenario BOSCH Algo rmappo Exp benchmark_24_8_4 updates 3885/6944 episodes, total num timesteps 1119168/2000000, FPS 67.


 Scenario BOSCH Algo rmappo Exp benchmark_24_8_4 updates 3890/6944 episodes, total num timesteps 1120608/2000000, FPS 67.


 Scenario BOSCH Algo rmappo Exp benchmark_24_8_4 updates 3895/6944 episodes, total num timesteps 1122048/2000000, FPS 67.


 Scenario BOSCH Algo rmappo Exp benchmark_24_8_4 updates 3900/6944 episodes, total num timesteps 1123488/2000000, FPS 67.


[EVAL] BOSCH MARL Inference Solving Time for 36 periods: 0.9981 seconds
eval average episode rewards of agent0: -350.86755
eval average episode rewards of agent1: -348.92355
eval average episode rewards of agent2: -348.97623
eval average episode rewards of agent3: -348.9947
eval average episode rewards of agent4: -348.95685
eval average episode rewards of agent5: -348.86493
eval average episode rewards of agent6: -348.9406
eval average episode rewards of agent7: -348.91205
eval average episode rewards of agent8: -348.96576
eval average episode costs: Backlog: 92643.02, Inventory: 0.00, Maintenance: 18.09, Production: 2269.33, Setup: 1306.69, TOTAL: 96237.12

 Scenario BOSCH Algo rmappo Exp benchmark_24_8_4 updates 3905/6944 episodes, total num timesteps 1124928/2000000, FPS 67.


 Scenario BOSCH Algo rmappo Exp benchmark_24_8_4 updates 3910/6944 episodes, total num timesteps 1126368/2000000, FPS 67.


 Scenario BOSCH Algo rmappo Exp benchmark_24_8_4 updates 3915/6944 episodes, total num timesteps 1127808/2000000, FPS 67.


 Scenario BOSCH Algo rmappo Exp benchmark_24_8_4 updates 3920/6944 episodes, total num timesteps 1129248/2000000, FPS 67.


 Scenario BOSCH Algo rmappo Exp benchmark_24_8_4 updates 3925/6944 episodes, total num timesteps 1130688/2000000, FPS 67.


 Scenario BOSCH Algo rmappo Exp benchmark_24_8_4 updates 3930/6944 episodes, total num timesteps 1132128/2000000, FPS 67.


 Scenario BOSCH Algo rmappo Exp benchmark_24_8_4 updates 3935/6944 episodes, total num timesteps 1133568/2000000, FPS 67.


 Scenario BOSCH Algo rmappo Exp benchmark_24_8_4 updates 3940/6944 episodes, total num timesteps 1135008/2000000, FPS 67.


 Scenario BOSCH Algo rmappo Exp benchmark_24_8_4 updates 3945/6944 episodes, total num timesteps 1136448/2000000, FPS 67.


 Scenario BOSCH Algo rmappo Exp benchmark_24_8_4 updates 3950/6944 episodes, total num timesteps 1137888/2000000, FPS 67.


[EVAL] BOSCH MARL Inference Solving Time for 36 periods: 1.0112 seconds
eval average episode rewards of agent0: -344.3704
eval average episode rewards of agent1: -341.78622
eval average episode rewards of agent2: -341.78046
eval average episode rewards of agent3: -341.8432
eval average episode rewards of agent4: -341.78973
eval average episode rewards of agent5: -341.79135
eval average episode rewards of agent6: -341.75555
eval average episode rewards of agent7: -341.80023
eval average episode rewards of agent8: -341.85223
eval average episode costs: Backlog: 90608.91, Inventory: 0.00, Maintenance: 21.61, Production: 2851.27, Setup: 1882.47, TOTAL: 95364.25

 Scenario BOSCH Algo rmappo Exp benchmark_24_8_4 updates 3955/6944 episodes, total num timesteps 1139328/2000000, FPS 67.


 Scenario BOSCH Algo rmappo Exp benchmark_24_8_4 updates 3960/6944 episodes, total num timesteps 1140768/2000000, FPS 67.


 Scenario BOSCH Algo rmappo Exp benchmark_24_8_4 updates 3965/6944 episodes, total num timesteps 1142208/2000000, FPS 67.


 Scenario BOSCH Algo rmappo Exp benchmark_24_8_4 updates 3970/6944 episodes, total num timesteps 1143648/2000000, FPS 67.


 Scenario BOSCH Algo rmappo Exp benchmark_24_8_4 updates 3975/6944 episodes, total num timesteps 1145088/2000000, FPS 67.


 Scenario BOSCH Algo rmappo Exp benchmark_24_8_4 updates 3980/6944 episodes, total num timesteps 1146528/2000000, FPS 67.


 Scenario BOSCH Algo rmappo Exp benchmark_24_8_4 updates 3985/6944 episodes, total num timesteps 1147968/2000000, FPS 67.


 Scenario BOSCH Algo rmappo Exp benchmark_24_8_4 updates 3990/6944 episodes, total num timesteps 1149408/2000000, FPS 67.


 Scenario BOSCH Algo rmappo Exp benchmark_24_8_4 updates 3995/6944 episodes, total num timesteps 1150848/2000000, FPS 67.


 Scenario BOSCH Algo rmappo Exp benchmark_24_8_4 updates 4000/6944 episodes, total num timesteps 1152288/2000000, FPS 67.


[EVAL] BOSCH MARL Inference Solving Time for 36 periods: 1.0202 seconds
eval average episode rewards of agent0: -362.30658
eval average episode rewards of agent1: -360.52557
eval average episode rewards of agent2: -360.559
eval average episode rewards of agent3: -360.58234
eval average episode rewards of agent4: -360.5546
eval average episode rewards of agent5: -360.59897
eval average episode rewards of agent6: -360.52545
eval average episode rewards of agent7: -360.57626
eval average episode rewards of agent8: -360.57416
eval average episode costs: Backlog: 95743.48, Inventory: 0.00, Maintenance: 14.38, Production: 1899.25, Setup: 1188.01, TOTAL: 98845.11

 Scenario BOSCH Algo rmappo Exp benchmark_24_8_4 updates 4005/6944 episodes, total num timesteps 1153728/2000000, FPS 67.


 Scenario BOSCH Algo rmappo Exp benchmark_24_8_4 updates 4010/6944 episodes, total num timesteps 1155168/2000000, FPS 67.


 Scenario BOSCH Algo rmappo Exp benchmark_24_8_4 updates 4015/6944 episodes, total num timesteps 1156608/2000000, FPS 67.


 Scenario BOSCH Algo rmappo Exp benchmark_24_8_4 updates 4020/6944 episodes, total num timesteps 1158048/2000000, FPS 67.


 Scenario BOSCH Algo rmappo Exp benchmark_24_8_4 updates 4025/6944 episodes, total num timesteps 1159488/2000000, FPS 67.


 Scenario BOSCH Algo rmappo Exp benchmark_24_8_4 updates 4030/6944 episodes, total num timesteps 1160928/2000000, FPS 67.


 Scenario BOSCH Algo rmappo Exp benchmark_24_8_4 updates 4035/6944 episodes, total num timesteps 1162368/2000000, FPS 67.


 Scenario BOSCH Algo rmappo Exp benchmark_24_8_4 updates 4040/6944 episodes, total num timesteps 1163808/2000000, FPS 67.


 Scenario BOSCH Algo rmappo Exp benchmark_24_8_4 updates 4045/6944 episodes, total num timesteps 1165248/2000000, FPS 67.


 Scenario BOSCH Algo rmappo Exp benchmark_24_8_4 updates 4050/6944 episodes, total num timesteps 1166688/2000000, FPS 67.


[EVAL] BOSCH MARL Inference Solving Time for 36 periods: 1.0267 seconds
eval average episode rewards of agent0: -347.8971
eval average episode rewards of agent1: -345.57477
eval average episode rewards of agent2: -345.694
eval average episode rewards of agent3: -345.654
eval average episode rewards of agent4: -345.59274
eval average episode rewards of agent5: -345.68646
eval average episode rewards of agent6: -345.59024
eval average episode rewards of agent7: -345.61017
eval average episode rewards of agent8: -345.69952
eval average episode costs: Backlog: 91721.70, Inventory: 0.00, Maintenance: 33.28, Production: 2477.51, Setup: 1512.10, TOTAL: 95744.60

 Scenario BOSCH Algo rmappo Exp benchmark_24_8_4 updates 4055/6944 episodes, total num timesteps 1168128/2000000, FPS 67.


 Scenario BOSCH Algo rmappo Exp benchmark_24_8_4 updates 4060/6944 episodes, total num timesteps 1169568/2000000, FPS 67.


 Scenario BOSCH Algo rmappo Exp benchmark_24_8_4 updates 4065/6944 episodes, total num timesteps 1171008/2000000, FPS 67.


 Scenario BOSCH Algo rmappo Exp benchmark_24_8_4 updates 4070/6944 episodes, total num timesteps 1172448/2000000, FPS 67.


 Scenario BOSCH Algo rmappo Exp benchmark_24_8_4 updates 4075/6944 episodes, total num timesteps 1173888/2000000, FPS 67.


 Scenario BOSCH Algo rmappo Exp benchmark_24_8_4 updates 4080/6944 episodes, total num timesteps 1175328/2000000, FPS 67.


 Scenario BOSCH Algo rmappo Exp benchmark_24_8_4 updates 4085/6944 episodes, total num timesteps 1176768/2000000, FPS 67.


 Scenario BOSCH Algo rmappo Exp benchmark_24_8_4 updates 4090/6944 episodes, total num timesteps 1178208/2000000, FPS 67.


 Scenario BOSCH Algo rmappo Exp benchmark_24_8_4 updates 4095/6944 episodes, total num timesteps 1179648/2000000, FPS 67.


 Scenario BOSCH Algo rmappo Exp benchmark_24_8_4 updates 4100/6944 episodes, total num timesteps 1181088/2000000, FPS 67.


[EVAL] BOSCH MARL Inference Solving Time for 36 periods: 0.9990 seconds
eval average episode rewards of agent0: -348.47614
eval average episode rewards of agent1: -346.4049
eval average episode rewards of agent2: -346.5136
eval average episode rewards of agent3: -346.49652
eval average episode rewards of agent4: -346.4984
eval average episode rewards of agent5: -346.49838
eval average episode rewards of agent6: -346.47598
eval average episode rewards of agent7: -346.47382
eval average episode rewards of agent8: -346.528
eval average episode costs: Backlog: 92016.25, Inventory: 0.00, Maintenance: 17.84, Production: 2268.74, Setup: 1281.06, TOTAL: 95583.90

 Scenario BOSCH Algo rmappo Exp benchmark_24_8_4 updates 4105/6944 episodes, total num timesteps 1182528/2000000, FPS 67.


 Scenario BOSCH Algo rmappo Exp benchmark_24_8_4 updates 4110/6944 episodes, total num timesteps 1183968/2000000, FPS 67.


 Scenario BOSCH Algo rmappo Exp benchmark_24_8_4 updates 4115/6944 episodes, total num timesteps 1185408/2000000, FPS 67.


 Scenario BOSCH Algo rmappo Exp benchmark_24_8_4 updates 4120/6944 episodes, total num timesteps 1186848/2000000, FPS 67.


 Scenario BOSCH Algo rmappo Exp benchmark_24_8_4 updates 4125/6944 episodes, total num timesteps 1188288/2000000, FPS 67.


 Scenario BOSCH Algo rmappo Exp benchmark_24_8_4 updates 4130/6944 episodes, total num timesteps 1189728/2000000, FPS 67.


 Scenario BOSCH Algo rmappo Exp benchmark_24_8_4 updates 4135/6944 episodes, total num timesteps 1191168/2000000, FPS 67.


 Scenario BOSCH Algo rmappo Exp benchmark_24_8_4 updates 4140/6944 episodes, total num timesteps 1192608/2000000, FPS 67.


 Scenario BOSCH Algo rmappo Exp benchmark_24_8_4 updates 4145/6944 episodes, total num timesteps 1194048/2000000, FPS 67.


 Scenario BOSCH Algo rmappo Exp benchmark_24_8_4 updates 4150/6944 episodes, total num timesteps 1195488/2000000, FPS 67.


[EVAL] BOSCH MARL Inference Solving Time for 36 periods: 1.0811 seconds
eval average episode rewards of agent0: -339.24463
eval average episode rewards of agent1: -336.60147
eval average episode rewards of agent2: -336.62134
eval average episode rewards of agent3: -336.70123
eval average episode rewards of agent4: -336.63995
eval average episode rewards of agent5: -336.62634
eval average episode rewards of agent6: -336.572
eval average episode rewards of agent7: -336.618
eval average episode rewards of agent8: -336.6673
eval average episode costs: Backlog: 89273.02, Inventory: 0.00, Maintenance: 21.56, Production: 2808.60, Setup: 1810.83, TOTAL: 93914.02

 Scenario BOSCH Algo rmappo Exp benchmark_24_8_4 updates 4155/6944 episodes, total num timesteps 1196928/2000000, FPS 67.


 Scenario BOSCH Algo rmappo Exp benchmark_24_8_4 updates 4160/6944 episodes, total num timesteps 1198368/2000000, FPS 67.


 Scenario BOSCH Algo rmappo Exp benchmark_24_8_4 updates 4165/6944 episodes, total num timesteps 1199808/2000000, FPS 67.


 Scenario BOSCH Algo rmappo Exp benchmark_24_8_4 updates 4170/6944 episodes, total num timesteps 1201248/2000000, FPS 67.


 Scenario BOSCH Algo rmappo Exp benchmark_24_8_4 updates 4175/6944 episodes, total num timesteps 1202688/2000000, FPS 67.


 Scenario BOSCH Algo rmappo Exp benchmark_24_8_4 updates 4180/6944 episodes, total num timesteps 1204128/2000000, FPS 67.


 Scenario BOSCH Algo rmappo Exp benchmark_24_8_4 updates 4185/6944 episodes, total num timesteps 1205568/2000000, FPS 67.


 Scenario BOSCH Algo rmappo Exp benchmark_24_8_4 updates 4190/6944 episodes, total num timesteps 1207008/2000000, FPS 67.


 Scenario BOSCH Algo rmappo Exp benchmark_24_8_4 updates 4195/6944 episodes, total num timesteps 1208448/2000000, FPS 67.


 Scenario BOSCH Algo rmappo Exp benchmark_24_8_4 updates 4200/6944 episodes, total num timesteps 1209888/2000000, FPS 67.


[EVAL] BOSCH MARL Inference Solving Time for 36 periods: 1.0106 seconds
eval average episode rewards of agent0: -339.27982
eval average episode rewards of agent1: -336.5069
eval average episode rewards of agent2: -336.59366
eval average episode rewards of agent3: -336.659
eval average episode rewards of agent4: -336.5401
eval average episode rewards of agent5: -336.5583
eval average episode rewards of agent6: -336.50055
eval average episode rewards of agent7: -336.58026
eval average episode rewards of agent8: -336.64847
eval average episode costs: Backlog: 89236.55, Inventory: 0.00, Maintenance: 22.31, Production: 2929.92, Setup: 1881.34, TOTAL: 94070.12

 Scenario BOSCH Algo rmappo Exp benchmark_24_8_4 updates 4205/6944 episodes, total num timesteps 1211328/2000000, FPS 67.


 Scenario BOSCH Algo rmappo Exp benchmark_24_8_4 updates 4210/6944 episodes, total num timesteps 1212768/2000000, FPS 67.


 Scenario BOSCH Algo rmappo Exp benchmark_24_8_4 updates 4215/6944 episodes, total num timesteps 1214208/2000000, FPS 67.


 Scenario BOSCH Algo rmappo Exp benchmark_24_8_4 updates 4220/6944 episodes, total num timesteps 1215648/2000000, FPS 67.


 Scenario BOSCH Algo rmappo Exp benchmark_24_8_4 updates 4225/6944 episodes, total num timesteps 1217088/2000000, FPS 67.


 Scenario BOSCH Algo rmappo Exp benchmark_24_8_4 updates 4230/6944 episodes, total num timesteps 1218528/2000000, FPS 67.


 Scenario BOSCH Algo rmappo Exp benchmark_24_8_4 updates 4235/6944 episodes, total num timesteps 1219968/2000000, FPS 67.


 Scenario BOSCH Algo rmappo Exp benchmark_24_8_4 updates 4240/6944 episodes, total num timesteps 1221408/2000000, FPS 67.


 Scenario BOSCH Algo rmappo Exp benchmark_24_8_4 updates 4245/6944 episodes, total num timesteps 1222848/2000000, FPS 67.


 Scenario BOSCH Algo rmappo Exp benchmark_24_8_4 updates 4250/6944 episodes, total num timesteps 1224288/2000000, FPS 67.


[EVAL] BOSCH MARL Inference Solving Time for 36 periods: 0.9939 seconds
eval average episode rewards of agent0: -339.37686
eval average episode rewards of agent1: -336.81647
eval average episode rewards of agent2: -336.85785
eval average episode rewards of agent3: -336.96167
eval average episode rewards of agent4: -336.9505
eval average episode rewards of agent5: -336.8022
eval average episode rewards of agent6: -336.91144
eval average episode rewards of agent7: -336.8734
eval average episode rewards of agent8: -336.9467
eval average episode costs: Backlog: 89357.82, Inventory: 0.00, Maintenance: 59.35, Production: 2762.63, Setup: 1710.48, TOTAL: 93890.27

 Scenario BOSCH Algo rmappo Exp benchmark_24_8_4 updates 4255/6944 episodes, total num timesteps 1225728/2000000, FPS 67.


 Scenario BOSCH Algo rmappo Exp benchmark_24_8_4 updates 4260/6944 episodes, total num timesteps 1227168/2000000, FPS 67.


 Scenario BOSCH Algo rmappo Exp benchmark_24_8_4 updates 4265/6944 episodes, total num timesteps 1228608/2000000, FPS 67.


 Scenario BOSCH Algo rmappo Exp benchmark_24_8_4 updates 4270/6944 episodes, total num timesteps 1230048/2000000, FPS 67.


 Scenario BOSCH Algo rmappo Exp benchmark_24_8_4 updates 4275/6944 episodes, total num timesteps 1231488/2000000, FPS 67.


 Scenario BOSCH Algo rmappo Exp benchmark_24_8_4 updates 4280/6944 episodes, total num timesteps 1232928/2000000, FPS 67.


 Scenario BOSCH Algo rmappo Exp benchmark_24_8_4 updates 4285/6944 episodes, total num timesteps 1234368/2000000, FPS 67.


 Scenario BOSCH Algo rmappo Exp benchmark_24_8_4 updates 4290/6944 episodes, total num timesteps 1235808/2000000, FPS 67.


 Scenario BOSCH Algo rmappo Exp benchmark_24_8_4 updates 4295/6944 episodes, total num timesteps 1237248/2000000, FPS 67.


 Scenario BOSCH Algo rmappo Exp benchmark_24_8_4 updates 4300/6944 episodes, total num timesteps 1238688/2000000, FPS 67.


[EVAL] BOSCH MARL Inference Solving Time for 36 periods: 1.0269 seconds
eval average episode rewards of agent0: -419.75714
eval average episode rewards of agent1: -420.2155
eval average episode rewards of agent2: -420.19522
eval average episode rewards of agent3: -420.25482
eval average episode rewards of agent4: -420.2929
eval average episode rewards of agent5: -420.29288
eval average episode rewards of agent6: -420.31982
eval average episode rewards of agent7: -420.23834
eval average episode rewards of agent8: -420.2586
eval average episode costs: Backlog: 110810.35, Inventory: 0.00, Maintenance: 3185.13, Production: 0.00, Setup: 0.00, TOTAL: 113995.48

 Scenario BOSCH Algo rmappo Exp benchmark_24_8_4 updates 4305/6944 episodes, total num timesteps 1240128/2000000, FPS 67.


 Scenario BOSCH Algo rmappo Exp benchmark_24_8_4 updates 4310/6944 episodes, total num timesteps 1241568/2000000, FPS 67.


 Scenario BOSCH Algo rmappo Exp benchmark_24_8_4 updates 4315/6944 episodes, total num timesteps 1243008/2000000, FPS 67.


 Scenario BOSCH Algo rmappo Exp benchmark_24_8_4 updates 4320/6944 episodes, total num timesteps 1244448/2000000, FPS 67.


 Scenario BOSCH Algo rmappo Exp benchmark_24_8_4 updates 4325/6944 episodes, total num timesteps 1245888/2000000, FPS 67.


 Scenario BOSCH Algo rmappo Exp benchmark_24_8_4 updates 4330/6944 episodes, total num timesteps 1247328/2000000, FPS 67.


 Scenario BOSCH Algo rmappo Exp benchmark_24_8_4 updates 4335/6944 episodes, total num timesteps 1248768/2000000, FPS 67.


 Scenario BOSCH Algo rmappo Exp benchmark_24_8_4 updates 4340/6944 episodes, total num timesteps 1250208/2000000, FPS 67.


 Scenario BOSCH Algo rmappo Exp benchmark_24_8_4 updates 4345/6944 episodes, total num timesteps 1251648/2000000, FPS 67.


 Scenario BOSCH Algo rmappo Exp benchmark_24_8_4 updates 4350/6944 episodes, total num timesteps 1253088/2000000, FPS 67.


[EVAL] BOSCH MARL Inference Solving Time for 36 periods: 1.0204 seconds
eval average episode rewards of agent0: -359.64685
eval average episode rewards of agent1: -357.64227
eval average episode rewards of agent2: -357.61066
eval average episode rewards of agent3: -357.6192
eval average episode rewards of agent4: -357.64844
eval average episode rewards of agent5: -357.53818
eval average episode rewards of agent6: -357.65347
eval average episode rewards of agent7: -357.64365
eval average episode rewards of agent8: -357.66632
eval average episode costs: Backlog: 94787.88, Inventory: 0.00, Maintenance: 470.73, Production: 1965.42, Setup: 1386.22, TOTAL: 98610.24

 Scenario BOSCH Algo rmappo Exp benchmark_24_8_4 updates 4355/6944 episodes, total num timesteps 1254528/2000000, FPS 67.


 Scenario BOSCH Algo rmappo Exp benchmark_24_8_4 updates 4360/6944 episodes, total num timesteps 1255968/2000000, FPS 67.


 Scenario BOSCH Algo rmappo Exp benchmark_24_8_4 updates 4365/6944 episodes, total num timesteps 1257408/2000000, FPS 67.


 Scenario BOSCH Algo rmappo Exp benchmark_24_8_4 updates 4370/6944 episodes, total num timesteps 1258848/2000000, FPS 67.


 Scenario BOSCH Algo rmappo Exp benchmark_24_8_4 updates 4375/6944 episodes, total num timesteps 1260288/2000000, FPS 67.


 Scenario BOSCH Algo rmappo Exp benchmark_24_8_4 updates 4380/6944 episodes, total num timesteps 1261728/2000000, FPS 67.


 Scenario BOSCH Algo rmappo Exp benchmark_24_8_4 updates 4385/6944 episodes, total num timesteps 1263168/2000000, FPS 67.


 Scenario BOSCH Algo rmappo Exp benchmark_24_8_4 updates 4390/6944 episodes, total num timesteps 1264608/2000000, FPS 67.


 Scenario BOSCH Algo rmappo Exp benchmark_24_8_4 updates 4395/6944 episodes, total num timesteps 1266048/2000000, FPS 67.


 Scenario BOSCH Algo rmappo Exp benchmark_24_8_4 updates 4400/6944 episodes, total num timesteps 1267488/2000000, FPS 67.


[EVAL] BOSCH MARL Inference Solving Time for 36 periods: 1.0362 seconds
eval average episode rewards of agent0: -363.2574
eval average episode rewards of agent1: -361.0471
eval average episode rewards of agent2: -361.0353
eval average episode rewards of agent3: -361.09207
eval average episode rewards of agent4: -361.06375
eval average episode rewards of agent5: -360.94724
eval average episode rewards of agent6: -361.09222
eval average episode rewards of agent7: -361.09177
eval average episode rewards of agent8: -361.08148
eval average episode costs: Backlog: 95755.70, Inventory: 0.00, Maintenance: 14.65, Production: 1897.47, Setup: 1639.80, TOTAL: 99307.62

 Scenario BOSCH Algo rmappo Exp benchmark_24_8_4 updates 4405/6944 episodes, total num timesteps 1268928/2000000, FPS 67.


 Scenario BOSCH Algo rmappo Exp benchmark_24_8_4 updates 4410/6944 episodes, total num timesteps 1270368/2000000, FPS 67.


 Scenario BOSCH Algo rmappo Exp benchmark_24_8_4 updates 4415/6944 episodes, total num timesteps 1271808/2000000, FPS 67.


 Scenario BOSCH Algo rmappo Exp benchmark_24_8_4 updates 4420/6944 episodes, total num timesteps 1273248/2000000, FPS 67.


 Scenario BOSCH Algo rmappo Exp benchmark_24_8_4 updates 4425/6944 episodes, total num timesteps 1274688/2000000, FPS 67.


 Scenario BOSCH Algo rmappo Exp benchmark_24_8_4 updates 4430/6944 episodes, total num timesteps 1276128/2000000, FPS 67.


 Scenario BOSCH Algo rmappo Exp benchmark_24_8_4 updates 4435/6944 episodes, total num timesteps 1277568/2000000, FPS 67.


 Scenario BOSCH Algo rmappo Exp benchmark_24_8_4 updates 4440/6944 episodes, total num timesteps 1279008/2000000, FPS 67.


 Scenario BOSCH Algo rmappo Exp benchmark_24_8_4 updates 4445/6944 episodes, total num timesteps 1280448/2000000, FPS 67.


 Scenario BOSCH Algo rmappo Exp benchmark_24_8_4 updates 4450/6944 episodes, total num timesteps 1281888/2000000, FPS 67.


[EVAL] BOSCH MARL Inference Solving Time for 36 periods: 1.0153 seconds
eval average episode rewards of agent0: -343.194
eval average episode rewards of agent1: -340.25278
eval average episode rewards of agent2: -340.27383
eval average episode rewards of agent3: -340.33868
eval average episode rewards of agent4: -340.1753
eval average episode rewards of agent5: -340.20767
eval average episode rewards of agent6: -340.28046
eval average episode rewards of agent7: -340.2937
eval average episode rewards of agent8: -340.31607
eval average episode costs: Backlog: 90152.70, Inventory: 0.00, Maintenance: 20.83, Production: 2797.71, Setup: 2102.24, TOTAL: 95073.48

 Scenario BOSCH Algo rmappo Exp benchmark_24_8_4 updates 4455/6944 episodes, total num timesteps 1283328/2000000, FPS 67.


 Scenario BOSCH Algo rmappo Exp benchmark_24_8_4 updates 4460/6944 episodes, total num timesteps 1284768/2000000, FPS 67.


 Scenario BOSCH Algo rmappo Exp benchmark_24_8_4 updates 4465/6944 episodes, total num timesteps 1286208/2000000, FPS 67.


 Scenario BOSCH Algo rmappo Exp benchmark_24_8_4 updates 4470/6944 episodes, total num timesteps 1287648/2000000, FPS 67.


 Scenario BOSCH Algo rmappo Exp benchmark_24_8_4 updates 4475/6944 episodes, total num timesteps 1289088/2000000, FPS 67.


 Scenario BOSCH Algo rmappo Exp benchmark_24_8_4 updates 4480/6944 episodes, total num timesteps 1290528/2000000, FPS 67.


 Scenario BOSCH Algo rmappo Exp benchmark_24_8_4 updates 4485/6944 episodes, total num timesteps 1291968/2000000, FPS 67.


 Scenario BOSCH Algo rmappo Exp benchmark_24_8_4 updates 4490/6944 episodes, total num timesteps 1293408/2000000, FPS 67.


 Scenario BOSCH Algo rmappo Exp benchmark_24_8_4 updates 4495/6944 episodes, total num timesteps 1294848/2000000, FPS 67.


 Scenario BOSCH Algo rmappo Exp benchmark_24_8_4 updates 4500/6944 episodes, total num timesteps 1296288/2000000, FPS 67.


[EVAL] BOSCH MARL Inference Solving Time for 36 periods: 1.0705 seconds
eval average episode rewards of agent0: -343.25116
eval average episode rewards of agent1: -340.74576
eval average episode rewards of agent2: -340.73706
eval average episode rewards of agent3: -340.7851
eval average episode rewards of agent4: -340.57098
eval average episode rewards of agent5: -340.65314
eval average episode rewards of agent6: -340.72638
eval average episode rewards of agent7: -340.7434
eval average episode rewards of agent8: -340.71762
eval average episode costs: Backlog: 90364.10, Inventory: 0.00, Maintenance: 19.53, Production: 2638.15, Setup: 1751.01, TOTAL: 94772.80

 Scenario BOSCH Algo rmappo Exp benchmark_24_8_4 updates 4505/6944 episodes, total num timesteps 1297728/2000000, FPS 67.


 Scenario BOSCH Algo rmappo Exp benchmark_24_8_4 updates 4510/6944 episodes, total num timesteps 1299168/2000000, FPS 67.


 Scenario BOSCH Algo rmappo Exp benchmark_24_8_4 updates 4515/6944 episodes, total num timesteps 1300608/2000000, FPS 67.


 Scenario BOSCH Algo rmappo Exp benchmark_24_8_4 updates 4520/6944 episodes, total num timesteps 1302048/2000000, FPS 67.


 Scenario BOSCH Algo rmappo Exp benchmark_24_8_4 updates 4525/6944 episodes, total num timesteps 1303488/2000000, FPS 67.


 Scenario BOSCH Algo rmappo Exp benchmark_24_8_4 updates 4530/6944 episodes, total num timesteps 1304928/2000000, FPS 67.


 Scenario BOSCH Algo rmappo Exp benchmark_24_8_4 updates 4535/6944 episodes, total num timesteps 1306368/2000000, FPS 67.


 Scenario BOSCH Algo rmappo Exp benchmark_24_8_4 updates 4540/6944 episodes, total num timesteps 1307808/2000000, FPS 67.


 Scenario BOSCH Algo rmappo Exp benchmark_24_8_4 updates 4545/6944 episodes, total num timesteps 1309248/2000000, FPS 67.


 Scenario BOSCH Algo rmappo Exp benchmark_24_8_4 updates 4550/6944 episodes, total num timesteps 1310688/2000000, FPS 67.


[EVAL] BOSCH MARL Inference Solving Time for 36 periods: 0.7693 seconds
eval average episode rewards of agent0: -333.88422
eval average episode rewards of agent1: -330.9906
eval average episode rewards of agent2: -331.00104
eval average episode rewards of agent3: -331.07697
eval average episode rewards of agent4: -330.99582
eval average episode rewards of agent5: -330.98358
eval average episode rewards of agent6: -331.03918
eval average episode rewards of agent7: -331.01004
eval average episode rewards of agent8: -330.94156
eval average episode costs: Backlog: 87708.22, Inventory: 0.00, Maintenance: 23.41, Production: 3095.06, Setup: 2109.28, TOTAL: 92935.97

 Scenario BOSCH Algo rmappo Exp benchmark_24_8_4 updates 4555/6944 episodes, total num timesteps 1312128/2000000, FPS 67.


 Scenario BOSCH Algo rmappo Exp benchmark_24_8_4 updates 4560/6944 episodes, total num timesteps 1313568/2000000, FPS 68.


 Scenario BOSCH Algo rmappo Exp benchmark_24_8_4 updates 4565/6944 episodes, total num timesteps 1315008/2000000, FPS 68.


 Scenario BOSCH Algo rmappo Exp benchmark_24_8_4 updates 4570/6944 episodes, total num timesteps 1316448/2000000, FPS 68.


 Scenario BOSCH Algo rmappo Exp benchmark_24_8_4 updates 4575/6944 episodes, total num timesteps 1317888/2000000, FPS 68.


 Scenario BOSCH Algo rmappo Exp benchmark_24_8_4 updates 4580/6944 episodes, total num timesteps 1319328/2000000, FPS 68.


 Scenario BOSCH Algo rmappo Exp benchmark_24_8_4 updates 4585/6944 episodes, total num timesteps 1320768/2000000, FPS 68.


 Scenario BOSCH Algo rmappo Exp benchmark_24_8_4 updates 4590/6944 episodes, total num timesteps 1322208/2000000, FPS 68.


 Scenario BOSCH Algo rmappo Exp benchmark_24_8_4 updates 4595/6944 episodes, total num timesteps 1323648/2000000, FPS 68.


 Scenario BOSCH Algo rmappo Exp benchmark_24_8_4 updates 4600/6944 episodes, total num timesteps 1325088/2000000, FPS 68.


[EVAL] BOSCH MARL Inference Solving Time for 36 periods: 0.6923 seconds
eval average episode rewards of agent0: -339.72513
eval average episode rewards of agent1: -336.9925
eval average episode rewards of agent2: -337.1162
eval average episode rewards of agent3: -337.13425
eval average episode rewards of agent4: -337.03375
eval average episode rewards of agent5: -337.0231
eval average episode rewards of agent6: -337.0948
eval average episode rewards of agent7: -337.0582
eval average episode rewards of agent8: -337.05157
eval average episode costs: Backlog: 89356.26, Inventory: 0.00, Maintenance: 21.23, Production: 2724.98, Setup: 1930.48, TOTAL: 94032.95

 Scenario BOSCH Algo rmappo Exp benchmark_24_8_4 updates 4605/6944 episodes, total num timesteps 1326528/2000000, FPS 68.


 Scenario BOSCH Algo rmappo Exp benchmark_24_8_4 updates 4610/6944 episodes, total num timesteps 1327968/2000000, FPS 68.


 Scenario BOSCH Algo rmappo Exp benchmark_24_8_4 updates 4615/6944 episodes, total num timesteps 1329408/2000000, FPS 68.


 Scenario BOSCH Algo rmappo Exp benchmark_24_8_4 updates 4620/6944 episodes, total num timesteps 1330848/2000000, FPS 68.


 Scenario BOSCH Algo rmappo Exp benchmark_24_8_4 updates 4625/6944 episodes, total num timesteps 1332288/2000000, FPS 68.


 Scenario BOSCH Algo rmappo Exp benchmark_24_8_4 updates 4630/6944 episodes, total num timesteps 1333728/2000000, FPS 68.


 Scenario BOSCH Algo rmappo Exp benchmark_24_8_4 updates 4635/6944 episodes, total num timesteps 1335168/2000000, FPS 68.


 Scenario BOSCH Algo rmappo Exp benchmark_24_8_4 updates 4640/6944 episodes, total num timesteps 1336608/2000000, FPS 68.


 Scenario BOSCH Algo rmappo Exp benchmark_24_8_4 updates 4645/6944 episodes, total num timesteps 1338048/2000000, FPS 68.


 Scenario BOSCH Algo rmappo Exp benchmark_24_8_4 updates 4650/6944 episodes, total num timesteps 1339488/2000000, FPS 68.


[EVAL] BOSCH MARL Inference Solving Time for 36 periods: 0.8423 seconds
eval average episode rewards of agent0: -329.63477
eval average episode rewards of agent1: -326.5476
eval average episode rewards of agent2: -326.6861
eval average episode rewards of agent3: -326.6997
eval average episode rewards of agent4: -326.6254
eval average episode rewards of agent5: -326.5644
eval average episode rewards of agent6: -326.6195
eval average episode rewards of agent7: -326.6445
eval average episode rewards of agent8: -326.60602
eval average episode costs: Backlog: 86508.80, Inventory: 0.00, Maintenance: 24.71, Production: 3194.02, Setup: 2259.15, TOTAL: 91986.67

 Scenario BOSCH Algo rmappo Exp benchmark_24_8_4 updates 4655/6944 episodes, total num timesteps 1340928/2000000, FPS 68.


 Scenario BOSCH Algo rmappo Exp benchmark_24_8_4 updates 4660/6944 episodes, total num timesteps 1342368/2000000, FPS 68.


 Scenario BOSCH Algo rmappo Exp benchmark_24_8_4 updates 4665/6944 episodes, total num timesteps 1343808/2000000, FPS 68.


 Scenario BOSCH Algo rmappo Exp benchmark_24_8_4 updates 4670/6944 episodes, total num timesteps 1345248/2000000, FPS 68.


 Scenario BOSCH Algo rmappo Exp benchmark_24_8_4 updates 4675/6944 episodes, total num timesteps 1346688/2000000, FPS 68.


 Scenario BOSCH Algo rmappo Exp benchmark_24_8_4 updates 4680/6944 episodes, total num timesteps 1348128/2000000, FPS 68.


 Scenario BOSCH Algo rmappo Exp benchmark_24_8_4 updates 4685/6944 episodes, total num timesteps 1349568/2000000, FPS 68.


 Scenario BOSCH Algo rmappo Exp benchmark_24_8_4 updates 4690/6944 episodes, total num timesteps 1351008/2000000, FPS 68.


 Scenario BOSCH Algo rmappo Exp benchmark_24_8_4 updates 4695/6944 episodes, total num timesteps 1352448/2000000, FPS 68.


 Scenario BOSCH Algo rmappo Exp benchmark_24_8_4 updates 4700/6944 episodes, total num timesteps 1353888/2000000, FPS 68.


[EVAL] BOSCH MARL Inference Solving Time for 36 periods: 0.8862 seconds
eval average episode rewards of agent0: -347.14075
eval average episode rewards of agent1: -344.586
eval average episode rewards of agent2: -344.6638
eval average episode rewards of agent3: -344.67682
eval average episode rewards of agent4: -344.5938
eval average episode rewards of agent5: -344.54828
eval average episode rewards of agent6: -344.6281
eval average episode rewards of agent7: -344.61432
eval average episode rewards of agent8: -344.69876
eval average episode costs: Backlog: 91315.61, Inventory: 0.00, Maintenance: 21.38, Production: 2742.66, Setup: 2016.13, TOTAL: 96095.77

 Scenario BOSCH Algo rmappo Exp benchmark_24_8_4 updates 4705/6944 episodes, total num timesteps 1355328/2000000, FPS 68.


 Scenario BOSCH Algo rmappo Exp benchmark_24_8_4 updates 4710/6944 episodes, total num timesteps 1356768/2000000, FPS 68.


 Scenario BOSCH Algo rmappo Exp benchmark_24_8_4 updates 4715/6944 episodes, total num timesteps 1358208/2000000, FPS 68.


 Scenario BOSCH Algo rmappo Exp benchmark_24_8_4 updates 4720/6944 episodes, total num timesteps 1359648/2000000, FPS 68.


 Scenario BOSCH Algo rmappo Exp benchmark_24_8_4 updates 4725/6944 episodes, total num timesteps 1361088/2000000, FPS 68.


 Scenario BOSCH Algo rmappo Exp benchmark_24_8_4 updates 4730/6944 episodes, total num timesteps 1362528/2000000, FPS 68.


 Scenario BOSCH Algo rmappo Exp benchmark_24_8_4 updates 4735/6944 episodes, total num timesteps 1363968/2000000, FPS 68.


 Scenario BOSCH Algo rmappo Exp benchmark_24_8_4 updates 4740/6944 episodes, total num timesteps 1365408/2000000, FPS 68.


 Scenario BOSCH Algo rmappo Exp benchmark_24_8_4 updates 4745/6944 episodes, total num timesteps 1366848/2000000, FPS 68.


 Scenario BOSCH Algo rmappo Exp benchmark_24_8_4 updates 4750/6944 episodes, total num timesteps 1368288/2000000, FPS 68.


[EVAL] BOSCH MARL Inference Solving Time for 36 periods: 0.6767 seconds
eval average episode rewards of agent0: -338.78076
eval average episode rewards of agent1: -335.99884
eval average episode rewards of agent2: -336.0603
eval average episode rewards of agent3: -336.04236
eval average episode rewards of agent4: -335.98822
eval average episode rewards of agent5: -335.99738
eval average episode rewards of agent6: -335.99017
eval average episode rewards of agent7: -336.04416
eval average episode rewards of agent8: -336.06723
eval average episode costs: Backlog: 89018.07, Inventory: 0.00, Maintenance: 22.69, Production: 2956.45, Setup: 2135.07, TOTAL: 94132.29

 Scenario BOSCH Algo rmappo Exp benchmark_24_8_4 updates 4755/6944 episodes, total num timesteps 1369728/2000000, FPS 68.


 Scenario BOSCH Algo rmappo Exp benchmark_24_8_4 updates 4760/6944 episodes, total num timesteps 1371168/2000000, FPS 68.


 Scenario BOSCH Algo rmappo Exp benchmark_24_8_4 updates 4765/6944 episodes, total num timesteps 1372608/2000000, FPS 68.


 Scenario BOSCH Algo rmappo Exp benchmark_24_8_4 updates 4770/6944 episodes, total num timesteps 1374048/2000000, FPS 68.


 Scenario BOSCH Algo rmappo Exp benchmark_24_8_4 updates 4775/6944 episodes, total num timesteps 1375488/2000000, FPS 68.


 Scenario BOSCH Algo rmappo Exp benchmark_24_8_4 updates 4780/6944 episodes, total num timesteps 1376928/2000000, FPS 68.


 Scenario BOSCH Algo rmappo Exp benchmark_24_8_4 updates 4785/6944 episodes, total num timesteps 1378368/2000000, FPS 68.


 Scenario BOSCH Algo rmappo Exp benchmark_24_8_4 updates 4790/6944 episodes, total num timesteps 1379808/2000000, FPS 68.


 Scenario BOSCH Algo rmappo Exp benchmark_24_8_4 updates 4795/6944 episodes, total num timesteps 1381248/2000000, FPS 69.


 Scenario BOSCH Algo rmappo Exp benchmark_24_8_4 updates 4800/6944 episodes, total num timesteps 1382688/2000000, FPS 69.


[EVAL] BOSCH MARL Inference Solving Time for 36 periods: 1.0140 seconds
eval average episode rewards of agent0: -360.33844
eval average episode rewards of agent1: -358.29242
eval average episode rewards of agent2: -358.34637
eval average episode rewards of agent3: -358.3593
eval average episode rewards of agent4: -358.35385
eval average episode rewards of agent5: -358.23944
eval average episode rewards of agent6: -358.2664
eval average episode rewards of agent7: -358.3205
eval average episode rewards of agent8: -358.32208
eval average episode costs: Backlog: 94734.05, Inventory: 0.00, Maintenance: 1104.05, Production: 2087.93, Setup: 1501.16, TOTAL: 99427.18

 Scenario BOSCH Algo rmappo Exp benchmark_24_8_4 updates 4805/6944 episodes, total num timesteps 1384128/2000000, FPS 69.


 Scenario BOSCH Algo rmappo Exp benchmark_24_8_4 updates 4810/6944 episodes, total num timesteps 1385568/2000000, FPS 69.


 Scenario BOSCH Algo rmappo Exp benchmark_24_8_4 updates 4815/6944 episodes, total num timesteps 1387008/2000000, FPS 69.


 Scenario BOSCH Algo rmappo Exp benchmark_24_8_4 updates 4820/6944 episodes, total num timesteps 1388448/2000000, FPS 69.


 Scenario BOSCH Algo rmappo Exp benchmark_24_8_4 updates 4825/6944 episodes, total num timesteps 1389888/2000000, FPS 69.


 Scenario BOSCH Algo rmappo Exp benchmark_24_8_4 updates 4830/6944 episodes, total num timesteps 1391328/2000000, FPS 69.


 Scenario BOSCH Algo rmappo Exp benchmark_24_8_4 updates 4835/6944 episodes, total num timesteps 1392768/2000000, FPS 69.


 Scenario BOSCH Algo rmappo Exp benchmark_24_8_4 updates 4840/6944 episodes, total num timesteps 1394208/2000000, FPS 69.


 Scenario BOSCH Algo rmappo Exp benchmark_24_8_4 updates 4845/6944 episodes, total num timesteps 1395648/2000000, FPS 69.


 Scenario BOSCH Algo rmappo Exp benchmark_24_8_4 updates 4850/6944 episodes, total num timesteps 1397088/2000000, FPS 69.


[EVAL] BOSCH MARL Inference Solving Time for 36 periods: 0.9682 seconds
eval average episode rewards of agent0: -337.7762
eval average episode rewards of agent1: -334.50336
eval average episode rewards of agent2: -334.63934
eval average episode rewards of agent3: -334.65454
eval average episode rewards of agent4: -334.56073
eval average episode rewards of agent5: -334.5214
eval average episode rewards of agent6: -334.5404
eval average episode rewards of agent7: -334.55072
eval average episode rewards of agent8: -334.54224
eval average episode costs: Backlog: 88456.90, Inventory: 0.00, Maintenance: 449.38, Production: 2855.98, Setup: 2341.96, TOTAL: 94104.23

 Scenario BOSCH Algo rmappo Exp benchmark_24_8_4 updates 4855/6944 episodes, total num timesteps 1398528/2000000, FPS 69.


 Scenario BOSCH Algo rmappo Exp benchmark_24_8_4 updates 4860/6944 episodes, total num timesteps 1399968/2000000, FPS 69.


 Scenario BOSCH Algo rmappo Exp benchmark_24_8_4 updates 4865/6944 episodes, total num timesteps 1401408/2000000, FPS 69.


 Scenario BOSCH Algo rmappo Exp benchmark_24_8_4 updates 4870/6944 episodes, total num timesteps 1402848/2000000, FPS 69.


 Scenario BOSCH Algo rmappo Exp benchmark_24_8_4 updates 4875/6944 episodes, total num timesteps 1404288/2000000, FPS 69.


 Scenario BOSCH Algo rmappo Exp benchmark_24_8_4 updates 4880/6944 episodes, total num timesteps 1405728/2000000, FPS 69.


 Scenario BOSCH Algo rmappo Exp benchmark_24_8_4 updates 4885/6944 episodes, total num timesteps 1407168/2000000, FPS 69.


 Scenario BOSCH Algo rmappo Exp benchmark_24_8_4 updates 4890/6944 episodes, total num timesteps 1408608/2000000, FPS 69.


 Scenario BOSCH Algo rmappo Exp benchmark_24_8_4 updates 4895/6944 episodes, total num timesteps 1410048/2000000, FPS 69.


 Scenario BOSCH Algo rmappo Exp benchmark_24_8_4 updates 4900/6944 episodes, total num timesteps 1411488/2000000, FPS 69.


[EVAL] BOSCH MARL Inference Solving Time for 36 periods: 0.8754 seconds
eval average episode rewards of agent0: -327.75128
eval average episode rewards of agent1: -323.74203
eval average episode rewards of agent2: -323.8574
eval average episode rewards of agent3: -323.8938
eval average episode rewards of agent4: -323.8972
eval average episode rewards of agent5: -323.73163
eval average episode rewards of agent6: -323.8498
eval average episode rewards of agent7: -323.8514
eval average episode rewards of agent8: -323.82175
eval average episode costs: Backlog: 85573.19, Inventory: 0.00, Maintenance: 26.41, Production: 3268.96, Setup: 3040.88, TOTAL: 91909.42

 Scenario BOSCH Algo rmappo Exp benchmark_24_8_4 updates 4905/6944 episodes, total num timesteps 1412928/2000000, FPS 69.


 Scenario BOSCH Algo rmappo Exp benchmark_24_8_4 updates 4910/6944 episodes, total num timesteps 1414368/2000000, FPS 69.


 Scenario BOSCH Algo rmappo Exp benchmark_24_8_4 updates 4915/6944 episodes, total num timesteps 1415808/2000000, FPS 69.


 Scenario BOSCH Algo rmappo Exp benchmark_24_8_4 updates 4920/6944 episodes, total num timesteps 1417248/2000000, FPS 69.


 Scenario BOSCH Algo rmappo Exp benchmark_24_8_4 updates 4925/6944 episodes, total num timesteps 1418688/2000000, FPS 69.


 Scenario BOSCH Algo rmappo Exp benchmark_24_8_4 updates 4930/6944 episodes, total num timesteps 1420128/2000000, FPS 69.


 Scenario BOSCH Algo rmappo Exp benchmark_24_8_4 updates 4935/6944 episodes, total num timesteps 1421568/2000000, FPS 69.


 Scenario BOSCH Algo rmappo Exp benchmark_24_8_4 updates 4940/6944 episodes, total num timesteps 1423008/2000000, FPS 69.


 Scenario BOSCH Algo rmappo Exp benchmark_24_8_4 updates 4945/6944 episodes, total num timesteps 1424448/2000000, FPS 69.


 Scenario BOSCH Algo rmappo Exp benchmark_24_8_4 updates 4950/6944 episodes, total num timesteps 1425888/2000000, FPS 69.


[EVAL] BOSCH MARL Inference Solving Time for 36 periods: 0.9791 seconds
eval average episode rewards of agent0: -377.4917
eval average episode rewards of agent1: -376.86478
eval average episode rewards of agent2: -376.8772
eval average episode rewards of agent3: -376.91528
eval average episode rewards of agent4: -376.98013
eval average episode rewards of agent5: -376.77487
eval average episode rewards of agent6: -376.9891
eval average episode rewards of agent7: -376.9476
eval average episode rewards of agent8: -376.95386
eval average episode costs: Backlog: 99683.50, Inventory: 0.00, Maintenance: 1829.42, Production: 1416.31, Setup: 495.36, TOTAL: 103424.59

 Scenario BOSCH Algo rmappo Exp benchmark_24_8_4 updates 4955/6944 episodes, total num timesteps 1427328/2000000, FPS 69.


 Scenario BOSCH Algo rmappo Exp benchmark_24_8_4 updates 4960/6944 episodes, total num timesteps 1428768/2000000, FPS 69.


 Scenario BOSCH Algo rmappo Exp benchmark_24_8_4 updates 4965/6944 episodes, total num timesteps 1430208/2000000, FPS 69.


 Scenario BOSCH Algo rmappo Exp benchmark_24_8_4 updates 4970/6944 episodes, total num timesteps 1431648/2000000, FPS 69.


 Scenario BOSCH Algo rmappo Exp benchmark_24_8_4 updates 4975/6944 episodes, total num timesteps 1433088/2000000, FPS 69.


 Scenario BOSCH Algo rmappo Exp benchmark_24_8_4 updates 4980/6944 episodes, total num timesteps 1434528/2000000, FPS 69.


 Scenario BOSCH Algo rmappo Exp benchmark_24_8_4 updates 4985/6944 episodes, total num timesteps 1435968/2000000, FPS 69.


 Scenario BOSCH Algo rmappo Exp benchmark_24_8_4 updates 4990/6944 episodes, total num timesteps 1437408/2000000, FPS 69.


 Scenario BOSCH Algo rmappo Exp benchmark_24_8_4 updates 4995/6944 episodes, total num timesteps 1438848/2000000, FPS 69.


 Scenario BOSCH Algo rmappo Exp benchmark_24_8_4 updates 5000/6944 episodes, total num timesteps 1440288/2000000, FPS 69.


[EVAL] BOSCH MARL Inference Solving Time for 36 periods: 0.7497 seconds
eval average episode rewards of agent0: -350.48676
eval average episode rewards of agent1: -348.0218
eval average episode rewards of agent2: -347.9371
eval average episode rewards of agent3: -347.97855
eval average episode rewards of agent4: -348.07645
eval average episode rewards of agent5: -347.96478
eval average episode rewards of agent6: -347.9819
eval average episode rewards of agent7: -348.05606
eval average episode rewards of agent8: -347.9337
eval average episode costs: Backlog: 92087.70, Inventory: 0.00, Maintenance: 675.75, Production: 2374.76, Setup: 1767.30, TOTAL: 96905.50

 Scenario BOSCH Algo rmappo Exp benchmark_24_8_4 updates 5005/6944 episodes, total num timesteps 1441728/2000000, FPS 69.


 Scenario BOSCH Algo rmappo Exp benchmark_24_8_4 updates 5010/6944 episodes, total num timesteps 1443168/2000000, FPS 69.


 Scenario BOSCH Algo rmappo Exp benchmark_24_8_4 updates 5015/6944 episodes, total num timesteps 1444608/2000000, FPS 69.


 Scenario BOSCH Algo rmappo Exp benchmark_24_8_4 updates 5020/6944 episodes, total num timesteps 1446048/2000000, FPS 69.


 Scenario BOSCH Algo rmappo Exp benchmark_24_8_4 updates 5025/6944 episodes, total num timesteps 1447488/2000000, FPS 69.


 Scenario BOSCH Algo rmappo Exp benchmark_24_8_4 updates 5030/6944 episodes, total num timesteps 1448928/2000000, FPS 69.


 Scenario BOSCH Algo rmappo Exp benchmark_24_8_4 updates 5035/6944 episodes, total num timesteps 1450368/2000000, FPS 69.


 Scenario BOSCH Algo rmappo Exp benchmark_24_8_4 updates 5040/6944 episodes, total num timesteps 1451808/2000000, FPS 69.


 Scenario BOSCH Algo rmappo Exp benchmark_24_8_4 updates 5045/6944 episodes, total num timesteps 1453248/2000000, FPS 69.


 Scenario BOSCH Algo rmappo Exp benchmark_24_8_4 updates 5050/6944 episodes, total num timesteps 1454688/2000000, FPS 69.


[EVAL] BOSCH MARL Inference Solving Time for 36 periods: 0.7185 seconds
eval average episode rewards of agent0: -397.1025
eval average episode rewards of agent1: -397.04266
eval average episode rewards of agent2: -397.10245
eval average episode rewards of agent3: -397.09897
eval average episode rewards of agent4: -397.12726
eval average episode rewards of agent5: -397.1208
eval average episode rewards of agent6: -397.18304
eval average episode rewards of agent7: -397.0887
eval average episode rewards of agent8: -397.10294
eval average episode costs: Backlog: 104895.70, Inventory: 0.00, Maintenance: 2452.48, Production: 754.05, Setup: 167.56, TOTAL: 108269.80

 Scenario BOSCH Algo rmappo Exp benchmark_24_8_4 updates 5055/6944 episodes, total num timesteps 1456128/2000000, FPS 69.


 Scenario BOSCH Algo rmappo Exp benchmark_24_8_4 updates 5060/6944 episodes, total num timesteps 1457568/2000000, FPS 69.


 Scenario BOSCH Algo rmappo Exp benchmark_24_8_4 updates 5065/6944 episodes, total num timesteps 1459008/2000000, FPS 69.


 Scenario BOSCH Algo rmappo Exp benchmark_24_8_4 updates 5070/6944 episodes, total num timesteps 1460448/2000000, FPS 69.


 Scenario BOSCH Algo rmappo Exp benchmark_24_8_4 updates 5075/6944 episodes, total num timesteps 1461888/2000000, FPS 69.


 Scenario BOSCH Algo rmappo Exp benchmark_24_8_4 updates 5080/6944 episodes, total num timesteps 1463328/2000000, FPS 69.


 Scenario BOSCH Algo rmappo Exp benchmark_24_8_4 updates 5085/6944 episodes, total num timesteps 1464768/2000000, FPS 69.


 Scenario BOSCH Algo rmappo Exp benchmark_24_8_4 updates 5090/6944 episodes, total num timesteps 1466208/2000000, FPS 69.


 Scenario BOSCH Algo rmappo Exp benchmark_24_8_4 updates 5095/6944 episodes, total num timesteps 1467648/2000000, FPS 69.


 Scenario BOSCH Algo rmappo Exp benchmark_24_8_4 updates 5100/6944 episodes, total num timesteps 1469088/2000000, FPS 69.


[EVAL] BOSCH MARL Inference Solving Time for 36 periods: 0.9502 seconds
eval average episode rewards of agent0: -364.86053
eval average episode rewards of agent1: -362.75208
eval average episode rewards of agent2: -362.76535
eval average episode rewards of agent3: -362.77277
eval average episode rewards of agent4: -362.73584
eval average episode rewards of agent5: -362.7507
eval average episode rewards of agent6: -362.7839
eval average episode rewards of agent7: -362.80267
eval average episode rewards of agent8: -362.76935
eval average episode costs: Backlog: 96191.35, Inventory: 0.00, Maintenance: 198.87, Production: 1900.52, Setup: 1479.14, TOTAL: 99769.88

 Scenario BOSCH Algo rmappo Exp benchmark_24_8_4 updates 5105/6944 episodes, total num timesteps 1470528/2000000, FPS 69.


 Scenario BOSCH Algo rmappo Exp benchmark_24_8_4 updates 5110/6944 episodes, total num timesteps 1471968/2000000, FPS 69.


 Scenario BOSCH Algo rmappo Exp benchmark_24_8_4 updates 5115/6944 episodes, total num timesteps 1473408/2000000, FPS 69.


 Scenario BOSCH Algo rmappo Exp benchmark_24_8_4 updates 5120/6944 episodes, total num timesteps 1474848/2000000, FPS 69.


 Scenario BOSCH Algo rmappo Exp benchmark_24_8_4 updates 5125/6944 episodes, total num timesteps 1476288/2000000, FPS 69.


 Scenario BOSCH Algo rmappo Exp benchmark_24_8_4 updates 5130/6944 episodes, total num timesteps 1477728/2000000, FPS 69.


 Scenario BOSCH Algo rmappo Exp benchmark_24_8_4 updates 5135/6944 episodes, total num timesteps 1479168/2000000, FPS 69.


 Scenario BOSCH Algo rmappo Exp benchmark_24_8_4 updates 5140/6944 episodes, total num timesteps 1480608/2000000, FPS 69.


 Scenario BOSCH Algo rmappo Exp benchmark_24_8_4 updates 5145/6944 episodes, total num timesteps 1482048/2000000, FPS 69.


 Scenario BOSCH Algo rmappo Exp benchmark_24_8_4 updates 5150/6944 episodes, total num timesteps 1483488/2000000, FPS 69.


[EVAL] BOSCH MARL Inference Solving Time for 36 periods: 0.7825 seconds
eval average episode rewards of agent0: -355.43365
eval average episode rewards of agent1: -353.09348
eval average episode rewards of agent2: -353.26483
eval average episode rewards of agent3: -353.31073
eval average episode rewards of agent4: -353.17856
eval average episode rewards of agent5: -353.30463
eval average episode rewards of agent6: -353.2833
eval average episode rewards of agent7: -353.31372
eval average episode rewards of agent8: -353.27533
eval average episode costs: Backlog: 93684.64, Inventory: 0.00, Maintenance: 18.36, Production: 2378.37, Setup: 1670.21, TOTAL: 97751.59

 Scenario BOSCH Algo rmappo Exp benchmark_24_8_4 updates 5155/6944 episodes, total num timesteps 1484928/2000000, FPS 69.


 Scenario BOSCH Algo rmappo Exp benchmark_24_8_4 updates 5160/6944 episodes, total num timesteps 1486368/2000000, FPS 69.


 Scenario BOSCH Algo rmappo Exp benchmark_24_8_4 updates 5165/6944 episodes, total num timesteps 1487808/2000000, FPS 69.


 Scenario BOSCH Algo rmappo Exp benchmark_24_8_4 updates 5170/6944 episodes, total num timesteps 1489248/2000000, FPS 69.


 Scenario BOSCH Algo rmappo Exp benchmark_24_8_4 updates 5175/6944 episodes, total num timesteps 1490688/2000000, FPS 69.


 Scenario BOSCH Algo rmappo Exp benchmark_24_8_4 updates 5180/6944 episodes, total num timesteps 1492128/2000000, FPS 69.


 Scenario BOSCH Algo rmappo Exp benchmark_24_8_4 updates 5185/6944 episodes, total num timesteps 1493568/2000000, FPS 69.


 Scenario BOSCH Algo rmappo Exp benchmark_24_8_4 updates 5190/6944 episodes, total num timesteps 1495008/2000000, FPS 69.


 Scenario BOSCH Algo rmappo Exp benchmark_24_8_4 updates 5195/6944 episodes, total num timesteps 1496448/2000000, FPS 69.


 Scenario BOSCH Algo rmappo Exp benchmark_24_8_4 updates 5200/6944 episodes, total num timesteps 1497888/2000000, FPS 69.


[EVAL] BOSCH MARL Inference Solving Time for 36 periods: 0.9179 seconds
eval average episode rewards of agent0: -353.58817
eval average episode rewards of agent1: -351.27753
eval average episode rewards of agent2: -351.36533
eval average episode rewards of agent3: -351.44424
eval average episode rewards of agent4: -351.26865
eval average episode rewards of agent5: -351.37885
eval average episode rewards of agent6: -351.4003
eval average episode rewards of agent7: -351.4081
eval average episode rewards of agent8: -351.3593
eval average episode costs: Backlog: 93229.98, Inventory: 0.00, Maintenance: 17.02, Production: 2267.80, Setup: 1534.06, TOTAL: 97048.85

 Scenario BOSCH Algo rmappo Exp benchmark_24_8_4 updates 5205/6944 episodes, total num timesteps 1499328/2000000, FPS 69.


 Scenario BOSCH Algo rmappo Exp benchmark_24_8_4 updates 5210/6944 episodes, total num timesteps 1500768/2000000, FPS 70.


 Scenario BOSCH Algo rmappo Exp benchmark_24_8_4 updates 5215/6944 episodes, total num timesteps 1502208/2000000, FPS 70.


 Scenario BOSCH Algo rmappo Exp benchmark_24_8_4 updates 5220/6944 episodes, total num timesteps 1503648/2000000, FPS 70.


 Scenario BOSCH Algo rmappo Exp benchmark_24_8_4 updates 5225/6944 episodes, total num timesteps 1505088/2000000, FPS 70.


 Scenario BOSCH Algo rmappo Exp benchmark_24_8_4 updates 5230/6944 episodes, total num timesteps 1506528/2000000, FPS 70.


 Scenario BOSCH Algo rmappo Exp benchmark_24_8_4 updates 5235/6944 episodes, total num timesteps 1507968/2000000, FPS 70.


 Scenario BOSCH Algo rmappo Exp benchmark_24_8_4 updates 5240/6944 episodes, total num timesteps 1509408/2000000, FPS 70.


 Scenario BOSCH Algo rmappo Exp benchmark_24_8_4 updates 5245/6944 episodes, total num timesteps 1510848/2000000, FPS 70.


 Scenario BOSCH Algo rmappo Exp benchmark_24_8_4 updates 5250/6944 episodes, total num timesteps 1512288/2000000, FPS 70.


[EVAL] BOSCH MARL Inference Solving Time for 36 periods: 0.7667 seconds
eval average episode rewards of agent0: -340.28137
eval average episode rewards of agent1: -337.77206
eval average episode rewards of agent2: -337.88623
eval average episode rewards of agent3: -337.90958
eval average episode rewards of agent4: -337.75046
eval average episode rewards of agent5: -337.94977
eval average episode rewards of agent6: -337.91794
eval average episode rewards of agent7: -337.9436
eval average episode rewards of agent8: -337.8668
eval average episode costs: Backlog: 89622.23, Inventory: 0.00, Maintenance: 19.97, Production: 2602.09, Setup: 1752.07, TOTAL: 93996.37

 Scenario BOSCH Algo rmappo Exp benchmark_24_8_4 updates 5255/6944 episodes, total num timesteps 1513728/2000000, FPS 70.


 Scenario BOSCH Algo rmappo Exp benchmark_24_8_4 updates 5260/6944 episodes, total num timesteps 1515168/2000000, FPS 70.


 Scenario BOSCH Algo rmappo Exp benchmark_24_8_4 updates 5265/6944 episodes, total num timesteps 1516608/2000000, FPS 70.


 Scenario BOSCH Algo rmappo Exp benchmark_24_8_4 updates 5270/6944 episodes, total num timesteps 1518048/2000000, FPS 70.


 Scenario BOSCH Algo rmappo Exp benchmark_24_8_4 updates 5275/6944 episodes, total num timesteps 1519488/2000000, FPS 70.


 Scenario BOSCH Algo rmappo Exp benchmark_24_8_4 updates 5280/6944 episodes, total num timesteps 1520928/2000000, FPS 70.


 Scenario BOSCH Algo rmappo Exp benchmark_24_8_4 updates 5285/6944 episodes, total num timesteps 1522368/2000000, FPS 70.


 Scenario BOSCH Algo rmappo Exp benchmark_24_8_4 updates 5290/6944 episodes, total num timesteps 1523808/2000000, FPS 70.


 Scenario BOSCH Algo rmappo Exp benchmark_24_8_4 updates 5295/6944 episodes, total num timesteps 1525248/2000000, FPS 70.


 Scenario BOSCH Algo rmappo Exp benchmark_24_8_4 updates 5300/6944 episodes, total num timesteps 1526688/2000000, FPS 70.


[EVAL] BOSCH MARL Inference Solving Time for 36 periods: 0.7513 seconds
eval average episode rewards of agent0: -346.3399
eval average episode rewards of agent1: -343.52496
eval average episode rewards of agent2: -343.6148
eval average episode rewards of agent3: -343.69
eval average episode rewards of agent4: -343.5557
eval average episode rewards of agent5: -343.6036
eval average episode rewards of agent6: -343.61978
eval average episode rewards of agent7: -343.65002
eval average episode rewards of agent8: -343.5722
eval average episode costs: Backlog: 91114.98, Inventory: 0.00, Maintenance: 19.43, Production: 2559.29, Setup: 1801.02, TOTAL: 95494.72

 Scenario BOSCH Algo rmappo Exp benchmark_24_8_4 updates 5305/6944 episodes, total num timesteps 1528128/2000000, FPS 70.


 Scenario BOSCH Algo rmappo Exp benchmark_24_8_4 updates 5310/6944 episodes, total num timesteps 1529568/2000000, FPS 70.


 Scenario BOSCH Algo rmappo Exp benchmark_24_8_4 updates 5315/6944 episodes, total num timesteps 1531008/2000000, FPS 70.


 Scenario BOSCH Algo rmappo Exp benchmark_24_8_4 updates 5320/6944 episodes, total num timesteps 1532448/2000000, FPS 70.


 Scenario BOSCH Algo rmappo Exp benchmark_24_8_4 updates 5325/6944 episodes, total num timesteps 1533888/2000000, FPS 70.


 Scenario BOSCH Algo rmappo Exp benchmark_24_8_4 updates 5330/6944 episodes, total num timesteps 1535328/2000000, FPS 70.


 Scenario BOSCH Algo rmappo Exp benchmark_24_8_4 updates 5335/6944 episodes, total num timesteps 1536768/2000000, FPS 70.


 Scenario BOSCH Algo rmappo Exp benchmark_24_8_4 updates 5340/6944 episodes, total num timesteps 1538208/2000000, FPS 70.


 Scenario BOSCH Algo rmappo Exp benchmark_24_8_4 updates 5345/6944 episodes, total num timesteps 1539648/2000000, FPS 70.


 Scenario BOSCH Algo rmappo Exp benchmark_24_8_4 updates 5350/6944 episodes, total num timesteps 1541088/2000000, FPS 70.


[EVAL] BOSCH MARL Inference Solving Time for 36 periods: 0.6825 seconds
eval average episode rewards of agent0: -345.0639
eval average episode rewards of agent1: -342.57727
eval average episode rewards of agent2: -342.72107
eval average episode rewards of agent3: -342.75928
eval average episode rewards of agent4: -342.60907
eval average episode rewards of agent5: -342.59885
eval average episode rewards of agent6: -342.6699
eval average episode rewards of agent7: -342.7273
eval average episode rewards of agent8: -342.68326
eval average episode costs: Backlog: 90887.41, Inventory: 0.00, Maintenance: 19.79, Production: 2631.10, Setup: 1721.36, TOTAL: 95259.67

 Scenario BOSCH Algo rmappo Exp benchmark_24_8_4 updates 5355/6944 episodes, total num timesteps 1542528/2000000, FPS 70.


 Scenario BOSCH Algo rmappo Exp benchmark_24_8_4 updates 5360/6944 episodes, total num timesteps 1543968/2000000, FPS 70.


 Scenario BOSCH Algo rmappo Exp benchmark_24_8_4 updates 5365/6944 episodes, total num timesteps 1545408/2000000, FPS 70.


 Scenario BOSCH Algo rmappo Exp benchmark_24_8_4 updates 5370/6944 episodes, total num timesteps 1546848/2000000, FPS 70.


 Scenario BOSCH Algo rmappo Exp benchmark_24_8_4 updates 5375/6944 episodes, total num timesteps 1548288/2000000, FPS 70.


 Scenario BOSCH Algo rmappo Exp benchmark_24_8_4 updates 5380/6944 episodes, total num timesteps 1549728/2000000, FPS 70.


 Scenario BOSCH Algo rmappo Exp benchmark_24_8_4 updates 5385/6944 episodes, total num timesteps 1551168/2000000, FPS 70.


 Scenario BOSCH Algo rmappo Exp benchmark_24_8_4 updates 5390/6944 episodes, total num timesteps 1552608/2000000, FPS 70.


 Scenario BOSCH Algo rmappo Exp benchmark_24_8_4 updates 5395/6944 episodes, total num timesteps 1554048/2000000, FPS 70.


 Scenario BOSCH Algo rmappo Exp benchmark_24_8_4 updates 5400/6944 episodes, total num timesteps 1555488/2000000, FPS 70.


[EVAL] BOSCH MARL Inference Solving Time for 36 periods: 0.6832 seconds
eval average episode rewards of agent0: -344.4009
eval average episode rewards of agent1: -341.43707
eval average episode rewards of agent2: -341.51535
eval average episode rewards of agent3: -341.53784
eval average episode rewards of agent4: -341.4302
eval average episode rewards of agent5: -341.48294
eval average episode rewards of agent6: -341.4882
eval average episode rewards of agent7: -341.48615
eval average episode rewards of agent8: -341.47906
eval average episode costs: Backlog: 90464.34, Inventory: 0.00, Maintenance: 21.34, Production: 2827.58, Setup: 2124.94, TOTAL: 95438.20

 Scenario BOSCH Algo rmappo Exp benchmark_24_8_4 updates 5405/6944 episodes, total num timesteps 1556928/2000000, FPS 70.


 Scenario BOSCH Algo rmappo Exp benchmark_24_8_4 updates 5410/6944 episodes, total num timesteps 1558368/2000000, FPS 70.


 Scenario BOSCH Algo rmappo Exp benchmark_24_8_4 updates 5415/6944 episodes, total num timesteps 1559808/2000000, FPS 70.


 Scenario BOSCH Algo rmappo Exp benchmark_24_8_4 updates 5420/6944 episodes, total num timesteps 1561248/2000000, FPS 70.


 Scenario BOSCH Algo rmappo Exp benchmark_24_8_4 updates 5425/6944 episodes, total num timesteps 1562688/2000000, FPS 70.


 Scenario BOSCH Algo rmappo Exp benchmark_24_8_4 updates 5430/6944 episodes, total num timesteps 1564128/2000000, FPS 70.


 Scenario BOSCH Algo rmappo Exp benchmark_24_8_4 updates 5435/6944 episodes, total num timesteps 1565568/2000000, FPS 70.


 Scenario BOSCH Algo rmappo Exp benchmark_24_8_4 updates 5440/6944 episodes, total num timesteps 1567008/2000000, FPS 70.


 Scenario BOSCH Algo rmappo Exp benchmark_24_8_4 updates 5445/6944 episodes, total num timesteps 1568448/2000000, FPS 70.


 Scenario BOSCH Algo rmappo Exp benchmark_24_8_4 updates 5450/6944 episodes, total num timesteps 1569888/2000000, FPS 70.


[EVAL] BOSCH MARL Inference Solving Time for 36 periods: 0.7942 seconds
eval average episode rewards of agent0: -363.75333
eval average episode rewards of agent1: -361.66617
eval average episode rewards of agent2: -361.7089
eval average episode rewards of agent3: -361.71896
eval average episode rewards of agent4: -361.67606
eval average episode rewards of agent5: -361.68082
eval average episode rewards of agent6: -361.7566
eval average episode rewards of agent7: -361.69217
eval average episode rewards of agent8: -361.7069
eval average episode costs: Backlog: 95700.75, Inventory: 0.00, Maintenance: 613.43, Production: 2280.25, Setup: 1731.80, TOTAL: 100326.23

 Scenario BOSCH Algo rmappo Exp benchmark_24_8_4 updates 5455/6944 episodes, total num timesteps 1571328/2000000, FPS 70.


 Scenario BOSCH Algo rmappo Exp benchmark_24_8_4 updates 5460/6944 episodes, total num timesteps 1572768/2000000, FPS 70.


 Scenario BOSCH Algo rmappo Exp benchmark_24_8_4 updates 5465/6944 episodes, total num timesteps 1574208/2000000, FPS 70.


 Scenario BOSCH Algo rmappo Exp benchmark_24_8_4 updates 5470/6944 episodes, total num timesteps 1575648/2000000, FPS 70.


 Scenario BOSCH Algo rmappo Exp benchmark_24_8_4 updates 5475/6944 episodes, total num timesteps 1577088/2000000, FPS 70.


 Scenario BOSCH Algo rmappo Exp benchmark_24_8_4 updates 5480/6944 episodes, total num timesteps 1578528/2000000, FPS 70.


 Scenario BOSCH Algo rmappo Exp benchmark_24_8_4 updates 5485/6944 episodes, total num timesteps 1579968/2000000, FPS 70.


 Scenario BOSCH Algo rmappo Exp benchmark_24_8_4 updates 5490/6944 episodes, total num timesteps 1581408/2000000, FPS 70.


 Scenario BOSCH Algo rmappo Exp benchmark_24_8_4 updates 5495/6944 episodes, total num timesteps 1582848/2000000, FPS 71.


 Scenario BOSCH Algo rmappo Exp benchmark_24_8_4 updates 5500/6944 episodes, total num timesteps 1584288/2000000, FPS 71.


[EVAL] BOSCH MARL Inference Solving Time for 36 periods: 0.6923 seconds
eval average episode rewards of agent0: -394.22687
eval average episode rewards of agent1: -393.59668
eval average episode rewards of agent2: -393.59384
eval average episode rewards of agent3: -393.6067
eval average episode rewards of agent4: -393.6233
eval average episode rewards of agent5: -393.57974
eval average episode rewards of agent6: -393.65228
eval average episode rewards of agent7: -393.54028
eval average episode rewards of agent8: -393.54532
eval average episode costs: Backlog: 104062.89, Inventory: 0.00, Maintenance: 1660.09, Production: 1089.73, Setup: 675.84, TOTAL: 107488.55

 Scenario BOSCH Algo rmappo Exp benchmark_24_8_4 updates 5505/6944 episodes, total num timesteps 1585728/2000000, FPS 71.


 Scenario BOSCH Algo rmappo Exp benchmark_24_8_4 updates 5510/6944 episodes, total num timesteps 1587168/2000000, FPS 71.


 Scenario BOSCH Algo rmappo Exp benchmark_24_8_4 updates 5515/6944 episodes, total num timesteps 1588608/2000000, FPS 71.


 Scenario BOSCH Algo rmappo Exp benchmark_24_8_4 updates 5520/6944 episodes, total num timesteps 1590048/2000000, FPS 71.


 Scenario BOSCH Algo rmappo Exp benchmark_24_8_4 updates 5525/6944 episodes, total num timesteps 1591488/2000000, FPS 71.


 Scenario BOSCH Algo rmappo Exp benchmark_24_8_4 updates 5530/6944 episodes, total num timesteps 1592928/2000000, FPS 71.


 Scenario BOSCH Algo rmappo Exp benchmark_24_8_4 updates 5535/6944 episodes, total num timesteps 1594368/2000000, FPS 71.


 Scenario BOSCH Algo rmappo Exp benchmark_24_8_4 updates 5540/6944 episodes, total num timesteps 1595808/2000000, FPS 71.


 Scenario BOSCH Algo rmappo Exp benchmark_24_8_4 updates 5545/6944 episodes, total num timesteps 1597248/2000000, FPS 71.


 Scenario BOSCH Algo rmappo Exp benchmark_24_8_4 updates 5550/6944 episodes, total num timesteps 1598688/2000000, FPS 71.


[EVAL] BOSCH MARL Inference Solving Time for 36 periods: 0.7562 seconds
eval average episode rewards of agent0: -383.92792
eval average episode rewards of agent1: -382.91727
eval average episode rewards of agent2: -382.92365
eval average episode rewards of agent3: -382.92505
eval average episode rewards of agent4: -382.97742
eval average episode rewards of agent5: -382.80194
eval average episode rewards of agent6: -382.96906
eval average episode rewards of agent7: -382.8487
eval average episode rewards of agent8: -382.85785
eval average episode costs: Backlog: 101231.27, Inventory: 0.00, Maintenance: 1438.77, Production: 1497.98, Setup: 995.43, TOTAL: 105163.45

 Scenario BOSCH Algo rmappo Exp benchmark_24_8_4 updates 5555/6944 episodes, total num timesteps 1600128/2000000, FPS 71.


 Scenario BOSCH Algo rmappo Exp benchmark_24_8_4 updates 5560/6944 episodes, total num timesteps 1601568/2000000, FPS 71.


 Scenario BOSCH Algo rmappo Exp benchmark_24_8_4 updates 5565/6944 episodes, total num timesteps 1603008/2000000, FPS 71.


 Scenario BOSCH Algo rmappo Exp benchmark_24_8_4 updates 5570/6944 episodes, total num timesteps 1604448/2000000, FPS 71.


 Scenario BOSCH Algo rmappo Exp benchmark_24_8_4 updates 5575/6944 episodes, total num timesteps 1605888/2000000, FPS 71.


 Scenario BOSCH Algo rmappo Exp benchmark_24_8_4 updates 5580/6944 episodes, total num timesteps 1607328/2000000, FPS 71.


 Scenario BOSCH Algo rmappo Exp benchmark_24_8_4 updates 5585/6944 episodes, total num timesteps 1608768/2000000, FPS 71.


 Scenario BOSCH Algo rmappo Exp benchmark_24_8_4 updates 5590/6944 episodes, total num timesteps 1610208/2000000, FPS 71.


 Scenario BOSCH Algo rmappo Exp benchmark_24_8_4 updates 5595/6944 episodes, total num timesteps 1611648/2000000, FPS 71.


 Scenario BOSCH Algo rmappo Exp benchmark_24_8_4 updates 5600/6944 episodes, total num timesteps 1613088/2000000, FPS 71.


[EVAL] BOSCH MARL Inference Solving Time for 36 periods: 0.6859 seconds
eval average episode rewards of agent0: -365.05173
eval average episode rewards of agent1: -363.34952
eval average episode rewards of agent2: -363.33575
eval average episode rewards of agent3: -363.33685
eval average episode rewards of agent4: -363.398
eval average episode rewards of agent5: -363.26505
eval average episode rewards of agent6: -363.4124
eval average episode rewards of agent7: -363.3617
eval average episode rewards of agent8: -363.40375
eval average episode costs: Backlog: 96210.56, Inventory: 0.00, Maintenance: 654.85, Production: 2175.48, Setup: 1409.50, TOTAL: 100450.40

 Scenario BOSCH Algo rmappo Exp benchmark_24_8_4 updates 5605/6944 episodes, total num timesteps 1614528/2000000, FPS 71.


 Scenario BOSCH Algo rmappo Exp benchmark_24_8_4 updates 5610/6944 episodes, total num timesteps 1615968/2000000, FPS 71.


 Scenario BOSCH Algo rmappo Exp benchmark_24_8_4 updates 5615/6944 episodes, total num timesteps 1617408/2000000, FPS 71.


 Scenario BOSCH Algo rmappo Exp benchmark_24_8_4 updates 5620/6944 episodes, total num timesteps 1618848/2000000, FPS 71.


 Scenario BOSCH Algo rmappo Exp benchmark_24_8_4 updates 5625/6944 episodes, total num timesteps 1620288/2000000, FPS 71.


 Scenario BOSCH Algo rmappo Exp benchmark_24_8_4 updates 5630/6944 episodes, total num timesteps 1621728/2000000, FPS 71.


 Scenario BOSCH Algo rmappo Exp benchmark_24_8_4 updates 5635/6944 episodes, total num timesteps 1623168/2000000, FPS 71.


 Scenario BOSCH Algo rmappo Exp benchmark_24_8_4 updates 5640/6944 episodes, total num timesteps 1624608/2000000, FPS 71.


 Scenario BOSCH Algo rmappo Exp benchmark_24_8_4 updates 5645/6944 episodes, total num timesteps 1626048/2000000, FPS 71.


 Scenario BOSCH Algo rmappo Exp benchmark_24_8_4 updates 5650/6944 episodes, total num timesteps 1627488/2000000, FPS 71.


[EVAL] BOSCH MARL Inference Solving Time for 36 periods: 0.7598 seconds
eval average episode rewards of agent0: -352.2133
eval average episode rewards of agent1: -350.274
eval average episode rewards of agent2: -350.36023
eval average episode rewards of agent3: -350.39804
eval average episode rewards of agent4: -350.36533
eval average episode rewards of agent5: -350.33585
eval average episode rewards of agent6: -350.41284
eval average episode rewards of agent7: -350.39697
eval average episode rewards of agent8: -350.51968
eval average episode costs: Backlog: 93052.08, Inventory: 0.00, Maintenance: 72.40, Production: 2181.49, Setup: 1174.48, TOTAL: 96480.45

 Scenario BOSCH Algo rmappo Exp benchmark_24_8_4 updates 5655/6944 episodes, total num timesteps 1628928/2000000, FPS 71.


 Scenario BOSCH Algo rmappo Exp benchmark_24_8_4 updates 5660/6944 episodes, total num timesteps 1630368/2000000, FPS 71.


 Scenario BOSCH Algo rmappo Exp benchmark_24_8_4 updates 5665/6944 episodes, total num timesteps 1631808/2000000, FPS 71.


 Scenario BOSCH Algo rmappo Exp benchmark_24_8_4 updates 5670/6944 episodes, total num timesteps 1633248/2000000, FPS 71.


 Scenario BOSCH Algo rmappo Exp benchmark_24_8_4 updates 5675/6944 episodes, total num timesteps 1634688/2000000, FPS 71.


 Scenario BOSCH Algo rmappo Exp benchmark_24_8_4 updates 5680/6944 episodes, total num timesteps 1636128/2000000, FPS 71.


 Scenario BOSCH Algo rmappo Exp benchmark_24_8_4 updates 5685/6944 episodes, total num timesteps 1637568/2000000, FPS 71.


 Scenario BOSCH Algo rmappo Exp benchmark_24_8_4 updates 5690/6944 episodes, total num timesteps 1639008/2000000, FPS 71.


 Scenario BOSCH Algo rmappo Exp benchmark_24_8_4 updates 5695/6944 episodes, total num timesteps 1640448/2000000, FPS 71.


 Scenario BOSCH Algo rmappo Exp benchmark_24_8_4 updates 5700/6944 episodes, total num timesteps 1641888/2000000, FPS 71.


[EVAL] BOSCH MARL Inference Solving Time for 36 periods: 0.7370 seconds
eval average episode rewards of agent0: -360.1308
eval average episode rewards of agent1: -358.14948
eval average episode rewards of agent2: -358.18414
eval average episode rewards of agent3: -358.21133
eval average episode rewards of agent4: -358.169
eval average episode rewards of agent5: -358.173
eval average episode rewards of agent6: -358.2431
eval average episode rewards of agent7: -358.17084
eval average episode rewards of agent8: -358.22763
eval average episode costs: Backlog: 95039.02, Inventory: 0.00, Maintenance: 17.23, Production: 2268.50, Setup: 1462.21, TOTAL: 98786.95

 Scenario BOSCH Algo rmappo Exp benchmark_24_8_4 updates 5705/6944 episodes, total num timesteps 1643328/2000000, FPS 71.


 Scenario BOSCH Algo rmappo Exp benchmark_24_8_4 updates 5710/6944 episodes, total num timesteps 1644768/2000000, FPS 71.


 Scenario BOSCH Algo rmappo Exp benchmark_24_8_4 updates 5715/6944 episodes, total num timesteps 1646208/2000000, FPS 71.


 Scenario BOSCH Algo rmappo Exp benchmark_24_8_4 updates 5720/6944 episodes, total num timesteps 1647648/2000000, FPS 71.


 Scenario BOSCH Algo rmappo Exp benchmark_24_8_4 updates 5725/6944 episodes, total num timesteps 1649088/2000000, FPS 71.


 Scenario BOSCH Algo rmappo Exp benchmark_24_8_4 updates 5730/6944 episodes, total num timesteps 1650528/2000000, FPS 71.


 Scenario BOSCH Algo rmappo Exp benchmark_24_8_4 updates 5735/6944 episodes, total num timesteps 1651968/2000000, FPS 71.


 Scenario BOSCH Algo rmappo Exp benchmark_24_8_4 updates 5740/6944 episodes, total num timesteps 1653408/2000000, FPS 71.


 Scenario BOSCH Algo rmappo Exp benchmark_24_8_4 updates 5745/6944 episodes, total num timesteps 1654848/2000000, FPS 71.


 Scenario BOSCH Algo rmappo Exp benchmark_24_8_4 updates 5750/6944 episodes, total num timesteps 1656288/2000000, FPS 71.


[EVAL] BOSCH MARL Inference Solving Time for 36 periods: 1.0217 seconds
eval average episode rewards of agent0: -363.08588
eval average episode rewards of agent1: -361.51767
eval average episode rewards of agent2: -361.48447
eval average episode rewards of agent3: -361.541
eval average episode rewards of agent4: -361.5656
eval average episode rewards of agent5: -361.42908
eval average episode rewards of agent6: -361.57846
eval average episode rewards of agent7: -361.49405
eval average episode rewards of agent8: -361.53604
eval average episode costs: Backlog: 95890.58, Inventory: 0.00, Maintenance: 421.28, Production: 1936.79, Setup: 1102.35, TOTAL: 99350.99

 Scenario BOSCH Algo rmappo Exp benchmark_24_8_4 updates 5755/6944 episodes, total num timesteps 1657728/2000000, FPS 71.


 Scenario BOSCH Algo rmappo Exp benchmark_24_8_4 updates 5760/6944 episodes, total num timesteps 1659168/2000000, FPS 71.


 Scenario BOSCH Algo rmappo Exp benchmark_24_8_4 updates 5765/6944 episodes, total num timesteps 1660608/2000000, FPS 71.


 Scenario BOSCH Algo rmappo Exp benchmark_24_8_4 updates 5770/6944 episodes, total num timesteps 1662048/2000000, FPS 71.


 Scenario BOSCH Algo rmappo Exp benchmark_24_8_4 updates 5775/6944 episodes, total num timesteps 1663488/2000000, FPS 71.


 Scenario BOSCH Algo rmappo Exp benchmark_24_8_4 updates 5780/6944 episodes, total num timesteps 1664928/2000000, FPS 71.


 Scenario BOSCH Algo rmappo Exp benchmark_24_8_4 updates 5785/6944 episodes, total num timesteps 1666368/2000000, FPS 71.


 Scenario BOSCH Algo rmappo Exp benchmark_24_8_4 updates 5790/6944 episodes, total num timesteps 1667808/2000000, FPS 71.


 Scenario BOSCH Algo rmappo Exp benchmark_24_8_4 updates 5795/6944 episodes, total num timesteps 1669248/2000000, FPS 71.


 Scenario BOSCH Algo rmappo Exp benchmark_24_8_4 updates 5800/6944 episodes, total num timesteps 1670688/2000000, FPS 71.


[EVAL] BOSCH MARL Inference Solving Time for 36 periods: 1.1761 seconds
eval average episode rewards of agent0: -371.02872
eval average episode rewards of agent1: -369.88763
eval average episode rewards of agent2: -369.8559
eval average episode rewards of agent3: -369.92596
eval average episode rewards of agent4: -369.9333
eval average episode rewards of agent5: -369.80005
eval average episode rewards of agent6: -369.9625
eval average episode rewards of agent7: -369.87357
eval average episode rewards of agent8: -369.96634
eval average episode costs: Backlog: 98069.64, Inventory: 0.00, Maintenance: 621.59, Production: 1842.88, Setup: 932.73, TOTAL: 101466.84

 Scenario BOSCH Algo rmappo Exp benchmark_24_8_4 updates 5805/6944 episodes, total num timesteps 1672128/2000000, FPS 71.


 Scenario BOSCH Algo rmappo Exp benchmark_24_8_4 updates 5810/6944 episodes, total num timesteps 1673568/2000000, FPS 71.


 Scenario BOSCH Algo rmappo Exp benchmark_24_8_4 updates 5815/6944 episodes, total num timesteps 1675008/2000000, FPS 71.


 Scenario BOSCH Algo rmappo Exp benchmark_24_8_4 updates 5820/6944 episodes, total num timesteps 1676448/2000000, FPS 71.


 Scenario BOSCH Algo rmappo Exp benchmark_24_8_4 updates 5825/6944 episodes, total num timesteps 1677888/2000000, FPS 71.


 Scenario BOSCH Algo rmappo Exp benchmark_24_8_4 updates 5830/6944 episodes, total num timesteps 1679328/2000000, FPS 71.


 Scenario BOSCH Algo rmappo Exp benchmark_24_8_4 updates 5835/6944 episodes, total num timesteps 1680768/2000000, FPS 71.


 Scenario BOSCH Algo rmappo Exp benchmark_24_8_4 updates 5840/6944 episodes, total num timesteps 1682208/2000000, FPS 71.


 Scenario BOSCH Algo rmappo Exp benchmark_24_8_4 updates 5845/6944 episodes, total num timesteps 1683648/2000000, FPS 71.


 Scenario BOSCH Algo rmappo Exp benchmark_24_8_4 updates 5850/6944 episodes, total num timesteps 1685088/2000000, FPS 71.


[EVAL] BOSCH MARL Inference Solving Time for 36 periods: 0.7210 seconds
eval average episode rewards of agent0: -394.8803
eval average episode rewards of agent1: -394.41318
eval average episode rewards of agent2: -394.40665
eval average episode rewards of agent3: -394.45383
eval average episode rewards of agent4: -394.45673
eval average episode rewards of agent5: -394.3125
eval average episode rewards of agent6: -394.4918
eval average episode rewards of agent7: -394.4057
eval average episode rewards of agent8: -394.56226
eval average episode costs: Backlog: 104447.10, Inventory: 0.00, Maintenance: 1156.84, Production: 1134.74, Setup: 598.12, TOTAL: 107336.80

 Scenario BOSCH Algo rmappo Exp benchmark_24_8_4 updates 5855/6944 episodes, total num timesteps 1686528/2000000, FPS 71.


 Scenario BOSCH Algo rmappo Exp benchmark_24_8_4 updates 5860/6944 episodes, total num timesteps 1687968/2000000, FPS 71.


 Scenario BOSCH Algo rmappo Exp benchmark_24_8_4 updates 5865/6944 episodes, total num timesteps 1689408/2000000, FPS 71.


 Scenario BOSCH Algo rmappo Exp benchmark_24_8_4 updates 5870/6944 episodes, total num timesteps 1690848/2000000, FPS 71.


 Scenario BOSCH Algo rmappo Exp benchmark_24_8_4 updates 5875/6944 episodes, total num timesteps 1692288/2000000, FPS 71.


 Scenario BOSCH Algo rmappo Exp benchmark_24_8_4 updates 5880/6944 episodes, total num timesteps 1693728/2000000, FPS 71.


 Scenario BOSCH Algo rmappo Exp benchmark_24_8_4 updates 5885/6944 episodes, total num timesteps 1695168/2000000, FPS 71.


 Scenario BOSCH Algo rmappo Exp benchmark_24_8_4 updates 5890/6944 episodes, total num timesteps 1696608/2000000, FPS 71.


 Scenario BOSCH Algo rmappo Exp benchmark_24_8_4 updates 5895/6944 episodes, total num timesteps 1698048/2000000, FPS 71.


 Scenario BOSCH Algo rmappo Exp benchmark_24_8_4 updates 5900/6944 episodes, total num timesteps 1699488/2000000, FPS 71.


[EVAL] BOSCH MARL Inference Solving Time for 36 periods: 1.6600 seconds
eval average episode rewards of agent0: -365.28772
eval average episode rewards of agent1: -363.54385
eval average episode rewards of agent2: -363.5131
eval average episode rewards of agent3: -363.55933
eval average episode rewards of agent4: -363.48676
eval average episode rewards of agent5: -363.4643
eval average episode rewards of agent6: -363.5712
eval average episode rewards of agent7: -363.5571
eval average episode rewards of agent8: -363.74542
eval average episode costs: Backlog: 96441.38, Inventory: 0.00, Maintenance: 98.78, Production: 2166.30, Setup: 1387.35, TOTAL: 100093.80

 Scenario BOSCH Algo rmappo Exp benchmark_24_8_4 updates 5905/6944 episodes, total num timesteps 1700928/2000000, FPS 71.


 Scenario BOSCH Algo rmappo Exp benchmark_24_8_4 updates 5910/6944 episodes, total num timesteps 1702368/2000000, FPS 71.


 Scenario BOSCH Algo rmappo Exp benchmark_24_8_4 updates 5915/6944 episodes, total num timesteps 1703808/2000000, FPS 71.


 Scenario BOSCH Algo rmappo Exp benchmark_24_8_4 updates 5920/6944 episodes, total num timesteps 1705248/2000000, FPS 71.


 Scenario BOSCH Algo rmappo Exp benchmark_24_8_4 updates 5925/6944 episodes, total num timesteps 1706688/2000000, FPS 71.


 Scenario BOSCH Algo rmappo Exp benchmark_24_8_4 updates 5930/6944 episodes, total num timesteps 1708128/2000000, FPS 71.


 Scenario BOSCH Algo rmappo Exp benchmark_24_8_4 updates 5935/6944 episodes, total num timesteps 1709568/2000000, FPS 71.


 Scenario BOSCH Algo rmappo Exp benchmark_24_8_4 updates 5940/6944 episodes, total num timesteps 1711008/2000000, FPS 71.


 Scenario BOSCH Algo rmappo Exp benchmark_24_8_4 updates 5945/6944 episodes, total num timesteps 1712448/2000000, FPS 71.


 Scenario BOSCH Algo rmappo Exp benchmark_24_8_4 updates 5950/6944 episodes, total num timesteps 1713888/2000000, FPS 71.


[EVAL] BOSCH MARL Inference Solving Time for 36 periods: 0.7937 seconds
eval average episode rewards of agent0: -378.85065
eval average episode rewards of agent1: -377.64813
eval average episode rewards of agent2: -377.62943
eval average episode rewards of agent3: -377.64728
eval average episode rewards of agent4: -377.64618
eval average episode rewards of agent5: -377.55463
eval average episode rewards of agent6: -377.7014
eval average episode rewards of agent7: -377.6645
eval average episode rewards of agent8: -377.76016
eval average episode costs: Backlog: 100024.91, Inventory: 0.00, Maintenance: 795.17, Production: 1684.06, Setup: 1049.14, TOTAL: 103553.30

 Scenario BOSCH Algo rmappo Exp benchmark_24_8_4 updates 5955/6944 episodes, total num timesteps 1715328/2000000, FPS 71.


 Scenario BOSCH Algo rmappo Exp benchmark_24_8_4 updates 5960/6944 episodes, total num timesteps 1716768/2000000, FPS 71.


 Scenario BOSCH Algo rmappo Exp benchmark_24_8_4 updates 5965/6944 episodes, total num timesteps 1718208/2000000, FPS 71.


 Scenario BOSCH Algo rmappo Exp benchmark_24_8_4 updates 5970/6944 episodes, total num timesteps 1719648/2000000, FPS 71.


 Scenario BOSCH Algo rmappo Exp benchmark_24_8_4 updates 5975/6944 episodes, total num timesteps 1721088/2000000, FPS 71.


 Scenario BOSCH Algo rmappo Exp benchmark_24_8_4 updates 5980/6944 episodes, total num timesteps 1722528/2000000, FPS 71.


 Scenario BOSCH Algo rmappo Exp benchmark_24_8_4 updates 5985/6944 episodes, total num timesteps 1723968/2000000, FPS 71.


 Scenario BOSCH Algo rmappo Exp benchmark_24_8_4 updates 5990/6944 episodes, total num timesteps 1725408/2000000, FPS 71.


 Scenario BOSCH Algo rmappo Exp benchmark_24_8_4 updates 5995/6944 episodes, total num timesteps 1726848/2000000, FPS 71.


 Scenario BOSCH Algo rmappo Exp benchmark_24_8_4 updates 6000/6944 episodes, total num timesteps 1728288/2000000, FPS 71.


[EVAL] BOSCH MARL Inference Solving Time for 36 periods: 1.0480 seconds
eval average episode rewards of agent0: -377.66745
eval average episode rewards of agent1: -376.60855
eval average episode rewards of agent2: -376.58392
eval average episode rewards of agent3: -376.61273
eval average episode rewards of agent4: -376.58804
eval average episode rewards of agent5: -376.50113
eval average episode rewards of agent6: -376.65244
eval average episode rewards of agent7: -376.61124
eval average episode rewards of agent8: -376.67496
eval average episode costs: Backlog: 99786.83, Inventory: 0.00, Maintenance: 777.83, Production: 1662.96, Setup: 926.46, TOTAL: 103154.08

 Scenario BOSCH Algo rmappo Exp benchmark_24_8_4 updates 6005/6944 episodes, total num timesteps 1729728/2000000, FPS 71.


 Scenario BOSCH Algo rmappo Exp benchmark_24_8_4 updates 6010/6944 episodes, total num timesteps 1731168/2000000, FPS 71.


 Scenario BOSCH Algo rmappo Exp benchmark_24_8_4 updates 6015/6944 episodes, total num timesteps 1732608/2000000, FPS 71.


 Scenario BOSCH Algo rmappo Exp benchmark_24_8_4 updates 6020/6944 episodes, total num timesteps 1734048/2000000, FPS 71.


 Scenario BOSCH Algo rmappo Exp benchmark_24_8_4 updates 6025/6944 episodes, total num timesteps 1735488/2000000, FPS 71.


 Scenario BOSCH Algo rmappo Exp benchmark_24_8_4 updates 6030/6944 episodes, total num timesteps 1736928/2000000, FPS 71.


 Scenario BOSCH Algo rmappo Exp benchmark_24_8_4 updates 6035/6944 episodes, total num timesteps 1738368/2000000, FPS 71.


 Scenario BOSCH Algo rmappo Exp benchmark_24_8_4 updates 6040/6944 episodes, total num timesteps 1739808/2000000, FPS 71.


 Scenario BOSCH Algo rmappo Exp benchmark_24_8_4 updates 6045/6944 episodes, total num timesteps 1741248/2000000, FPS 71.


 Scenario BOSCH Algo rmappo Exp benchmark_24_8_4 updates 6050/6944 episodes, total num timesteps 1742688/2000000, FPS 71.


[EVAL] BOSCH MARL Inference Solving Time for 36 periods: 1.0705 seconds
eval average episode rewards of agent0: -386.39807
eval average episode rewards of agent1: -385.78873
eval average episode rewards of agent2: -385.7728
eval average episode rewards of agent3: -385.83405
eval average episode rewards of agent4: -385.81595
eval average episode rewards of agent5: -385.61896
eval average episode rewards of agent6: -385.8487
eval average episode rewards of agent7: -385.76263
eval average episode rewards of agent8: -385.9248
eval average episode costs: Backlog: 102267.14, Inventory: 0.00, Maintenance: 803.50, Production: 1313.27, Setup: 659.46, TOTAL: 105043.36

 Scenario BOSCH Algo rmappo Exp benchmark_24_8_4 updates 6055/6944 episodes, total num timesteps 1744128/2000000, FPS 71.


 Scenario BOSCH Algo rmappo Exp benchmark_24_8_4 updates 6060/6944 episodes, total num timesteps 1745568/2000000, FPS 71.


 Scenario BOSCH Algo rmappo Exp benchmark_24_8_4 updates 6065/6944 episodes, total num timesteps 1747008/2000000, FPS 71.


 Scenario BOSCH Algo rmappo Exp benchmark_24_8_4 updates 6070/6944 episodes, total num timesteps 1748448/2000000, FPS 71.


 Scenario BOSCH Algo rmappo Exp benchmark_24_8_4 updates 6075/6944 episodes, total num timesteps 1749888/2000000, FPS 71.


 Scenario BOSCH Algo rmappo Exp benchmark_24_8_4 updates 6080/6944 episodes, total num timesteps 1751328/2000000, FPS 71.


 Scenario BOSCH Algo rmappo Exp benchmark_24_8_4 updates 6085/6944 episodes, total num timesteps 1752768/2000000, FPS 71.


 Scenario BOSCH Algo rmappo Exp benchmark_24_8_4 updates 6090/6944 episodes, total num timesteps 1754208/2000000, FPS 71.


 Scenario BOSCH Algo rmappo Exp benchmark_24_8_4 updates 6095/6944 episodes, total num timesteps 1755648/2000000, FPS 71.


 Scenario BOSCH Algo rmappo Exp benchmark_24_8_4 updates 6100/6944 episodes, total num timesteps 1757088/2000000, FPS 71.


[EVAL] BOSCH MARL Inference Solving Time for 36 periods: 1.6652 seconds
eval average episode rewards of agent0: -373.87177
eval average episode rewards of agent1: -372.65372
eval average episode rewards of agent2: -372.6527
eval average episode rewards of agent3: -372.6619
eval average episode rewards of agent4: -372.68573
eval average episode rewards of agent5: -372.56256
eval average episode rewards of agent6: -372.74738
eval average episode rewards of agent7: -372.6914
eval average episode rewards of agent8: -372.7572
eval average episode costs: Backlog: 98709.50, Inventory: 0.00, Maintenance: 784.96, Production: 1889.30, Setup: 1069.92, TOTAL: 102453.70

 Scenario BOSCH Algo rmappo Exp benchmark_24_8_4 updates 6105/6944 episodes, total num timesteps 1758528/2000000, FPS 71.


 Scenario BOSCH Algo rmappo Exp benchmark_24_8_4 updates 6110/6944 episodes, total num timesteps 1759968/2000000, FPS 71.


 Scenario BOSCH Algo rmappo Exp benchmark_24_8_4 updates 6115/6944 episodes, total num timesteps 1761408/2000000, FPS 71.


 Scenario BOSCH Algo rmappo Exp benchmark_24_8_4 updates 6120/6944 episodes, total num timesteps 1762848/2000000, FPS 71.


 Scenario BOSCH Algo rmappo Exp benchmark_24_8_4 updates 6125/6944 episodes, total num timesteps 1764288/2000000, FPS 71.


 Scenario BOSCH Algo rmappo Exp benchmark_24_8_4 updates 6130/6944 episodes, total num timesteps 1765728/2000000, FPS 71.


 Scenario BOSCH Algo rmappo Exp benchmark_24_8_4 updates 6135/6944 episodes, total num timesteps 1767168/2000000, FPS 71.


 Scenario BOSCH Algo rmappo Exp benchmark_24_8_4 updates 6140/6944 episodes, total num timesteps 1768608/2000000, FPS 71.


 Scenario BOSCH Algo rmappo Exp benchmark_24_8_4 updates 6145/6944 episodes, total num timesteps 1770048/2000000, FPS 71.


 Scenario BOSCH Algo rmappo Exp benchmark_24_8_4 updates 6150/6944 episodes, total num timesteps 1771488/2000000, FPS 71.


[EVAL] BOSCH MARL Inference Solving Time for 36 periods: 1.0072 seconds
eval average episode rewards of agent0: -383.90598
eval average episode rewards of agent1: -382.7998
eval average episode rewards of agent2: -382.80786
eval average episode rewards of agent3: -382.82578
eval average episode rewards of agent4: -382.82794
eval average episode rewards of agent5: -382.6914
eval average episode rewards of agent6: -382.86163
eval average episode rewards of agent7: -382.8059
eval average episode rewards of agent8: -382.88925
eval average episode costs: Backlog: 101338.16, Inventory: 0.00, Maintenance: 907.96, Production: 1579.41, Setup: 1069.34, TOTAL: 104894.86

 Scenario BOSCH Algo rmappo Exp benchmark_24_8_4 updates 6155/6944 episodes, total num timesteps 1772928/2000000, FPS 71.


 Scenario BOSCH Algo rmappo Exp benchmark_24_8_4 updates 6160/6944 episodes, total num timesteps 1774368/2000000, FPS 71.


 Scenario BOSCH Algo rmappo Exp benchmark_24_8_4 updates 6165/6944 episodes, total num timesteps 1775808/2000000, FPS 71.


 Scenario BOSCH Algo rmappo Exp benchmark_24_8_4 updates 6170/6944 episodes, total num timesteps 1777248/2000000, FPS 71.


 Scenario BOSCH Algo rmappo Exp benchmark_24_8_4 updates 6175/6944 episodes, total num timesteps 1778688/2000000, FPS 71.


 Scenario BOSCH Algo rmappo Exp benchmark_24_8_4 updates 6180/6944 episodes, total num timesteps 1780128/2000000, FPS 71.


 Scenario BOSCH Algo rmappo Exp benchmark_24_8_4 updates 6185/6944 episodes, total num timesteps 1781568/2000000, FPS 71.


 Scenario BOSCH Algo rmappo Exp benchmark_24_8_4 updates 6190/6944 episodes, total num timesteps 1783008/2000000, FPS 71.


 Scenario BOSCH Algo rmappo Exp benchmark_24_8_4 updates 6195/6944 episodes, total num timesteps 1784448/2000000, FPS 71.


 Scenario BOSCH Algo rmappo Exp benchmark_24_8_4 updates 6200/6944 episodes, total num timesteps 1785888/2000000, FPS 71.


[EVAL] BOSCH MARL Inference Solving Time for 36 periods: 1.0512 seconds
eval average episode rewards of agent0: -381.95798
eval average episode rewards of agent1: -381.00366
eval average episode rewards of agent2: -381.03143
eval average episode rewards of agent3: -381.05353
eval average episode rewards of agent4: -381.05127
eval average episode rewards of agent5: -380.91064
eval average episode rewards of agent6: -381.07376
eval average episode rewards of agent7: -381.0227
eval average episode rewards of agent8: -381.10992
eval average episode costs: Backlog: 100914.02, Inventory: 0.00, Maintenance: 905.40, Production: 1630.00, Setup: 900.48, TOTAL: 104349.89

 Scenario BOSCH Algo rmappo Exp benchmark_24_8_4 updates 6205/6944 episodes, total num timesteps 1787328/2000000, FPS 71.


 Scenario BOSCH Algo rmappo Exp benchmark_24_8_4 updates 6210/6944 episodes, total num timesteps 1788768/2000000, FPS 71.


 Scenario BOSCH Algo rmappo Exp benchmark_24_8_4 updates 6215/6944 episodes, total num timesteps 1790208/2000000, FPS 71.


 Scenario BOSCH Algo rmappo Exp benchmark_24_8_4 updates 6220/6944 episodes, total num timesteps 1791648/2000000, FPS 71.


 Scenario BOSCH Algo rmappo Exp benchmark_24_8_4 updates 6225/6944 episodes, total num timesteps 1793088/2000000, FPS 71.


 Scenario BOSCH Algo rmappo Exp benchmark_24_8_4 updates 6230/6944 episodes, total num timesteps 1794528/2000000, FPS 71.


 Scenario BOSCH Algo rmappo Exp benchmark_24_8_4 updates 6235/6944 episodes, total num timesteps 1795968/2000000, FPS 70.


 Scenario BOSCH Algo rmappo Exp benchmark_24_8_4 updates 6240/6944 episodes, total num timesteps 1797408/2000000, FPS 70.


 Scenario BOSCH Algo rmappo Exp benchmark_24_8_4 updates 6245/6944 episodes, total num timesteps 1798848/2000000, FPS 70.


 Scenario BOSCH Algo rmappo Exp benchmark_24_8_4 updates 6250/6944 episodes, total num timesteps 1800288/2000000, FPS 70.


[EVAL] BOSCH MARL Inference Solving Time for 36 periods: 1.1677 seconds
eval average episode rewards of agent0: -385.6398
eval average episode rewards of agent1: -384.77985
eval average episode rewards of agent2: -384.78912
eval average episode rewards of agent3: -384.836
eval average episode rewards of agent4: -384.83316
eval average episode rewards of agent5: -384.6488
eval average episode rewards of agent6: -384.8659
eval average episode rewards of agent7: -384.77594
eval average episode rewards of agent8: -384.8688
eval average episode costs: Backlog: 101858.77, Inventory: 0.00, Maintenance: 1114.91, Production: 1524.68, Setup: 845.15, TOTAL: 105343.50

 Scenario BOSCH Algo rmappo Exp benchmark_24_8_4 updates 6255/6944 episodes, total num timesteps 1801728/2000000, FPS 70.


 Scenario BOSCH Algo rmappo Exp benchmark_24_8_4 updates 6260/6944 episodes, total num timesteps 1803168/2000000, FPS 70.


 Scenario BOSCH Algo rmappo Exp benchmark_24_8_4 updates 6265/6944 episodes, total num timesteps 1804608/2000000, FPS 70.


 Scenario BOSCH Algo rmappo Exp benchmark_24_8_4 updates 6270/6944 episodes, total num timesteps 1806048/2000000, FPS 70.


 Scenario BOSCH Algo rmappo Exp benchmark_24_8_4 updates 6275/6944 episodes, total num timesteps 1807488/2000000, FPS 70.


 Scenario BOSCH Algo rmappo Exp benchmark_24_8_4 updates 6280/6944 episodes, total num timesteps 1808928/2000000, FPS 70.


 Scenario BOSCH Algo rmappo Exp benchmark_24_8_4 updates 6285/6944 episodes, total num timesteps 1810368/2000000, FPS 70.


 Scenario BOSCH Algo rmappo Exp benchmark_24_8_4 updates 6290/6944 episodes, total num timesteps 1811808/2000000, FPS 70.


 Scenario BOSCH Algo rmappo Exp benchmark_24_8_4 updates 6295/6944 episodes, total num timesteps 1813248/2000000, FPS 70.


 Scenario BOSCH Algo rmappo Exp benchmark_24_8_4 updates 6300/6944 episodes, total num timesteps 1814688/2000000, FPS 70.


[EVAL] BOSCH MARL Inference Solving Time for 36 periods: 1.0808 seconds
eval average episode rewards of agent0: -380.617
eval average episode rewards of agent1: -379.4898
eval average episode rewards of agent2: -379.49713
eval average episode rewards of agent3: -379.53864
eval average episode rewards of agent4: -379.53293
eval average episode rewards of agent5: -379.38617
eval average episode rewards of agent6: -379.55273
eval average episode rewards of agent7: -379.48257
eval average episode rewards of agent8: -379.5786
eval average episode costs: Backlog: 100457.66, Inventory: 0.00, Maintenance: 921.88, Production: 1776.81, Setup: 1081.07, TOTAL: 104237.42

 Scenario BOSCH Algo rmappo Exp benchmark_24_8_4 updates 6305/6944 episodes, total num timesteps 1816128/2000000, FPS 70.


 Scenario BOSCH Algo rmappo Exp benchmark_24_8_4 updates 6310/6944 episodes, total num timesteps 1817568/2000000, FPS 70.


 Scenario BOSCH Algo rmappo Exp benchmark_24_8_4 updates 6315/6944 episodes, total num timesteps 1819008/2000000, FPS 70.


 Scenario BOSCH Algo rmappo Exp benchmark_24_8_4 updates 6320/6944 episodes, total num timesteps 1820448/2000000, FPS 70.


 Scenario BOSCH Algo rmappo Exp benchmark_24_8_4 updates 6325/6944 episodes, total num timesteps 1821888/2000000, FPS 70.


 Scenario BOSCH Algo rmappo Exp benchmark_24_8_4 updates 6330/6944 episodes, total num timesteps 1823328/2000000, FPS 70.


 Scenario BOSCH Algo rmappo Exp benchmark_24_8_4 updates 6335/6944 episodes, total num timesteps 1824768/2000000, FPS 70.


 Scenario BOSCH Algo rmappo Exp benchmark_24_8_4 updates 6340/6944 episodes, total num timesteps 1826208/2000000, FPS 70.


 Scenario BOSCH Algo rmappo Exp benchmark_24_8_4 updates 6345/6944 episodes, total num timesteps 1827648/2000000, FPS 70.


 Scenario BOSCH Algo rmappo Exp benchmark_24_8_4 updates 6350/6944 episodes, total num timesteps 1829088/2000000, FPS 70.


[EVAL] BOSCH MARL Inference Solving Time for 36 periods: 0.9675 seconds
eval average episode rewards of agent0: -373.23898
eval average episode rewards of agent1: -371.8412
eval average episode rewards of agent2: -371.86102
eval average episode rewards of agent3: -371.8979
eval average episode rewards of agent4: -371.8349
eval average episode rewards of agent5: -371.72665
eval average episode rewards of agent6: -371.91113
eval average episode rewards of agent7: -371.86807
eval average episode rewards of agent8: -371.89008
eval average episode costs: Backlog: 98527.19, Inventory: 0.00, Maintenance: 663.82, Production: 1802.40, Setup: 1099.61, TOTAL: 102093.02

 Scenario BOSCH Algo rmappo Exp benchmark_24_8_4 updates 6355/6944 episodes, total num timesteps 1830528/2000000, FPS 70.


 Scenario BOSCH Algo rmappo Exp benchmark_24_8_4 updates 6360/6944 episodes, total num timesteps 1831968/2000000, FPS 70.


 Scenario BOSCH Algo rmappo Exp benchmark_24_8_4 updates 6365/6944 episodes, total num timesteps 1833408/2000000, FPS 70.


 Scenario BOSCH Algo rmappo Exp benchmark_24_8_4 updates 6370/6944 episodes, total num timesteps 1834848/2000000, FPS 70.


 Scenario BOSCH Algo rmappo Exp benchmark_24_8_4 updates 6375/6944 episodes, total num timesteps 1836288/2000000, FPS 70.


 Scenario BOSCH Algo rmappo Exp benchmark_24_8_4 updates 6380/6944 episodes, total num timesteps 1837728/2000000, FPS 70.


 Scenario BOSCH Algo rmappo Exp benchmark_24_8_4 updates 6385/6944 episodes, total num timesteps 1839168/2000000, FPS 70.


 Scenario BOSCH Algo rmappo Exp benchmark_24_8_4 updates 6390/6944 episodes, total num timesteps 1840608/2000000, FPS 70.


 Scenario BOSCH Algo rmappo Exp benchmark_24_8_4 updates 6395/6944 episodes, total num timesteps 1842048/2000000, FPS 70.


 Scenario BOSCH Algo rmappo Exp benchmark_24_8_4 updates 6400/6944 episodes, total num timesteps 1843488/2000000, FPS 70.


[EVAL] BOSCH MARL Inference Solving Time for 36 periods: 1.3010 seconds
eval average episode rewards of agent0: -384.00592
eval average episode rewards of agent1: -383.1652
eval average episode rewards of agent2: -383.18793
eval average episode rewards of agent3: -383.2309
eval average episode rewards of agent4: -383.2308
eval average episode rewards of agent5: -383.03387
eval average episode rewards of agent6: -383.26492
eval average episode rewards of agent7: -383.1767
eval average episode rewards of agent8: -383.248
eval average episode costs: Backlog: 101441.80, Inventory: 0.00, Maintenance: 1120.18, Production: 1553.76, Setup: 818.76, TOTAL: 104934.48

 Scenario BOSCH Algo rmappo Exp benchmark_24_8_4 updates 6405/6944 episodes, total num timesteps 1844928/2000000, FPS 70.


 Scenario BOSCH Algo rmappo Exp benchmark_24_8_4 updates 6410/6944 episodes, total num timesteps 1846368/2000000, FPS 70.


 Scenario BOSCH Algo rmappo Exp benchmark_24_8_4 updates 6415/6944 episodes, total num timesteps 1847808/2000000, FPS 70.


 Scenario BOSCH Algo rmappo Exp benchmark_24_8_4 updates 6420/6944 episodes, total num timesteps 1849248/2000000, FPS 70.


 Scenario BOSCH Algo rmappo Exp benchmark_24_8_4 updates 6425/6944 episodes, total num timesteps 1850688/2000000, FPS 70.


 Scenario BOSCH Algo rmappo Exp benchmark_24_8_4 updates 6430/6944 episodes, total num timesteps 1852128/2000000, FPS 70.


 Scenario BOSCH Algo rmappo Exp benchmark_24_8_4 updates 6435/6944 episodes, total num timesteps 1853568/2000000, FPS 70.


 Scenario BOSCH Algo rmappo Exp benchmark_24_8_4 updates 6440/6944 episodes, total num timesteps 1855008/2000000, FPS 70.


 Scenario BOSCH Algo rmappo Exp benchmark_24_8_4 updates 6445/6944 episodes, total num timesteps 1856448/2000000, FPS 70.


 Scenario BOSCH Algo rmappo Exp benchmark_24_8_4 updates 6450/6944 episodes, total num timesteps 1857888/2000000, FPS 70.


[EVAL] BOSCH MARL Inference Solving Time for 36 periods: 1.2752 seconds
eval average episode rewards of agent0: -382.84158
eval average episode rewards of agent1: -381.9167
eval average episode rewards of agent2: -381.94736
eval average episode rewards of agent3: -382.002
eval average episode rewards of agent4: -381.9761
eval average episode rewards of agent5: -381.80975
eval average episode rewards of agent6: -382.0312
eval average episode rewards of agent7: -381.93475
eval average episode rewards of agent8: -382.00986
eval average episode costs: Backlog: 101092.90, Inventory: 0.00, Maintenance: 1124.60, Production: 1673.07, Setup: 888.03, TOTAL: 104778.59

 Scenario BOSCH Algo rmappo Exp benchmark_24_8_4 updates 6455/6944 episodes, total num timesteps 1859328/2000000, FPS 70.


 Scenario BOSCH Algo rmappo Exp benchmark_24_8_4 updates 6460/6944 episodes, total num timesteps 1860768/2000000, FPS 70.


 Scenario BOSCH Algo rmappo Exp benchmark_24_8_4 updates 6465/6944 episodes, total num timesteps 1862208/2000000, FPS 70.


 Scenario BOSCH Algo rmappo Exp benchmark_24_8_4 updates 6470/6944 episodes, total num timesteps 1863648/2000000, FPS 70.


 Scenario BOSCH Algo rmappo Exp benchmark_24_8_4 updates 6475/6944 episodes, total num timesteps 1865088/2000000, FPS 70.


 Scenario BOSCH Algo rmappo Exp benchmark_24_8_4 updates 6480/6944 episodes, total num timesteps 1866528/2000000, FPS 70.


 Scenario BOSCH Algo rmappo Exp benchmark_24_8_4 updates 6485/6944 episodes, total num timesteps 1867968/2000000, FPS 70.


 Scenario BOSCH Algo rmappo Exp benchmark_24_8_4 updates 6490/6944 episodes, total num timesteps 1869408/2000000, FPS 70.


 Scenario BOSCH Algo rmappo Exp benchmark_24_8_4 updates 6495/6944 episodes, total num timesteps 1870848/2000000, FPS 70.


 Scenario BOSCH Algo rmappo Exp benchmark_24_8_4 updates 6500/6944 episodes, total num timesteps 1872288/2000000, FPS 70.


[EVAL] BOSCH MARL Inference Solving Time for 36 periods: 0.9019 seconds
eval average episode rewards of agent0: -385.61908
eval average episode rewards of agent1: -384.8186
eval average episode rewards of agent2: -384.841
eval average episode rewards of agent3: -384.8631
eval average episode rewards of agent4: -384.8576
eval average episode rewards of agent5: -384.71848
eval average episode rewards of agent6: -384.90326
eval average episode rewards of agent7: -384.8326
eval average episode rewards of agent8: -384.89175
eval average episode costs: Backlog: 101845.10, Inventory: 0.00, Maintenance: 1237.53, Production: 1535.81, Setup: 797.65, TOTAL: 105416.10

 Scenario BOSCH Algo rmappo Exp benchmark_24_8_4 updates 6505/6944 episodes, total num timesteps 1873728/2000000, FPS 70.


 Scenario BOSCH Algo rmappo Exp benchmark_24_8_4 updates 6510/6944 episodes, total num timesteps 1875168/2000000, FPS 70.


 Scenario BOSCH Algo rmappo Exp benchmark_24_8_4 updates 6515/6944 episodes, total num timesteps 1876608/2000000, FPS 70.


 Scenario BOSCH Algo rmappo Exp benchmark_24_8_4 updates 6520/6944 episodes, total num timesteps 1878048/2000000, FPS 70.


 Scenario BOSCH Algo rmappo Exp benchmark_24_8_4 updates 6525/6944 episodes, total num timesteps 1879488/2000000, FPS 70.


 Scenario BOSCH Algo rmappo Exp benchmark_24_8_4 updates 6530/6944 episodes, total num timesteps 1880928/2000000, FPS 70.


 Scenario BOSCH Algo rmappo Exp benchmark_24_8_4 updates 6535/6944 episodes, total num timesteps 1882368/2000000, FPS 70.


 Scenario BOSCH Algo rmappo Exp benchmark_24_8_4 updates 6540/6944 episodes, total num timesteps 1883808/2000000, FPS 70.


 Scenario BOSCH Algo rmappo Exp benchmark_24_8_4 updates 6545/6944 episodes, total num timesteps 1885248/2000000, FPS 70.


 Scenario BOSCH Algo rmappo Exp benchmark_24_8_4 updates 6550/6944 episodes, total num timesteps 1886688/2000000, FPS 70.


[EVAL] BOSCH MARL Inference Solving Time for 36 periods: 1.2371 seconds
eval average episode rewards of agent0: -386.02472
eval average episode rewards of agent1: -385.24237
eval average episode rewards of agent2: -385.28677
eval average episode rewards of agent3: -385.3185
eval average episode rewards of agent4: -385.28668
eval average episode rewards of agent5: -385.1887
eval average episode rewards of agent6: -385.33603
eval average episode rewards of agent7: -385.2722
eval average episode rewards of agent8: -385.34418
eval average episode costs: Backlog: 101970.08, Inventory: 0.00, Maintenance: 1250.32, Production: 1476.89, Setup: 759.30, TOTAL: 105456.59

 Scenario BOSCH Algo rmappo Exp benchmark_24_8_4 updates 6555/6944 episodes, total num timesteps 1888128/2000000, FPS 70.


 Scenario BOSCH Algo rmappo Exp benchmark_24_8_4 updates 6560/6944 episodes, total num timesteps 1889568/2000000, FPS 70.


 Scenario BOSCH Algo rmappo Exp benchmark_24_8_4 updates 6565/6944 episodes, total num timesteps 1891008/2000000, FPS 70.


 Scenario BOSCH Algo rmappo Exp benchmark_24_8_4 updates 6570/6944 episodes, total num timesteps 1892448/2000000, FPS 70.


 Scenario BOSCH Algo rmappo Exp benchmark_24_8_4 updates 6575/6944 episodes, total num timesteps 1893888/2000000, FPS 70.


 Scenario BOSCH Algo rmappo Exp benchmark_24_8_4 updates 6580/6944 episodes, total num timesteps 1895328/2000000, FPS 70.


 Scenario BOSCH Algo rmappo Exp benchmark_24_8_4 updates 6585/6944 episodes, total num timesteps 1896768/2000000, FPS 70.


 Scenario BOSCH Algo rmappo Exp benchmark_24_8_4 updates 6590/6944 episodes, total num timesteps 1898208/2000000, FPS 70.


 Scenario BOSCH Algo rmappo Exp benchmark_24_8_4 updates 6595/6944 episodes, total num timesteps 1899648/2000000, FPS 70.


 Scenario BOSCH Algo rmappo Exp benchmark_24_8_4 updates 6600/6944 episodes, total num timesteps 1901088/2000000, FPS 70.


[EVAL] BOSCH MARL Inference Solving Time for 36 periods: 1.3672 seconds
eval average episode rewards of agent0: -377.12476
eval average episode rewards of agent1: -375.97552
eval average episode rewards of agent2: -376.02475
eval average episode rewards of agent3: -376.06607
eval average episode rewards of agent4: -375.97833
eval average episode rewards of agent5: -375.89288
eval average episode rewards of agent6: -376.07574
eval average episode rewards of agent7: -376.0212
eval average episode rewards of agent8: -376.08954
eval average episode costs: Backlog: 99551.48, Inventory: 0.00, Maintenance: 897.78, Production: 1880.09, Setup: 1056.50, TOTAL: 103385.87

 Scenario BOSCH Algo rmappo Exp benchmark_24_8_4 updates 6605/6944 episodes, total num timesteps 1902528/2000000, FPS 70.


 Scenario BOSCH Algo rmappo Exp benchmark_24_8_4 updates 6610/6944 episodes, total num timesteps 1903968/2000000, FPS 70.


 Scenario BOSCH Algo rmappo Exp benchmark_24_8_4 updates 6615/6944 episodes, total num timesteps 1905408/2000000, FPS 70.


 Scenario BOSCH Algo rmappo Exp benchmark_24_8_4 updates 6620/6944 episodes, total num timesteps 1906848/2000000, FPS 70.


 Scenario BOSCH Algo rmappo Exp benchmark_24_8_4 updates 6625/6944 episodes, total num timesteps 1908288/2000000, FPS 70.


 Scenario BOSCH Algo rmappo Exp benchmark_24_8_4 updates 6630/6944 episodes, total num timesteps 1909728/2000000, FPS 70.


 Scenario BOSCH Algo rmappo Exp benchmark_24_8_4 updates 6635/6944 episodes, total num timesteps 1911168/2000000, FPS 70.


 Scenario BOSCH Algo rmappo Exp benchmark_24_8_4 updates 6640/6944 episodes, total num timesteps 1912608/2000000, FPS 70.


 Scenario BOSCH Algo rmappo Exp benchmark_24_8_4 updates 6645/6944 episodes, total num timesteps 1914048/2000000, FPS 70.


 Scenario BOSCH Algo rmappo Exp benchmark_24_8_4 updates 6650/6944 episodes, total num timesteps 1915488/2000000, FPS 70.


[EVAL] BOSCH MARL Inference Solving Time for 36 periods: 1.0509 seconds
eval average episode rewards of agent0: -386.28387
eval average episode rewards of agent1: -385.60785
eval average episode rewards of agent2: -385.64993
eval average episode rewards of agent3: -385.67468
eval average episode rewards of agent4: -385.61176
eval average episode rewards of agent5: -385.55344
eval average episode rewards of agent6: -385.70285
eval average episode rewards of agent7: -385.62418
eval average episode rewards of agent8: -385.70642
eval average episode costs: Backlog: 102096.51, Inventory: 0.00, Maintenance: 1244.42, Production: 1354.56, Setup: 653.24, TOTAL: 105348.73

 Scenario BOSCH Algo rmappo Exp benchmark_24_8_4 updates 6655/6944 episodes, total num timesteps 1916928/2000000, FPS 70.


 Scenario BOSCH Algo rmappo Exp benchmark_24_8_4 updates 6660/6944 episodes, total num timesteps 1918368/2000000, FPS 70.


 Scenario BOSCH Algo rmappo Exp benchmark_24_8_4 updates 6665/6944 episodes, total num timesteps 1919808/2000000, FPS 70.


 Scenario BOSCH Algo rmappo Exp benchmark_24_8_4 updates 6670/6944 episodes, total num timesteps 1921248/2000000, FPS 70.


 Scenario BOSCH Algo rmappo Exp benchmark_24_8_4 updates 6675/6944 episodes, total num timesteps 1922688/2000000, FPS 70.


 Scenario BOSCH Algo rmappo Exp benchmark_24_8_4 updates 6680/6944 episodes, total num timesteps 1924128/2000000, FPS 70.


 Scenario BOSCH Algo rmappo Exp benchmark_24_8_4 updates 6685/6944 episodes, total num timesteps 1925568/2000000, FPS 70.


 Scenario BOSCH Algo rmappo Exp benchmark_24_8_4 updates 6690/6944 episodes, total num timesteps 1927008/2000000, FPS 70.


 Scenario BOSCH Algo rmappo Exp benchmark_24_8_4 updates 6695/6944 episodes, total num timesteps 1928448/2000000, FPS 70.


 Scenario BOSCH Algo rmappo Exp benchmark_24_8_4 updates 6700/6944 episodes, total num timesteps 1929888/2000000, FPS 70.


[EVAL] BOSCH MARL Inference Solving Time for 36 periods: 1.0508 seconds
eval average episode rewards of agent0: -383.7813
eval average episode rewards of agent1: -383.04962
eval average episode rewards of agent2: -383.09805
eval average episode rewards of agent3: -383.14502
eval average episode rewards of agent4: -383.0694
eval average episode rewards of agent5: -382.96646
eval average episode rewards of agent6: -383.1473
eval average episode rewards of agent7: -383.08774
eval average episode rewards of agent8: -383.1483
eval average episode costs: Backlog: 101421.31, Inventory: 0.00, Maintenance: 1196.47, Production: 1534.58, Setup: 706.76, TOTAL: 104859.11

 Scenario BOSCH Algo rmappo Exp benchmark_24_8_4 updates 6705/6944 episodes, total num timesteps 1931328/2000000, FPS 70.


 Scenario BOSCH Algo rmappo Exp benchmark_24_8_4 updates 6710/6944 episodes, total num timesteps 1932768/2000000, FPS 70.


 Scenario BOSCH Algo rmappo Exp benchmark_24_8_4 updates 6715/6944 episodes, total num timesteps 1934208/2000000, FPS 70.


 Scenario BOSCH Algo rmappo Exp benchmark_24_8_4 updates 6720/6944 episodes, total num timesteps 1935648/2000000, FPS 70.


 Scenario BOSCH Algo rmappo Exp benchmark_24_8_4 updates 6725/6944 episodes, total num timesteps 1937088/2000000, FPS 70.


 Scenario BOSCH Algo rmappo Exp benchmark_24_8_4 updates 6730/6944 episodes, total num timesteps 1938528/2000000, FPS 70.


 Scenario BOSCH Algo rmappo Exp benchmark_24_8_4 updates 6735/6944 episodes, total num timesteps 1939968/2000000, FPS 70.


 Scenario BOSCH Algo rmappo Exp benchmark_24_8_4 updates 6740/6944 episodes, total num timesteps 1941408/2000000, FPS 70.


 Scenario BOSCH Algo rmappo Exp benchmark_24_8_4 updates 6745/6944 episodes, total num timesteps 1942848/2000000, FPS 70.


 Scenario BOSCH Algo rmappo Exp benchmark_24_8_4 updates 6750/6944 episodes, total num timesteps 1944288/2000000, FPS 70.


[EVAL] BOSCH MARL Inference Solving Time for 36 periods: 0.9406 seconds
eval average episode rewards of agent0: -387.499
eval average episode rewards of agent1: -386.8122
eval average episode rewards of agent2: -386.85373
eval average episode rewards of agent3: -386.88553
eval average episode rewards of agent4: -386.8304
eval average episode rewards of agent5: -386.72998
eval average episode rewards of agent6: -386.91248
eval average episode rewards of agent7: -386.84268
eval average episode rewards of agent8: -386.9209
eval average episode costs: Backlog: 102425.59, Inventory: 0.00, Maintenance: 1203.22, Production: 1308.77, Setup: 657.91, TOTAL: 105595.50

 Scenario BOSCH Algo rmappo Exp benchmark_24_8_4 updates 6755/6944 episodes, total num timesteps 1945728/2000000, FPS 70.


 Scenario BOSCH Algo rmappo Exp benchmark_24_8_4 updates 6760/6944 episodes, total num timesteps 1947168/2000000, FPS 70.


 Scenario BOSCH Algo rmappo Exp benchmark_24_8_4 updates 6765/6944 episodes, total num timesteps 1948608/2000000, FPS 70.


 Scenario BOSCH Algo rmappo Exp benchmark_24_8_4 updates 6770/6944 episodes, total num timesteps 1950048/2000000, FPS 70.


 Scenario BOSCH Algo rmappo Exp benchmark_24_8_4 updates 6775/6944 episodes, total num timesteps 1951488/2000000, FPS 70.


 Scenario BOSCH Algo rmappo Exp benchmark_24_8_4 updates 6780/6944 episodes, total num timesteps 1952928/2000000, FPS 70.


 Scenario BOSCH Algo rmappo Exp benchmark_24_8_4 updates 6785/6944 episodes, total num timesteps 1954368/2000000, FPS 70.


 Scenario BOSCH Algo rmappo Exp benchmark_24_8_4 updates 6790/6944 episodes, total num timesteps 1955808/2000000, FPS 70.


 Scenario BOSCH Algo rmappo Exp benchmark_24_8_4 updates 6795/6944 episodes, total num timesteps 1957248/2000000, FPS 70.


 Scenario BOSCH Algo rmappo Exp benchmark_24_8_4 updates 6800/6944 episodes, total num timesteps 1958688/2000000, FPS 70.


[EVAL] BOSCH MARL Inference Solving Time for 36 periods: 1.2592 seconds
eval average episode rewards of agent0: -387.63882
eval average episode rewards of agent1: -387.0213
eval average episode rewards of agent2: -387.0663
eval average episode rewards of agent3: -387.09644
eval average episode rewards of agent4: -387.04224
eval average episode rewards of agent5: -386.93585
eval average episode rewards of agent6: -387.13345
eval average episode rewards of agent7: -387.04398
eval average episode rewards of agent8: -387.129
eval average episode costs: Backlog: 102499.38, Inventory: 0.00, Maintenance: 1203.25, Production: 1296.12, Setup: 588.06, TOTAL: 105586.81

 Scenario BOSCH Algo rmappo Exp benchmark_24_8_4 updates 6805/6944 episodes, total num timesteps 1960128/2000000, FPS 70.


 Scenario BOSCH Algo rmappo Exp benchmark_24_8_4 updates 6810/6944 episodes, total num timesteps 1961568/2000000, FPS 70.


 Scenario BOSCH Algo rmappo Exp benchmark_24_8_4 updates 6815/6944 episodes, total num timesteps 1963008/2000000, FPS 70.

wandb-core(82513) MallocStackLogging: can't turn off malloc stack logging because it was not enabled.
wandb-core(82600) MallocStackLogging: can't turn off malloc stack logging because it was not enabled.
wandb-core(82684) MallocStackLogging: can't turn off malloc stack logging because it was not enabled.
wandb-core(82776) MallocStackLogging: can't turn off malloc stack logging because it was not enabled.
wandb-core(82788) MallocStackLogging: can't turn off malloc stack logging because it was not enabled.
wandb-core(83401) MallocStackLogging: can't turn off malloc stack logging because it was not enabled.
wandb-core(83496) MallocStackLogging: can't turn off malloc stack logging because it was not enabled.
wandb-core(83659) MallocStackLogging: can't turn off malloc stack logging because it was not enabled.
wandb-core(83675) MallocStackLogging: can't turn off malloc stack logging because it was not enabled.
wandb-core(83845) MallocStackLogging: can't turn off malloc stack logging because it was not enabled.
wandb-core(83965) MallocStackLogging: can't turn off malloc stack logging because it was not enabled.
wandb-core(84172) MallocStackLogging: can't turn off malloc stack logging because it was not enabled.
wandb-core(84183) MallocStackLogging: can't turn off malloc stack logging because it was not enabled.
wandb-core(84272) MallocStackLogging: can't turn off malloc stack logging because it was not enabled.
wandb-core(84352) MallocStackLogging: can't turn off malloc stack logging because it was not enabled.
wandb-core(84434) MallocStackLogging: can't turn off malloc stack logging because it was not enabled.
wandb-core(84665) MallocStackLogging: can't turn off malloc stack logging because it was not enabled.
wandb-core(85236) MallocStackLogging: can't turn off malloc stack logging because it was not enabled.

############################################################
# Running benchmark P=23 L=8 T=4  skip_train=False
############################################################


############################################################
# Running benchmark P=24 L=8 T=4  skip_train=False
############################################################


ERROR: benchmark 24_8_4 failed. Stopping.

====================================================================================================
                               OVERALL SUMMARY — ALL LARGE BENCHMARKS                               
====================================================================================================
Benchmark       n   RH2 Mean     S1+2+3         S1   S1+2+3/RH2   S1/RH2    T_RH2   T_S123    T_S1
----------------------------------------------------------------------------------------------------
23_8_4         no valid results
24_8_4         no valid results
25_8_4            —
26_9_4            —
27_9_4            —
28_9_4            —
29_10_4            —
30_10_4            —
31_10_4            —
