wandb: [wandb.login()] Loaded credentials for https://api.wandb.ai from /Users/nhi/.netrc.
wandb: Currently logged in as: tntvan-iac (tntvan-iac-instagram) to https://api.wandb.ai. Use `wandb login --relogin` to force relogin
wandb: WARNING Using a boolean value for 'reinit' is deprecated. Use 'return_previous' or 'finish_previous' instead.
wandb: setting up run fgjtcy4r
wandb: Tracking run with wandb version 0.26.1
wandb: Run data is saved locally in results/BOSCH/rmappo/benchmark_24_8_4/wandb/run-20260528_003228-fgjtcy4r
wandb: Run `wandb offline` to turn off syncing.
wandb: Syncing run rmappo_benchmark_24_8_4_seed1
wandb: ⭐️ View project at https://wandb.ai/tntvan-iac-instagram/BOSCH
wandb: 🚀 View run at https://wandb.ai/tntvan-iac-instagram/BOSCH/runs/fgjtcy4r

============================================================
STEP 1: Training P=24 L=8 T=4  kill_switch=20  num_env_steps=3000000
============================================================
BOSCH: using multiprocessing start_method='fork' on macOS.
share_observation_space:  [Box(-inf, inf, (8289,), float32), Box(-inf, inf, (8289,), float32), Box(-inf, inf, (8289,), float32), Box(-inf, inf, (8289,), float32), Box(-inf, inf, (8289,), float32), Box(-inf, inf, (8289,), float32), Box(-inf, inf, (8289,), float32), Box(-inf, inf, (8289,), float32), Box(-inf, inf, (8289,), float32)]
observation_space:  [Box(-inf, inf, (921,), float32), Box(-inf, inf, (921,), float32), Box(-inf, inf, (921,), float32), Box(-inf, inf, (921,), float32), Box(-inf, inf, (921,), float32), Box(-inf, inf, (921,), float32), Box(-inf, inf, (921,), float32), Box(-inf, inf, (921,), float32), Box(-inf, inf, (921,), float32)]
action_space:  [MultiDiscrete192, Discrete(26), Discrete(26), Discrete(26), Discrete(26), Discrete(26), Discrete(26), Discrete(26), Discrete(26)]
Using shared machine policy: agent 0 separate; agents 1..8 share.

 Scenario BOSCH Algo rmappo Exp benchmark_24_8_4 updates 0/10416 episodes, total num timesteps 288/3000000, FPS 49.


[EVAL] BOSCH MARL Inference Solving Time for 36 periods: 1.8629 seconds
eval average episode rewards of agent0: -335.91107
eval average episode rewards of agent1: -332.33496
eval average episode rewards of agent2: -332.2394
eval average episode rewards of agent3: -332.33408
eval average episode rewards of agent4: -332.2951
eval average episode rewards of agent5: -332.3338
eval average episode rewards of agent6: -332.1967
eval average episode rewards of agent7: -332.39893
eval average episode rewards of agent8: -332.3384
eval average episode costs: Backlog: 87882.30, Inventory: 0.00, Maintenance: 20.06, Production: 2585.19, Setup: 2793.64, TOTAL: 93281.20

 Scenario BOSCH Algo rmappo Exp benchmark_24_8_4 updates 5/10416 episodes, total num timesteps 1728/3000000, FPS 46.


 Scenario BOSCH Algo rmappo Exp benchmark_24_8_4 updates 10/10416 episodes, total num timesteps 3168/3000000, FPS 47.


 Scenario BOSCH Algo rmappo Exp benchmark_24_8_4 updates 15/10416 episodes, total num timesteps 4608/3000000, FPS 43.


 Scenario BOSCH Algo rmappo Exp benchmark_24_8_4 updates 20/10416 episodes, total num timesteps 6048/3000000, FPS 41.


 Scenario BOSCH Algo rmappo Exp benchmark_24_8_4 updates 25/10416 episodes, total num timesteps 7488/3000000, FPS 40.


 Scenario BOSCH Algo rmappo Exp benchmark_24_8_4 updates 30/10416 episodes, total num timesteps 8928/3000000, FPS 40.


 Scenario BOSCH Algo rmappo Exp benchmark_24_8_4 updates 35/10416 episodes, total num timesteps 10368/3000000, FPS 40.


 Scenario BOSCH Algo rmappo Exp benchmark_24_8_4 updates 40/10416 episodes, total num timesteps 11808/3000000, FPS 42.


 Scenario BOSCH Algo rmappo Exp benchmark_24_8_4 updates 45/10416 episodes, total num timesteps 13248/3000000, FPS 44.


 Scenario BOSCH Algo rmappo Exp benchmark_24_8_4 updates 50/10416 episodes, total num timesteps 14688/3000000, FPS 46.


[EVAL] BOSCH MARL Inference Solving Time for 36 periods: 1.3398 seconds
eval average episode rewards of agent0: -363.81616
eval average episode rewards of agent1: -362.1789
eval average episode rewards of agent2: -362.28918
eval average episode rewards of agent3: -362.26477
eval average episode rewards of agent4: -362.19095
eval average episode rewards of agent5: -362.2425
eval average episode rewards of agent6: -362.2289
eval average episode rewards of agent7: -362.26358
eval average episode rewards of agent8: -362.28833
eval average episode costs: Backlog: 96021.98, Inventory: 0.00, Maintenance: 505.98, Production: 1471.43, Setup: 1266.10, TOTAL: 99265.48

 Scenario BOSCH Algo rmappo Exp benchmark_24_8_4 updates 55/10416 episodes, total num timesteps 16128/3000000, FPS 47.


 Scenario BOSCH Algo rmappo Exp benchmark_24_8_4 updates 60/10416 episodes, total num timesteps 17568/3000000, FPS 48.


 Scenario BOSCH Algo rmappo Exp benchmark_24_8_4 updates 65/10416 episodes, total num timesteps 19008/3000000, FPS 50.


 Scenario BOSCH Algo rmappo Exp benchmark_24_8_4 updates 70/10416 episodes, total num timesteps 20448/3000000, FPS 51.


 Scenario BOSCH Algo rmappo Exp benchmark_24_8_4 updates 75/10416 episodes, total num timesteps 21888/3000000, FPS 52.


 Scenario BOSCH Algo rmappo Exp benchmark_24_8_4 updates 80/10416 episodes, total num timesteps 23328/3000000, FPS 53.


 Scenario BOSCH Algo rmappo Exp benchmark_24_8_4 updates 85/10416 episodes, total num timesteps 24768/3000000, FPS 53.


 Scenario BOSCH Algo rmappo Exp benchmark_24_8_4 updates 90/10416 episodes, total num timesteps 26208/3000000, FPS 54.


 Scenario BOSCH Algo rmappo Exp benchmark_24_8_4 updates 95/10416 episodes, total num timesteps 27648/3000000, FPS 55.


 Scenario BOSCH Algo rmappo Exp benchmark_24_8_4 updates 100/10416 episodes, total num timesteps 29088/3000000, FPS 56.


[EVAL] BOSCH MARL Inference Solving Time for 36 periods: 1.2027 seconds
eval average episode rewards of agent0: -353.77518
eval average episode rewards of agent1: -351.654
eval average episode rewards of agent2: -351.62613
eval average episode rewards of agent3: -351.57947
eval average episode rewards of agent4: -351.61935
eval average episode rewards of agent5: -351.6654
eval average episode rewards of agent6: -351.6513
eval average episode rewards of agent7: -351.63394
eval average episode rewards of agent8: -351.66953
eval average episode costs: Backlog: 93006.30, Inventory: 0.00, Maintenance: 680.68, Production: 2053.39, Setup: 1871.64, TOTAL: 97612.02

 Scenario BOSCH Algo rmappo Exp benchmark_24_8_4 updates 105/10416 episodes, total num timesteps 30528/3000000, FPS 56.


 Scenario BOSCH Algo rmappo Exp benchmark_24_8_4 updates 110/10416 episodes, total num timesteps 31968/3000000, FPS 57.


 Scenario BOSCH Algo rmappo Exp benchmark_24_8_4 updates 115/10416 episodes, total num timesteps 33408/3000000, FPS 57.


 Scenario BOSCH Algo rmappo Exp benchmark_24_8_4 updates 120/10416 episodes, total num timesteps 34848/3000000, FPS 58.


 Scenario BOSCH Algo rmappo Exp benchmark_24_8_4 updates 125/10416 episodes, total num timesteps 36288/3000000, FPS 59.


 Scenario BOSCH Algo rmappo Exp benchmark_24_8_4 updates 130/10416 episodes, total num timesteps 37728/3000000, FPS 59.


 Scenario BOSCH Algo rmappo Exp benchmark_24_8_4 updates 135/10416 episodes, total num timesteps 39168/3000000, FPS 59.


 Scenario BOSCH Algo rmappo Exp benchmark_24_8_4 updates 140/10416 episodes, total num timesteps 40608/3000000, FPS 60.


 Scenario BOSCH Algo rmappo Exp benchmark_24_8_4 updates 145/10416 episodes, total num timesteps 42048/3000000, FPS 60.


 Scenario BOSCH Algo rmappo Exp benchmark_24_8_4 updates 150/10416 episodes, total num timesteps 43488/3000000, FPS 61.


[EVAL] BOSCH MARL Inference Solving Time for 36 periods: 1.1206 seconds
eval average episode rewards of agent0: -361.09653
eval average episode rewards of agent1: -359.3754
eval average episode rewards of agent2: -359.36954
eval average episode rewards of agent3: -359.45148
eval average episode rewards of agent4: -359.3534
eval average episode rewards of agent5: -359.4424
eval average episode rewards of agent6: -359.42264
eval average episode rewards of agent7: -359.3905
eval average episode rewards of agent8: -359.4737
eval average episode costs: Backlog: 95316.58, Inventory: 0.00, Maintenance: 311.07, Production: 1555.14, Setup: 1333.07, TOTAL: 98515.86

 Scenario BOSCH Algo rmappo Exp benchmark_24_8_4 updates 155/10416 episodes, total num timesteps 44928/3000000, FPS 61.


 Scenario BOSCH Algo rmappo Exp benchmark_24_8_4 updates 160/10416 episodes, total num timesteps 46368/3000000, FPS 61.


 Scenario BOSCH Algo rmappo Exp benchmark_24_8_4 updates 165/10416 episodes, total num timesteps 47808/3000000, FPS 61.


 Scenario BOSCH Algo rmappo Exp benchmark_24_8_4 updates 170/10416 episodes, total num timesteps 49248/3000000, FPS 62.


 Scenario BOSCH Algo rmappo Exp benchmark_24_8_4 updates 175/10416 episodes, total num timesteps 50688/3000000, FPS 62.


 Scenario BOSCH Algo rmappo Exp benchmark_24_8_4 updates 180/10416 episodes, total num timesteps 52128/3000000, FPS 62.


 Scenario BOSCH Algo rmappo Exp benchmark_24_8_4 updates 185/10416 episodes, total num timesteps 53568/3000000, FPS 62.


 Scenario BOSCH Algo rmappo Exp benchmark_24_8_4 updates 190/10416 episodes, total num timesteps 55008/3000000, FPS 63.


 Scenario BOSCH Algo rmappo Exp benchmark_24_8_4 updates 195/10416 episodes, total num timesteps 56448/3000000, FPS 63.


 Scenario BOSCH Algo rmappo Exp benchmark_24_8_4 updates 200/10416 episodes, total num timesteps 57888/3000000, FPS 63.


[EVAL] BOSCH MARL Inference Solving Time for 36 periods: 1.3889 seconds
eval average episode rewards of agent0: -355.0855
eval average episode rewards of agent1: -352.7272
eval average episode rewards of agent2: -352.77997
eval average episode rewards of agent3: -352.8239
eval average episode rewards of agent4: -352.79483
eval average episode rewards of agent5: -352.77924
eval average episode rewards of agent6: -352.83603
eval average episode rewards of agent7: -352.778
eval average episode rewards of agent8: -352.79208
eval average episode costs: Backlog: 93559.51, Inventory: 0.00, Maintenance: 38.22, Production: 1867.11, Setup: 1714.84, TOTAL: 97179.67

 Scenario BOSCH Algo rmappo Exp benchmark_24_8_4 updates 205/10416 episodes, total num timesteps 59328/3000000, FPS 63.


 Scenario BOSCH Algo rmappo Exp benchmark_24_8_4 updates 210/10416 episodes, total num timesteps 60768/3000000, FPS 63.


 Scenario BOSCH Algo rmappo Exp benchmark_24_8_4 updates 215/10416 episodes, total num timesteps 62208/3000000, FPS 64.


 Scenario BOSCH Algo rmappo Exp benchmark_24_8_4 updates 220/10416 episodes, total num timesteps 63648/3000000, FPS 64.


 Scenario BOSCH Algo rmappo Exp benchmark_24_8_4 updates 225/10416 episodes, total num timesteps 65088/3000000, FPS 64.


 Scenario BOSCH Algo rmappo Exp benchmark_24_8_4 updates 230/10416 episodes, total num timesteps 66528/3000000, FPS 64.


 Scenario BOSCH Algo rmappo Exp benchmark_24_8_4 updates 235/10416 episodes, total num timesteps 67968/3000000, FPS 64.


 Scenario BOSCH Algo rmappo Exp benchmark_24_8_4 updates 240/10416 episodes, total num timesteps 69408/3000000, FPS 64.


 Scenario BOSCH Algo rmappo Exp benchmark_24_8_4 updates 245/10416 episodes, total num timesteps 70848/3000000, FPS 64.


 Scenario BOSCH Algo rmappo Exp benchmark_24_8_4 updates 250/10416 episodes, total num timesteps 72288/3000000, FPS 64.


[EVAL] BOSCH MARL Inference Solving Time for 36 periods: 1.8414 seconds
eval average episode rewards of agent0: -373.3089
eval average episode rewards of agent1: -372.28943
eval average episode rewards of agent2: -372.59943
eval average episode rewards of agent3: -372.29782
eval average episode rewards of agent4: -372.30063
eval average episode rewards of agent5: -372.32678
eval average episode rewards of agent6: -372.2997
eval average episode rewards of agent7: -372.30145
eval average episode rewards of agent8: -372.2959
eval average episode costs: Backlog: 98878.27, Inventory: 0.00, Maintenance: 513.75, Production: 757.25, Setup: 586.51, TOTAL: 100735.78

 Scenario BOSCH Algo rmappo Exp benchmark_24_8_4 updates 255/10416 episodes, total num timesteps 73728/3000000, FPS 64.


 Scenario BOSCH Algo rmappo Exp benchmark_24_8_4 updates 260/10416 episodes, total num timesteps 75168/3000000, FPS 64.


 Scenario BOSCH Algo rmappo Exp benchmark_24_8_4 updates 265/10416 episodes, total num timesteps 76608/3000000, FPS 64.


 Scenario BOSCH Algo rmappo Exp benchmark_24_8_4 updates 270/10416 episodes, total num timesteps 78048/3000000, FPS 64.


 Scenario BOSCH Algo rmappo Exp benchmark_24_8_4 updates 275/10416 episodes, total num timesteps 79488/3000000, FPS 64.


 Scenario BOSCH Algo rmappo Exp benchmark_24_8_4 updates 280/10416 episodes, total num timesteps 80928/3000000, FPS 64.


 Scenario BOSCH Algo rmappo Exp benchmark_24_8_4 updates 285/10416 episodes, total num timesteps 82368/3000000, FPS 64.


 Scenario BOSCH Algo rmappo Exp benchmark_24_8_4 updates 290/10416 episodes, total num timesteps 83808/3000000, FPS 64.


 Scenario BOSCH Algo rmappo Exp benchmark_24_8_4 updates 295/10416 episodes, total num timesteps 85248/3000000, FPS 64.


 Scenario BOSCH Algo rmappo Exp benchmark_24_8_4 updates 300/10416 episodes, total num timesteps 86688/3000000, FPS 64.


[EVAL] BOSCH MARL Inference Solving Time for 36 periods: 1.3583 seconds
eval average episode rewards of agent0: -340.29626
eval average episode rewards of agent1: -338.35822
eval average episode rewards of agent2: -338.24448
eval average episode rewards of agent3: -338.30307
eval average episode rewards of agent4: -338.2672
eval average episode rewards of agent5: -338.27432
eval average episode rewards of agent6: -338.29718
eval average episode rewards of agent7: -338.33246
eval average episode rewards of agent8: -338.3038
eval average episode costs: Backlog: 89785.65, Inventory: 0.00, Maintenance: 241.41, Production: 2119.62, Setup: 1356.51, TOTAL: 93503.19

 Scenario BOSCH Algo rmappo Exp benchmark_24_8_4 updates 305/10416 episodes, total num timesteps 88128/3000000, FPS 64.


 Scenario BOSCH Algo rmappo Exp benchmark_24_8_4 updates 310/10416 episodes, total num timesteps 89568/3000000, FPS 64.


 Scenario BOSCH Algo rmappo Exp benchmark_24_8_4 updates 315/10416 episodes, total num timesteps 91008/3000000, FPS 64.


 Scenario BOSCH Algo rmappo Exp benchmark_24_8_4 updates 320/10416 episodes, total num timesteps 92448/3000000, FPS 64.


 Scenario BOSCH Algo rmappo Exp benchmark_24_8_4 updates 325/10416 episodes, total num timesteps 93888/3000000, FPS 64.


 Scenario BOSCH Algo rmappo Exp benchmark_24_8_4 updates 330/10416 episodes, total num timesteps 95328/3000000, FPS 64.


 Scenario BOSCH Algo rmappo Exp benchmark_24_8_4 updates 335/10416 episodes, total num timesteps 96768/3000000, FPS 64.


 Scenario BOSCH Algo rmappo Exp benchmark_24_8_4 updates 340/10416 episodes, total num timesteps 98208/3000000, FPS 64.


 Scenario BOSCH Algo rmappo Exp benchmark_24_8_4 updates 345/10416 episodes, total num timesteps 99648/3000000, FPS 65.


 Scenario BOSCH Algo rmappo Exp benchmark_24_8_4 updates 350/10416 episodes, total num timesteps 101088/3000000, FPS 65.


[EVAL] BOSCH MARL Inference Solving Time for 36 periods: 1.2128 seconds
eval average episode rewards of agent0: -366.85873
eval average episode rewards of agent1: -365.57843
eval average episode rewards of agent2: -365.523
eval average episode rewards of agent3: -365.55414
eval average episode rewards of agent4: -365.58148
eval average episode rewards of agent5: -365.5285
eval average episode rewards of agent6: -365.48184
eval average episode rewards of agent7: -365.50946
eval average episode rewards of agent8: -365.53293
eval average episode costs: Backlog: 96842.70, Inventory: 0.00, Maintenance: 837.62, Production: 1352.66, Setup: 1055.84, TOTAL: 100088.84

 Scenario BOSCH Algo rmappo Exp benchmark_24_8_4 updates 355/10416 episodes, total num timesteps 102528/3000000, FPS 65.


 Scenario BOSCH Algo rmappo Exp benchmark_24_8_4 updates 360/10416 episodes, total num timesteps 103968/3000000, FPS 65.


 Scenario BOSCH Algo rmappo Exp benchmark_24_8_4 updates 365/10416 episodes, total num timesteps 105408/3000000, FPS 65.


 Scenario BOSCH Algo rmappo Exp benchmark_24_8_4 updates 370/10416 episodes, total num timesteps 106848/3000000, FPS 65.


 Scenario BOSCH Algo rmappo Exp benchmark_24_8_4 updates 375/10416 episodes, total num timesteps 108288/3000000, FPS 65.


 Scenario BOSCH Algo rmappo Exp benchmark_24_8_4 updates 380/10416 episodes, total num timesteps 109728/3000000, FPS 65.


 Scenario BOSCH Algo rmappo Exp benchmark_24_8_4 updates 385/10416 episodes, total num timesteps 111168/3000000, FPS 65.


 Scenario BOSCH Algo rmappo Exp benchmark_24_8_4 updates 390/10416 episodes, total num timesteps 112608/3000000, FPS 65.


 Scenario BOSCH Algo rmappo Exp benchmark_24_8_4 updates 395/10416 episodes, total num timesteps 114048/3000000, FPS 65.


 Scenario BOSCH Algo rmappo Exp benchmark_24_8_4 updates 400/10416 episodes, total num timesteps 115488/3000000, FPS 65.


[EVAL] BOSCH MARL Inference Solving Time for 36 periods: 1.1787 seconds
eval average episode rewards of agent0: -371.96317
eval average episode rewards of agent1: -371.2314
eval average episode rewards of agent2: -370.96622
eval average episode rewards of agent3: -371.10574
eval average episode rewards of agent4: -371.07892
eval average episode rewards of agent5: -371.1269
eval average episode rewards of agent6: -370.97137
eval average episode rewards of agent7: -371.20972
eval average episode rewards of agent8: -370.92462
eval average episode costs: Backlog: 98380.77, Inventory: 0.00, Maintenance: 960.94, Production: 1005.78, Setup: 657.48, TOTAL: 101004.96

 Scenario BOSCH Algo rmappo Exp benchmark_24_8_4 updates 405/10416 episodes, total num timesteps 116928/3000000, FPS 65.


 Scenario BOSCH Algo rmappo Exp benchmark_24_8_4 updates 410/10416 episodes, total num timesteps 118368/3000000, FPS 65.


 Scenario BOSCH Algo rmappo Exp benchmark_24_8_4 updates 415/10416 episodes, total num timesteps 119808/3000000, FPS 65.


 Scenario BOSCH Algo rmappo Exp benchmark_24_8_4 updates 420/10416 episodes, total num timesteps 121248/3000000, FPS 65.


 Scenario BOSCH Algo rmappo Exp benchmark_24_8_4 updates 425/10416 episodes, total num timesteps 122688/3000000, FPS 66.


 Scenario BOSCH Algo rmappo Exp benchmark_24_8_4 updates 430/10416 episodes, total num timesteps 124128/3000000, FPS 66.


 Scenario BOSCH Algo rmappo Exp benchmark_24_8_4 updates 435/10416 episodes, total num timesteps 125568/3000000, FPS 66.


 Scenario BOSCH Algo rmappo Exp benchmark_24_8_4 updates 440/10416 episodes, total num timesteps 127008/3000000, FPS 66.


 Scenario BOSCH Algo rmappo Exp benchmark_24_8_4 updates 445/10416 episodes, total num timesteps 128448/3000000, FPS 66.


 Scenario BOSCH Algo rmappo Exp benchmark_24_8_4 updates 450/10416 episodes, total num timesteps 129888/3000000, FPS 66.


[EVAL] BOSCH MARL Inference Solving Time for 36 periods: 1.2275 seconds
eval average episode rewards of agent0: -352.7177
eval average episode rewards of agent1: -351.03055
eval average episode rewards of agent2: -350.98605
eval average episode rewards of agent3: -351.05234
eval average episode rewards of agent4: -351.01605
eval average episode rewards of agent5: -351.05035
eval average episode rewards of agent6: -350.96722
eval average episode rewards of agent7: -350.96222
eval average episode rewards of agent8: -350.9555
eval average episode costs: Backlog: 93176.11, Inventory: 0.00, Maintenance: 112.95, Production: 1869.20, Setup: 1305.48, TOTAL: 96463.73

 Scenario BOSCH Algo rmappo Exp benchmark_24_8_4 updates 455/10416 episodes, total num timesteps 131328/3000000, FPS 66.


 Scenario BOSCH Algo rmappo Exp benchmark_24_8_4 updates 460/10416 episodes, total num timesteps 132768/3000000, FPS 66.


 Scenario BOSCH Algo rmappo Exp benchmark_24_8_4 updates 465/10416 episodes, total num timesteps 134208/3000000, FPS 66.


 Scenario BOSCH Algo rmappo Exp benchmark_24_8_4 updates 470/10416 episodes, total num timesteps 135648/3000000, FPS 66.


 Scenario BOSCH Algo rmappo Exp benchmark_24_8_4 updates 475/10416 episodes, total num timesteps 137088/3000000, FPS 66.


 Scenario BOSCH Algo rmappo Exp benchmark_24_8_4 updates 480/10416 episodes, total num timesteps 138528/3000000, FPS 66.


 Scenario BOSCH Algo rmappo Exp benchmark_24_8_4 updates 485/10416 episodes, total num timesteps 139968/3000000, FPS 66.


 Scenario BOSCH Algo rmappo Exp benchmark_24_8_4 updates 490/10416 episodes, total num timesteps 141408/3000000, FPS 66.


 Scenario BOSCH Algo rmappo Exp benchmark_24_8_4 updates 495/10416 episodes, total num timesteps 142848/3000000, FPS 66.


 Scenario BOSCH Algo rmappo Exp benchmark_24_8_4 updates 500/10416 episodes, total num timesteps 144288/3000000, FPS 66.


[EVAL] BOSCH MARL Inference Solving Time for 36 periods: 1.1775 seconds
eval average episode rewards of agent0: -349.0838
eval average episode rewards of agent1: -346.80933
eval average episode rewards of agent2: -346.76816
eval average episode rewards of agent3: -346.80014
eval average episode rewards of agent4: -346.71918
eval average episode rewards of agent5: -346.81824
eval average episode rewards of agent6: -346.81506
eval average episode rewards of agent7: -346.79706
eval average episode rewards of agent8: -346.79483
eval average episode costs: Backlog: 91967.98, Inventory: 0.00, Maintenance: 87.53, Production: 2053.41, Setup: 1699.54, TOTAL: 95808.47

 Scenario BOSCH Algo rmappo Exp benchmark_24_8_4 updates 505/10416 episodes, total num timesteps 145728/3000000, FPS 66.


 Scenario BOSCH Algo rmappo Exp benchmark_24_8_4 updates 510/10416 episodes, total num timesteps 147168/3000000, FPS 66.


 Scenario BOSCH Algo rmappo Exp benchmark_24_8_4 updates 515/10416 episodes, total num timesteps 148608/3000000, FPS 67.


 Scenario BOSCH Algo rmappo Exp benchmark_24_8_4 updates 520/10416 episodes, total num timesteps 150048/3000000, FPS 67.


 Scenario BOSCH Algo rmappo Exp benchmark_24_8_4 updates 525/10416 episodes, total num timesteps 151488/3000000, FPS 67.


 Scenario BOSCH Algo rmappo Exp benchmark_24_8_4 updates 530/10416 episodes, total num timesteps 152928/3000000, FPS 67.


 Scenario BOSCH Algo rmappo Exp benchmark_24_8_4 updates 535/10416 episodes, total num timesteps 154368/3000000, FPS 67.


 Scenario BOSCH Algo rmappo Exp benchmark_24_8_4 updates 540/10416 episodes, total num timesteps 155808/3000000, FPS 67.


 Scenario BOSCH Algo rmappo Exp benchmark_24_8_4 updates 545/10416 episodes, total num timesteps 157248/3000000, FPS 67.


 Scenario BOSCH Algo rmappo Exp benchmark_24_8_4 updates 550/10416 episodes, total num timesteps 158688/3000000, FPS 67.


[EVAL] BOSCH MARL Inference Solving Time for 36 periods: 1.1629 seconds
eval average episode rewards of agent0: -350.18597
eval average episode rewards of agent1: -347.783
eval average episode rewards of agent2: -347.68027
eval average episode rewards of agent3: -347.71576
eval average episode rewards of agent4: -347.6949
eval average episode rewards of agent5: -347.72086
eval average episode rewards of agent6: -347.74356
eval average episode rewards of agent7: -347.74152
eval average episode rewards of agent8: -347.69077
eval average episode costs: Backlog: 92209.42, Inventory: 0.00, Maintenance: 15.40, Production: 1962.61, Setup: 1807.28, TOTAL: 95994.71

 Scenario BOSCH Algo rmappo Exp benchmark_24_8_4 updates 555/10416 episodes, total num timesteps 160128/3000000, FPS 67.


 Scenario BOSCH Algo rmappo Exp benchmark_24_8_4 updates 560/10416 episodes, total num timesteps 161568/3000000, FPS 67.


 Scenario BOSCH Algo rmappo Exp benchmark_24_8_4 updates 565/10416 episodes, total num timesteps 163008/3000000, FPS 67.


 Scenario BOSCH Algo rmappo Exp benchmark_24_8_4 updates 570/10416 episodes, total num timesteps 164448/3000000, FPS 67.


 Scenario BOSCH Algo rmappo Exp benchmark_24_8_4 updates 575/10416 episodes, total num timesteps 165888/3000000, FPS 67.


 Scenario BOSCH Algo rmappo Exp benchmark_24_8_4 updates 580/10416 episodes, total num timesteps 167328/3000000, FPS 67.


 Scenario BOSCH Algo rmappo Exp benchmark_24_8_4 updates 585/10416 episodes, total num timesteps 168768/3000000, FPS 67.


 Scenario BOSCH Algo rmappo Exp benchmark_24_8_4 updates 590/10416 episodes, total num timesteps 170208/3000000, FPS 67.


 Scenario BOSCH Algo rmappo Exp benchmark_24_8_4 updates 595/10416 episodes, total num timesteps 171648/3000000, FPS 67.


 Scenario BOSCH Algo rmappo Exp benchmark_24_8_4 updates 600/10416 episodes, total num timesteps 173088/3000000, FPS 67.


[EVAL] BOSCH MARL Inference Solving Time for 36 periods: 1.1200 seconds
eval average episode rewards of agent0: -372.86606
eval average episode rewards of agent1: -372.24298
eval average episode rewards of agent2: -372.26187
eval average episode rewards of agent3: -372.2205
eval average episode rewards of agent4: -372.12534
eval average episode rewards of agent5: -372.26242
eval average episode rewards of agent6: -372.22684
eval average episode rewards of agent7: -372.23666
eval average episode rewards of agent8: -372.16022
eval average episode costs: Backlog: 99019.58, Inventory: 0.00, Maintenance: 7.55, Production: 990.23, Setup: 469.59, TOTAL: 100486.94

 Scenario BOSCH Algo rmappo Exp benchmark_24_8_4 updates 605/10416 episodes, total num timesteps 174528/3000000, FPS 67.


 Scenario BOSCH Algo rmappo Exp benchmark_24_8_4 updates 610/10416 episodes, total num timesteps 175968/3000000, FPS 67.


 Scenario BOSCH Algo rmappo Exp benchmark_24_8_4 updates 615/10416 episodes, total num timesteps 177408/3000000, FPS 67.


 Scenario BOSCH Algo rmappo Exp benchmark_24_8_4 updates 620/10416 episodes, total num timesteps 178848/3000000, FPS 67.


 Scenario BOSCH Algo rmappo Exp benchmark_24_8_4 updates 625/10416 episodes, total num timesteps 180288/3000000, FPS 68.


 Scenario BOSCH Algo rmappo Exp benchmark_24_8_4 updates 630/10416 episodes, total num timesteps 181728/3000000, FPS 68.


 Scenario BOSCH Algo rmappo Exp benchmark_24_8_4 updates 635/10416 episodes, total num timesteps 183168/3000000, FPS 68.


 Scenario BOSCH Algo rmappo Exp benchmark_24_8_4 updates 640/10416 episodes, total num timesteps 184608/3000000, FPS 68.


 Scenario BOSCH Algo rmappo Exp benchmark_24_8_4 updates 645/10416 episodes, total num timesteps 186048/3000000, FPS 68.


 Scenario BOSCH Algo rmappo Exp benchmark_24_8_4 updates 650/10416 episodes, total num timesteps 187488/3000000, FPS 68.


[EVAL] BOSCH MARL Inference Solving Time for 36 periods: 1.1753 seconds
eval average episode rewards of agent0: -375.65976
eval average episode rewards of agent1: -375.20306
eval average episode rewards of agent2: -375.16376
eval average episode rewards of agent3: -375.18497
eval average episode rewards of agent4: -375.05148
eval average episode rewards of agent5: -375.205
eval average episode rewards of agent6: -375.2055
eval average episode rewards of agent7: -375.12555
eval average episode rewards of agent8: -375.1541
eval average episode costs: Backlog: 99843.71, Inventory: 0.00, Maintenance: 6.10, Production: 828.24, Setup: 294.15, TOTAL: 100972.21

 Scenario BOSCH Algo rmappo Exp benchmark_24_8_4 updates 655/10416 episodes, total num timesteps 188928/3000000, FPS 68.


 Scenario BOSCH Algo rmappo Exp benchmark_24_8_4 updates 660/10416 episodes, total num timesteps 190368/3000000, FPS 68.


 Scenario BOSCH Algo rmappo Exp benchmark_24_8_4 updates 665/10416 episodes, total num timesteps 191808/3000000, FPS 68.


 Scenario BOSCH Algo rmappo Exp benchmark_24_8_4 updates 670/10416 episodes, total num timesteps 193248/3000000, FPS 68.


 Scenario BOSCH Algo rmappo Exp benchmark_24_8_4 updates 675/10416 episodes, total num timesteps 194688/3000000, FPS 68.


 Scenario BOSCH Algo rmappo Exp benchmark_24_8_4 updates 680/10416 episodes, total num timesteps 196128/3000000, FPS 68.


 Scenario BOSCH Algo rmappo Exp benchmark_24_8_4 updates 685/10416 episodes, total num timesteps 197568/3000000, FPS 68.


 Scenario BOSCH Algo rmappo Exp benchmark_24_8_4 updates 690/10416 episodes, total num timesteps 199008/3000000, FPS 68.


 Scenario BOSCH Algo rmappo Exp benchmark_24_8_4 updates 695/10416 episodes, total num timesteps 200448/3000000, FPS 68.


 Scenario BOSCH Algo rmappo Exp benchmark_24_8_4 updates 700/10416 episodes, total num timesteps 201888/3000000, FPS 68.


[EVAL] BOSCH MARL Inference Solving Time for 36 periods: 1.1385 seconds
eval average episode rewards of agent0: -355.81918
eval average episode rewards of agent1: -353.8271
eval average episode rewards of agent2: -353.85635
eval average episode rewards of agent3: -353.9028
eval average episode rewards of agent4: -353.8565
eval average episode rewards of agent5: -353.87262
eval average episode rewards of agent6: -353.8644
eval average episode rewards of agent7: -353.88776
eval average episode rewards of agent8: -353.8812
eval average episode costs: Backlog: 93926.67, Inventory: 0.00, Maintenance: 14.86, Production: 1867.26, Setup: 1414.19, TOTAL: 97222.98

 Scenario BOSCH Algo rmappo Exp benchmark_24_8_4 updates 705/10416 episodes, total num timesteps 203328/3000000, FPS 68.


 Scenario BOSCH Algo rmappo Exp benchmark_24_8_4 updates 710/10416 episodes, total num timesteps 204768/3000000, FPS 68.


 Scenario BOSCH Algo rmappo Exp benchmark_24_8_4 updates 715/10416 episodes, total num timesteps 206208/3000000, FPS 68.


 Scenario BOSCH Algo rmappo Exp benchmark_24_8_4 updates 720/10416 episodes, total num timesteps 207648/3000000, FPS 68.


 Scenario BOSCH Algo rmappo Exp benchmark_24_8_4 updates 725/10416 episodes, total num timesteps 209088/3000000, FPS 68.


 Scenario BOSCH Algo rmappo Exp benchmark_24_8_4 updates 730/10416 episodes, total num timesteps 210528/3000000, FPS 68.


 Scenario BOSCH Algo rmappo Exp benchmark_24_8_4 updates 735/10416 episodes, total num timesteps 211968/3000000, FPS 68.


 Scenario BOSCH Algo rmappo Exp benchmark_24_8_4 updates 740/10416 episodes, total num timesteps 213408/3000000, FPS 68.


 Scenario BOSCH Algo rmappo Exp benchmark_24_8_4 updates 745/10416 episodes, total num timesteps 214848/3000000, FPS 68.


 Scenario BOSCH Algo rmappo Exp benchmark_24_8_4 updates 750/10416 episodes, total num timesteps 216288/3000000, FPS 69.


[EVAL] BOSCH MARL Inference Solving Time for 36 periods: 1.1231 seconds
eval average episode rewards of agent0: -349.1569
eval average episode rewards of agent1: -346.84375
eval average episode rewards of agent2: -346.8272
eval average episode rewards of agent3: -346.8209
eval average episode rewards of agent4: -346.83588
eval average episode rewards of agent5: -346.83408
eval average episode rewards of agent6: -346.86823
eval average episode rewards of agent7: -346.77216
eval average episode rewards of agent8: -346.82877
eval average episode costs: Backlog: 92001.12, Inventory: 0.00, Maintenance: 14.83, Production: 1895.82, Setup: 1711.95, TOTAL: 95623.72

 Scenario BOSCH Algo rmappo Exp benchmark_24_8_4 updates 755/10416 episodes, total num timesteps 217728/3000000, FPS 69.


 Scenario BOSCH Algo rmappo Exp benchmark_24_8_4 updates 760/10416 episodes, total num timesteps 219168/3000000, FPS 69.


 Scenario BOSCH Algo rmappo Exp benchmark_24_8_4 updates 765/10416 episodes, total num timesteps 220608/3000000, FPS 69.


 Scenario BOSCH Algo rmappo Exp benchmark_24_8_4 updates 770/10416 episodes, total num timesteps 222048/3000000, FPS 69.


 Scenario BOSCH Algo rmappo Exp benchmark_24_8_4 updates 775/10416 episodes, total num timesteps 223488/3000000, FPS 69.


 Scenario BOSCH Algo rmappo Exp benchmark_24_8_4 updates 780/10416 episodes, total num timesteps 224928/3000000, FPS 69.


 Scenario BOSCH Algo rmappo Exp benchmark_24_8_4 updates 785/10416 episodes, total num timesteps 226368/3000000, FPS 69.


 Scenario BOSCH Algo rmappo Exp benchmark_24_8_4 updates 790/10416 episodes, total num timesteps 227808/3000000, FPS 69.


 Scenario BOSCH Algo rmappo Exp benchmark_24_8_4 updates 795/10416 episodes, total num timesteps 229248/3000000, FPS 69.


 Scenario BOSCH Algo rmappo Exp benchmark_24_8_4 updates 800/10416 episodes, total num timesteps 230688/3000000, FPS 69.


[EVAL] BOSCH MARL Inference Solving Time for 36 periods: 1.2143 seconds
eval average episode rewards of agent0: -340.5259
eval average episode rewards of agent1: -338.10315
eval average episode rewards of agent2: -338.06876
eval average episode rewards of agent3: -338.12686
eval average episode rewards of agent4: -338.0827
eval average episode rewards of agent5: -338.06802
eval average episode rewards of agent6: -338.06604
eval average episode rewards of agent7: -338.05408
eval average episode rewards of agent8: -338.0732
eval average episode costs: Backlog: 89692.12, Inventory: 0.00, Maintenance: 17.09, Production: 2190.68, Setup: 1724.27, TOTAL: 93624.16

 Scenario BOSCH Algo rmappo Exp benchmark_24_8_4 updates 805/10416 episodes, total num timesteps 232128/3000000, FPS 69.


 Scenario BOSCH Algo rmappo Exp benchmark_24_8_4 updates 810/10416 episodes, total num timesteps 233568/3000000, FPS 69.


 Scenario BOSCH Algo rmappo Exp benchmark_24_8_4 updates 815/10416 episodes, total num timesteps 235008/3000000, FPS 69.


 Scenario BOSCH Algo rmappo Exp benchmark_24_8_4 updates 820/10416 episodes, total num timesteps 236448/3000000, FPS 69.


 Scenario BOSCH Algo rmappo Exp benchmark_24_8_4 updates 825/10416 episodes, total num timesteps 237888/3000000, FPS 69.


 Scenario BOSCH Algo rmappo Exp benchmark_24_8_4 updates 830/10416 episodes, total num timesteps 239328/3000000, FPS 69.


 Scenario BOSCH Algo rmappo Exp benchmark_24_8_4 updates 835/10416 episodes, total num timesteps 240768/3000000, FPS 69.


 Scenario BOSCH Algo rmappo Exp benchmark_24_8_4 updates 840/10416 episodes, total num timesteps 242208/3000000, FPS 69.


 Scenario BOSCH Algo rmappo Exp benchmark_24_8_4 updates 845/10416 episodes, total num timesteps 243648/3000000, FPS 69.


 Scenario BOSCH Algo rmappo Exp benchmark_24_8_4 updates 850/10416 episodes, total num timesteps 245088/3000000, FPS 69.


[EVAL] BOSCH MARL Inference Solving Time for 36 periods: 1.1259 seconds
eval average episode rewards of agent0: -355.26843
eval average episode rewards of agent1: -353.77124
eval average episode rewards of agent2: -353.8885
eval average episode rewards of agent3: -353.87122
eval average episode rewards of agent4: -353.9626
eval average episode rewards of agent5: -353.82104
eval average episode rewards of agent6: -353.6419
eval average episode rewards of agent7: -353.6834
eval average episode rewards of agent8: -353.75732
eval average episode costs: Backlog: 93871.92, Inventory: 0.00, Maintenance: 426.31, Production: 1602.53, Setup: 1091.82, TOTAL: 96992.58

 Scenario BOSCH Algo rmappo Exp benchmark_24_8_4 updates 855/10416 episodes, total num timesteps 246528/3000000, FPS 69.


 Scenario BOSCH Algo rmappo Exp benchmark_24_8_4 updates 860/10416 episodes, total num timesteps 247968/3000000, FPS 69.


 Scenario BOSCH Algo rmappo Exp benchmark_24_8_4 updates 865/10416 episodes, total num timesteps 249408/3000000, FPS 69.


 Scenario BOSCH Algo rmappo Exp benchmark_24_8_4 updates 870/10416 episodes, total num timesteps 250848/3000000, FPS 69.


 Scenario BOSCH Algo rmappo Exp benchmark_24_8_4 updates 875/10416 episodes, total num timesteps 252288/3000000, FPS 69.


 Scenario BOSCH Algo rmappo Exp benchmark_24_8_4 updates 880/10416 episodes, total num timesteps 253728/3000000, FPS 69.


 Scenario BOSCH Algo rmappo Exp benchmark_24_8_4 updates 885/10416 episodes, total num timesteps 255168/3000000, FPS 69.


 Scenario BOSCH Algo rmappo Exp benchmark_24_8_4 updates 890/10416 episodes, total num timesteps 256608/3000000, FPS 69.


 Scenario BOSCH Algo rmappo Exp benchmark_24_8_4 updates 895/10416 episodes, total num timesteps 258048/3000000, FPS 69.


 Scenario BOSCH Algo rmappo Exp benchmark_24_8_4 updates 900/10416 episodes, total num timesteps 259488/3000000, FPS 69.


[EVAL] BOSCH MARL Inference Solving Time for 36 periods: 1.1268 seconds
eval average episode rewards of agent0: -334.8177
eval average episode rewards of agent1: -331.97076
eval average episode rewards of agent2: -332.0116
eval average episode rewards of agent3: -332.0285
eval average episode rewards of agent4: -331.97357
eval average episode rewards of agent5: -332.0677
eval average episode rewards of agent6: -331.87335
eval average episode rewards of agent7: -331.90894
eval average episode rewards of agent8: -331.97296
eval average episode costs: Backlog: 87949.34, Inventory: 0.00, Maintenance: 21.26, Production: 2718.73, Setup: 2199.26, TOTAL: 92888.59

 Scenario BOSCH Algo rmappo Exp benchmark_24_8_4 updates 905/10416 episodes, total num timesteps 260928/3000000, FPS 69.


 Scenario BOSCH Algo rmappo Exp benchmark_24_8_4 updates 910/10416 episodes, total num timesteps 262368/3000000, FPS 69.


 Scenario BOSCH Algo rmappo Exp benchmark_24_8_4 updates 915/10416 episodes, total num timesteps 263808/3000000, FPS 69.


 Scenario BOSCH Algo rmappo Exp benchmark_24_8_4 updates 920/10416 episodes, total num timesteps 265248/3000000, FPS 69.


 Scenario BOSCH Algo rmappo Exp benchmark_24_8_4 updates 925/10416 episodes, total num timesteps 266688/3000000, FPS 70.


 Scenario BOSCH Algo rmappo Exp benchmark_24_8_4 updates 930/10416 episodes, total num timesteps 268128/3000000, FPS 70.


 Scenario BOSCH Algo rmappo Exp benchmark_24_8_4 updates 935/10416 episodes, total num timesteps 269568/3000000, FPS 70.


 Scenario BOSCH Algo rmappo Exp benchmark_24_8_4 updates 940/10416 episodes, total num timesteps 271008/3000000, FPS 70.


 Scenario BOSCH Algo rmappo Exp benchmark_24_8_4 updates 945/10416 episodes, total num timesteps 272448/3000000, FPS 70.


 Scenario BOSCH Algo rmappo Exp benchmark_24_8_4 updates 950/10416 episodes, total num timesteps 273888/3000000, FPS 70.


[EVAL] BOSCH MARL Inference Solving Time for 36 periods: 1.1117 seconds
eval average episode rewards of agent0: -361.8039
eval average episode rewards of agent1: -360.3141
eval average episode rewards of agent2: -360.27612
eval average episode rewards of agent3: -360.30753
eval average episode rewards of agent4: -360.297
eval average episode rewards of agent5: -360.29706
eval average episode rewards of agent6: -360.2242
eval average episode rewards of agent7: -360.31738
eval average episode rewards of agent8: -360.24506
eval average episode costs: Backlog: 95603.73, Inventory: 0.00, Maintenance: 250.03, Production: 1525.77, Setup: 1209.80, TOTAL: 98589.33

 Scenario BOSCH Algo rmappo Exp benchmark_24_8_4 updates 955/10416 episodes, total num timesteps 275328/3000000, FPS 70.


 Scenario BOSCH Algo rmappo Exp benchmark_24_8_4 updates 960/10416 episodes, total num timesteps 276768/3000000, FPS 70.


 Scenario BOSCH Algo rmappo Exp benchmark_24_8_4 updates 965/10416 episodes, total num timesteps 278208/3000000, FPS 70.


 Scenario BOSCH Algo rmappo Exp benchmark_24_8_4 updates 970/10416 episodes, total num timesteps 279648/3000000, FPS 70.


 Scenario BOSCH Algo rmappo Exp benchmark_24_8_4 updates 975/10416 episodes, total num timesteps 281088/3000000, FPS 70.


 Scenario BOSCH Algo rmappo Exp benchmark_24_8_4 updates 980/10416 episodes, total num timesteps 282528/3000000, FPS 70.


 Scenario BOSCH Algo rmappo Exp benchmark_24_8_4 updates 985/10416 episodes, total num timesteps 283968/3000000, FPS 70.


 Scenario BOSCH Algo rmappo Exp benchmark_24_8_4 updates 990/10416 episodes, total num timesteps 285408/3000000, FPS 70.


 Scenario BOSCH Algo rmappo Exp benchmark_24_8_4 updates 995/10416 episodes, total num timesteps 286848/3000000, FPS 70.


 Scenario BOSCH Algo rmappo Exp benchmark_24_8_4 updates 1000/10416 episodes, total num timesteps 288288/3000000, FPS 70.


[EVAL] BOSCH MARL Inference Solving Time for 36 periods: 1.1093 seconds
eval average episode rewards of agent0: -357.93985
eval average episode rewards of agent1: -356.16595
eval average episode rewards of agent2: -356.1525
eval average episode rewards of agent3: -356.17902
eval average episode rewards of agent4: -356.2288
eval average episode rewards of agent5: -356.2076
eval average episode rewards of agent6: -356.09717
eval average episode rewards of agent7: -356.1749
eval average episode rewards of agent8: -356.14313
eval average episode costs: Backlog: 94436.70, Inventory: 0.00, Maintenance: 316.91, Production: 1759.00, Setup: 1445.66, TOTAL: 97958.27

 Scenario BOSCH Algo rmappo Exp benchmark_24_8_4 updates 1005/10416 episodes, total num timesteps 289728/3000000, FPS 70.


 Scenario BOSCH Algo rmappo Exp benchmark_24_8_4 updates 1010/10416 episodes, total num timesteps 291168/3000000, FPS 70.


 Scenario BOSCH Algo rmappo Exp benchmark_24_8_4 updates 1015/10416 episodes, total num timesteps 292608/3000000, FPS 70.


 Scenario BOSCH Algo rmappo Exp benchmark_24_8_4 updates 1020/10416 episodes, total num timesteps 294048/3000000, FPS 70.


 Scenario BOSCH Algo rmappo Exp benchmark_24_8_4 updates 1025/10416 episodes, total num timesteps 295488/3000000, FPS 70.


 Scenario BOSCH Algo rmappo Exp benchmark_24_8_4 updates 1030/10416 episodes, total num timesteps 296928/3000000, FPS 70.


 Scenario BOSCH Algo rmappo Exp benchmark_24_8_4 updates 1035/10416 episodes, total num timesteps 298368/3000000, FPS 70.


 Scenario BOSCH Algo rmappo Exp benchmark_24_8_4 updates 1040/10416 episodes, total num timesteps 299808/3000000, FPS 70.


 Scenario BOSCH Algo rmappo Exp benchmark_24_8_4 updates 1045/10416 episodes, total num timesteps 301248/3000000, FPS 70.


 Scenario BOSCH Algo rmappo Exp benchmark_24_8_4 updates 1050/10416 episodes, total num timesteps 302688/3000000, FPS 70.


[EVAL] BOSCH MARL Inference Solving Time for 36 periods: 1.0694 seconds
eval average episode rewards of agent0: -352.99014
eval average episode rewards of agent1: -351.0108
eval average episode rewards of agent2: -350.91193
eval average episode rewards of agent3: -350.9763
eval average episode rewards of agent4: -350.99512
eval average episode rewards of agent5: -351.02716
eval average episode rewards of agent6: -350.94818
eval average episode rewards of agent7: -351.00626
eval average episode rewards of agent8: -350.93524
eval average episode costs: Backlog: 93166.67, Inventory: 0.00, Maintenance: 13.18, Production: 1730.80, Setup: 1443.67, TOTAL: 96354.33

 Scenario BOSCH Algo rmappo Exp benchmark_24_8_4 updates 1055/10416 episodes, total num timesteps 304128/3000000, FPS 70.


 Scenario BOSCH Algo rmappo Exp benchmark_24_8_4 updates 1060/10416 episodes, total num timesteps 305568/3000000, FPS 70.


 Scenario BOSCH Algo rmappo Exp benchmark_24_8_4 updates 1065/10416 episodes, total num timesteps 307008/3000000, FPS 70.


 Scenario BOSCH Algo rmappo Exp benchmark_24_8_4 updates 1070/10416 episodes, total num timesteps 308448/3000000, FPS 70.


 Scenario BOSCH Algo rmappo Exp benchmark_24_8_4 updates 1075/10416 episodes, total num timesteps 309888/3000000, FPS 70.


 Scenario BOSCH Algo rmappo Exp benchmark_24_8_4 updates 1080/10416 episodes, total num timesteps 311328/3000000, FPS 70.


 Scenario BOSCH Algo rmappo Exp benchmark_24_8_4 updates 1085/10416 episodes, total num timesteps 312768/3000000, FPS 70.


 Scenario BOSCH Algo rmappo Exp benchmark_24_8_4 updates 1090/10416 episodes, total num timesteps 314208/3000000, FPS 71.


 Scenario BOSCH Algo rmappo Exp benchmark_24_8_4 updates 1095/10416 episodes, total num timesteps 315648/3000000, FPS 71.


 Scenario BOSCH Algo rmappo Exp benchmark_24_8_4 updates 1100/10416 episodes, total num timesteps 317088/3000000, FPS 71.


[EVAL] BOSCH MARL Inference Solving Time for 36 periods: 1.1101 seconds
eval average episode rewards of agent0: -374.5463
eval average episode rewards of agent1: -373.5779
eval average episode rewards of agent2: -373.60382
eval average episode rewards of agent3: -373.5978
eval average episode rewards of agent4: -373.62103
eval average episode rewards of agent5: -373.61035
eval average episode rewards of agent6: -373.54807
eval average episode rewards of agent7: -373.60446
eval average episode rewards of agent8: -373.59335
eval average episode costs: Backlog: 99281.97, Inventory: 0.00, Maintenance: 9.04, Production: 1160.66, Setup: 818.41, TOTAL: 101270.08

 Scenario BOSCH Algo rmappo Exp benchmark_24_8_4 updates 1105/10416 episodes, total num timesteps 318528/3000000, FPS 71.


 Scenario BOSCH Algo rmappo Exp benchmark_24_8_4 updates 1110/10416 episodes, total num timesteps 319968/3000000, FPS 71.


 Scenario BOSCH Algo rmappo Exp benchmark_24_8_4 updates 1115/10416 episodes, total num timesteps 321408/3000000, FPS 71.


 Scenario BOSCH Algo rmappo Exp benchmark_24_8_4 updates 1120/10416 episodes, total num timesteps 322848/3000000, FPS 71.


 Scenario BOSCH Algo rmappo Exp benchmark_24_8_4 updates 1125/10416 episodes, total num timesteps 324288/3000000, FPS 71.


 Scenario BOSCH Algo rmappo Exp benchmark_24_8_4 updates 1130/10416 episodes, total num timesteps 325728/3000000, FPS 71.


 Scenario BOSCH Algo rmappo Exp benchmark_24_8_4 updates 1135/10416 episodes, total num timesteps 327168/3000000, FPS 71.


 Scenario BOSCH Algo rmappo Exp benchmark_24_8_4 updates 1140/10416 episodes, total num timesteps 328608/3000000, FPS 71.


 Scenario BOSCH Algo rmappo Exp benchmark_24_8_4 updates 1145/10416 episodes, total num timesteps 330048/3000000, FPS 71.


 Scenario BOSCH Algo rmappo Exp benchmark_24_8_4 updates 1150/10416 episodes, total num timesteps 331488/3000000, FPS 71.


[EVAL] BOSCH MARL Inference Solving Time for 36 periods: 1.0961 seconds
eval average episode rewards of agent0: -337.17728
eval average episode rewards of agent1: -334.28632
eval average episode rewards of agent2: -334.20514
eval average episode rewards of agent3: -334.2601
eval average episode rewards of agent4: -334.2514
eval average episode rewards of agent5: -334.28946
eval average episode rewards of agent6: -334.10675
eval average episode rewards of agent7: -334.28934
eval average episode rewards of agent8: -334.25653
eval average episode costs: Backlog: 88504.49, Inventory: 0.00, Maintenance: 19.92, Production: 2593.80, Setup: 2368.05, TOTAL: 93486.26

 Scenario BOSCH Algo rmappo Exp benchmark_24_8_4 updates 1155/10416 episodes, total num timesteps 332928/3000000, FPS 71.


 Scenario BOSCH Algo rmappo Exp benchmark_24_8_4 updates 1160/10416 episodes, total num timesteps 334368/3000000, FPS 71.


 Scenario BOSCH Algo rmappo Exp benchmark_24_8_4 updates 1165/10416 episodes, total num timesteps 335808/3000000, FPS 71.


 Scenario BOSCH Algo rmappo Exp benchmark_24_8_4 updates 1170/10416 episodes, total num timesteps 337248/3000000, FPS 71.


 Scenario BOSCH Algo rmappo Exp benchmark_24_8_4 updates 1175/10416 episodes, total num timesteps 338688/3000000, FPS 71.


 Scenario BOSCH Algo rmappo Exp benchmark_24_8_4 updates 1180/10416 episodes, total num timesteps 340128/3000000, FPS 71.


 Scenario BOSCH Algo rmappo Exp benchmark_24_8_4 updates 1185/10416 episodes, total num timesteps 341568/3000000, FPS 71.


 Scenario BOSCH Algo rmappo Exp benchmark_24_8_4 updates 1190/10416 episodes, total num timesteps 343008/3000000, FPS 71.


 Scenario BOSCH Algo rmappo Exp benchmark_24_8_4 updates 1195/10416 episodes, total num timesteps 344448/3000000, FPS 71.


 Scenario BOSCH Algo rmappo Exp benchmark_24_8_4 updates 1200/10416 episodes, total num timesteps 345888/3000000, FPS 71.


[EVAL] BOSCH MARL Inference Solving Time for 36 periods: 1.1312 seconds
eval average episode rewards of agent0: -368.5324
eval average episode rewards of agent1: -367.00458
eval average episode rewards of agent2: -367.14166
eval average episode rewards of agent3: -367.16913
eval average episode rewards of agent4: -367.16724
eval average episode rewards of agent5: -367.09692
eval average episode rewards of agent6: -366.9806
eval average episode rewards of agent7: -367.0111
eval average episode rewards of agent8: -366.94156
eval average episode costs: Backlog: 97383.26, Inventory: 0.00, Maintenance: 368.95, Production: 1291.49, Setup: 1077.94, TOTAL: 100121.61

 Scenario BOSCH Algo rmappo Exp benchmark_24_8_4 updates 1205/10416 episodes, total num timesteps 347328/3000000, FPS 71.


 Scenario BOSCH Algo rmappo Exp benchmark_24_8_4 updates 1210/10416 episodes, total num timesteps 348768/3000000, FPS 71.


 Scenario BOSCH Algo rmappo Exp benchmark_24_8_4 updates 1215/10416 episodes, total num timesteps 350208/3000000, FPS 71.


 Scenario BOSCH Algo rmappo Exp benchmark_24_8_4 updates 1220/10416 episodes, total num timesteps 351648/3000000, FPS 71.


 Scenario BOSCH Algo rmappo Exp benchmark_24_8_4 updates 1225/10416 episodes, total num timesteps 353088/3000000, FPS 71.


 Scenario BOSCH Algo rmappo Exp benchmark_24_8_4 updates 1230/10416 episodes, total num timesteps 354528/3000000, FPS 71.


 Scenario BOSCH Algo rmappo Exp benchmark_24_8_4 updates 1235/10416 episodes, total num timesteps 355968/3000000, FPS 71.


 Scenario BOSCH Algo rmappo Exp benchmark_24_8_4 updates 1240/10416 episodes, total num timesteps 357408/3000000, FPS 71.


 Scenario BOSCH Algo rmappo Exp benchmark_24_8_4 updates 1245/10416 episodes, total num timesteps 358848/3000000, FPS 71.


 Scenario BOSCH Algo rmappo Exp benchmark_24_8_4 updates 1250/10416 episodes, total num timesteps 360288/3000000, FPS 71.


[EVAL] BOSCH MARL Inference Solving Time for 36 periods: 1.1057 seconds
eval average episode rewards of agent0: -402.1808
eval average episode rewards of agent1: -402.65024
eval average episode rewards of agent2: -402.55365
eval average episode rewards of agent3: -402.71466
eval average episode rewards of agent4: -402.70358
eval average episode rewards of agent5: -402.73016
eval average episode rewards of agent6: -402.73682
eval average episode rewards of agent7: -402.70453
eval average episode rewards of agent8: -402.66626
eval average episode costs: Backlog: 106204.88, Inventory: 0.00, Maintenance: 3162.79, Production: 0.00, Setup: 0.00, TOTAL: 109367.67

 Scenario BOSCH Algo rmappo Exp benchmark_24_8_4 updates 1255/10416 episodes, total num timesteps 361728/3000000, FPS 71.


 Scenario BOSCH Algo rmappo Exp benchmark_24_8_4 updates 1260/10416 episodes, total num timesteps 363168/3000000, FPS 71.


 Scenario BOSCH Algo rmappo Exp benchmark_24_8_4 updates 1265/10416 episodes, total num timesteps 364608/3000000, FPS 71.


 Scenario BOSCH Algo rmappo Exp benchmark_24_8_4 updates 1270/10416 episodes, total num timesteps 366048/3000000, FPS 71.


 Scenario BOSCH Algo rmappo Exp benchmark_24_8_4 updates 1275/10416 episodes, total num timesteps 367488/3000000, FPS 72.


 Scenario BOSCH Algo rmappo Exp benchmark_24_8_4 updates 1280/10416 episodes, total num timesteps 368928/3000000, FPS 72.


 Scenario BOSCH Algo rmappo Exp benchmark_24_8_4 updates 1285/10416 episodes, total num timesteps 370368/3000000, FPS 72.


 Scenario BOSCH Algo rmappo Exp benchmark_24_8_4 updates 1290/10416 episodes, total num timesteps 371808/3000000, FPS 72.


 Scenario BOSCH Algo rmappo Exp benchmark_24_8_4 updates 1295/10416 episodes, total num timesteps 373248/3000000, FPS 72.


 Scenario BOSCH Algo rmappo Exp benchmark_24_8_4 updates 1300/10416 episodes, total num timesteps 374688/3000000, FPS 72.


[EVAL] BOSCH MARL Inference Solving Time for 36 periods: 1.1613 seconds
eval average episode rewards of agent0: -389.41608
eval average episode rewards of agent1: -389.34265
eval average episode rewards of agent2: -388.96936
eval average episode rewards of agent3: -388.92505
eval average episode rewards of agent4: -388.98523
eval average episode rewards of agent5: -388.98795
eval average episode rewards of agent6: -389.41306
eval average episode rewards of agent7: -389.3386
eval average episode rewards of agent8: -389.4084
eval average episode costs: Backlog: 103168.59, Inventory: 0.00, Maintenance: 1144.41, Production: 420.30, Setup: 342.11, TOTAL: 105075.41

 Scenario BOSCH Algo rmappo Exp benchmark_24_8_4 updates 1305/10416 episodes, total num timesteps 376128/3000000, FPS 72.


 Scenario BOSCH Algo rmappo Exp benchmark_24_8_4 updates 1310/10416 episodes, total num timesteps 377568/3000000, FPS 72.


 Scenario BOSCH Algo rmappo Exp benchmark_24_8_4 updates 1315/10416 episodes, total num timesteps 379008/3000000, FPS 72.


 Scenario BOSCH Algo rmappo Exp benchmark_24_8_4 updates 1320/10416 episodes, total num timesteps 380448/3000000, FPS 72.


 Scenario BOSCH Algo rmappo Exp benchmark_24_8_4 updates 1325/10416 episodes, total num timesteps 381888/3000000, FPS 72.


 Scenario BOSCH Algo rmappo Exp benchmark_24_8_4 updates 1330/10416 episodes, total num timesteps 383328/3000000, FPS 72.


 Scenario BOSCH Algo rmappo Exp benchmark_24_8_4 updates 1335/10416 episodes, total num timesteps 384768/3000000, FPS 72.


 Scenario BOSCH Algo rmappo Exp benchmark_24_8_4 updates 1340/10416 episodes, total num timesteps 386208/3000000, FPS 72.


 Scenario BOSCH Algo rmappo Exp benchmark_24_8_4 updates 1345/10416 episodes, total num timesteps 387648/3000000, FPS 72.


 Scenario BOSCH Algo rmappo Exp benchmark_24_8_4 updates 1350/10416 episodes, total num timesteps 389088/3000000, FPS 72.


[EVAL] BOSCH MARL Inference Solving Time for 36 periods: 1.0379 seconds
eval average episode rewards of agent0: -402.01105
eval average episode rewards of agent1: -402.4805
eval average episode rewards of agent2: -402.37167
eval average episode rewards of agent3: -402.4036
eval average episode rewards of agent4: -402.53384
eval average episode rewards of agent5: -402.56042
eval average episode rewards of agent6: -402.5508
eval average episode rewards of agent7: -402.5348
eval average episode rewards of agent8: -402.49652
eval average episode costs: Backlog: 106204.88, Inventory: 0.00, Maintenance: 2993.06, Production: 0.00, Setup: 0.00, TOTAL: 109197.94

 Scenario BOSCH Algo rmappo Exp benchmark_24_8_4 updates 1355/10416 episodes, total num timesteps 390528/3000000, FPS 72.


 Scenario BOSCH Algo rmappo Exp benchmark_24_8_4 updates 1360/10416 episodes, total num timesteps 391968/3000000, FPS 72.


 Scenario BOSCH Algo rmappo Exp benchmark_24_8_4 updates 1365/10416 episodes, total num timesteps 393408/3000000, FPS 72.


 Scenario BOSCH Algo rmappo Exp benchmark_24_8_4 updates 1370/10416 episodes, total num timesteps 394848/3000000, FPS 72.


 Scenario BOSCH Algo rmappo Exp benchmark_24_8_4 updates 1375/10416 episodes, total num timesteps 396288/3000000, FPS 72.


 Scenario BOSCH Algo rmappo Exp benchmark_24_8_4 updates 1380/10416 episodes, total num timesteps 397728/3000000, FPS 72.


 Scenario BOSCH Algo rmappo Exp benchmark_24_8_4 updates 1385/10416 episodes, total num timesteps 399168/3000000, FPS 72.


 Scenario BOSCH Algo rmappo Exp benchmark_24_8_4 updates 1390/10416 episodes, total num timesteps 400608/3000000, FPS 72.


 Scenario BOSCH Algo rmappo Exp benchmark_24_8_4 updates 1395/10416 episodes, total num timesteps 402048/3000000, FPS 72.


 Scenario BOSCH Algo rmappo Exp benchmark_24_8_4 updates 1400/10416 episodes, total num timesteps 403488/3000000, FPS 72.


[EVAL] BOSCH MARL Inference Solving Time for 36 periods: 1.2282 seconds
eval average episode rewards of agent0: -378.91913
eval average episode rewards of agent1: -377.8231
eval average episode rewards of agent2: -377.7685
eval average episode rewards of agent3: -377.73883
eval average episode rewards of agent4: -377.7683
eval average episode rewards of agent5: -377.76907
eval average episode rewards of agent6: -377.86298
eval average episode rewards of agent7: -377.8858
eval average episode rewards of agent8: -377.96747
eval average episode costs: Backlog: 100348.62, Inventory: 0.00, Maintenance: 259.87, Production: 766.92, Setup: 727.31, TOTAL: 102102.70

 Scenario BOSCH Algo rmappo Exp benchmark_24_8_4 updates 1405/10416 episodes, total num timesteps 404928/3000000, FPS 72.


 Scenario BOSCH Algo rmappo Exp benchmark_24_8_4 updates 1410/10416 episodes, total num timesteps 406368/3000000, FPS 72.


 Scenario BOSCH Algo rmappo Exp benchmark_24_8_4 updates 1415/10416 episodes, total num timesteps 407808/3000000, FPS 72.


 Scenario BOSCH Algo rmappo Exp benchmark_24_8_4 updates 1420/10416 episodes, total num timesteps 409248/3000000, FPS 72.


 Scenario BOSCH Algo rmappo Exp benchmark_24_8_4 updates 1425/10416 episodes, total num timesteps 410688/3000000, FPS 72.


 Scenario BOSCH Algo rmappo Exp benchmark_24_8_4 updates 1430/10416 episodes, total num timesteps 412128/3000000, FPS 72.


 Scenario BOSCH Algo rmappo Exp benchmark_24_8_4 updates 1435/10416 episodes, total num timesteps 413568/3000000, FPS 72.


 Scenario BOSCH Algo rmappo Exp benchmark_24_8_4 updates 1440/10416 episodes, total num timesteps 415008/3000000, FPS 72.


 Scenario BOSCH Algo rmappo Exp benchmark_24_8_4 updates 1445/10416 episodes, total num timesteps 416448/3000000, FPS 72.


 Scenario BOSCH Algo rmappo Exp benchmark_24_8_4 updates 1450/10416 episodes, total num timesteps 417888/3000000, FPS 72.


[EVAL] BOSCH MARL Inference Solving Time for 36 periods: 1.1378 seconds
eval average episode rewards of agent0: -362.07416
eval average episode rewards of agent1: -360.58197
eval average episode rewards of agent2: -360.576
eval average episode rewards of agent3: -360.56747
eval average episode rewards of agent4: -360.60504
eval average episode rewards of agent5: -360.5556
eval average episode rewards of agent6: -360.5202
eval average episode rewards of agent7: -360.57275
eval average episode rewards of agent8: -360.54962
eval average episode costs: Backlog: 95793.10, Inventory: 0.00, Maintenance: 11.11, Production: 1433.89, Setup: 1059.58, TOTAL: 98297.67

 Scenario BOSCH Algo rmappo Exp benchmark_24_8_4 updates 1455/10416 episodes, total num timesteps 419328/3000000, FPS 72.


 Scenario BOSCH Algo rmappo Exp benchmark_24_8_4 updates 1460/10416 episodes, total num timesteps 420768/3000000, FPS 72.


 Scenario BOSCH Algo rmappo Exp benchmark_24_8_4 updates 1465/10416 episodes, total num timesteps 422208/3000000, FPS 72.


 Scenario BOSCH Algo rmappo Exp benchmark_24_8_4 updates 1470/10416 episodes, total num timesteps 423648/3000000, FPS 72.


 Scenario BOSCH Algo rmappo Exp benchmark_24_8_4 updates 1475/10416 episodes, total num timesteps 425088/3000000, FPS 72.


 Scenario BOSCH Algo rmappo Exp benchmark_24_8_4 updates 1480/10416 episodes, total num timesteps 426528/3000000, FPS 72.


 Scenario BOSCH Algo rmappo Exp benchmark_24_8_4 updates 1485/10416 episodes, total num timesteps 427968/3000000, FPS 72.


 Scenario BOSCH Algo rmappo Exp benchmark_24_8_4 updates 1490/10416 episodes, total num timesteps 429408/3000000, FPS 72.


 Scenario BOSCH Algo rmappo Exp benchmark_24_8_4 updates 1495/10416 episodes, total num timesteps 430848/3000000, FPS 72.


 Scenario BOSCH Algo rmappo Exp benchmark_24_8_4 updates 1500/10416 episodes, total num timesteps 432288/3000000, FPS 72.


[EVAL] BOSCH MARL Inference Solving Time for 36 periods: 1.0959 seconds
eval average episode rewards of agent0: -355.97714
eval average episode rewards of agent1: -354.32513
eval average episode rewards of agent2: -354.24316
eval average episode rewards of agent3: -354.3145
eval average episode rewards of agent4: -354.30316
eval average episode rewards of agent5: -354.23294
eval average episode rewards of agent6: -354.1893
eval average episode rewards of agent7: -354.3032
eval average episode rewards of agent8: -354.26108
eval average episode costs: Backlog: 94055.56, Inventory: 0.00, Maintenance: 14.09, Production: 1770.16, Setup: 1327.61, TOTAL: 97167.42

 Scenario BOSCH Algo rmappo Exp benchmark_24_8_4 updates 1505/10416 episodes, total num timesteps 433728/3000000, FPS 72.


 Scenario BOSCH Algo rmappo Exp benchmark_24_8_4 updates 1510/10416 episodes, total num timesteps 435168/3000000, FPS 72.


 Scenario BOSCH Algo rmappo Exp benchmark_24_8_4 updates 1515/10416 episodes, total num timesteps 436608/3000000, FPS 72.


 Scenario BOSCH Algo rmappo Exp benchmark_24_8_4 updates 1520/10416 episodes, total num timesteps 438048/3000000, FPS 72.


 Scenario BOSCH Algo rmappo Exp benchmark_24_8_4 updates 1525/10416 episodes, total num timesteps 439488/3000000, FPS 72.


 Scenario BOSCH Algo rmappo Exp benchmark_24_8_4 updates 1530/10416 episodes, total num timesteps 440928/3000000, FPS 72.


 Scenario BOSCH Algo rmappo Exp benchmark_24_8_4 updates 1535/10416 episodes, total num timesteps 442368/3000000, FPS 72.


 Scenario BOSCH Algo rmappo Exp benchmark_24_8_4 updates 1540/10416 episodes, total num timesteps 443808/3000000, FPS 72.


 Scenario BOSCH Algo rmappo Exp benchmark_24_8_4 updates 1545/10416 episodes, total num timesteps 445248/3000000, FPS 72.


 Scenario BOSCH Algo rmappo Exp benchmark_24_8_4 updates 1550/10416 episodes, total num timesteps 446688/3000000, FPS 72.


[EVAL] BOSCH MARL Inference Solving Time for 36 periods: 1.1032 seconds
eval average episode rewards of agent0: -390.07742
eval average episode rewards of agent1: -390.19077
eval average episode rewards of agent2: -390.13214
eval average episode rewards of agent3: -390.03772
eval average episode rewards of agent4: -390.27606
eval average episode rewards of agent5: -390.26285
eval average episode rewards of agent6: -390.2662
eval average episode rewards of agent7: -390.2769
eval average episode rewards of agent8: -390.14807
eval average episode costs: Backlog: 103073.55, Inventory: 0.00, Maintenance: 2512.22, Production: 414.86, Setup: 153.05, TOTAL: 106153.67

 Scenario BOSCH Algo rmappo Exp benchmark_24_8_4 updates 1555/10416 episodes, total num timesteps 448128/3000000, FPS 72.


 Scenario BOSCH Algo rmappo Exp benchmark_24_8_4 updates 1560/10416 episodes, total num timesteps 449568/3000000, FPS 73.


 Scenario BOSCH Algo rmappo Exp benchmark_24_8_4 updates 1565/10416 episodes, total num timesteps 451008/3000000, FPS 73.


 Scenario BOSCH Algo rmappo Exp benchmark_24_8_4 updates 1570/10416 episodes, total num timesteps 452448/3000000, FPS 73.


 Scenario BOSCH Algo rmappo Exp benchmark_24_8_4 updates 1575/10416 episodes, total num timesteps 453888/3000000, FPS 73.


 Scenario BOSCH Algo rmappo Exp benchmark_24_8_4 updates 1580/10416 episodes, total num timesteps 455328/3000000, FPS 73.


 Scenario BOSCH Algo rmappo Exp benchmark_24_8_4 updates 1585/10416 episodes, total num timesteps 456768/3000000, FPS 73.


 Scenario BOSCH Algo rmappo Exp benchmark_24_8_4 updates 1590/10416 episodes, total num timesteps 458208/3000000, FPS 73.


 Scenario BOSCH Algo rmappo Exp benchmark_24_8_4 updates 1595/10416 episodes, total num timesteps 459648/3000000, FPS 73.


 Scenario BOSCH Algo rmappo Exp benchmark_24_8_4 updates 1600/10416 episodes, total num timesteps 461088/3000000, FPS 73.


[EVAL] BOSCH MARL Inference Solving Time for 36 periods: 1.1027 seconds
eval average episode rewards of agent0: -350.62076
eval average episode rewards of agent1: -348.02817
eval average episode rewards of agent2: -348.03122
eval average episode rewards of agent3: -348.02853
eval average episode rewards of agent4: -348.04535
eval average episode rewards of agent5: -348.01633
eval average episode rewards of agent6: -347.99802
eval average episode rewards of agent7: -348.04962
eval average episode rewards of agent8: -348.08527
eval average episode costs: Backlog: 92197.68, Inventory: 0.00, Maintenance: 17.26, Production: 2196.30, Setup: 2132.29, TOTAL: 96543.52

 Scenario BOSCH Algo rmappo Exp benchmark_24_8_4 updates 1605/10416 episodes, total num timesteps 462528/3000000, FPS 73.


 Scenario BOSCH Algo rmappo Exp benchmark_24_8_4 updates 1610/10416 episodes, total num timesteps 463968/3000000, FPS 73.


 Scenario BOSCH Algo rmappo Exp benchmark_24_8_4 updates 1615/10416 episodes, total num timesteps 465408/3000000, FPS 73.


 Scenario BOSCH Algo rmappo Exp benchmark_24_8_4 updates 1620/10416 episodes, total num timesteps 466848/3000000, FPS 73.


 Scenario BOSCH Algo rmappo Exp benchmark_24_8_4 updates 1625/10416 episodes, total num timesteps 468288/3000000, FPS 73.


 Scenario BOSCH Algo rmappo Exp benchmark_24_8_4 updates 1630/10416 episodes, total num timesteps 469728/3000000, FPS 73.


 Scenario BOSCH Algo rmappo Exp benchmark_24_8_4 updates 1635/10416 episodes, total num timesteps 471168/3000000, FPS 73.


 Scenario BOSCH Algo rmappo Exp benchmark_24_8_4 updates 1640/10416 episodes, total num timesteps 472608/3000000, FPS 73.


 Scenario BOSCH Algo rmappo Exp benchmark_24_8_4 updates 1645/10416 episodes, total num timesteps 474048/3000000, FPS 73.


 Scenario BOSCH Algo rmappo Exp benchmark_24_8_4 updates 1650/10416 episodes, total num timesteps 475488/3000000, FPS 73.


[EVAL] BOSCH MARL Inference Solving Time for 36 periods: 1.0303 seconds
eval average episode rewards of agent0: -361.2884
eval average episode rewards of agent1: -359.71375
eval average episode rewards of agent2: -359.7293
eval average episode rewards of agent3: -359.70297
eval average episode rewards of agent4: -359.7152
eval average episode rewards of agent5: -359.72137
eval average episode rewards of agent6: -359.69775
eval average episode rewards of agent7: -359.71484
eval average episode rewards of agent8: -359.74432
eval average episode costs: Backlog: 95574.93, Inventory: 0.00, Maintenance: 11.09, Production: 1415.11, Setup: 1039.32, TOTAL: 98040.44

 Scenario BOSCH Algo rmappo Exp benchmark_24_8_4 updates 1655/10416 episodes, total num timesteps 476928/3000000, FPS 73.


 Scenario BOSCH Algo rmappo Exp benchmark_24_8_4 updates 1660/10416 episodes, total num timesteps 478368/3000000, FPS 73.


 Scenario BOSCH Algo rmappo Exp benchmark_24_8_4 updates 1665/10416 episodes, total num timesteps 479808/3000000, FPS 73.


 Scenario BOSCH Algo rmappo Exp benchmark_24_8_4 updates 1670/10416 episodes, total num timesteps 481248/3000000, FPS 73.


 Scenario BOSCH Algo rmappo Exp benchmark_24_8_4 updates 1675/10416 episodes, total num timesteps 482688/3000000, FPS 73.


 Scenario BOSCH Algo rmappo Exp benchmark_24_8_4 updates 1680/10416 episodes, total num timesteps 484128/3000000, FPS 73.


 Scenario BOSCH Algo rmappo Exp benchmark_24_8_4 updates 1685/10416 episodes, total num timesteps 485568/3000000, FPS 73.


 Scenario BOSCH Algo rmappo Exp benchmark_24_8_4 updates 1690/10416 episodes, total num timesteps 487008/3000000, FPS 73.


 Scenario BOSCH Algo rmappo Exp benchmark_24_8_4 updates 1695/10416 episodes, total num timesteps 488448/3000000, FPS 73.


 Scenario BOSCH Algo rmappo Exp benchmark_24_8_4 updates 1700/10416 episodes, total num timesteps 489888/3000000, FPS 73.


[EVAL] BOSCH MARL Inference Solving Time for 36 periods: 1.1042 seconds
eval average episode rewards of agent0: -353.8646
eval average episode rewards of agent1: -351.80273
eval average episode rewards of agent2: -351.84448
eval average episode rewards of agent3: -351.7508
eval average episode rewards of agent4: -351.77948
eval average episode rewards of agent5: -351.79813
eval average episode rewards of agent6: -351.7236
eval average episode rewards of agent7: -351.81866
eval average episode rewards of agent8: -351.81543
eval average episode costs: Backlog: 93364.96, Inventory: 0.00, Maintenance: 13.49, Production: 1709.62, Setup: 1501.84, TOTAL: 96589.91

 Scenario BOSCH Algo rmappo Exp benchmark_24_8_4 updates 1705/10416 episodes, total num timesteps 491328/3000000, FPS 73.


 Scenario BOSCH Algo rmappo Exp benchmark_24_8_4 updates 1710/10416 episodes, total num timesteps 492768/3000000, FPS 73.


 Scenario BOSCH Algo rmappo Exp benchmark_24_8_4 updates 1715/10416 episodes, total num timesteps 494208/3000000, FPS 73.


 Scenario BOSCH Algo rmappo Exp benchmark_24_8_4 updates 1720/10416 episodes, total num timesteps 495648/3000000, FPS 73.


 Scenario BOSCH Algo rmappo Exp benchmark_24_8_4 updates 1725/10416 episodes, total num timesteps 497088/3000000, FPS 73.


 Scenario BOSCH Algo rmappo Exp benchmark_24_8_4 updates 1730/10416 episodes, total num timesteps 498528/3000000, FPS 73.


 Scenario BOSCH Algo rmappo Exp benchmark_24_8_4 updates 1735/10416 episodes, total num timesteps 499968/3000000, FPS 73.


 Scenario BOSCH Algo rmappo Exp benchmark_24_8_4 updates 1740/10416 episodes, total num timesteps 501408/3000000, FPS 73.


 Scenario BOSCH Algo rmappo Exp benchmark_24_8_4 updates 1745/10416 episodes, total num timesteps 502848/3000000, FPS 73.


 Scenario BOSCH Algo rmappo Exp benchmark_24_8_4 updates 1750/10416 episodes, total num timesteps 504288/3000000, FPS 73.


[EVAL] BOSCH MARL Inference Solving Time for 36 periods: 1.0713 seconds
eval average episode rewards of agent0: -351.22968
eval average episode rewards of agent1: -348.80606
eval average episode rewards of agent2: -348.83044
eval average episode rewards of agent3: -348.85724
eval average episode rewards of agent4: -348.81757
eval average episode rewards of agent5: -348.80994
eval average episode rewards of agent6: -348.7353
eval average episode rewards of agent7: -348.86566
eval average episode rewards of agent8: -348.8624
eval average episode costs: Backlog: 92544.12, Inventory: 0.00, Maintenance: 14.40, Production: 1830.33, Setup: 1651.18, TOTAL: 96040.03

 Scenario BOSCH Algo rmappo Exp benchmark_24_8_4 updates 1755/10416 episodes, total num timesteps 505728/3000000, FPS 73.


 Scenario BOSCH Algo rmappo Exp benchmark_24_8_4 updates 1760/10416 episodes, total num timesteps 507168/3000000, FPS 73.


 Scenario BOSCH Algo rmappo Exp benchmark_24_8_4 updates 1765/10416 episodes, total num timesteps 508608/3000000, FPS 73.


 Scenario BOSCH Algo rmappo Exp benchmark_24_8_4 updates 1770/10416 episodes, total num timesteps 510048/3000000, FPS 73.


 Scenario BOSCH Algo rmappo Exp benchmark_24_8_4 updates 1775/10416 episodes, total num timesteps 511488/3000000, FPS 73.


 Scenario BOSCH Algo rmappo Exp benchmark_24_8_4 updates 1780/10416 episodes, total num timesteps 512928/3000000, FPS 73.


 Scenario BOSCH Algo rmappo Exp benchmark_24_8_4 updates 1785/10416 episodes, total num timesteps 514368/3000000, FPS 73.


 Scenario BOSCH Algo rmappo Exp benchmark_24_8_4 updates 1790/10416 episodes, total num timesteps 515808/3000000, FPS 73.


 Scenario BOSCH Algo rmappo Exp benchmark_24_8_4 updates 1795/10416 episodes, total num timesteps 517248/3000000, FPS 73.


 Scenario BOSCH Algo rmappo Exp benchmark_24_8_4 updates 1800/10416 episodes, total num timesteps 518688/3000000, FPS 73.


[EVAL] BOSCH MARL Inference Solving Time for 36 periods: 1.0627 seconds
eval average episode rewards of agent0: -369.45718
eval average episode rewards of agent1: -368.26932
eval average episode rewards of agent2: -368.2303
eval average episode rewards of agent3: -368.30057
eval average episode rewards of agent4: -368.2622
eval average episode rewards of agent5: -368.28418
eval average episode rewards of agent6: -368.24014
eval average episode rewards of agent7: -368.2927
eval average episode rewards of agent8: -368.3237
eval average episode costs: Backlog: 97875.17, Inventory: 0.00, Maintenance: 8.88, Production: 1142.17, Setup: 865.82, TOTAL: 99892.02

 Scenario BOSCH Algo rmappo Exp benchmark_24_8_4 updates 1805/10416 episodes, total num timesteps 520128/3000000, FPS 73.


 Scenario BOSCH Algo rmappo Exp benchmark_24_8_4 updates 1810/10416 episodes, total num timesteps 521568/3000000, FPS 73.


 Scenario BOSCH Algo rmappo Exp benchmark_24_8_4 updates 1815/10416 episodes, total num timesteps 523008/3000000, FPS 73.


 Scenario BOSCH Algo rmappo Exp benchmark_24_8_4 updates 1820/10416 episodes, total num timesteps 524448/3000000, FPS 73.


 Scenario BOSCH Algo rmappo Exp benchmark_24_8_4 updates 1825/10416 episodes, total num timesteps 525888/3000000, FPS 73.


 Scenario BOSCH Algo rmappo Exp benchmark_24_8_4 updates 1830/10416 episodes, total num timesteps 527328/3000000, FPS 73.


 Scenario BOSCH Algo rmappo Exp benchmark_24_8_4 updates 1835/10416 episodes, total num timesteps 528768/3000000, FPS 73.


 Scenario BOSCH Algo rmappo Exp benchmark_24_8_4 updates 1840/10416 episodes, total num timesteps 530208/3000000, FPS 73.


 Scenario BOSCH Algo rmappo Exp benchmark_24_8_4 updates 1845/10416 episodes, total num timesteps 531648/3000000, FPS 73.


 Scenario BOSCH Algo rmappo Exp benchmark_24_8_4 updates 1850/10416 episodes, total num timesteps 533088/3000000, FPS 73.


[EVAL] BOSCH MARL Inference Solving Time for 36 periods: 1.1075 seconds
eval average episode rewards of agent0: -374.2939
eval average episode rewards of agent1: -373.26898
eval average episode rewards of agent2: -373.2121
eval average episode rewards of agent3: -373.30255
eval average episode rewards of agent4: -373.24655
eval average episode rewards of agent5: -373.247
eval average episode rewards of agent6: -373.2702
eval average episode rewards of agent7: -373.28235
eval average episode rewards of agent8: -373.2508
eval average episode costs: Backlog: 99200.47, Inventory: 0.00, Maintenance: 8.46, Production: 1070.18, Setup: 807.35, TOTAL: 101086.45

 Scenario BOSCH Algo rmappo Exp benchmark_24_8_4 updates 1855/10416 episodes, total num timesteps 534528/3000000, FPS 73.


 Scenario BOSCH Algo rmappo Exp benchmark_24_8_4 updates 1860/10416 episodes, total num timesteps 535968/3000000, FPS 73.


 Scenario BOSCH Algo rmappo Exp benchmark_24_8_4 updates 1865/10416 episodes, total num timesteps 537408/3000000, FPS 73.


 Scenario BOSCH Algo rmappo Exp benchmark_24_8_4 updates 1870/10416 episodes, total num timesteps 538848/3000000, FPS 74.


 Scenario BOSCH Algo rmappo Exp benchmark_24_8_4 updates 1875/10416 episodes, total num timesteps 540288/3000000, FPS 74.


 Scenario BOSCH Algo rmappo Exp benchmark_24_8_4 updates 1880/10416 episodes, total num timesteps 541728/3000000, FPS 74.


 Scenario BOSCH Algo rmappo Exp benchmark_24_8_4 updates 1885/10416 episodes, total num timesteps 543168/3000000, FPS 74.


 Scenario BOSCH Algo rmappo Exp benchmark_24_8_4 updates 1890/10416 episodes, total num timesteps 544608/3000000, FPS 74.


 Scenario BOSCH Algo rmappo Exp benchmark_24_8_4 updates 1895/10416 episodes, total num timesteps 546048/3000000, FPS 74.


 Scenario BOSCH Algo rmappo Exp benchmark_24_8_4 updates 1900/10416 episodes, total num timesteps 547488/3000000, FPS 74.


[EVAL] BOSCH MARL Inference Solving Time for 36 periods: 1.0504 seconds
eval average episode rewards of agent0: -382.64716
eval average episode rewards of agent1: -381.93298
eval average episode rewards of agent2: -381.97845
eval average episode rewards of agent3: -381.9698
eval average episode rewards of agent4: -381.9521
eval average episode rewards of agent5: -381.97556
eval average episode rewards of agent6: -381.95905
eval average episode rewards of agent7: -381.97455
eval average episode rewards of agent8: -381.90497
eval average episode costs: Backlog: 101561.95, Inventory: 0.00, Maintenance: 5.98, Production: 727.54, Setup: 543.70, TOTAL: 102839.15

 Scenario BOSCH Algo rmappo Exp benchmark_24_8_4 updates 1905/10416 episodes, total num timesteps 548928/3000000, FPS 74.


 Scenario BOSCH Algo rmappo Exp benchmark_24_8_4 updates 1910/10416 episodes, total num timesteps 550368/3000000, FPS 74.


 Scenario BOSCH Algo rmappo Exp benchmark_24_8_4 updates 1915/10416 episodes, total num timesteps 551808/3000000, FPS 74.


 Scenario BOSCH Algo rmappo Exp benchmark_24_8_4 updates 1920/10416 episodes, total num timesteps 553248/3000000, FPS 74.


 Scenario BOSCH Algo rmappo Exp benchmark_24_8_4 updates 1925/10416 episodes, total num timesteps 554688/3000000, FPS 74.


 Scenario BOSCH Algo rmappo Exp benchmark_24_8_4 updates 1930/10416 episodes, total num timesteps 556128/3000000, FPS 74.


 Scenario BOSCH Algo rmappo Exp benchmark_24_8_4 updates 1935/10416 episodes, total num timesteps 557568/3000000, FPS 74.


 Scenario BOSCH Algo rmappo Exp benchmark_24_8_4 updates 1940/10416 episodes, total num timesteps 559008/3000000, FPS 74.


 Scenario BOSCH Algo rmappo Exp benchmark_24_8_4 updates 1945/10416 episodes, total num timesteps 560448/3000000, FPS 74.


 Scenario BOSCH Algo rmappo Exp benchmark_24_8_4 updates 1950/10416 episodes, total num timesteps 561888/3000000, FPS 74.


[EVAL] BOSCH MARL Inference Solving Time for 36 periods: 1.1923 seconds
eval average episode rewards of agent0: -366.05652
eval average episode rewards of agent1: -364.21246
eval average episode rewards of agent2: -364.24213
eval average episode rewards of agent3: -364.22018
eval average episode rewards of agent4: -364.2518
eval average episode rewards of agent5: -364.21393
eval average episode rewards of agent6: -364.2307
eval average episode rewards of agent7: -364.22086
eval average episode rewards of agent8: -364.20142
eval average episode costs: Backlog: 96732.93, Inventory: 0.00, Maintenance: 9.48, Production: 1178.62, Setup: 1162.46, TOTAL: 99083.48

 Scenario BOSCH Algo rmappo Exp benchmark_24_8_4 updates 1955/10416 episodes, total num timesteps 563328/3000000, FPS 74.


 Scenario BOSCH Algo rmappo Exp benchmark_24_8_4 updates 1960/10416 episodes, total num timesteps 564768/3000000, FPS 74.


 Scenario BOSCH Algo rmappo Exp benchmark_24_8_4 updates 1965/10416 episodes, total num timesteps 566208/3000000, FPS 74.


 Scenario BOSCH Algo rmappo Exp benchmark_24_8_4 updates 1970/10416 episodes, total num timesteps 567648/3000000, FPS 74.


 Scenario BOSCH Algo rmappo Exp benchmark_24_8_4 updates 1975/10416 episodes, total num timesteps 569088/3000000, FPS 74.


 Scenario BOSCH Algo rmappo Exp benchmark_24_8_4 updates 1980/10416 episodes, total num timesteps 570528/3000000, FPS 74.


 Scenario BOSCH Algo rmappo Exp benchmark_24_8_4 updates 1985/10416 episodes, total num timesteps 571968/3000000, FPS 74.


 Scenario BOSCH Algo rmappo Exp benchmark_24_8_4 updates 1990/10416 episodes, total num timesteps 573408/3000000, FPS 74.


 Scenario BOSCH Algo rmappo Exp benchmark_24_8_4 updates 1995/10416 episodes, total num timesteps 574848/3000000, FPS 74.


 Scenario BOSCH Algo rmappo Exp benchmark_24_8_4 updates 2000/10416 episodes, total num timesteps 576288/3000000, FPS 74.


[EVAL] BOSCH MARL Inference Solving Time for 36 periods: 1.0897 seconds
eval average episode rewards of agent0: -374.53534
eval average episode rewards of agent1: -373.51874
eval average episode rewards of agent2: -373.61234
eval average episode rewards of agent3: -373.7066
eval average episode rewards of agent4: -373.6489
eval average episode rewards of agent5: -373.74933
eval average episode rewards of agent6: -373.5358
eval average episode rewards of agent7: -373.59872
eval average episode rewards of agent8: -373.5527
eval average episode costs: Backlog: 99179.96, Inventory: 0.00, Maintenance: 382.58, Production: 1051.91, Setup: 800.89, TOTAL: 101415.33

 Scenario BOSCH Algo rmappo Exp benchmark_24_8_4 updates 2005/10416 episodes, total num timesteps 577728/3000000, FPS 74.


 Scenario BOSCH Algo rmappo Exp benchmark_24_8_4 updates 2010/10416 episodes, total num timesteps 579168/3000000, FPS 74.


 Scenario BOSCH Algo rmappo Exp benchmark_24_8_4 updates 2015/10416 episodes, total num timesteps 580608/3000000, FPS 74.


 Scenario BOSCH Algo rmappo Exp benchmark_24_8_4 updates 2020/10416 episodes, total num timesteps 582048/3000000, FPS 74.


 Scenario BOSCH Algo rmappo Exp benchmark_24_8_4 updates 2025/10416 episodes, total num timesteps 583488/3000000, FPS 74.


 Scenario BOSCH Algo rmappo Exp benchmark_24_8_4 updates 2030/10416 episodes, total num timesteps 584928/3000000, FPS 74.


 Scenario BOSCH Algo rmappo Exp benchmark_24_8_4 updates 2035/10416 episodes, total num timesteps 586368/3000000, FPS 74.


 Scenario BOSCH Algo rmappo Exp benchmark_24_8_4 updates 2040/10416 episodes, total num timesteps 587808/3000000, FPS 74.


 Scenario BOSCH Algo rmappo Exp benchmark_24_8_4 updates 2045/10416 episodes, total num timesteps 589248/3000000, FPS 74.


 Scenario BOSCH Algo rmappo Exp benchmark_24_8_4 updates 2050/10416 episodes, total num timesteps 590688/3000000, FPS 74.


[EVAL] BOSCH MARL Inference Solving Time for 36 periods: 1.0500 seconds
eval average episode rewards of agent0: -371.67233
eval average episode rewards of agent1: -370.69424
eval average episode rewards of agent2: -370.58713
eval average episode rewards of agent3: -370.71347
eval average episode rewards of agent4: -370.7221
eval average episode rewards of agent5: -370.80963
eval average episode rewards of agent6: -370.61752
eval average episode rewards of agent7: -370.62344
eval average episode rewards of agent8: -370.5964
eval average episode costs: Backlog: 98353.30, Inventory: 0.00, Maintenance: 545.84, Production: 1061.34, Setup: 799.93, TOTAL: 100760.41

 Scenario BOSCH Algo rmappo Exp benchmark_24_8_4 updates 2055/10416 episodes, total num timesteps 592128/3000000, FPS 74.


 Scenario BOSCH Algo rmappo Exp benchmark_24_8_4 updates 2060/10416 episodes, total num timesteps 593568/3000000, FPS 74.


 Scenario BOSCH Algo rmappo Exp benchmark_24_8_4 updates 2065/10416 episodes, total num timesteps 595008/3000000, FPS 74.


 Scenario BOSCH Algo rmappo Exp benchmark_24_8_4 updates 2070/10416 episodes, total num timesteps 596448/3000000, FPS 74.


 Scenario BOSCH Algo rmappo Exp benchmark_24_8_4 updates 2075/10416 episodes, total num timesteps 597888/3000000, FPS 74.


 Scenario BOSCH Algo rmappo Exp benchmark_24_8_4 updates 2080/10416 episodes, total num timesteps 599328/3000000, FPS 74.


 Scenario BOSCH Algo rmappo Exp benchmark_24_8_4 updates 2085/10416 episodes, total num timesteps 600768/3000000, FPS 74.


 Scenario BOSCH Algo rmappo Exp benchmark_24_8_4 updates 2090/10416 episodes, total num timesteps 602208/3000000, FPS 74.


 Scenario BOSCH Algo rmappo Exp benchmark_24_8_4 updates 2095/10416 episodes, total num timesteps 603648/3000000, FPS 74.


 Scenario BOSCH Algo rmappo Exp benchmark_24_8_4 updates 2100/10416 episodes, total num timesteps 605088/3000000, FPS 74.


[EVAL] BOSCH MARL Inference Solving Time for 36 periods: 1.1108 seconds
eval average episode rewards of agent0: -363.61383
eval average episode rewards of agent1: -362.4632
eval average episode rewards of agent2: -362.46588
eval average episode rewards of agent3: -362.47638
eval average episode rewards of agent4: -362.48236
eval average episode rewards of agent5: -362.47223
eval average episode rewards of agent6: -362.34796
eval average episode rewards of agent7: -362.4588
eval average episode rewards of agent8: -362.48215
eval average episode costs: Backlog: 96042.46, Inventory: 0.00, Maintenance: 740.02, Production: 1618.71, Setup: 1092.73, TOTAL: 99493.92

 Scenario BOSCH Algo rmappo Exp benchmark_24_8_4 updates 2105/10416 episodes, total num timesteps 606528/3000000, FPS 74.


 Scenario BOSCH Algo rmappo Exp benchmark_24_8_4 updates 2110/10416 episodes, total num timesteps 607968/3000000, FPS 74.


 Scenario BOSCH Algo rmappo Exp benchmark_24_8_4 updates 2115/10416 episodes, total num timesteps 609408/3000000, FPS 74.


 Scenario BOSCH Algo rmappo Exp benchmark_24_8_4 updates 2120/10416 episodes, total num timesteps 610848/3000000, FPS 74.


 Scenario BOSCH Algo rmappo Exp benchmark_24_8_4 updates 2125/10416 episodes, total num timesteps 612288/3000000, FPS 74.


 Scenario BOSCH Algo rmappo Exp benchmark_24_8_4 updates 2130/10416 episodes, total num timesteps 613728/3000000, FPS 74.


 Scenario BOSCH Algo rmappo Exp benchmark_24_8_4 updates 2135/10416 episodes, total num timesteps 615168/3000000, FPS 74.


 Scenario BOSCH Algo rmappo Exp benchmark_24_8_4 updates 2140/10416 episodes, total num timesteps 616608/3000000, FPS 74.


 Scenario BOSCH Algo rmappo Exp benchmark_24_8_4 updates 2145/10416 episodes, total num timesteps 618048/3000000, FPS 74.


 Scenario BOSCH Algo rmappo Exp benchmark_24_8_4 updates 2150/10416 episodes, total num timesteps 619488/3000000, FPS 74.


[EVAL] BOSCH MARL Inference Solving Time for 36 periods: 1.0959 seconds
eval average episode rewards of agent0: -393.64975
eval average episode rewards of agent1: -393.5667
eval average episode rewards of agent2: -393.62885
eval average episode rewards of agent3: -393.64456
eval average episode rewards of agent4: -393.60785
eval average episode rewards of agent5: -393.66428
eval average episode rewards of agent6: -393.57617
eval average episode rewards of agent7: -393.58856
eval average episode rewards of agent8: -393.52588
eval average episode costs: Backlog: 104204.14, Inventory: 0.00, Maintenance: 1532.08, Production: 391.56, Setup: 331.89, TOTAL: 106459.66

 Scenario BOSCH Algo rmappo Exp benchmark_24_8_4 updates 2155/10416 episodes, total num timesteps 620928/3000000, FPS 74.


 Scenario BOSCH Algo rmappo Exp benchmark_24_8_4 updates 2160/10416 episodes, total num timesteps 622368/3000000, FPS 74.


 Scenario BOSCH Algo rmappo Exp benchmark_24_8_4 updates 2165/10416 episodes, total num timesteps 623808/3000000, FPS 74.


 Scenario BOSCH Algo rmappo Exp benchmark_24_8_4 updates 2170/10416 episodes, total num timesteps 625248/3000000, FPS 74.


 Scenario BOSCH Algo rmappo Exp benchmark_24_8_4 updates 2175/10416 episodes, total num timesteps 626688/3000000, FPS 74.


 Scenario BOSCH Algo rmappo Exp benchmark_24_8_4 updates 2180/10416 episodes, total num timesteps 628128/3000000, FPS 74.


 Scenario BOSCH Algo rmappo Exp benchmark_24_8_4 updates 2185/10416 episodes, total num timesteps 629568/3000000, FPS 74.


 Scenario BOSCH Algo rmappo Exp benchmark_24_8_4 updates 2190/10416 episodes, total num timesteps 631008/3000000, FPS 74.


 Scenario BOSCH Algo rmappo Exp benchmark_24_8_4 updates 2195/10416 episodes, total num timesteps 632448/3000000, FPS 74.


 Scenario BOSCH Algo rmappo Exp benchmark_24_8_4 updates 2200/10416 episodes, total num timesteps 633888/3000000, FPS 74.


[EVAL] BOSCH MARL Inference Solving Time for 36 periods: 1.0435 seconds
eval average episode rewards of agent0: -381.80484
eval average episode rewards of agent1: -381.31873
eval average episode rewards of agent2: -381.35406
eval average episode rewards of agent3: -381.35614
eval average episode rewards of agent4: -381.35742
eval average episode rewards of agent5: -381.3979
eval average episode rewards of agent6: -381.33124
eval average episode rewards of agent7: -381.25522
eval average episode rewards of agent8: -381.30597
eval average episode costs: Backlog: 101085.05, Inventory: 0.00, Maintenance: 1064.01, Production: 703.28, Setup: 479.11, TOTAL: 103331.46

 Scenario BOSCH Algo rmappo Exp benchmark_24_8_4 updates 2205/10416 episodes, total num timesteps 635328/3000000, FPS 74.


 Scenario BOSCH Algo rmappo Exp benchmark_24_8_4 updates 2210/10416 episodes, total num timesteps 636768/3000000, FPS 74.


 Scenario BOSCH Algo rmappo Exp benchmark_24_8_4 updates 2215/10416 episodes, total num timesteps 638208/3000000, FPS 74.


 Scenario BOSCH Algo rmappo Exp benchmark_24_8_4 updates 2220/10416 episodes, total num timesteps 639648/3000000, FPS 74.


 Scenario BOSCH Algo rmappo Exp benchmark_24_8_4 updates 2225/10416 episodes, total num timesteps 641088/3000000, FPS 74.


 Scenario BOSCH Algo rmappo Exp benchmark_24_8_4 updates 2230/10416 episodes, total num timesteps 642528/3000000, FPS 74.


 Scenario BOSCH Algo rmappo Exp benchmark_24_8_4 updates 2235/10416 episodes, total num timesteps 643968/3000000, FPS 74.


 Scenario BOSCH Algo rmappo Exp benchmark_24_8_4 updates 2240/10416 episodes, total num timesteps 645408/3000000, FPS 74.


 Scenario BOSCH Algo rmappo Exp benchmark_24_8_4 updates 2245/10416 episodes, total num timesteps 646848/3000000, FPS 74.


 Scenario BOSCH Algo rmappo Exp benchmark_24_8_4 updates 2250/10416 episodes, total num timesteps 648288/3000000, FPS 74.


[EVAL] BOSCH MARL Inference Solving Time for 36 periods: 1.0958 seconds
eval average episode rewards of agent0: -357.57184
eval average episode rewards of agent1: -355.6482
eval average episode rewards of agent2: -355.6505
eval average episode rewards of agent3: -355.6496
eval average episode rewards of agent4: -355.67645
eval average episode rewards of agent5: -355.66882
eval average episode rewards of agent6: -355.6399
eval average episode rewards of agent7: -355.59955
eval average episode rewards of agent8: -355.66965
eval average episode costs: Backlog: 94339.34, Inventory: 0.00, Maintenance: 207.83, Production: 1730.88, Setup: 1422.91, TOTAL: 97700.95

 Scenario BOSCH Algo rmappo Exp benchmark_24_8_4 updates 2255/10416 episodes, total num timesteps 649728/3000000, FPS 74.


 Scenario BOSCH Algo rmappo Exp benchmark_24_8_4 updates 2260/10416 episodes, total num timesteps 651168/3000000, FPS 74.


 Scenario BOSCH Algo rmappo Exp benchmark_24_8_4 updates 2265/10416 episodes, total num timesteps 652608/3000000, FPS 74.


 Scenario BOSCH Algo rmappo Exp benchmark_24_8_4 updates 2270/10416 episodes, total num timesteps 654048/3000000, FPS 74.


 Scenario BOSCH Algo rmappo Exp benchmark_24_8_4 updates 2275/10416 episodes, total num timesteps 655488/3000000, FPS 74.


 Scenario BOSCH Algo rmappo Exp benchmark_24_8_4 updates 2280/10416 episodes, total num timesteps 656928/3000000, FPS 74.


 Scenario BOSCH Algo rmappo Exp benchmark_24_8_4 updates 2285/10416 episodes, total num timesteps 658368/3000000, FPS 74.


 Scenario BOSCH Algo rmappo Exp benchmark_24_8_4 updates 2290/10416 episodes, total num timesteps 659808/3000000, FPS 74.


 Scenario BOSCH Algo rmappo Exp benchmark_24_8_4 updates 2295/10416 episodes, total num timesteps 661248/3000000, FPS 74.


 Scenario BOSCH Algo rmappo Exp benchmark_24_8_4 updates 2300/10416 episodes, total num timesteps 662688/3000000, FPS 74.


[EVAL] BOSCH MARL Inference Solving Time for 36 periods: 1.1079 seconds
eval average episode rewards of agent0: -384.6037
eval average episode rewards of agent1: -384.0755
eval average episode rewards of agent2: -384.0928
eval average episode rewards of agent3: -384.09756
eval average episode rewards of agent4: -384.09848
eval average episode rewards of agent5: -384.11212
eval average episode rewards of agent6: -384.1239
eval average episode rewards of agent7: -384.0683
eval average episode rewards of agent8: -384.0722
eval average episode costs: Backlog: 101770.55, Inventory: 0.00, Maintenance: 1007.52, Production: 804.31, Setup: 659.48, TOTAL: 104241.88

 Scenario BOSCH Algo rmappo Exp benchmark_24_8_4 updates 2305/10416 episodes, total num timesteps 664128/3000000, FPS 74.


 Scenario BOSCH Algo rmappo Exp benchmark_24_8_4 updates 2310/10416 episodes, total num timesteps 665568/3000000, FPS 74.


 Scenario BOSCH Algo rmappo Exp benchmark_24_8_4 updates 2315/10416 episodes, total num timesteps 667008/3000000, FPS 74.


 Scenario BOSCH Algo rmappo Exp benchmark_24_8_4 updates 2320/10416 episodes, total num timesteps 668448/3000000, FPS 74.


 Scenario BOSCH Algo rmappo Exp benchmark_24_8_4 updates 2325/10416 episodes, total num timesteps 669888/3000000, FPS 74.


 Scenario BOSCH Algo rmappo Exp benchmark_24_8_4 updates 2330/10416 episodes, total num timesteps 671328/3000000, FPS 74.


 Scenario BOSCH Algo rmappo Exp benchmark_24_8_4 updates 2335/10416 episodes, total num timesteps 672768/3000000, FPS 74.


 Scenario BOSCH Algo rmappo Exp benchmark_24_8_4 updates 2340/10416 episodes, total num timesteps 674208/3000000, FPS 75.


 Scenario BOSCH Algo rmappo Exp benchmark_24_8_4 updates 2345/10416 episodes, total num timesteps 675648/3000000, FPS 75.


 Scenario BOSCH Algo rmappo Exp benchmark_24_8_4 updates 2350/10416 episodes, total num timesteps 677088/3000000, FPS 75.


[EVAL] BOSCH MARL Inference Solving Time for 36 periods: 1.1218 seconds
eval average episode rewards of agent0: -389.27338
eval average episode rewards of agent1: -389.07806
eval average episode rewards of agent2: -389.1381
eval average episode rewards of agent3: -389.10608
eval average episode rewards of agent4: -389.14478
eval average episode rewards of agent5: -389.18155
eval average episode rewards of agent6: -389.11862
eval average episode rewards of agent7: -389.1223
eval average episode rewards of agent8: -389.0678
eval average episode costs: Backlog: 103101.13, Inventory: 0.00, Maintenance: 1214.44, Production: 592.87, Setup: 388.69, TOTAL: 105297.14

 Scenario BOSCH Algo rmappo Exp benchmark_24_8_4 updates 2355/10416 episodes, total num timesteps 678528/3000000, FPS 75.


 Scenario BOSCH Algo rmappo Exp benchmark_24_8_4 updates 2360/10416 episodes, total num timesteps 679968/3000000, FPS 75.


 Scenario BOSCH Algo rmappo Exp benchmark_24_8_4 updates 2365/10416 episodes, total num timesteps 681408/3000000, FPS 75.


 Scenario BOSCH Algo rmappo Exp benchmark_24_8_4 updates 2370/10416 episodes, total num timesteps 682848/3000000, FPS 75.


 Scenario BOSCH Algo rmappo Exp benchmark_24_8_4 updates 2375/10416 episodes, total num timesteps 684288/3000000, FPS 75.


 Scenario BOSCH Algo rmappo Exp benchmark_24_8_4 updates 2380/10416 episodes, total num timesteps 685728/3000000, FPS 75.


 Scenario BOSCH Algo rmappo Exp benchmark_24_8_4 updates 2385/10416 episodes, total num timesteps 687168/3000000, FPS 75.


 Scenario BOSCH Algo rmappo Exp benchmark_24_8_4 updates 2390/10416 episodes, total num timesteps 688608/3000000, FPS 75.


 Scenario BOSCH Algo rmappo Exp benchmark_24_8_4 updates 2395/10416 episodes, total num timesteps 690048/3000000, FPS 75.


 Scenario BOSCH Algo rmappo Exp benchmark_24_8_4 updates 2400/10416 episodes, total num timesteps 691488/3000000, FPS 75.


[EVAL] BOSCH MARL Inference Solving Time for 36 periods: 1.0834 seconds
eval average episode rewards of agent0: -377.84918
eval average episode rewards of agent1: -376.87677
eval average episode rewards of agent2: -376.8404
eval average episode rewards of agent3: -376.8458
eval average episode rewards of agent4: -376.82135
eval average episode rewards of agent5: -376.81555
eval average episode rewards of agent6: -376.80664
eval average episode rewards of agent7: -376.81326
eval average episode rewards of agent8: -376.8339
eval average episode costs: Backlog: 100084.70, Inventory: 0.00, Maintenance: 235.74, Production: 926.47, Setup: 750.45, TOTAL: 101997.36

 Scenario BOSCH Algo rmappo Exp benchmark_24_8_4 updates 2405/10416 episodes, total num timesteps 692928/3000000, FPS 75.


 Scenario BOSCH Algo rmappo Exp benchmark_24_8_4 updates 2410/10416 episodes, total num timesteps 694368/3000000, FPS 75.


 Scenario BOSCH Algo rmappo Exp benchmark_24_8_4 updates 2415/10416 episodes, total num timesteps 695808/3000000, FPS 75.


 Scenario BOSCH Algo rmappo Exp benchmark_24_8_4 updates 2420/10416 episodes, total num timesteps 697248/3000000, FPS 75.


 Scenario BOSCH Algo rmappo Exp benchmark_24_8_4 updates 2425/10416 episodes, total num timesteps 698688/3000000, FPS 75.


 Scenario BOSCH Algo rmappo Exp benchmark_24_8_4 updates 2430/10416 episodes, total num timesteps 700128/3000000, FPS 75.


 Scenario BOSCH Algo rmappo Exp benchmark_24_8_4 updates 2435/10416 episodes, total num timesteps 701568/3000000, FPS 75.


 Scenario BOSCH Algo rmappo Exp benchmark_24_8_4 updates 2440/10416 episodes, total num timesteps 703008/3000000, FPS 75.


 Scenario BOSCH Algo rmappo Exp benchmark_24_8_4 updates 2445/10416 episodes, total num timesteps 704448/3000000, FPS 75.


 Scenario BOSCH Algo rmappo Exp benchmark_24_8_4 updates 2450/10416 episodes, total num timesteps 705888/3000000, FPS 75.


[EVAL] BOSCH MARL Inference Solving Time for 36 periods: 1.2662 seconds
eval average episode rewards of agent0: -363.4052
eval average episode rewards of agent1: -361.67523
eval average episode rewards of agent2: -361.6789
eval average episode rewards of agent3: -361.691
eval average episode rewards of agent4: -361.6911
eval average episode rewards of agent5: -361.70963
eval average episode rewards of agent6: -361.69254
eval average episode rewards of agent7: -361.68268
eval average episode rewards of agent8: -361.6883
eval average episode costs: Backlog: 96072.39, Inventory: 0.00, Maintenance: 10.42, Production: 1327.59, Setup: 1130.21, TOTAL: 98540.61

 Scenario BOSCH Algo rmappo Exp benchmark_24_8_4 updates 2455/10416 episodes, total num timesteps 707328/3000000, FPS 75.


 Scenario BOSCH Algo rmappo Exp benchmark_24_8_4 updates 2460/10416 episodes, total num timesteps 708768/3000000, FPS 75.


 Scenario BOSCH Algo rmappo Exp benchmark_24_8_4 updates 2465/10416 episodes, total num timesteps 710208/3000000, FPS 75.


 Scenario BOSCH Algo rmappo Exp benchmark_24_8_4 updates 2470/10416 episodes, total num timesteps 711648/3000000, FPS 75.


 Scenario BOSCH Algo rmappo Exp benchmark_24_8_4 updates 2475/10416 episodes, total num timesteps 713088/3000000, FPS 75.


 Scenario BOSCH Algo rmappo Exp benchmark_24_8_4 updates 2480/10416 episodes, total num timesteps 714528/3000000, FPS 75.


 Scenario BOSCH Algo rmappo Exp benchmark_24_8_4 updates 2485/10416 episodes, total num timesteps 715968/3000000, FPS 75.


 Scenario BOSCH Algo rmappo Exp benchmark_24_8_4 updates 2490/10416 episodes, total num timesteps 717408/3000000, FPS 75.


 Scenario BOSCH Algo rmappo Exp benchmark_24_8_4 updates 2495/10416 episodes, total num timesteps 718848/3000000, FPS 75.


 Scenario BOSCH Algo rmappo Exp benchmark_24_8_4 updates 2500/10416 episodes, total num timesteps 720288/3000000, FPS 75.


[EVAL] BOSCH MARL Inference Solving Time for 36 periods: 1.1348 seconds
eval average episode rewards of agent0: -356.4556
eval average episode rewards of agent1: -354.29993
eval average episode rewards of agent2: -354.33478
eval average episode rewards of agent3: -354.3432
eval average episode rewards of agent4: -354.32547
eval average episode rewards of agent5: -354.32553
eval average episode rewards of agent6: -354.3524
eval average episode rewards of agent7: -354.33847
eval average episode rewards of agent8: -354.28433
eval average episode costs: Backlog: 93980.56, Inventory: 0.00, Maintenance: 26.49, Production: 1879.93, Setup: 1650.56, TOTAL: 97537.55

 Scenario BOSCH Algo rmappo Exp benchmark_24_8_4 updates 2505/10416 episodes, total num timesteps 721728/3000000, FPS 75.


 Scenario BOSCH Algo rmappo Exp benchmark_24_8_4 updates 2510/10416 episodes, total num timesteps 723168/3000000, FPS 75.


 Scenario BOSCH Algo rmappo Exp benchmark_24_8_4 updates 2515/10416 episodes, total num timesteps 724608/3000000, FPS 75.


 Scenario BOSCH Algo rmappo Exp benchmark_24_8_4 updates 2520/10416 episodes, total num timesteps 726048/3000000, FPS 75.


 Scenario BOSCH Algo rmappo Exp benchmark_24_8_4 updates 2525/10416 episodes, total num timesteps 727488/3000000, FPS 75.


 Scenario BOSCH Algo rmappo Exp benchmark_24_8_4 updates 2530/10416 episodes, total num timesteps 728928/3000000, FPS 75.


 Scenario BOSCH Algo rmappo Exp benchmark_24_8_4 updates 2535/10416 episodes, total num timesteps 730368/3000000, FPS 75.


 Scenario BOSCH Algo rmappo Exp benchmark_24_8_4 updates 2540/10416 episodes, total num timesteps 731808/3000000, FPS 75.


 Scenario BOSCH Algo rmappo Exp benchmark_24_8_4 updates 2545/10416 episodes, total num timesteps 733248/3000000, FPS 75.


 Scenario BOSCH Algo rmappo Exp benchmark_24_8_4 updates 2550/10416 episodes, total num timesteps 734688/3000000, FPS 75.


[EVAL] BOSCH MARL Inference Solving Time for 36 periods: 1.1006 seconds
eval average episode rewards of agent0: -381.90085
eval average episode rewards of agent1: -381.4459
eval average episode rewards of agent2: -381.55002
eval average episode rewards of agent3: -381.54498
eval average episode rewards of agent4: -381.53397
eval average episode rewards of agent5: -381.62973
eval average episode rewards of agent6: -381.2652
eval average episode rewards of agent7: -381.53177
eval average episode rewards of agent8: -381.51614
eval average episode costs: Backlog: 101169.81, Inventory: 0.00, Maintenance: 916.82, Production: 781.69, Setup: 477.94, TOTAL: 103346.27

 Scenario BOSCH Algo rmappo Exp benchmark_24_8_4 updates 2555/10416 episodes, total num timesteps 736128/3000000, FPS 75.


 Scenario BOSCH Algo rmappo Exp benchmark_24_8_4 updates 2560/10416 episodes, total num timesteps 737568/3000000, FPS 75.


 Scenario BOSCH Algo rmappo Exp benchmark_24_8_4 updates 2565/10416 episodes, total num timesteps 739008/3000000, FPS 75.


 Scenario BOSCH Algo rmappo Exp benchmark_24_8_4 updates 2570/10416 episodes, total num timesteps 740448/3000000, FPS 75.


 Scenario BOSCH Algo rmappo Exp benchmark_24_8_4 updates 2575/10416 episodes, total num timesteps 741888/3000000, FPS 75.


 Scenario BOSCH Algo rmappo Exp benchmark_24_8_4 updates 2580/10416 episodes, total num timesteps 743328/3000000, FPS 75.


 Scenario BOSCH Algo rmappo Exp benchmark_24_8_4 updates 2585/10416 episodes, total num timesteps 744768/3000000, FPS 75.


 Scenario BOSCH Algo rmappo Exp benchmark_24_8_4 updates 2590/10416 episodes, total num timesteps 746208/3000000, FPS 75.


 Scenario BOSCH Algo rmappo Exp benchmark_24_8_4 updates 2595/10416 episodes, total num timesteps 747648/3000000, FPS 75.


 Scenario BOSCH Algo rmappo Exp benchmark_24_8_4 updates 2600/10416 episodes, total num timesteps 749088/3000000, FPS 75.


[EVAL] BOSCH MARL Inference Solving Time for 36 periods: 1.1086 seconds
eval average episode rewards of agent0: -360.0447
eval average episode rewards of agent1: -358.22968
eval average episode rewards of agent2: -358.20566
eval average episode rewards of agent3: -358.2426
eval average episode rewards of agent4: -358.2443
eval average episode rewards of agent5: -358.2628
eval average episode rewards of agent6: -358.23947
eval average episode rewards of agent7: -358.25943
eval average episode rewards of agent8: -358.23755
eval average episode costs: Backlog: 95133.88, Inventory: 0.00, Maintenance: 13.39, Production: 1486.72, Setup: 1238.66, TOTAL: 97872.64

 Scenario BOSCH Algo rmappo Exp benchmark_24_8_4 updates 2605/10416 episodes, total num timesteps 750528/3000000, FPS 75.


 Scenario BOSCH Algo rmappo Exp benchmark_24_8_4 updates 2610/10416 episodes, total num timesteps 751968/3000000, FPS 75.


 Scenario BOSCH Algo rmappo Exp benchmark_24_8_4 updates 2615/10416 episodes, total num timesteps 753408/3000000, FPS 75.


 Scenario BOSCH Algo rmappo Exp benchmark_24_8_4 updates 2620/10416 episodes, total num timesteps 754848/3000000, FPS 75.


 Scenario BOSCH Algo rmappo Exp benchmark_24_8_4 updates 2625/10416 episodes, total num timesteps 756288/3000000, FPS 75.


 Scenario BOSCH Algo rmappo Exp benchmark_24_8_4 updates 2630/10416 episodes, total num timesteps 757728/3000000, FPS 75.


 Scenario BOSCH Algo rmappo Exp benchmark_24_8_4 updates 2635/10416 episodes, total num timesteps 759168/3000000, FPS 75.


 Scenario BOSCH Algo rmappo Exp benchmark_24_8_4 updates 2640/10416 episodes, total num timesteps 760608/3000000, FPS 75.


 Scenario BOSCH Algo rmappo Exp benchmark_24_8_4 updates 2645/10416 episodes, total num timesteps 762048/3000000, FPS 75.


 Scenario BOSCH Algo rmappo Exp benchmark_24_8_4 updates 2650/10416 episodes, total num timesteps 763488/3000000, FPS 75.


[EVAL] BOSCH MARL Inference Solving Time for 36 periods: 1.0651 seconds
eval average episode rewards of agent0: -350.6973
eval average episode rewards of agent1: -348.1724
eval average episode rewards of agent2: -348.1501
eval average episode rewards of agent3: -348.24478
eval average episode rewards of agent4: -348.24985
eval average episode rewards of agent5: -348.24442
eval average episode rewards of agent6: -348.17322
eval average episode rewards of agent7: -348.22794
eval average episode rewards of agent8: -348.22745
eval average episode costs: Backlog: 92318.95, Inventory: 0.00, Maintenance: 15.49, Production: 1980.58, Setup: 1862.64, TOTAL: 96177.66

 Scenario BOSCH Algo rmappo Exp benchmark_24_8_4 updates 2655/10416 episodes, total num timesteps 764928/3000000, FPS 75.


 Scenario BOSCH Algo rmappo Exp benchmark_24_8_4 updates 2660/10416 episodes, total num timesteps 766368/3000000, FPS 75.


 Scenario BOSCH Algo rmappo Exp benchmark_24_8_4 updates 2665/10416 episodes, total num timesteps 767808/3000000, FPS 75.


 Scenario BOSCH Algo rmappo Exp benchmark_24_8_4 updates 2670/10416 episodes, total num timesteps 769248/3000000, FPS 75.


 Scenario BOSCH Algo rmappo Exp benchmark_24_8_4 updates 2675/10416 episodes, total num timesteps 770688/3000000, FPS 75.


 Scenario BOSCH Algo rmappo Exp benchmark_24_8_4 updates 2680/10416 episodes, total num timesteps 772128/3000000, FPS 75.


 Scenario BOSCH Algo rmappo Exp benchmark_24_8_4 updates 2685/10416 episodes, total num timesteps 773568/3000000, FPS 75.


 Scenario BOSCH Algo rmappo Exp benchmark_24_8_4 updates 2690/10416 episodes, total num timesteps 775008/3000000, FPS 75.


 Scenario BOSCH Algo rmappo Exp benchmark_24_8_4 updates 2695/10416 episodes, total num timesteps 776448/3000000, FPS 75.


 Scenario BOSCH Algo rmappo Exp benchmark_24_8_4 updates 2700/10416 episodes, total num timesteps 777888/3000000, FPS 75.


[EVAL] BOSCH MARL Inference Solving Time for 36 periods: 1.1083 seconds
eval average episode rewards of agent0: -360.22073
eval average episode rewards of agent1: -358.25455
eval average episode rewards of agent2: -358.34552
eval average episode rewards of agent3: -358.375
eval average episode rewards of agent4: -358.33963
eval average episode rewards of agent5: -358.3808
eval average episode rewards of agent6: -358.29056
eval average episode rewards of agent7: -358.31476
eval average episode rewards of agent8: -358.3391
eval average episode costs: Backlog: 95134.07, Inventory: 0.00, Maintenance: 31.57, Production: 1441.60, Setup: 1309.54, TOTAL: 97916.78

 Scenario BOSCH Algo rmappo Exp benchmark_24_8_4 updates 2705/10416 episodes, total num timesteps 779328/3000000, FPS 75.


 Scenario BOSCH Algo rmappo Exp benchmark_24_8_4 updates 2710/10416 episodes, total num timesteps 780768/3000000, FPS 75.


 Scenario BOSCH Algo rmappo Exp benchmark_24_8_4 updates 2715/10416 episodes, total num timesteps 782208/3000000, FPS 75.


 Scenario BOSCH Algo rmappo Exp benchmark_24_8_4 updates 2720/10416 episodes, total num timesteps 783648/3000000, FPS 75.


 Scenario BOSCH Algo rmappo Exp benchmark_24_8_4 updates 2725/10416 episodes, total num timesteps 785088/3000000, FPS 75.


 Scenario BOSCH Algo rmappo Exp benchmark_24_8_4 updates 2730/10416 episodes, total num timesteps 786528/3000000, FPS 75.


 Scenario BOSCH Algo rmappo Exp benchmark_24_8_4 updates 2735/10416 episodes, total num timesteps 787968/3000000, FPS 75.


 Scenario BOSCH Algo rmappo Exp benchmark_24_8_4 updates 2740/10416 episodes, total num timesteps 789408/3000000, FPS 75.


 Scenario BOSCH Algo rmappo Exp benchmark_24_8_4 updates 2745/10416 episodes, total num timesteps 790848/3000000, FPS 75.


 Scenario BOSCH Algo rmappo Exp benchmark_24_8_4 updates 2750/10416 episodes, total num timesteps 792288/3000000, FPS 75.


[EVAL] BOSCH MARL Inference Solving Time for 36 periods: 1.1089 seconds
eval average episode rewards of agent0: -389.57983
eval average episode rewards of agent1: -389.1789
eval average episode rewards of agent2: -389.1917
eval average episode rewards of agent3: -389.28998
eval average episode rewards of agent4: -389.2773
eval average episode rewards of agent5: -389.35663
eval average episode rewards of agent6: -389.26572
eval average episode rewards of agent7: -389.28873
eval average episode rewards of agent8: -389.24603
eval average episode costs: Backlog: 103043.45, Inventory: 0.00, Maintenance: 1371.75, Production: 614.70, Setup: 570.89, TOTAL: 105600.77

 Scenario BOSCH Algo rmappo Exp benchmark_24_8_4 updates 2755/10416 episodes, total num timesteps 793728/3000000, FPS 75.


 Scenario BOSCH Algo rmappo Exp benchmark_24_8_4 updates 2760/10416 episodes, total num timesteps 795168/3000000, FPS 75.


 Scenario BOSCH Algo rmappo Exp benchmark_24_8_4 updates 2765/10416 episodes, total num timesteps 796608/3000000, FPS 75.


 Scenario BOSCH Algo rmappo Exp benchmark_24_8_4 updates 2770/10416 episodes, total num timesteps 798048/3000000, FPS 75.


 Scenario BOSCH Algo rmappo Exp benchmark_24_8_4 updates 2775/10416 episodes, total num timesteps 799488/3000000, FPS 75.


 Scenario BOSCH Algo rmappo Exp benchmark_24_8_4 updates 2780/10416 episodes, total num timesteps 800928/3000000, FPS 75.


 Scenario BOSCH Algo rmappo Exp benchmark_24_8_4 updates 2785/10416 episodes, total num timesteps 802368/3000000, FPS 75.


 Scenario BOSCH Algo rmappo Exp benchmark_24_8_4 updates 2790/10416 episodes, total num timesteps 803808/3000000, FPS 75.


 Scenario BOSCH Algo rmappo Exp benchmark_24_8_4 updates 2795/10416 episodes, total num timesteps 805248/3000000, FPS 75.


 Scenario BOSCH Algo rmappo Exp benchmark_24_8_4 updates 2800/10416 episodes, total num timesteps 806688/3000000, FPS 75.


[EVAL] BOSCH MARL Inference Solving Time for 36 periods: 1.0405 seconds
eval average episode rewards of agent0: -379.67883
eval average episode rewards of agent1: -379.0694
eval average episode rewards of agent2: -379.10907
eval average episode rewards of agent3: -379.02728
eval average episode rewards of agent4: -379.12057
eval average episode rewards of agent5: -379.19806
eval average episode rewards of agent6: -379.09534
eval average episode rewards of agent7: -379.1407
eval average episode rewards of agent8: -379.09174
eval average episode costs: Backlog: 100406.48, Inventory: 0.00, Maintenance: 1254.04, Production: 925.62, Setup: 595.66, TOTAL: 103181.80

 Scenario BOSCH Algo rmappo Exp benchmark_24_8_4 updates 2805/10416 episodes, total num timesteps 808128/3000000, FPS 75.


 Scenario BOSCH Algo rmappo Exp benchmark_24_8_4 updates 2810/10416 episodes, total num timesteps 809568/3000000, FPS 75.


 Scenario BOSCH Algo rmappo Exp benchmark_24_8_4 updates 2815/10416 episodes, total num timesteps 811008/3000000, FPS 75.


 Scenario BOSCH Algo rmappo Exp benchmark_24_8_4 updates 2820/10416 episodes, total num timesteps 812448/3000000, FPS 75.


 Scenario BOSCH Algo rmappo Exp benchmark_24_8_4 updates 2825/10416 episodes, total num timesteps 813888/3000000, FPS 75.


 Scenario BOSCH Algo rmappo Exp benchmark_24_8_4 updates 2830/10416 episodes, total num timesteps 815328/3000000, FPS 75.


 Scenario BOSCH Algo rmappo Exp benchmark_24_8_4 updates 2835/10416 episodes, total num timesteps 816768/3000000, FPS 75.


 Scenario BOSCH Algo rmappo Exp benchmark_24_8_4 updates 2840/10416 episodes, total num timesteps 818208/3000000, FPS 75.


 Scenario BOSCH Algo rmappo Exp benchmark_24_8_4 updates 2845/10416 episodes, total num timesteps 819648/3000000, FPS 75.


 Scenario BOSCH Algo rmappo Exp benchmark_24_8_4 updates 2850/10416 episodes, total num timesteps 821088/3000000, FPS 75.


[EVAL] BOSCH MARL Inference Solving Time for 36 periods: 1.0790 seconds
eval average episode rewards of agent0: -390.2457
eval average episode rewards of agent1: -390.35355
eval average episode rewards of agent2: -390.37982
eval average episode rewards of agent3: -390.3701
eval average episode rewards of agent4: -390.50305
eval average episode rewards of agent5: -390.5462
eval average episode rewards of agent6: -390.32864
eval average episode rewards of agent7: -390.50052
eval average episode rewards of agent8: -390.46323
eval average episode costs: Backlog: 103163.67, Inventory: 0.00, Maintenance: 2398.67, Production: 523.82, Setup: 153.27, TOTAL: 106239.44

 Scenario BOSCH Algo rmappo Exp benchmark_24_8_4 updates 2855/10416 episodes, total num timesteps 822528/3000000, FPS 75.


 Scenario BOSCH Algo rmappo Exp benchmark_24_8_4 updates 2860/10416 episodes, total num timesteps 823968/3000000, FPS 75.


 Scenario BOSCH Algo rmappo Exp benchmark_24_8_4 updates 2865/10416 episodes, total num timesteps 825408/3000000, FPS 75.


 Scenario BOSCH Algo rmappo Exp benchmark_24_8_4 updates 2870/10416 episodes, total num timesteps 826848/3000000, FPS 75.


 Scenario BOSCH Algo rmappo Exp benchmark_24_8_4 updates 2875/10416 episodes, total num timesteps 828288/3000000, FPS 75.


 Scenario BOSCH Algo rmappo Exp benchmark_24_8_4 updates 2880/10416 episodes, total num timesteps 829728/3000000, FPS 75.


 Scenario BOSCH Algo rmappo Exp benchmark_24_8_4 updates 2885/10416 episodes, total num timesteps 831168/3000000, FPS 75.


 Scenario BOSCH Algo rmappo Exp benchmark_24_8_4 updates 2890/10416 episodes, total num timesteps 832608/3000000, FPS 75.


 Scenario BOSCH Algo rmappo Exp benchmark_24_8_4 updates 2895/10416 episodes, total num timesteps 834048/3000000, FPS 75.


 Scenario BOSCH Algo rmappo Exp benchmark_24_8_4 updates 2900/10416 episodes, total num timesteps 835488/3000000, FPS 75.


[EVAL] BOSCH MARL Inference Solving Time for 36 periods: 1.0951 seconds
eval average episode rewards of agent0: -370.18536
eval average episode rewards of agent1: -369.27124
eval average episode rewards of agent2: -369.4052
eval average episode rewards of agent3: -369.26944
eval average episode rewards of agent4: -369.39767
eval average episode rewards of agent5: -369.42453
eval average episode rewards of agent6: -369.39374
eval average episode rewards of agent7: -369.41068
eval average episode rewards of agent8: -369.38385
eval average episode costs: Backlog: 97912.59, Inventory: 0.00, Maintenance: 848.47, Production: 1277.86, Setup: 791.97, TOTAL: 100830.91

 Scenario BOSCH Algo rmappo Exp benchmark_24_8_4 updates 2905/10416 episodes, total num timesteps 836928/3000000, FPS 75.


 Scenario BOSCH Algo rmappo Exp benchmark_24_8_4 updates 2910/10416 episodes, total num timesteps 838368/3000000, FPS 75.


 Scenario BOSCH Algo rmappo Exp benchmark_24_8_4 updates 2915/10416 episodes, total num timesteps 839808/3000000, FPS 75.


 Scenario BOSCH Algo rmappo Exp benchmark_24_8_4 updates 2920/10416 episodes, total num timesteps 841248/3000000, FPS 75.


 Scenario BOSCH Algo rmappo Exp benchmark_24_8_4 updates 2925/10416 episodes, total num timesteps 842688/3000000, FPS 75.


 Scenario BOSCH Algo rmappo Exp benchmark_24_8_4 updates 2930/10416 episodes, total num timesteps 844128/3000000, FPS 75.


 Scenario BOSCH Algo rmappo Exp benchmark_24_8_4 updates 2935/10416 episodes, total num timesteps 845568/3000000, FPS 75.


 Scenario BOSCH Algo rmappo Exp benchmark_24_8_4 updates 2940/10416 episodes, total num timesteps 847008/3000000, FPS 75.


 Scenario BOSCH Algo rmappo Exp benchmark_24_8_4 updates 2945/10416 episodes, total num timesteps 848448/3000000, FPS 75.


 Scenario BOSCH Algo rmappo Exp benchmark_24_8_4 updates 2950/10416 episodes, total num timesteps 849888/3000000, FPS 75.


[EVAL] BOSCH MARL Inference Solving Time for 36 periods: 1.1186 seconds
eval average episode rewards of agent0: -381.629
eval average episode rewards of agent1: -381.2144
eval average episode rewards of agent2: -381.16376
eval average episode rewards of agent3: -381.1985
eval average episode rewards of agent4: -381.3013
eval average episode rewards of agent5: -381.33298
eval average episode rewards of agent6: -381.1634
eval average episode rewards of agent7: -381.30054
eval average episode rewards of agent8: -381.28082
eval average episode costs: Backlog: 100824.75, Inventory: 0.00, Maintenance: 1851.75, Production: 783.17, Setup: 487.75, TOTAL: 103947.41

 Scenario BOSCH Algo rmappo Exp benchmark_24_8_4 updates 2955/10416 episodes, total num timesteps 851328/3000000, FPS 75.


 Scenario BOSCH Algo rmappo Exp benchmark_24_8_4 updates 2960/10416 episodes, total num timesteps 852768/3000000, FPS 75.


 Scenario BOSCH Algo rmappo Exp benchmark_24_8_4 updates 2965/10416 episodes, total num timesteps 854208/3000000, FPS 75.


 Scenario BOSCH Algo rmappo Exp benchmark_24_8_4 updates 2970/10416 episodes, total num timesteps 855648/3000000, FPS 75.


 Scenario BOSCH Algo rmappo Exp benchmark_24_8_4 updates 2975/10416 episodes, total num timesteps 857088/3000000, FPS 75.


 Scenario BOSCH Algo rmappo Exp benchmark_24_8_4 updates 2980/10416 episodes, total num timesteps 858528/3000000, FPS 75.


 Scenario BOSCH Algo rmappo Exp benchmark_24_8_4 updates 2985/10416 episodes, total num timesteps 859968/3000000, FPS 75.


 Scenario BOSCH Algo rmappo Exp benchmark_24_8_4 updates 2990/10416 episodes, total num timesteps 861408/3000000, FPS 75.


 Scenario BOSCH Algo rmappo Exp benchmark_24_8_4 updates 2995/10416 episodes, total num timesteps 862848/3000000, FPS 75.


 Scenario BOSCH Algo rmappo Exp benchmark_24_8_4 updates 3000/10416 episodes, total num timesteps 864288/3000000, FPS 75.


[EVAL] BOSCH MARL Inference Solving Time for 36 periods: 1.1003 seconds
eval average episode rewards of agent0: -377.99756
eval average episode rewards of agent1: -377.27747
eval average episode rewards of agent2: -377.4315
eval average episode rewards of agent3: -377.29092
eval average episode rewards of agent4: -377.31387
eval average episode rewards of agent5: -377.34717
eval average episode rewards of agent6: -377.2022
eval average episode rewards of agent7: -377.32175
eval average episode rewards of agent8: -377.30243
eval average episode costs: Backlog: 100264.29, Inventory: 0.00, Maintenance: 295.93, Production: 785.81, Setup: 500.91, TOTAL: 101846.94

 Scenario BOSCH Algo rmappo Exp benchmark_24_8_4 updates 3005/10416 episodes, total num timesteps 865728/3000000, FPS 75.


 Scenario BOSCH Algo rmappo Exp benchmark_24_8_4 updates 3010/10416 episodes, total num timesteps 867168/3000000, FPS 75.


 Scenario BOSCH Algo rmappo Exp benchmark_24_8_4 updates 3015/10416 episodes, total num timesteps 868608/3000000, FPS 75.


 Scenario BOSCH Algo rmappo Exp benchmark_24_8_4 updates 3020/10416 episodes, total num timesteps 870048/3000000, FPS 75.


 Scenario BOSCH Algo rmappo Exp benchmark_24_8_4 updates 3025/10416 episodes, total num timesteps 871488/3000000, FPS 75.


 Scenario BOSCH Algo rmappo Exp benchmark_24_8_4 updates 3030/10416 episodes, total num timesteps 872928/3000000, FPS 75.


 Scenario BOSCH Algo rmappo Exp benchmark_24_8_4 updates 3035/10416 episodes, total num timesteps 874368/3000000, FPS 75.


 Scenario BOSCH Algo rmappo Exp benchmark_24_8_4 updates 3040/10416 episodes, total num timesteps 875808/3000000, FPS 75.


 Scenario BOSCH Algo rmappo Exp benchmark_24_8_4 updates 3045/10416 episodes, total num timesteps 877248/3000000, FPS 75.


 Scenario BOSCH Algo rmappo Exp benchmark_24_8_4 updates 3050/10416 episodes, total num timesteps 878688/3000000, FPS 75.


[EVAL] BOSCH MARL Inference Solving Time for 36 periods: 1.0680 seconds
eval average episode rewards of agent0: -340.5869
eval average episode rewards of agent1: -338.56476
eval average episode rewards of agent2: -338.61646
eval average episode rewards of agent3: -338.53357
eval average episode rewards of agent4: -338.62863
eval average episode rewards of agent5: -338.66156
eval average episode rewards of agent6: -338.54718
eval average episode rewards of agent7: -338.6627
eval average episode rewards of agent8: -338.68106
eval average episode costs: Backlog: 89908.94, Inventory: 0.00, Maintenance: 16.35, Production: 2074.56, Setup: 1454.55, TOTAL: 93454.38

 Scenario BOSCH Algo rmappo Exp benchmark_24_8_4 updates 3055/10416 episodes, total num timesteps 880128/3000000, FPS 75.


 Scenario BOSCH Algo rmappo Exp benchmark_24_8_4 updates 3060/10416 episodes, total num timesteps 881568/3000000, FPS 75.


 Scenario BOSCH Algo rmappo Exp benchmark_24_8_4 updates 3065/10416 episodes, total num timesteps 883008/3000000, FPS 75.


 Scenario BOSCH Algo rmappo Exp benchmark_24_8_4 updates 3070/10416 episodes, total num timesteps 884448/3000000, FPS 75.


 Scenario BOSCH Algo rmappo Exp benchmark_24_8_4 updates 3075/10416 episodes, total num timesteps 885888/3000000, FPS 75.


 Scenario BOSCH Algo rmappo Exp benchmark_24_8_4 updates 3080/10416 episodes, total num timesteps 887328/3000000, FPS 75.


 Scenario BOSCH Algo rmappo Exp benchmark_24_8_4 updates 3085/10416 episodes, total num timesteps 888768/3000000, FPS 75.


 Scenario BOSCH Algo rmappo Exp benchmark_24_8_4 updates 3090/10416 episodes, total num timesteps 890208/3000000, FPS 75.


 Scenario BOSCH Algo rmappo Exp benchmark_24_8_4 updates 3095/10416 episodes, total num timesteps 891648/3000000, FPS 75.


 Scenario BOSCH Algo rmappo Exp benchmark_24_8_4 updates 3100/10416 episodes, total num timesteps 893088/3000000, FPS 75.


[EVAL] BOSCH MARL Inference Solving Time for 36 periods: 1.1028 seconds
eval average episode rewards of agent0: -382.41208
eval average episode rewards of agent1: -382.23926
eval average episode rewards of agent2: -382.07565
eval average episode rewards of agent3: -382.3078
eval average episode rewards of agent4: -382.28302
eval average episode rewards of agent5: -382.3615
eval average episode rewards of agent6: -382.149
eval average episode rewards of agent7: -382.28476
eval average episode rewards of agent8: -382.26254
eval average episode costs: Backlog: 101079.85, Inventory: 0.00, Maintenance: 1902.26, Production: 908.54, Setup: 426.33, TOTAL: 104316.98

 Scenario BOSCH Algo rmappo Exp benchmark_24_8_4 updates 3105/10416 episodes, total num timesteps 894528/3000000, FPS 75.


 Scenario BOSCH Algo rmappo Exp benchmark_24_8_4 updates 3110/10416 episodes, total num timesteps 895968/3000000, FPS 75.


 Scenario BOSCH Algo rmappo Exp benchmark_24_8_4 updates 3115/10416 episodes, total num timesteps 897408/3000000, FPS 75.


 Scenario BOSCH Algo rmappo Exp benchmark_24_8_4 updates 3120/10416 episodes, total num timesteps 898848/3000000, FPS 75.


 Scenario BOSCH Algo rmappo Exp benchmark_24_8_4 updates 3125/10416 episodes, total num timesteps 900288/3000000, FPS 75.


 Scenario BOSCH Algo rmappo Exp benchmark_24_8_4 updates 3130/10416 episodes, total num timesteps 901728/3000000, FPS 75.


 Scenario BOSCH Algo rmappo Exp benchmark_24_8_4 updates 3135/10416 episodes, total num timesteps 903168/3000000, FPS 75.


 Scenario BOSCH Algo rmappo Exp benchmark_24_8_4 updates 3140/10416 episodes, total num timesteps 904608/3000000, FPS 75.


 Scenario BOSCH Algo rmappo Exp benchmark_24_8_4 updates 3145/10416 episodes, total num timesteps 906048/3000000, FPS 75.


 Scenario BOSCH Algo rmappo Exp benchmark_24_8_4 updates 3150/10416 episodes, total num timesteps 907488/3000000, FPS 75.


[EVAL] BOSCH MARL Inference Solving Time for 36 periods: 1.1225 seconds
eval average episode rewards of agent0: -402.02142
eval average episode rewards of agent1: -402.49084
eval average episode rewards of agent2: -402.38202
eval average episode rewards of agent3: -402.55524
eval average episode rewards of agent4: -402.5442
eval average episode rewards of agent5: -402.5708
eval average episode rewards of agent6: -402.43024
eval average episode rewards of agent7: -402.5451
eval average episode rewards of agent8: -402.5069
eval average episode costs: Backlog: 106204.88, Inventory: 0.00, Maintenance: 3003.41, Production: 0.00, Setup: 0.00, TOTAL: 109208.29

 Scenario BOSCH Algo rmappo Exp benchmark_24_8_4 updates 3155/10416 episodes, total num timesteps 908928/3000000, FPS 75.


 Scenario BOSCH Algo rmappo Exp benchmark_24_8_4 updates 3160/10416 episodes, total num timesteps 910368/3000000, FPS 75.


 Scenario BOSCH Algo rmappo Exp benchmark_24_8_4 updates 3165/10416 episodes, total num timesteps 911808/3000000, FPS 75.


 Scenario BOSCH Algo rmappo Exp benchmark_24_8_4 updates 3170/10416 episodes, total num timesteps 913248/3000000, FPS 75.


 Scenario BOSCH Algo rmappo Exp benchmark_24_8_4 updates 3175/10416 episodes, total num timesteps 914688/3000000, FPS 75.


 Scenario BOSCH Algo rmappo Exp benchmark_24_8_4 updates 3180/10416 episodes, total num timesteps 916128/3000000, FPS 75.


 Scenario BOSCH Algo rmappo Exp benchmark_24_8_4 updates 3185/10416 episodes, total num timesteps 917568/3000000, FPS 75.


 Scenario BOSCH Algo rmappo Exp benchmark_24_8_4 updates 3190/10416 episodes, total num timesteps 919008/3000000, FPS 75.


 Scenario BOSCH Algo rmappo Exp benchmark_24_8_4 updates 3195/10416 episodes, total num timesteps 920448/3000000, FPS 75.


 Scenario BOSCH Algo rmappo Exp benchmark_24_8_4 updates 3200/10416 episodes, total num timesteps 921888/3000000, FPS 75.


[EVAL] BOSCH MARL Inference Solving Time for 36 periods: 1.0740 seconds
eval average episode rewards of agent0: -401.00107
eval average episode rewards of agent1: -401.38315
eval average episode rewards of agent2: -401.40872
eval average episode rewards of agent3: -401.4485
eval average episode rewards of agent4: -401.4386
eval average episode rewards of agent5: -401.47256
eval average episode rewards of agent6: -401.33438
eval average episode rewards of agent7: -401.4409
eval average episode rewards of agent8: -401.39264
eval average episode costs: Backlog: 105881.88, Inventory: 0.00, Maintenance: 3057.87, Production: 88.78, Setup: 71.11, TOTAL: 109099.64

 Scenario BOSCH Algo rmappo Exp benchmark_24_8_4 updates 3205/10416 episodes, total num timesteps 923328/3000000, FPS 75.


 Scenario BOSCH Algo rmappo Exp benchmark_24_8_4 updates 3210/10416 episodes, total num timesteps 924768/3000000, FPS 75.


 Scenario BOSCH Algo rmappo Exp benchmark_24_8_4 updates 3215/10416 episodes, total num timesteps 926208/3000000, FPS 76.


 Scenario BOSCH Algo rmappo Exp benchmark_24_8_4 updates 3220/10416 episodes, total num timesteps 927648/3000000, FPS 76.


 Scenario BOSCH Algo rmappo Exp benchmark_24_8_4 updates 3225/10416 episodes, total num timesteps 929088/3000000, FPS 76.


 Scenario BOSCH Algo rmappo Exp benchmark_24_8_4 updates 3230/10416 episodes, total num timesteps 930528/3000000, FPS 76.


 Scenario BOSCH Algo rmappo Exp benchmark_24_8_4 updates 3235/10416 episodes, total num timesteps 931968/3000000, FPS 76.


 Scenario BOSCH Algo rmappo Exp benchmark_24_8_4 updates 3240/10416 episodes, total num timesteps 933408/3000000, FPS 76.


 Scenario BOSCH Algo rmappo Exp benchmark_24_8_4 updates 3245/10416 episodes, total num timesteps 934848/3000000, FPS 76.


 Scenario BOSCH Algo rmappo Exp benchmark_24_8_4 updates 3250/10416 episodes, total num timesteps 936288/3000000, FPS 76.


[EVAL] BOSCH MARL Inference Solving Time for 36 periods: 1.1019 seconds
eval average episode rewards of agent0: -366.51263
eval average episode rewards of agent1: -365.53107
eval average episode rewards of agent2: -365.5349
eval average episode rewards of agent3: -365.4569
eval average episode rewards of agent4: -365.5415
eval average episode rewards of agent5: -365.623
eval average episode rewards of agent6: -365.5232
eval average episode rewards of agent7: -365.55637
eval average episode rewards of agent8: -365.54242
eval average episode costs: Backlog: 96893.08, Inventory: 0.00, Maintenance: 833.13, Production: 1469.22, Setup: 839.19, TOTAL: 100034.61

 Scenario BOSCH Algo rmappo Exp benchmark_24_8_4 updates 3255/10416 episodes, total num timesteps 937728/3000000, FPS 76.


 Scenario BOSCH Algo rmappo Exp benchmark_24_8_4 updates 3260/10416 episodes, total num timesteps 939168/3000000, FPS 76.


 Scenario BOSCH Algo rmappo Exp benchmark_24_8_4 updates 3265/10416 episodes, total num timesteps 940608/3000000, FPS 76.


 Scenario BOSCH Algo rmappo Exp benchmark_24_8_4 updates 3270/10416 episodes, total num timesteps 942048/3000000, FPS 76.


 Scenario BOSCH Algo rmappo Exp benchmark_24_8_4 updates 3275/10416 episodes, total num timesteps 943488/3000000, FPS 76.


 Scenario BOSCH Algo rmappo Exp benchmark_24_8_4 updates 3280/10416 episodes, total num timesteps 944928/3000000, FPS 76.


 Scenario BOSCH Algo rmappo Exp benchmark_24_8_4 updates 3285/10416 episodes, total num timesteps 946368/3000000, FPS 76.


 Scenario BOSCH Algo rmappo Exp benchmark_24_8_4 updates 3290/10416 episodes, total num timesteps 947808/3000000, FPS 76.


 Scenario BOSCH Algo rmappo Exp benchmark_24_8_4 updates 3295/10416 episodes, total num timesteps 949248/3000000, FPS 76.


 Scenario BOSCH Algo rmappo Exp benchmark_24_8_4 updates 3300/10416 episodes, total num timesteps 950688/3000000, FPS 76.


[EVAL] BOSCH MARL Inference Solving Time for 36 periods: 1.1011 seconds
eval average episode rewards of agent0: -351.13507
eval average episode rewards of agent1: -349.37296
eval average episode rewards of agent2: -349.34448
eval average episode rewards of agent3: -349.29956
eval average episode rewards of agent4: -349.34317
eval average episode rewards of agent5: -349.38348
eval average episode rewards of agent6: -349.31952
eval average episode rewards of agent7: -349.4155
eval average episode rewards of agent8: -349.34167
eval average episode costs: Backlog: 92803.13, Inventory: 0.00, Maintenance: 18.01, Production: 1676.24, Setup: 1205.32, TOTAL: 95702.70

 Scenario BOSCH Algo rmappo Exp benchmark_24_8_4 updates 3305/10416 episodes, total num timesteps 952128/3000000, FPS 76.


 Scenario BOSCH Algo rmappo Exp benchmark_24_8_4 updates 3310/10416 episodes, total num timesteps 953568/3000000, FPS 76.


 Scenario BOSCH Algo rmappo Exp benchmark_24_8_4 updates 3315/10416 episodes, total num timesteps 955008/3000000, FPS 76.


 Scenario BOSCH Algo rmappo Exp benchmark_24_8_4 updates 3320/10416 episodes, total num timesteps 956448/3000000, FPS 76.


 Scenario BOSCH Algo rmappo Exp benchmark_24_8_4 updates 3325/10416 episodes, total num timesteps 957888/3000000, FPS 76.


 Scenario BOSCH Algo rmappo Exp benchmark_24_8_4 updates 3330/10416 episodes, total num timesteps 959328/3000000, FPS 76.


 Scenario BOSCH Algo rmappo Exp benchmark_24_8_4 updates 3335/10416 episodes, total num timesteps 960768/3000000, FPS 76.


 Scenario BOSCH Algo rmappo Exp benchmark_24_8_4 updates 3340/10416 episodes, total num timesteps 962208/3000000, FPS 76.


 Scenario BOSCH Algo rmappo Exp benchmark_24_8_4 updates 3345/10416 episodes, total num timesteps 963648/3000000, FPS 76.


 Scenario BOSCH Algo rmappo Exp benchmark_24_8_4 updates 3350/10416 episodes, total num timesteps 965088/3000000, FPS 76.


[EVAL] BOSCH MARL Inference Solving Time for 36 periods: 1.0478 seconds
eval average episode rewards of agent0: -353.5739
eval average episode rewards of agent1: -351.87112
eval average episode rewards of agent2: -351.88284
eval average episode rewards of agent3: -351.79138
eval average episode rewards of agent4: -351.91174
eval average episode rewards of agent5: -351.8972
eval average episode rewards of agent6: -351.8454
eval average episode rewards of agent7: -351.95135
eval average episode rewards of agent8: -351.9237
eval average episode costs: Backlog: 93354.44, Inventory: 0.00, Maintenance: 369.22, Production: 1753.19, Setup: 1219.53, TOTAL: 96696.38

 Scenario BOSCH Algo rmappo Exp benchmark_24_8_4 updates 3355/10416 episodes, total num timesteps 966528/3000000, FPS 76.


 Scenario BOSCH Algo rmappo Exp benchmark_24_8_4 updates 3360/10416 episodes, total num timesteps 967968/3000000, FPS 76.


 Scenario BOSCH Algo rmappo Exp benchmark_24_8_4 updates 3365/10416 episodes, total num timesteps 969408/3000000, FPS 76.


 Scenario BOSCH Algo rmappo Exp benchmark_24_8_4 updates 3370/10416 episodes, total num timesteps 970848/3000000, FPS 76.


 Scenario BOSCH Algo rmappo Exp benchmark_24_8_4 updates 3375/10416 episodes, total num timesteps 972288/3000000, FPS 76.


 Scenario BOSCH Algo rmappo Exp benchmark_24_8_4 updates 3380/10416 episodes, total num timesteps 973728/3000000, FPS 76.


 Scenario BOSCH Algo rmappo Exp benchmark_24_8_4 updates 3385/10416 episodes, total num timesteps 975168/3000000, FPS 76.


 Scenario BOSCH Algo rmappo Exp benchmark_24_8_4 updates 3390/10416 episodes, total num timesteps 976608/3000000, FPS 76.


 Scenario BOSCH Algo rmappo Exp benchmark_24_8_4 updates 3395/10416 episodes, total num timesteps 978048/3000000, FPS 76.


 Scenario BOSCH Algo rmappo Exp benchmark_24_8_4 updates 3400/10416 episodes, total num timesteps 979488/3000000, FPS 76.


[EVAL] BOSCH MARL Inference Solving Time for 36 periods: 1.0727 seconds
eval average episode rewards of agent0: -376.42563
eval average episode rewards of agent1: -376.01538
eval average episode rewards of agent2: -376.00116
eval average episode rewards of agent3: -375.89264
eval average episode rewards of agent4: -376.01697
eval average episode rewards of agent5: -375.99152
eval average episode rewards of agent6: -375.92444
eval average episode rewards of agent7: -376.03546
eval average episode rewards of agent8: -376.00192
eval average episode costs: Backlog: 99742.39, Inventory: 0.00, Maintenance: 899.71, Production: 894.56, Setup: 426.43, TOTAL: 101963.09

 Scenario BOSCH Algo rmappo Exp benchmark_24_8_4 updates 3405/10416 episodes, total num timesteps 980928/3000000, FPS 76.


 Scenario BOSCH Algo rmappo Exp benchmark_24_8_4 updates 3410/10416 episodes, total num timesteps 982368/3000000, FPS 76.


 Scenario BOSCH Algo rmappo Exp benchmark_24_8_4 updates 3415/10416 episodes, total num timesteps 983808/3000000, FPS 76.


 Scenario BOSCH Algo rmappo Exp benchmark_24_8_4 updates 3420/10416 episodes, total num timesteps 985248/3000000, FPS 76.


 Scenario BOSCH Algo rmappo Exp benchmark_24_8_4 updates 3425/10416 episodes, total num timesteps 986688/3000000, FPS 76.


 Scenario BOSCH Algo rmappo Exp benchmark_24_8_4 updates 3430/10416 episodes, total num timesteps 988128/3000000, FPS 76.


 Scenario BOSCH Algo rmappo Exp benchmark_24_8_4 updates 3435/10416 episodes, total num timesteps 989568/3000000, FPS 76.


 Scenario BOSCH Algo rmappo Exp benchmark_24_8_4 updates 3440/10416 episodes, total num timesteps 991008/3000000, FPS 76.


 Scenario BOSCH Algo rmappo Exp benchmark_24_8_4 updates 3445/10416 episodes, total num timesteps 992448/3000000, FPS 76.


 Scenario BOSCH Algo rmappo Exp benchmark_24_8_4 updates 3450/10416 episodes, total num timesteps 993888/3000000, FPS 76.


[EVAL] BOSCH MARL Inference Solving Time for 36 periods: 1.1460 seconds
eval average episode rewards of agent0: -367.77597
eval average episode rewards of agent1: -366.70813
eval average episode rewards of agent2: -366.73544
eval average episode rewards of agent3: -366.6147
eval average episode rewards of agent4: -366.72943
eval average episode rewards of agent5: -366.74063
eval average episode rewards of agent6: -366.5428
eval average episode rewards of agent7: -366.72058
eval average episode rewards of agent8: -366.6836
eval average episode costs: Backlog: 97208.55, Inventory: 0.00, Maintenance: 676.56, Production: 1331.29, Setup: 984.09, TOTAL: 100200.48

 Scenario BOSCH Algo rmappo Exp benchmark_24_8_4 updates 3455/10416 episodes, total num timesteps 995328/3000000, FPS 76.


 Scenario BOSCH Algo rmappo Exp benchmark_24_8_4 updates 3460/10416 episodes, total num timesteps 996768/3000000, FPS 76.


 Scenario BOSCH Algo rmappo Exp benchmark_24_8_4 updates 3465/10416 episodes, total num timesteps 998208/3000000, FPS 76.


 Scenario BOSCH Algo rmappo Exp benchmark_24_8_4 updates 3470/10416 episodes, total num timesteps 999648/3000000, FPS 76.


 Scenario BOSCH Algo rmappo Exp benchmark_24_8_4 updates 3475/10416 episodes, total num timesteps 1001088/3000000, FPS 76.


 Scenario BOSCH Algo rmappo Exp benchmark_24_8_4 updates 3480/10416 episodes, total num timesteps 1002528/3000000, FPS 76.


 Scenario BOSCH Algo rmappo Exp benchmark_24_8_4 updates 3485/10416 episodes, total num timesteps 1003968/3000000, FPS 76.


 Scenario BOSCH Algo rmappo Exp benchmark_24_8_4 updates 3490/10416 episodes, total num timesteps 1005408/3000000, FPS 76.


 Scenario BOSCH Algo rmappo Exp benchmark_24_8_4 updates 3495/10416 episodes, total num timesteps 1006848/3000000, FPS 76.


 Scenario BOSCH Algo rmappo Exp benchmark_24_8_4 updates 3500/10416 episodes, total num timesteps 1008288/3000000, FPS 76.


[EVAL] BOSCH MARL Inference Solving Time for 36 periods: 1.1514 seconds
eval average episode rewards of agent0: -366.8466
eval average episode rewards of agent1: -365.68524
eval average episode rewards of agent2: -365.6385
eval average episode rewards of agent3: -365.68155
eval average episode rewards of agent4: -365.69858
eval average episode rewards of agent5: -365.74384
eval average episode rewards of agent6: -365.67902
eval average episode rewards of agent7: -365.70047
eval average episode rewards of agent8: -365.66235
eval average episode costs: Backlog: 96822.29, Inventory: 0.00, Maintenance: 845.21, Production: 1651.14, Setup: 1205.36, TOTAL: 100523.98

 Scenario BOSCH Algo rmappo Exp benchmark_24_8_4 updates 3505/10416 episodes, total num timesteps 1009728/3000000, FPS 76.


 Scenario BOSCH Algo rmappo Exp benchmark_24_8_4 updates 3510/10416 episodes, total num timesteps 1011168/3000000, FPS 76.


 Scenario BOSCH Algo rmappo Exp benchmark_24_8_4 updates 3515/10416 episodes, total num timesteps 1012608/3000000, FPS 76.


 Scenario BOSCH Algo rmappo Exp benchmark_24_8_4 updates 3520/10416 episodes, total num timesteps 1014048/3000000, FPS 76.


 Scenario BOSCH Algo rmappo Exp benchmark_24_8_4 updates 3525/10416 episodes, total num timesteps 1015488/3000000, FPS 76.


 Scenario BOSCH Algo rmappo Exp benchmark_24_8_4 updates 3530/10416 episodes, total num timesteps 1016928/3000000, FPS 76.


 Scenario BOSCH Algo rmappo Exp benchmark_24_8_4 updates 3535/10416 episodes, total num timesteps 1018368/3000000, FPS 76.


 Scenario BOSCH Algo rmappo Exp benchmark_24_8_4 updates 3540/10416 episodes, total num timesteps 1019808/3000000, FPS 76.


 Scenario BOSCH Algo rmappo Exp benchmark_24_8_4 updates 3545/10416 episodes, total num timesteps 1021248/3000000, FPS 76.


 Scenario BOSCH Algo rmappo Exp benchmark_24_8_4 updates 3550/10416 episodes, total num timesteps 1022688/3000000, FPS 76.


[EVAL] BOSCH MARL Inference Solving Time for 36 periods: 1.0509 seconds
eval average episode rewards of agent0: -369.15967
eval average episode rewards of agent1: -367.9868
eval average episode rewards of agent2: -367.81293
eval average episode rewards of agent3: -367.93365
eval average episode rewards of agent4: -368.0064
eval average episode rewards of agent5: -367.9923
eval average episode rewards of agent6: -367.96027
eval average episode rewards of agent7: -368.01965
eval average episode rewards of agent8: -367.99796
eval average episode costs: Backlog: 97445.61, Inventory: 0.00, Maintenance: 790.45, Production: 1456.31, Setup: 1207.10, TOTAL: 100899.46

 Scenario BOSCH Algo rmappo Exp benchmark_24_8_4 updates 3555/10416 episodes, total num timesteps 1024128/3000000, FPS 76.


 Scenario BOSCH Algo rmappo Exp benchmark_24_8_4 updates 3560/10416 episodes, total num timesteps 1025568/3000000, FPS 76.


 Scenario BOSCH Algo rmappo Exp benchmark_24_8_4 updates 3565/10416 episodes, total num timesteps 1027008/3000000, FPS 76.


 Scenario BOSCH Algo rmappo Exp benchmark_24_8_4 updates 3570/10416 episodes, total num timesteps 1028448/3000000, FPS 76.


 Scenario BOSCH Algo rmappo Exp benchmark_24_8_4 updates 3575/10416 episodes, total num timesteps 1029888/3000000, FPS 76.


 Scenario BOSCH Algo rmappo Exp benchmark_24_8_4 updates 3580/10416 episodes, total num timesteps 1031328/3000000, FPS 76.


 Scenario BOSCH Algo rmappo Exp benchmark_24_8_4 updates 3585/10416 episodes, total num timesteps 1032768/3000000, FPS 76.


 Scenario BOSCH Algo rmappo Exp benchmark_24_8_4 updates 3590/10416 episodes, total num timesteps 1034208/3000000, FPS 76.


 Scenario BOSCH Algo rmappo Exp benchmark_24_8_4 updates 3595/10416 episodes, total num timesteps 1035648/3000000, FPS 76.


 Scenario BOSCH Algo rmappo Exp benchmark_24_8_4 updates 3600/10416 episodes, total num timesteps 1037088/3000000, FPS 76.


[EVAL] BOSCH MARL Inference Solving Time for 36 periods: 1.0754 seconds
eval average episode rewards of agent0: -362.2402
eval average episode rewards of agent1: -360.97406
eval average episode rewards of agent2: -360.90973
eval average episode rewards of agent3: -360.9124
eval average episode rewards of agent4: -360.97525
eval average episode rewards of agent5: -360.9333
eval average episode rewards of agent6: -360.90314
eval average episode rewards of agent7: -360.96875
eval average episode rewards of agent8: -360.95718
eval average episode costs: Backlog: 95617.88, Inventory: 0.00, Maintenance: 752.38, Production: 1634.61, Setup: 1181.04, TOTAL: 99185.90

 Scenario BOSCH Algo rmappo Exp benchmark_24_8_4 updates 3605/10416 episodes, total num timesteps 1038528/3000000, FPS 76.


 Scenario BOSCH Algo rmappo Exp benchmark_24_8_4 updates 3610/10416 episodes, total num timesteps 1039968/3000000, FPS 76.


 Scenario BOSCH Algo rmappo Exp benchmark_24_8_4 updates 3615/10416 episodes, total num timesteps 1041408/3000000, FPS 76.


 Scenario BOSCH Algo rmappo Exp benchmark_24_8_4 updates 3620/10416 episodes, total num timesteps 1042848/3000000, FPS 76.


 Scenario BOSCH Algo rmappo Exp benchmark_24_8_4 updates 3625/10416 episodes, total num timesteps 1044288/3000000, FPS 76.


 Scenario BOSCH Algo rmappo Exp benchmark_24_8_4 updates 3630/10416 episodes, total num timesteps 1045728/3000000, FPS 76.


 Scenario BOSCH Algo rmappo Exp benchmark_24_8_4 updates 3635/10416 episodes, total num timesteps 1047168/3000000, FPS 76.


 Scenario BOSCH Algo rmappo Exp benchmark_24_8_4 updates 3640/10416 episodes, total num timesteps 1048608/3000000, FPS 76.


 Scenario BOSCH Algo rmappo Exp benchmark_24_8_4 updates 3645/10416 episodes, total num timesteps 1050048/3000000, FPS 76.


 Scenario BOSCH Algo rmappo Exp benchmark_24_8_4 updates 3650/10416 episodes, total num timesteps 1051488/3000000, FPS 76.


[EVAL] BOSCH MARL Inference Solving Time for 36 periods: 1.0520 seconds
eval average episode rewards of agent0: -386.3836
eval average episode rewards of agent1: -386.03214
eval average episode rewards of agent2: -386.04123
eval average episode rewards of agent3: -386.17026
eval average episode rewards of agent4: -386.05023
eval average episode rewards of agent5: -386.03802
eval average episode rewards of agent6: -385.96158
eval average episode rewards of agent7: -386.05066
eval average episode rewards of agent8: -386.0312
eval average episode costs: Backlog: 102351.06, Inventory: 0.00, Maintenance: 1023.20, Production: 619.35, Setup: 424.36, TOTAL: 104417.97

 Scenario BOSCH Algo rmappo Exp benchmark_24_8_4 updates 3655/10416 episodes, total num timesteps 1052928/3000000, FPS 76.


 Scenario BOSCH Algo rmappo Exp benchmark_24_8_4 updates 3660/10416 episodes, total num timesteps 1054368/3000000, FPS 76.


 Scenario BOSCH Algo rmappo Exp benchmark_24_8_4 updates 3665/10416 episodes, total num timesteps 1055808/3000000, FPS 76.


 Scenario BOSCH Algo rmappo Exp benchmark_24_8_4 updates 3670/10416 episodes, total num timesteps 1057248/3000000, FPS 76.


 Scenario BOSCH Algo rmappo Exp benchmark_24_8_4 updates 3675/10416 episodes, total num timesteps 1058688/3000000, FPS 76.


 Scenario BOSCH Algo rmappo Exp benchmark_24_8_4 updates 3680/10416 episodes, total num timesteps 1060128/3000000, FPS 76.


 Scenario BOSCH Algo rmappo Exp benchmark_24_8_4 updates 3685/10416 episodes, total num timesteps 1061568/3000000, FPS 76.


 Scenario BOSCH Algo rmappo Exp benchmark_24_8_4 updates 3690/10416 episodes, total num timesteps 1063008/3000000, FPS 76.


 Scenario BOSCH Algo rmappo Exp benchmark_24_8_4 updates 3695/10416 episodes, total num timesteps 1064448/3000000, FPS 76.


 Scenario BOSCH Algo rmappo Exp benchmark_24_8_4 updates 3700/10416 episodes, total num timesteps 1065888/3000000, FPS 76.


[EVAL] BOSCH MARL Inference Solving Time for 36 periods: 1.0883 seconds
eval average episode rewards of agent0: -370.75116
eval average episode rewards of agent1: -369.7406
eval average episode rewards of agent2: -369.70526
eval average episode rewards of agent3: -369.7731
eval average episode rewards of agent4: -369.77924
eval average episode rewards of agent5: -369.78397
eval average episode rewards of agent6: -369.7076
eval average episode rewards of agent7: -369.76547
eval average episode rewards of agent8: -369.7411
eval average episode costs: Backlog: 97818.13, Inventory: 0.00, Maintenance: 1089.11, Production: 1549.95, Setup: 1180.42, TOTAL: 101637.61

 Scenario BOSCH Algo rmappo Exp benchmark_24_8_4 updates 3705/10416 episodes, total num timesteps 1067328/3000000, FPS 76.


 Scenario BOSCH Algo rmappo Exp benchmark_24_8_4 updates 3710/10416 episodes, total num timesteps 1068768/3000000, FPS 76.


 Scenario BOSCH Algo rmappo Exp benchmark_24_8_4 updates 3715/10416 episodes, total num timesteps 1070208/3000000, FPS 76.


 Scenario BOSCH Algo rmappo Exp benchmark_24_8_4 updates 3720/10416 episodes, total num timesteps 1071648/3000000, FPS 76.


 Scenario BOSCH Algo rmappo Exp benchmark_24_8_4 updates 3725/10416 episodes, total num timesteps 1073088/3000000, FPS 76.


 Scenario BOSCH Algo rmappo Exp benchmark_24_8_4 updates 3730/10416 episodes, total num timesteps 1074528/3000000, FPS 76.


 Scenario BOSCH Algo rmappo Exp benchmark_24_8_4 updates 3735/10416 episodes, total num timesteps 1075968/3000000, FPS 76.


 Scenario BOSCH Algo rmappo Exp benchmark_24_8_4 updates 3740/10416 episodes, total num timesteps 1077408/3000000, FPS 76.


 Scenario BOSCH Algo rmappo Exp benchmark_24_8_4 updates 3745/10416 episodes, total num timesteps 1078848/3000000, FPS 76.


 Scenario BOSCH Algo rmappo Exp benchmark_24_8_4 updates 3750/10416 episodes, total num timesteps 1080288/3000000, FPS 76.


[EVAL] BOSCH MARL Inference Solving Time for 36 periods: 1.0818 seconds
eval average episode rewards of agent0: -363.2984
eval average episode rewards of agent1: -361.89716
eval average episode rewards of agent2: -361.8171
eval average episode rewards of agent3: -361.9579
eval average episode rewards of agent4: -361.95618
eval average episode rewards of agent5: -362.00397
eval average episode rewards of agent6: -361.95306
eval average episode rewards of agent7: -361.93503
eval average episode rewards of agent8: -361.93182
eval average episode costs: Backlog: 95704.52, Inventory: 0.00, Maintenance: 1018.10, Production: 1858.06, Setup: 1477.70, TOTAL: 100058.38

 Scenario BOSCH Algo rmappo Exp benchmark_24_8_4 updates 3755/10416 episodes, total num timesteps 1081728/3000000, FPS 76.


 Scenario BOSCH Algo rmappo Exp benchmark_24_8_4 updates 3760/10416 episodes, total num timesteps 1083168/3000000, FPS 76.


 Scenario BOSCH Algo rmappo Exp benchmark_24_8_4 updates 3765/10416 episodes, total num timesteps 1084608/3000000, FPS 76.


 Scenario BOSCH Algo rmappo Exp benchmark_24_8_4 updates 3770/10416 episodes, total num timesteps 1086048/3000000, FPS 76.


 Scenario BOSCH Algo rmappo Exp benchmark_24_8_4 updates 3775/10416 episodes, total num timesteps 1087488/3000000, FPS 76.


 Scenario BOSCH Algo rmappo Exp benchmark_24_8_4 updates 3780/10416 episodes, total num timesteps 1088928/3000000, FPS 76.


 Scenario BOSCH Algo rmappo Exp benchmark_24_8_4 updates 3785/10416 episodes, total num timesteps 1090368/3000000, FPS 76.


 Scenario BOSCH Algo rmappo Exp benchmark_24_8_4 updates 3790/10416 episodes, total num timesteps 1091808/3000000, FPS 76.


 Scenario BOSCH Algo rmappo Exp benchmark_24_8_4 updates 3795/10416 episodes, total num timesteps 1093248/3000000, FPS 76.


 Scenario BOSCH Algo rmappo Exp benchmark_24_8_4 updates 3800/10416 episodes, total num timesteps 1094688/3000000, FPS 76.


[EVAL] BOSCH MARL Inference Solving Time for 36 periods: 1.0964 seconds
eval average episode rewards of agent0: -375.03485
eval average episode rewards of agent1: -374.32675
eval average episode rewards of agent2: -374.32953
eval average episode rewards of agent3: -374.35736
eval average episode rewards of agent4: -374.3592
eval average episode rewards of agent5: -374.36496
eval average episode rewards of agent6: -374.3022
eval average episode rewards of agent7: -374.38434
eval average episode rewards of agent8: -374.3596
eval average episode costs: Backlog: 99189.38, Inventory: 0.00, Maintenance: 924.00, Production: 1073.72, Setup: 812.91, TOTAL: 101999.99

 Scenario BOSCH Algo rmappo Exp benchmark_24_8_4 updates 3805/10416 episodes, total num timesteps 1096128/3000000, FPS 76.


 Scenario BOSCH Algo rmappo Exp benchmark_24_8_4 updates 3810/10416 episodes, total num timesteps 1097568/3000000, FPS 76.


 Scenario BOSCH Algo rmappo Exp benchmark_24_8_4 updates 3815/10416 episodes, total num timesteps 1099008/3000000, FPS 76.


 Scenario BOSCH Algo rmappo Exp benchmark_24_8_4 updates 3820/10416 episodes, total num timesteps 1100448/3000000, FPS 76.


 Scenario BOSCH Algo rmappo Exp benchmark_24_8_4 updates 3825/10416 episodes, total num timesteps 1101888/3000000, FPS 76.


 Scenario BOSCH Algo rmappo Exp benchmark_24_8_4 updates 3830/10416 episodes, total num timesteps 1103328/3000000, FPS 76.


 Scenario BOSCH Algo rmappo Exp benchmark_24_8_4 updates 3835/10416 episodes, total num timesteps 1104768/3000000, FPS 76.


 Scenario BOSCH Algo rmappo Exp benchmark_24_8_4 updates 3840/10416 episodes, total num timesteps 1106208/3000000, FPS 76.


 Scenario BOSCH Algo rmappo Exp benchmark_24_8_4 updates 3845/10416 episodes, total num timesteps 1107648/3000000, FPS 76.


 Scenario BOSCH Algo rmappo Exp benchmark_24_8_4 updates 3850/10416 episodes, total num timesteps 1109088/3000000, FPS 76.


[EVAL] BOSCH MARL Inference Solving Time for 36 periods: 1.0776 seconds
eval average episode rewards of agent0: -375.63446
eval average episode rewards of agent1: -375.36374
eval average episode rewards of agent2: -375.3629
eval average episode rewards of agent3: -375.3543
eval average episode rewards of agent4: -375.41254
eval average episode rewards of agent5: -375.3873
eval average episode rewards of agent6: -375.24207
eval average episode rewards of agent7: -375.4029
eval average episode rewards of agent8: -375.38885
eval average episode costs: Backlog: 99268.34, Inventory: 0.00, Maintenance: 1894.38, Production: 1140.86, Setup: 446.26, TOTAL: 102749.83

 Scenario BOSCH Algo rmappo Exp benchmark_24_8_4 updates 3855/10416 episodes, total num timesteps 1110528/3000000, FPS 76.


 Scenario BOSCH Algo rmappo Exp benchmark_24_8_4 updates 3860/10416 episodes, total num timesteps 1111968/3000000, FPS 76.


 Scenario BOSCH Algo rmappo Exp benchmark_24_8_4 updates 3865/10416 episodes, total num timesteps 1113408/3000000, FPS 76.


 Scenario BOSCH Algo rmappo Exp benchmark_24_8_4 updates 3870/10416 episodes, total num timesteps 1114848/3000000, FPS 76.


 Scenario BOSCH Algo rmappo Exp benchmark_24_8_4 updates 3875/10416 episodes, total num timesteps 1116288/3000000, FPS 76.


 Scenario BOSCH Algo rmappo Exp benchmark_24_8_4 updates 3880/10416 episodes, total num timesteps 1117728/3000000, FPS 76.


 Scenario BOSCH Algo rmappo Exp benchmark_24_8_4 updates 3885/10416 episodes, total num timesteps 1119168/3000000, FPS 76.


 Scenario BOSCH Algo rmappo Exp benchmark_24_8_4 updates 3890/10416 episodes, total num timesteps 1120608/3000000, FPS 76.


 Scenario BOSCH Algo rmappo Exp benchmark_24_8_4 updates 3895/10416 episodes, total num timesteps 1122048/3000000, FPS 76.


 Scenario BOSCH Algo rmappo Exp benchmark_24_8_4 updates 3900/10416 episodes, total num timesteps 1123488/3000000, FPS 76.


[EVAL] BOSCH MARL Inference Solving Time for 36 periods: 1.1351 seconds
eval average episode rewards of agent0: -371.8475
eval average episode rewards of agent1: -371.38428
eval average episode rewards of agent2: -371.41
eval average episode rewards of agent3: -371.33124
eval average episode rewards of agent4: -371.42072
eval average episode rewards of agent5: -371.4135
eval average episode rewards of agent6: -371.31305
eval average episode rewards of agent7: -371.43536
eval average episode rewards of agent8: -371.4123
eval average episode costs: Backlog: 98366.15, Inventory: 0.00, Maintenance: 1309.23, Production: 1241.65, Setup: 556.60, TOTAL: 101473.62

 Scenario BOSCH Algo rmappo Exp benchmark_24_8_4 updates 3905/10416 episodes, total num timesteps 1124928/3000000, FPS 76.


 Scenario BOSCH Algo rmappo Exp benchmark_24_8_4 updates 3910/10416 episodes, total num timesteps 1126368/3000000, FPS 76.


 Scenario BOSCH Algo rmappo Exp benchmark_24_8_4 updates 3915/10416 episodes, total num timesteps 1127808/3000000, FPS 76.


 Scenario BOSCH Algo rmappo Exp benchmark_24_8_4 updates 3920/10416 episodes, total num timesteps 1129248/3000000, FPS 76.


 Scenario BOSCH Algo rmappo Exp benchmark_24_8_4 updates 3925/10416 episodes, total num timesteps 1130688/3000000, FPS 76.


 Scenario BOSCH Algo rmappo Exp benchmark_24_8_4 updates 3930/10416 episodes, total num timesteps 1132128/3000000, FPS 76.


 Scenario BOSCH Algo rmappo Exp benchmark_24_8_4 updates 3935/10416 episodes, total num timesteps 1133568/3000000, FPS 76.


 Scenario BOSCH Algo rmappo Exp benchmark_24_8_4 updates 3940/10416 episodes, total num timesteps 1135008/3000000, FPS 76.


 Scenario BOSCH Algo rmappo Exp benchmark_24_8_4 updates 3945/10416 episodes, total num timesteps 1136448/3000000, FPS 76.


 Scenario BOSCH Algo rmappo Exp benchmark_24_8_4 updates 3950/10416 episodes, total num timesteps 1137888/3000000, FPS 76.


[EVAL] BOSCH MARL Inference Solving Time for 36 periods: 1.0486 seconds
eval average episode rewards of agent0: -354.23505
eval average episode rewards of agent1: -352.92377
eval average episode rewards of agent2: -352.8927
eval average episode rewards of agent3: -352.97327
eval average episode rewards of agent4: -353.0157
eval average episode rewards of agent5: -353.06268
eval average episode rewards of agent6: -352.92255
eval average episode rewards of agent7: -353.02197
eval average episode rewards of agent8: -352.99716
eval average episode costs: Backlog: 93675.72, Inventory: 0.00, Maintenance: 346.90, Production: 1760.65, Setup: 1092.50, TOTAL: 96875.77

 Scenario BOSCH Algo rmappo Exp benchmark_24_8_4 updates 3955/10416 episodes, total num timesteps 1139328/3000000, FPS 76.


 Scenario BOSCH Algo rmappo Exp benchmark_24_8_4 updates 3960/10416 episodes, total num timesteps 1140768/3000000, FPS 76.


 Scenario BOSCH Algo rmappo Exp benchmark_24_8_4 updates 3965/10416 episodes, total num timesteps 1142208/3000000, FPS 76.


 Scenario BOSCH Algo rmappo Exp benchmark_24_8_4 updates 3970/10416 episodes, total num timesteps 1143648/3000000, FPS 76.


 Scenario BOSCH Algo rmappo Exp benchmark_24_8_4 updates 3975/10416 episodes, total num timesteps 1145088/3000000, FPS 76.


 Scenario BOSCH Algo rmappo Exp benchmark_24_8_4 updates 3980/10416 episodes, total num timesteps 1146528/3000000, FPS 76.


 Scenario BOSCH Algo rmappo Exp benchmark_24_8_4 updates 3985/10416 episodes, total num timesteps 1147968/3000000, FPS 76.


 Scenario BOSCH Algo rmappo Exp benchmark_24_8_4 updates 3990/10416 episodes, total num timesteps 1149408/3000000, FPS 76.


 Scenario BOSCH Algo rmappo Exp benchmark_24_8_4 updates 3995/10416 episodes, total num timesteps 1150848/3000000, FPS 76.


 Scenario BOSCH Algo rmappo Exp benchmark_24_8_4 updates 4000/10416 episodes, total num timesteps 1152288/3000000, FPS 76.


[EVAL] BOSCH MARL Inference Solving Time for 36 periods: 1.0748 seconds
eval average episode rewards of agent0: -370.38947
eval average episode rewards of agent1: -369.6236
eval average episode rewards of agent2: -369.6332
eval average episode rewards of agent3: -369.5926
eval average episode rewards of agent4: -369.68765
eval average episode rewards of agent5: -369.762
eval average episode rewards of agent6: -369.7115
eval average episode rewards of agent7: -369.66873
eval average episode rewards of agent8: -369.66815
eval average episode costs: Backlog: 97858.34, Inventory: 0.00, Maintenance: 1178.73, Production: 1502.45, Setup: 868.81, TOTAL: 101408.34

 Scenario BOSCH Algo rmappo Exp benchmark_24_8_4 updates 4005/10416 episodes, total num timesteps 1153728/3000000, FPS 76.


 Scenario BOSCH Algo rmappo Exp benchmark_24_8_4 updates 4010/10416 episodes, total num timesteps 1155168/3000000, FPS 76.


 Scenario BOSCH Algo rmappo Exp benchmark_24_8_4 updates 4015/10416 episodes, total num timesteps 1156608/3000000, FPS 76.


 Scenario BOSCH Algo rmappo Exp benchmark_24_8_4 updates 4020/10416 episodes, total num timesteps 1158048/3000000, FPS 76.


 Scenario BOSCH Algo rmappo Exp benchmark_24_8_4 updates 4025/10416 episodes, total num timesteps 1159488/3000000, FPS 76.


 Scenario BOSCH Algo rmappo Exp benchmark_24_8_4 updates 4030/10416 episodes, total num timesteps 1160928/3000000, FPS 76.


 Scenario BOSCH Algo rmappo Exp benchmark_24_8_4 updates 4035/10416 episodes, total num timesteps 1162368/3000000, FPS 76.


 Scenario BOSCH Algo rmappo Exp benchmark_24_8_4 updates 4040/10416 episodes, total num timesteps 1163808/3000000, FPS 76.


 Scenario BOSCH Algo rmappo Exp benchmark_24_8_4 updates 4045/10416 episodes, total num timesteps 1165248/3000000, FPS 76.


 Scenario BOSCH Algo rmappo Exp benchmark_24_8_4 updates 4050/10416 episodes, total num timesteps 1166688/3000000, FPS 76.


[EVAL] BOSCH MARL Inference Solving Time for 36 periods: 1.0883 seconds
eval average episode rewards of agent0: -364.05524
eval average episode rewards of agent1: -363.30463
eval average episode rewards of agent2: -363.10638
eval average episode rewards of agent3: -363.24295
eval average episode rewards of agent4: -363.3143
eval average episode rewards of agent5: -363.3097
eval average episode rewards of agent6: -363.30753
eval average episode rewards of agent7: -363.31268
eval average episode rewards of agent8: -363.3122
eval average episode costs: Backlog: 96390.84, Inventory: 0.00, Maintenance: 666.80, Production: 1524.95, Setup: 685.35, TOTAL: 99267.94

 Scenario BOSCH Algo rmappo Exp benchmark_24_8_4 updates 4055/10416 episodes, total num timesteps 1168128/3000000, FPS 76.


 Scenario BOSCH Algo rmappo Exp benchmark_24_8_4 updates 4060/10416 episodes, total num timesteps 1169568/3000000, FPS 76.


 Scenario BOSCH Algo rmappo Exp benchmark_24_8_4 updates 4065/10416 episodes, total num timesteps 1171008/3000000, FPS 76.


 Scenario BOSCH Algo rmappo Exp benchmark_24_8_4 updates 4070/10416 episodes, total num timesteps 1172448/3000000, FPS 76.


 Scenario BOSCH Algo rmappo Exp benchmark_24_8_4 updates 4075/10416 episodes, total num timesteps 1173888/3000000, FPS 76.


 Scenario BOSCH Algo rmappo Exp benchmark_24_8_4 updates 4080/10416 episodes, total num timesteps 1175328/3000000, FPS 76.


 Scenario BOSCH Algo rmappo Exp benchmark_24_8_4 updates 4085/10416 episodes, total num timesteps 1176768/3000000, FPS 76.


 Scenario BOSCH Algo rmappo Exp benchmark_24_8_4 updates 4090/10416 episodes, total num timesteps 1178208/3000000, FPS 76.


 Scenario BOSCH Algo rmappo Exp benchmark_24_8_4 updates 4095/10416 episodes, total num timesteps 1179648/3000000, FPS 76.


 Scenario BOSCH Algo rmappo Exp benchmark_24_8_4 updates 4100/10416 episodes, total num timesteps 1181088/3000000, FPS 76.


[EVAL] BOSCH MARL Inference Solving Time for 36 periods: 1.1005 seconds
eval average episode rewards of agent0: -380.08643
eval average episode rewards of agent1: -379.74933
eval average episode rewards of agent2: -379.81512
eval average episode rewards of agent3: -379.73996
eval average episode rewards of agent4: -379.83322
eval average episode rewards of agent5: -379.91528
eval average episode rewards of agent6: -379.8386
eval average episode rewards of agent7: -379.8048
eval average episode rewards of agent8: -379.8143
eval average episode costs: Backlog: 100493.65, Inventory: 0.00, Maintenance: 1650.10, Production: 1008.27, Setup: 498.73, TOTAL: 103650.75

 Scenario BOSCH Algo rmappo Exp benchmark_24_8_4 updates 4105/10416 episodes, total num timesteps 1182528/3000000, FPS 76.


 Scenario BOSCH Algo rmappo Exp benchmark_24_8_4 updates 4110/10416 episodes, total num timesteps 1183968/3000000, FPS 76.


 Scenario BOSCH Algo rmappo Exp benchmark_24_8_4 updates 4115/10416 episodes, total num timesteps 1185408/3000000, FPS 76.


 Scenario BOSCH Algo rmappo Exp benchmark_24_8_4 updates 4120/10416 episodes, total num timesteps 1186848/3000000, FPS 76.


 Scenario BOSCH Algo rmappo Exp benchmark_24_8_4 updates 4125/10416 episodes, total num timesteps 1188288/3000000, FPS 76.


 Scenario BOSCH Algo rmappo Exp benchmark_24_8_4 updates 4130/10416 episodes, total num timesteps 1189728/3000000, FPS 76.


 Scenario BOSCH Algo rmappo Exp benchmark_24_8_4 updates 4135/10416 episodes, total num timesteps 1191168/3000000, FPS 76.


 Scenario BOSCH Algo rmappo Exp benchmark_24_8_4 updates 4140/10416 episodes, total num timesteps 1192608/3000000, FPS 76.


 Scenario BOSCH Algo rmappo Exp benchmark_24_8_4 updates 4145/10416 episodes, total num timesteps 1194048/3000000, FPS 76.


 Scenario BOSCH Algo rmappo Exp benchmark_24_8_4 updates 4150/10416 episodes, total num timesteps 1195488/3000000, FPS 76.


[EVAL] BOSCH MARL Inference Solving Time for 36 periods: 1.0999 seconds
eval average episode rewards of agent0: -387.85257
eval average episode rewards of agent1: -387.86896
eval average episode rewards of agent2: -387.9118
eval average episode rewards of agent3: -387.80627
eval average episode rewards of agent4: -387.96625
eval average episode rewards of agent5: -388.01648
eval average episode rewards of agent6: -387.97275
eval average episode rewards of agent7: -387.93622
eval average episode rewards of agent8: -387.94342
eval average episode costs: Backlog: 102553.45, Inventory: 0.00, Maintenance: 2160.19, Production: 675.91, Setup: 227.48, TOTAL: 105617.02

 Scenario BOSCH Algo rmappo Exp benchmark_24_8_4 updates 4155/10416 episodes, total num timesteps 1196928/3000000, FPS 76.


 Scenario BOSCH Algo rmappo Exp benchmark_24_8_4 updates 4160/10416 episodes, total num timesteps 1198368/3000000, FPS 76.


 Scenario BOSCH Algo rmappo Exp benchmark_24_8_4 updates 4165/10416 episodes, total num timesteps 1199808/3000000, FPS 76.


 Scenario BOSCH Algo rmappo Exp benchmark_24_8_4 updates 4170/10416 episodes, total num timesteps 1201248/3000000, FPS 76.


 Scenario BOSCH Algo rmappo Exp benchmark_24_8_4 updates 4175/10416 episodes, total num timesteps 1202688/3000000, FPS 76.


 Scenario BOSCH Algo rmappo Exp benchmark_24_8_4 updates 4180/10416 episodes, total num timesteps 1204128/3000000, FPS 76.


 Scenario BOSCH Algo rmappo Exp benchmark_24_8_4 updates 4185/10416 episodes, total num timesteps 1205568/3000000, FPS 76.


 Scenario BOSCH Algo rmappo Exp benchmark_24_8_4 updates 4190/10416 episodes, total num timesteps 1207008/3000000, FPS 76.


 Scenario BOSCH Algo rmappo Exp benchmark_24_8_4 updates 4195/10416 episodes, total num timesteps 1208448/3000000, FPS 76.


 Scenario BOSCH Algo rmappo Exp benchmark_24_8_4 updates 4200/10416 episodes, total num timesteps 1209888/3000000, FPS 76.


[EVAL] BOSCH MARL Inference Solving Time for 36 periods: 1.0883 seconds
eval average episode rewards of agent0: -379.53107
eval average episode rewards of agent1: -379.29044
eval average episode rewards of agent2: -379.26703
eval average episode rewards of agent3: -379.27365
eval average episode rewards of agent4: -379.34198
eval average episode rewards of agent5: -379.45132
eval average episode rewards of agent6: -379.32257
eval average episode rewards of agent7: -379.29996
eval average episode rewards of agent8: -379.30276
eval average episode costs: Backlog: 100520.11, Inventory: 0.00, Maintenance: 1224.70, Production: 952.41, Setup: 387.56, TOTAL: 103084.78

 Scenario BOSCH Algo rmappo Exp benchmark_24_8_4 updates 4205/10416 episodes, total num timesteps 1211328/3000000, FPS 76.


 Scenario BOSCH Algo rmappo Exp benchmark_24_8_4 updates 4210/10416 episodes, total num timesteps 1212768/3000000, FPS 76.


 Scenario BOSCH Algo rmappo Exp benchmark_24_8_4 updates 4215/10416 episodes, total num timesteps 1214208/3000000, FPS 76.


 Scenario BOSCH Algo rmappo Exp benchmark_24_8_4 updates 4220/10416 episodes, total num timesteps 1215648/3000000, FPS 76.


 Scenario BOSCH Algo rmappo Exp benchmark_24_8_4 updates 4225/10416 episodes, total num timesteps 1217088/3000000, FPS 76.


 Scenario BOSCH Algo rmappo Exp benchmark_24_8_4 updates 4230/10416 episodes, total num timesteps 1218528/3000000, FPS 76.


 Scenario BOSCH Algo rmappo Exp benchmark_24_8_4 updates 4235/10416 episodes, total num timesteps 1219968/3000000, FPS 76.


 Scenario BOSCH Algo rmappo Exp benchmark_24_8_4 updates 4240/10416 episodes, total num timesteps 1221408/3000000, FPS 76.


 Scenario BOSCH Algo rmappo Exp benchmark_24_8_4 updates 4245/10416 episodes, total num timesteps 1222848/3000000, FPS 76.


 Scenario BOSCH Algo rmappo Exp benchmark_24_8_4 updates 4250/10416 episodes, total num timesteps 1224288/3000000, FPS 76.


[EVAL] BOSCH MARL Inference Solving Time for 36 periods: 1.0747 seconds
eval average episode rewards of agent0: -379.71686
eval average episode rewards of agent1: -379.3707
eval average episode rewards of agent2: -379.3266
eval average episode rewards of agent3: -379.32788
eval average episode rewards of agent4: -379.46484
eval average episode rewards of agent5: -379.53577
eval average episode rewards of agent6: -379.3902
eval average episode rewards of agent7: -379.33478
eval average episode rewards of agent8: -379.42523
eval average episode costs: Backlog: 100405.13, Inventory: 0.00, Maintenance: 1543.79, Production: 1074.66, Setup: 529.34, TOTAL: 103552.92

 Scenario BOSCH Algo rmappo Exp benchmark_24_8_4 updates 4255/10416 episodes, total num timesteps 1225728/3000000, FPS 76.


 Scenario BOSCH Algo rmappo Exp benchmark_24_8_4 updates 4260/10416 episodes, total num timesteps 1227168/3000000, FPS 76.


 Scenario BOSCH Algo rmappo Exp benchmark_24_8_4 updates 4265/10416 episodes, total num timesteps 1228608/3000000, FPS 76.


 Scenario BOSCH Algo rmappo Exp benchmark_24_8_4 updates 4270/10416 episodes, total num timesteps 1230048/3000000, FPS 76.


 Scenario BOSCH Algo rmappo Exp benchmark_24_8_4 updates 4275/10416 episodes, total num timesteps 1231488/3000000, FPS 76.


 Scenario BOSCH Algo rmappo Exp benchmark_24_8_4 updates 4280/10416 episodes, total num timesteps 1232928/3000000, FPS 76.


 Scenario BOSCH Algo rmappo Exp benchmark_24_8_4 updates 4285/10416 episodes, total num timesteps 1234368/3000000, FPS 76.


 Scenario BOSCH Algo rmappo Exp benchmark_24_8_4 updates 4290/10416 episodes, total num timesteps 1235808/3000000, FPS 76.


 Scenario BOSCH Algo rmappo Exp benchmark_24_8_4 updates 4295/10416 episodes, total num timesteps 1237248/3000000, FPS 76.


 Scenario BOSCH Algo rmappo Exp benchmark_24_8_4 updates 4300/10416 episodes, total num timesteps 1238688/3000000, FPS 76.


[EVAL] BOSCH MARL Inference Solving Time for 36 periods: 1.0816 seconds
eval average episode rewards of agent0: -383.16946
eval average episode rewards of agent1: -382.98865
eval average episode rewards of agent2: -382.94952
eval average episode rewards of agent3: -382.88922
eval average episode rewards of agent4: -383.04227
eval average episode rewards of agent5: -383.11
eval average episode rewards of agent6: -383.00665
eval average episode rewards of agent7: -382.99847
eval average episode rewards of agent8: -383.00583
eval average episode costs: Backlog: 101240.09, Inventory: 0.00, Maintenance: 2004.51, Production: 995.47, Setup: 440.87, TOTAL: 104680.95

 Scenario BOSCH Algo rmappo Exp benchmark_24_8_4 updates 4305/10416 episodes, total num timesteps 1240128/3000000, FPS 76.


 Scenario BOSCH Algo rmappo Exp benchmark_24_8_4 updates 4310/10416 episodes, total num timesteps 1241568/3000000, FPS 76.


 Scenario BOSCH Algo rmappo Exp benchmark_24_8_4 updates 4315/10416 episodes, total num timesteps 1243008/3000000, FPS 76.


 Scenario BOSCH Algo rmappo Exp benchmark_24_8_4 updates 4320/10416 episodes, total num timesteps 1244448/3000000, FPS 76.


 Scenario BOSCH Algo rmappo Exp benchmark_24_8_4 updates 4325/10416 episodes, total num timesteps 1245888/3000000, FPS 76.


 Scenario BOSCH Algo rmappo Exp benchmark_24_8_4 updates 4330/10416 episodes, total num timesteps 1247328/3000000, FPS 76.


 Scenario BOSCH Algo rmappo Exp benchmark_24_8_4 updates 4335/10416 episodes, total num timesteps 1248768/3000000, FPS 76.


 Scenario BOSCH Algo rmappo Exp benchmark_24_8_4 updates 4340/10416 episodes, total num timesteps 1250208/3000000, FPS 76.


 Scenario BOSCH Algo rmappo Exp benchmark_24_8_4 updates 4345/10416 episodes, total num timesteps 1251648/3000000, FPS 76.


 Scenario BOSCH Algo rmappo Exp benchmark_24_8_4 updates 4350/10416 episodes, total num timesteps 1253088/3000000, FPS 76.


[EVAL] BOSCH MARL Inference Solving Time for 36 periods: 1.1101 seconds
eval average episode rewards of agent0: -384.22174
eval average episode rewards of agent1: -384.03955
eval average episode rewards of agent2: -383.9654
eval average episode rewards of agent3: -383.9664
eval average episode rewards of agent4: -384.0907
eval average episode rewards of agent5: -384.15067
eval average episode rewards of agent6: -384.0937
eval average episode rewards of agent7: -384.05362
eval average episode rewards of agent8: -384.0667
eval average episode costs: Backlog: 101520.41, Inventory: 0.00, Maintenance: 1999.65, Production: 926.28, Setup: 440.93, TOTAL: 104887.27

 Scenario BOSCH Algo rmappo Exp benchmark_24_8_4 updates 4355/10416 episodes, total num timesteps 1254528/3000000, FPS 76.


 Scenario BOSCH Algo rmappo Exp benchmark_24_8_4 updates 4360/10416 episodes, total num timesteps 1255968/3000000, FPS 76.


 Scenario BOSCH Algo rmappo Exp benchmark_24_8_4 updates 4365/10416 episodes, total num timesteps 1257408/3000000, FPS 76.


 Scenario BOSCH Algo rmappo Exp benchmark_24_8_4 updates 4370/10416 episodes, total num timesteps 1258848/3000000, FPS 76.


 Scenario BOSCH Algo rmappo Exp benchmark_24_8_4 updates 4375/10416 episodes, total num timesteps 1260288/3000000, FPS 76.


 Scenario BOSCH Algo rmappo Exp benchmark_24_8_4 updates 4380/10416 episodes, total num timesteps 1261728/3000000, FPS 76.


 Scenario BOSCH Algo rmappo Exp benchmark_24_8_4 updates 4385/10416 episodes, total num timesteps 1263168/3000000, FPS 76.


 Scenario BOSCH Algo rmappo Exp benchmark_24_8_4 updates 4390/10416 episodes, total num timesteps 1264608/3000000, FPS 76.


 Scenario BOSCH Algo rmappo Exp benchmark_24_8_4 updates 4395/10416 episodes, total num timesteps 1266048/3000000, FPS 76.


 Scenario BOSCH Algo rmappo Exp benchmark_24_8_4 updates 4400/10416 episodes, total num timesteps 1267488/3000000, FPS 76.


[EVAL] BOSCH MARL Inference Solving Time for 36 periods: 1.1595 seconds
eval average episode rewards of agent0: -366.89508
eval average episode rewards of agent1: -366.10693
eval average episode rewards of agent2: -365.976
eval average episode rewards of agent3: -365.95425
eval average episode rewards of agent4: -366.04526
eval average episode rewards of agent5: -366.09814
eval average episode rewards of agent6: -366.10394
eval average episode rewards of agent7: -366.10092
eval average episode rewards of agent8: -366.11163
eval average episode costs: Backlog: 97079.52, Inventory: 0.00, Maintenance: 799.07, Production: 1317.97, Setup: 715.52, TOTAL: 99912.08

 Scenario BOSCH Algo rmappo Exp benchmark_24_8_4 updates 4405/10416 episodes, total num timesteps 1268928/3000000, FPS 76.


 Scenario BOSCH Algo rmappo Exp benchmark_24_8_4 updates 4410/10416 episodes, total num timesteps 1270368/3000000, FPS 76.


 Scenario BOSCH Algo rmappo Exp benchmark_24_8_4 updates 4415/10416 episodes, total num timesteps 1271808/3000000, FPS 76.


 Scenario BOSCH Algo rmappo Exp benchmark_24_8_4 updates 4420/10416 episodes, total num timesteps 1273248/3000000, FPS 76.


 Scenario BOSCH Algo rmappo Exp benchmark_24_8_4 updates 4425/10416 episodes, total num timesteps 1274688/3000000, FPS 76.


 Scenario BOSCH Algo rmappo Exp benchmark_24_8_4 updates 4430/10416 episodes, total num timesteps 1276128/3000000, FPS 76.


 Scenario BOSCH Algo rmappo Exp benchmark_24_8_4 updates 4435/10416 episodes, total num timesteps 1277568/3000000, FPS 76.


 Scenario BOSCH Algo rmappo Exp benchmark_24_8_4 updates 4440/10416 episodes, total num timesteps 1279008/3000000, FPS 76.


 Scenario BOSCH Algo rmappo Exp benchmark_24_8_4 updates 4445/10416 episodes, total num timesteps 1280448/3000000, FPS 76.


 Scenario BOSCH Algo rmappo Exp benchmark_24_8_4 updates 4450/10416 episodes, total num timesteps 1281888/3000000, FPS 76.


[EVAL] BOSCH MARL Inference Solving Time for 36 periods: 1.1114 seconds
eval average episode rewards of agent0: -381.51562
eval average episode rewards of agent1: -381.3361
eval average episode rewards of agent2: -381.2343
eval average episode rewards of agent3: -381.2401
eval average episode rewards of agent4: -381.3659
eval average episode rewards of agent5: -381.40216
eval average episode rewards of agent6: -381.33475
eval average episode rewards of agent7: -381.32257
eval average episode rewards of agent8: -381.34662
eval average episode costs: Backlog: 100859.60, Inventory: 0.00, Maintenance: 1807.55, Production: 958.63, Setup: 439.84, TOTAL: 104065.62

 Scenario BOSCH Algo rmappo Exp benchmark_24_8_4 updates 4455/10416 episodes, total num timesteps 1283328/3000000, FPS 76.


 Scenario BOSCH Algo rmappo Exp benchmark_24_8_4 updates 4460/10416 episodes, total num timesteps 1284768/3000000, FPS 76.


 Scenario BOSCH Algo rmappo Exp benchmark_24_8_4 updates 4465/10416 episodes, total num timesteps 1286208/3000000, FPS 76.


 Scenario BOSCH Algo rmappo Exp benchmark_24_8_4 updates 4470/10416 episodes, total num timesteps 1287648/3000000, FPS 76.


 Scenario BOSCH Algo rmappo Exp benchmark_24_8_4 updates 4475/10416 episodes, total num timesteps 1289088/3000000, FPS 76.


 Scenario BOSCH Algo rmappo Exp benchmark_24_8_4 updates 4480/10416 episodes, total num timesteps 1290528/3000000, FPS 76.


 Scenario BOSCH Algo rmappo Exp benchmark_24_8_4 updates 4485/10416 episodes, total num timesteps 1291968/3000000, FPS 76.


 Scenario BOSCH Algo rmappo Exp benchmark_24_8_4 updates 4490/10416 episodes, total num timesteps 1293408/3000000, FPS 76.


 Scenario BOSCH Algo rmappo Exp benchmark_24_8_4 updates 4495/10416 episodes, total num timesteps 1294848/3000000, FPS 76.


 Scenario BOSCH Algo rmappo Exp benchmark_24_8_4 updates 4500/10416 episodes, total num timesteps 1296288/3000000, FPS 76.


[EVAL] BOSCH MARL Inference Solving Time for 36 periods: 1.0777 seconds
eval average episode rewards of agent0: -362.78024
eval average episode rewards of agent1: -361.9166
eval average episode rewards of agent2: -361.84927
eval average episode rewards of agent3: -361.7226
eval average episode rewards of agent4: -361.9489
eval average episode rewards of agent5: -362.02774
eval average episode rewards of agent6: -361.9684
eval average episode rewards of agent7: -361.96274
eval average episode rewards of agent8: -361.981
eval average episode costs: Backlog: 95894.27, Inventory: 0.00, Maintenance: 967.11, Production: 1664.66, Setup: 850.90, TOTAL: 99376.94

 Scenario BOSCH Algo rmappo Exp benchmark_24_8_4 updates 4505/10416 episodes, total num timesteps 1297728/3000000, FPS 76.


 Scenario BOSCH Algo rmappo Exp benchmark_24_8_4 updates 4510/10416 episodes, total num timesteps 1299168/3000000, FPS 76.


 Scenario BOSCH Algo rmappo Exp benchmark_24_8_4 updates 4515/10416 episodes, total num timesteps 1300608/3000000, FPS 76.


 Scenario BOSCH Algo rmappo Exp benchmark_24_8_4 updates 4520/10416 episodes, total num timesteps 1302048/3000000, FPS 76.


 Scenario BOSCH Algo rmappo Exp benchmark_24_8_4 updates 4525/10416 episodes, total num timesteps 1303488/3000000, FPS 76.


 Scenario BOSCH Algo rmappo Exp benchmark_24_8_4 updates 4530/10416 episodes, total num timesteps 1304928/3000000, FPS 76.


 Scenario BOSCH Algo rmappo Exp benchmark_24_8_4 updates 4535/10416 episodes, total num timesteps 1306368/3000000, FPS 76.


 Scenario BOSCH Algo rmappo Exp benchmark_24_8_4 updates 4540/10416 episodes, total num timesteps 1307808/3000000, FPS 76.


 Scenario BOSCH Algo rmappo Exp benchmark_24_8_4 updates 4545/10416 episodes, total num timesteps 1309248/3000000, FPS 76.


 Scenario BOSCH Algo rmappo Exp benchmark_24_8_4 updates 4550/10416 episodes, total num timesteps 1310688/3000000, FPS 76.


[EVAL] BOSCH MARL Inference Solving Time for 36 periods: 1.1266 seconds
eval average episode rewards of agent0: -336.15503
eval average episode rewards of agent1: -334.00897
eval average episode rewards of agent2: -333.89883
eval average episode rewards of agent3: -333.8674
eval average episode rewards of agent4: -333.96024
eval average episode rewards of agent5: -334.0451
eval average episode rewards of agent6: -334.0148
eval average episode rewards of agent7: -333.9085
eval average episode rewards of agent8: -334.03717
eval average episode costs: Backlog: 88674.17, Inventory: 0.00, Maintenance: 20.70, Production: 2316.42, Setup: 1484.77, TOTAL: 92496.06

 Scenario BOSCH Algo rmappo Exp benchmark_24_8_4 updates 4555/10416 episodes, total num timesteps 1312128/3000000, FPS 76.


 Scenario BOSCH Algo rmappo Exp benchmark_24_8_4 updates 4560/10416 episodes, total num timesteps 1313568/3000000, FPS 76.


 Scenario BOSCH Algo rmappo Exp benchmark_24_8_4 updates 4565/10416 episodes, total num timesteps 1315008/3000000, FPS 76.


 Scenario BOSCH Algo rmappo Exp benchmark_24_8_4 updates 4570/10416 episodes, total num timesteps 1316448/3000000, FPS 76.


 Scenario BOSCH Algo rmappo Exp benchmark_24_8_4 updates 4575/10416 episodes, total num timesteps 1317888/3000000, FPS 76.


 Scenario BOSCH Algo rmappo Exp benchmark_24_8_4 updates 4580/10416 episodes, total num timesteps 1319328/3000000, FPS 76.


 Scenario BOSCH Algo rmappo Exp benchmark_24_8_4 updates 4585/10416 episodes, total num timesteps 1320768/3000000, FPS 76.


 Scenario BOSCH Algo rmappo Exp benchmark_24_8_4 updates 4590/10416 episodes, total num timesteps 1322208/3000000, FPS 76.


 Scenario BOSCH Algo rmappo Exp benchmark_24_8_4 updates 4595/10416 episodes, total num timesteps 1323648/3000000, FPS 76.


 Scenario BOSCH Algo rmappo Exp benchmark_24_8_4 updates 4600/10416 episodes, total num timesteps 1325088/3000000, FPS 76.


[EVAL] BOSCH MARL Inference Solving Time for 36 periods: 1.0484 seconds
eval average episode rewards of agent0: -354.75626
eval average episode rewards of agent1: -353.65442
eval average episode rewards of agent2: -353.52402
eval average episode rewards of agent3: -353.42438
eval average episode rewards of agent4: -353.6692
eval average episode rewards of agent5: -353.69083
eval average episode rewards of agent6: -353.65213
eval average episode rewards of agent7: -353.62906
eval average episode rewards of agent8: -353.68524
eval average episode costs: Backlog: 93836.41, Inventory: 0.00, Maintenance: 490.64, Production: 1854.73, Setup: 936.93, TOTAL: 97118.70

 Scenario BOSCH Algo rmappo Exp benchmark_24_8_4 updates 4605/10416 episodes, total num timesteps 1326528/3000000, FPS 76.


 Scenario BOSCH Algo rmappo Exp benchmark_24_8_4 updates 4610/10416 episodes, total num timesteps 1327968/3000000, FPS 76.


 Scenario BOSCH Algo rmappo Exp benchmark_24_8_4 updates 4615/10416 episodes, total num timesteps 1329408/3000000, FPS 76.


 Scenario BOSCH Algo rmappo Exp benchmark_24_8_4 updates 4620/10416 episodes, total num timesteps 1330848/3000000, FPS 76.


 Scenario BOSCH Algo rmappo Exp benchmark_24_8_4 updates 4625/10416 episodes, total num timesteps 1332288/3000000, FPS 76.


 Scenario BOSCH Algo rmappo Exp benchmark_24_8_4 updates 4630/10416 episodes, total num timesteps 1333728/3000000, FPS 76.


 Scenario BOSCH Algo rmappo Exp benchmark_24_8_4 updates 4635/10416 episodes, total num timesteps 1335168/3000000, FPS 76.


 Scenario BOSCH Algo rmappo Exp benchmark_24_8_4 updates 4640/10416 episodes, total num timesteps 1336608/3000000, FPS 76.


 Scenario BOSCH Algo rmappo Exp benchmark_24_8_4 updates 4645/10416 episodes, total num timesteps 1338048/3000000, FPS 76.


 Scenario BOSCH Algo rmappo Exp benchmark_24_8_4 updates 4650/10416 episodes, total num timesteps 1339488/3000000, FPS 76.


[EVAL] BOSCH MARL Inference Solving Time for 36 periods: 1.0726 seconds
eval average episode rewards of agent0: -332.1438
eval average episode rewards of agent1: -329.83746
eval average episode rewards of agent2: -329.7096
eval average episode rewards of agent3: -329.7259
eval average episode rewards of agent4: -329.88702
eval average episode rewards of agent5: -329.8659
eval average episode rewards of agent6: -329.86063
eval average episode rewards of agent7: -329.72412
eval average episode rewards of agent8: -329.87122
eval average episode costs: Backlog: 87515.90, Inventory: 0.00, Maintenance: 20.01, Production: 2602.59, Setup: 1682.52, TOTAL: 91821.02

 Scenario BOSCH Algo rmappo Exp benchmark_24_8_4 updates 4655/10416 episodes, total num timesteps 1340928/3000000, FPS 76.


 Scenario BOSCH Algo rmappo Exp benchmark_24_8_4 updates 4660/10416 episodes, total num timesteps 1342368/3000000, FPS 76.


 Scenario BOSCH Algo rmappo Exp benchmark_24_8_4 updates 4665/10416 episodes, total num timesteps 1343808/3000000, FPS 76.


 Scenario BOSCH Algo rmappo Exp benchmark_24_8_4 updates 4670/10416 episodes, total num timesteps 1345248/3000000, FPS 76.


 Scenario BOSCH Algo rmappo Exp benchmark_24_8_4 updates 4675/10416 episodes, total num timesteps 1346688/3000000, FPS 76.


 Scenario BOSCH Algo rmappo Exp benchmark_24_8_4 updates 4680/10416 episodes, total num timesteps 1348128/3000000, FPS 76.


 Scenario BOSCH Algo rmappo Exp benchmark_24_8_4 updates 4685/10416 episodes, total num timesteps 1349568/3000000, FPS 76.


 Scenario BOSCH Algo rmappo Exp benchmark_24_8_4 updates 4690/10416 episodes, total num timesteps 1351008/3000000, FPS 76.


 Scenario BOSCH Algo rmappo Exp benchmark_24_8_4 updates 4695/10416 episodes, total num timesteps 1352448/3000000, FPS 76.


 Scenario BOSCH Algo rmappo Exp benchmark_24_8_4 updates 4700/10416 episodes, total num timesteps 1353888/3000000, FPS 76.


[EVAL] BOSCH MARL Inference Solving Time for 36 periods: 1.0883 seconds
eval average episode rewards of agent0: -328.61356
eval average episode rewards of agent1: -326.16626
eval average episode rewards of agent2: -326.0594
eval average episode rewards of agent3: -326.01968
eval average episode rewards of agent4: -326.17026
eval average episode rewards of agent5: -326.16043
eval average episode rewards of agent6: -326.1949
eval average episode rewards of agent7: -326.02377
eval average episode rewards of agent8: -326.193
eval average episode costs: Backlog: 86496.20, Inventory: 0.00, Maintenance: 21.62, Production: 2808.34, Setup: 1873.15, TOTAL: 91199.32

 Scenario BOSCH Algo rmappo Exp benchmark_24_8_4 updates 4705/10416 episodes, total num timesteps 1355328/3000000, FPS 76.


 Scenario BOSCH Algo rmappo Exp benchmark_24_8_4 updates 4710/10416 episodes, total num timesteps 1356768/3000000, FPS 76.


 Scenario BOSCH Algo rmappo Exp benchmark_24_8_4 updates 4715/10416 episodes, total num timesteps 1358208/3000000, FPS 76.


 Scenario BOSCH Algo rmappo Exp benchmark_24_8_4 updates 4720/10416 episodes, total num timesteps 1359648/3000000, FPS 76.


 Scenario BOSCH Algo rmappo Exp benchmark_24_8_4 updates 4725/10416 episodes, total num timesteps 1361088/3000000, FPS 76.


 Scenario BOSCH Algo rmappo Exp benchmark_24_8_4 updates 4730/10416 episodes, total num timesteps 1362528/3000000, FPS 76.


 Scenario BOSCH Algo rmappo Exp benchmark_24_8_4 updates 4735/10416 episodes, total num timesteps 1363968/3000000, FPS 76.


 Scenario BOSCH Algo rmappo Exp benchmark_24_8_4 updates 4740/10416 episodes, total num timesteps 1365408/3000000, FPS 76.


 Scenario BOSCH Algo rmappo Exp benchmark_24_8_4 updates 4745/10416 episodes, total num timesteps 1366848/3000000, FPS 76.


 Scenario BOSCH Algo rmappo Exp benchmark_24_8_4 updates 4750/10416 episodes, total num timesteps 1368288/3000000, FPS 76.


[EVAL] BOSCH MARL Inference Solving Time for 36 periods: 1.1542 seconds
eval average episode rewards of agent0: -347.6997
eval average episode rewards of agent1: -346.08023
eval average episode rewards of agent2: -345.96777
eval average episode rewards of agent3: -345.87128
eval average episode rewards of agent4: -346.0927
eval average episode rewards of agent5: -346.08676
eval average episode rewards of agent6: -346.059
eval average episode rewards of agent7: -345.93256
eval average episode rewards of agent8: -346.06952
eval average episode costs: Backlog: 91809.60, Inventory: 0.00, Maintenance: 276.25, Production: 2172.19, Setup: 1278.44, TOTAL: 95536.46

 Scenario BOSCH Algo rmappo Exp benchmark_24_8_4 updates 4755/10416 episodes, total num timesteps 1369728/3000000, FPS 76.


 Scenario BOSCH Algo rmappo Exp benchmark_24_8_4 updates 4760/10416 episodes, total num timesteps 1371168/3000000, FPS 76.


 Scenario BOSCH Algo rmappo Exp benchmark_24_8_4 updates 4765/10416 episodes, total num timesteps 1372608/3000000, FPS 76.


 Scenario BOSCH Algo rmappo Exp benchmark_24_8_4 updates 4770/10416 episodes, total num timesteps 1374048/3000000, FPS 76.


 Scenario BOSCH Algo rmappo Exp benchmark_24_8_4 updates 4775/10416 episodes, total num timesteps 1375488/3000000, FPS 76.


 Scenario BOSCH Algo rmappo Exp benchmark_24_8_4 updates 4780/10416 episodes, total num timesteps 1376928/3000000, FPS 76.


 Scenario BOSCH Algo rmappo Exp benchmark_24_8_4 updates 4785/10416 episodes, total num timesteps 1378368/3000000, FPS 76.


 Scenario BOSCH Algo rmappo Exp benchmark_24_8_4 updates 4790/10416 episodes, total num timesteps 1379808/3000000, FPS 76.


 Scenario BOSCH Algo rmappo Exp benchmark_24_8_4 updates 4795/10416 episodes, total num timesteps 1381248/3000000, FPS 76.


 Scenario BOSCH Algo rmappo Exp benchmark_24_8_4 updates 4800/10416 episodes, total num timesteps 1382688/3000000, FPS 76.


[EVAL] BOSCH MARL Inference Solving Time for 36 periods: 1.1113 seconds
eval average episode rewards of agent0: -345.48242
eval average episode rewards of agent1: -343.79083
eval average episode rewards of agent2: -343.64868
eval average episode rewards of agent3: -343.613
eval average episode rewards of agent4: -343.8669
eval average episode rewards of agent5: -343.83557
eval average episode rewards of agent6: -343.80118
eval average episode rewards of agent7: -343.81934
eval average episode rewards of agent8: -343.76105
eval average episode costs: Backlog: 91190.55, Inventory: 0.00, Maintenance: 248.11, Production: 2337.21, Setup: 1395.39, TOTAL: 95171.27

 Scenario BOSCH Algo rmappo Exp benchmark_24_8_4 updates 4805/10416 episodes, total num timesteps 1384128/3000000, FPS 76.


 Scenario BOSCH Algo rmappo Exp benchmark_24_8_4 updates 4810/10416 episodes, total num timesteps 1385568/3000000, FPS 76.


 Scenario BOSCH Algo rmappo Exp benchmark_24_8_4 updates 4815/10416 episodes, total num timesteps 1387008/3000000, FPS 76.


 Scenario BOSCH Algo rmappo Exp benchmark_24_8_4 updates 4820/10416 episodes, total num timesteps 1388448/3000000, FPS 76.


 Scenario BOSCH Algo rmappo Exp benchmark_24_8_4 updates 4825/10416 episodes, total num timesteps 1389888/3000000, FPS 76.


 Scenario BOSCH Algo rmappo Exp benchmark_24_8_4 updates 4830/10416 episodes, total num timesteps 1391328/3000000, FPS 76.


 Scenario BOSCH Algo rmappo Exp benchmark_24_8_4 updates 4835/10416 episodes, total num timesteps 1392768/3000000, FPS 76.


 Scenario BOSCH Algo rmappo Exp benchmark_24_8_4 updates 4840/10416 episodes, total num timesteps 1394208/3000000, FPS 76.


 Scenario BOSCH Algo rmappo Exp benchmark_24_8_4 updates 4845/10416 episodes, total num timesteps 1395648/3000000, FPS 76.


 Scenario BOSCH Algo rmappo Exp benchmark_24_8_4 updates 4850/10416 episodes, total num timesteps 1397088/3000000, FPS 76.


[EVAL] BOSCH MARL Inference Solving Time for 36 periods: 1.0386 seconds
eval average episode rewards of agent0: -351.84543
eval average episode rewards of agent1: -350.61206
eval average episode rewards of agent2: -350.4595
eval average episode rewards of agent3: -350.4649
eval average episode rewards of agent4: -350.6336
eval average episode rewards of agent5: -350.66562
eval average episode rewards of agent6: -350.55786
eval average episode rewards of agent7: -350.55606
eval average episode rewards of agent8: -350.61917
eval average episode costs: Backlog: 92997.91, Inventory: 0.00, Maintenance: 559.85, Production: 2081.95, Setup: 977.82, TOTAL: 96617.52

 Scenario BOSCH Algo rmappo Exp benchmark_24_8_4 updates 4855/10416 episodes, total num timesteps 1398528/3000000, FPS 76.


 Scenario BOSCH Algo rmappo Exp benchmark_24_8_4 updates 4860/10416 episodes, total num timesteps 1399968/3000000, FPS 76.


 Scenario BOSCH Algo rmappo Exp benchmark_24_8_4 updates 4865/10416 episodes, total num timesteps 1401408/3000000, FPS 76.


 Scenario BOSCH Algo rmappo Exp benchmark_24_8_4 updates 4870/10416 episodes, total num timesteps 1402848/3000000, FPS 76.


 Scenario BOSCH Algo rmappo Exp benchmark_24_8_4 updates 4875/10416 episodes, total num timesteps 1404288/3000000, FPS 76.


 Scenario BOSCH Algo rmappo Exp benchmark_24_8_4 updates 4880/10416 episodes, total num timesteps 1405728/3000000, FPS 76.


 Scenario BOSCH Algo rmappo Exp benchmark_24_8_4 updates 4885/10416 episodes, total num timesteps 1407168/3000000, FPS 76.


 Scenario BOSCH Algo rmappo Exp benchmark_24_8_4 updates 4890/10416 episodes, total num timesteps 1408608/3000000, FPS 76.


 Scenario BOSCH Algo rmappo Exp benchmark_24_8_4 updates 4895/10416 episodes, total num timesteps 1410048/3000000, FPS 76.


 Scenario BOSCH Algo rmappo Exp benchmark_24_8_4 updates 4900/10416 episodes, total num timesteps 1411488/3000000, FPS 76.


[EVAL] BOSCH MARL Inference Solving Time for 36 periods: 1.0728 seconds
eval average episode rewards of agent0: -331.39142
eval average episode rewards of agent1: -329.53714
eval average episode rewards of agent2: -329.26117
eval average episode rewards of agent3: -329.39658
eval average episode rewards of agent4: -329.51855
eval average episode rewards of agent5: -329.57233
eval average episode rewards of agent6: -329.5289
eval average episode rewards of agent7: -329.50748
eval average episode rewards of agent8: -329.53918
eval average episode costs: Backlog: 87476.09, Inventory: 0.00, Maintenance: 44.14, Production: 2692.92, Setup: 1487.81, TOTAL: 91700.95

 Scenario BOSCH Algo rmappo Exp benchmark_24_8_4 updates 4905/10416 episodes, total num timesteps 1412928/3000000, FPS 76.


 Scenario BOSCH Algo rmappo Exp benchmark_24_8_4 updates 4910/10416 episodes, total num timesteps 1414368/3000000, FPS 76.


 Scenario BOSCH Algo rmappo Exp benchmark_24_8_4 updates 4915/10416 episodes, total num timesteps 1415808/3000000, FPS 76.


 Scenario BOSCH Algo rmappo Exp benchmark_24_8_4 updates 4920/10416 episodes, total num timesteps 1417248/3000000, FPS 76.


 Scenario BOSCH Algo rmappo Exp benchmark_24_8_4 updates 4925/10416 episodes, total num timesteps 1418688/3000000, FPS 76.


 Scenario BOSCH Algo rmappo Exp benchmark_24_8_4 updates 4930/10416 episodes, total num timesteps 1420128/3000000, FPS 76.


 Scenario BOSCH Algo rmappo Exp benchmark_24_8_4 updates 4935/10416 episodes, total num timesteps 1421568/3000000, FPS 76.


 Scenario BOSCH Algo rmappo Exp benchmark_24_8_4 updates 4940/10416 episodes, total num timesteps 1423008/3000000, FPS 76.


 Scenario BOSCH Algo rmappo Exp benchmark_24_8_4 updates 4945/10416 episodes, total num timesteps 1424448/3000000, FPS 76.


 Scenario BOSCH Algo rmappo Exp benchmark_24_8_4 updates 4950/10416 episodes, total num timesteps 1425888/3000000, FPS 76.


[EVAL] BOSCH MARL Inference Solving Time for 36 periods: 1.0893 seconds
eval average episode rewards of agent0: -336.0071
eval average episode rewards of agent1: -334.2716
eval average episode rewards of agent2: -334.00507
eval average episode rewards of agent3: -334.08398
eval average episode rewards of agent4: -334.22626
eval average episode rewards of agent5: -334.2356
eval average episode rewards of agent6: -334.24225
eval average episode rewards of agent7: -334.15924
eval average episode rewards of agent8: -334.23468
eval average episode costs: Backlog: 88753.60, Inventory: 0.00, Maintenance: 19.78, Production: 2562.59, Setup: 1363.79, TOTAL: 92699.77

 Scenario BOSCH Algo rmappo Exp benchmark_24_8_4 updates 4955/10416 episodes, total num timesteps 1427328/3000000, FPS 76.


 Scenario BOSCH Algo rmappo Exp benchmark_24_8_4 updates 4960/10416 episodes, total num timesteps 1428768/3000000, FPS 76.


 Scenario BOSCH Algo rmappo Exp benchmark_24_8_4 updates 4965/10416 episodes, total num timesteps 1430208/3000000, FPS 77.


 Scenario BOSCH Algo rmappo Exp benchmark_24_8_4 updates 4970/10416 episodes, total num timesteps 1431648/3000000, FPS 77.


 Scenario BOSCH Algo rmappo Exp benchmark_24_8_4 updates 4975/10416 episodes, total num timesteps 1433088/3000000, FPS 77.


 Scenario BOSCH Algo rmappo Exp benchmark_24_8_4 updates 4980/10416 episodes, total num timesteps 1434528/3000000, FPS 77.


 Scenario BOSCH Algo rmappo Exp benchmark_24_8_4 updates 4985/10416 episodes, total num timesteps 1435968/3000000, FPS 77.


 Scenario BOSCH Algo rmappo Exp benchmark_24_8_4 updates 4990/10416 episodes, total num timesteps 1437408/3000000, FPS 77.


 Scenario BOSCH Algo rmappo Exp benchmark_24_8_4 updates 4995/10416 episodes, total num timesteps 1438848/3000000, FPS 77.


 Scenario BOSCH Algo rmappo Exp benchmark_24_8_4 updates 5000/10416 episodes, total num timesteps 1440288/3000000, FPS 77.


[EVAL] BOSCH MARL Inference Solving Time for 36 periods: 1.2494 seconds
eval average episode rewards of agent0: -329.71613
eval average episode rewards of agent1: -327.78598
eval average episode rewards of agent2: -327.5531
eval average episode rewards of agent3: -327.61426
eval average episode rewards of agent4: -327.7878
eval average episode rewards of agent5: -327.7798
eval average episode rewards of agent6: -327.7958
eval average episode rewards of agent7: -327.6861
eval average episode rewards of agent8: -327.7134
eval average episode costs: Backlog: 86936.53, Inventory: 0.00, Maintenance: 217.76, Production: 2788.76, Setup: 1548.89, TOTAL: 91491.93

 Scenario BOSCH Algo rmappo Exp benchmark_24_8_4 updates 5005/10416 episodes, total num timesteps 1441728/3000000, FPS 77.


 Scenario BOSCH Algo rmappo Exp benchmark_24_8_4 updates 5010/10416 episodes, total num timesteps 1443168/3000000, FPS 77.


 Scenario BOSCH Algo rmappo Exp benchmark_24_8_4 updates 5015/10416 episodes, total num timesteps 1444608/3000000, FPS 77.


 Scenario BOSCH Algo rmappo Exp benchmark_24_8_4 updates 5020/10416 episodes, total num timesteps 1446048/3000000, FPS 77.


 Scenario BOSCH Algo rmappo Exp benchmark_24_8_4 updates 5025/10416 episodes, total num timesteps 1447488/3000000, FPS 77.


 Scenario BOSCH Algo rmappo Exp benchmark_24_8_4 updates 5030/10416 episodes, total num timesteps 1448928/3000000, FPS 77.


 Scenario BOSCH Algo rmappo Exp benchmark_24_8_4 updates 5035/10416 episodes, total num timesteps 1450368/3000000, FPS 77.


 Scenario BOSCH Algo rmappo Exp benchmark_24_8_4 updates 5040/10416 episodes, total num timesteps 1451808/3000000, FPS 77.


 Scenario BOSCH Algo rmappo Exp benchmark_24_8_4 updates 5045/10416 episodes, total num timesteps 1453248/3000000, FPS 77.


 Scenario BOSCH Algo rmappo Exp benchmark_24_8_4 updates 5050/10416 episodes, total num timesteps 1454688/3000000, FPS 77.


[EVAL] BOSCH MARL Inference Solving Time for 36 periods: 1.0557 seconds
eval average episode rewards of agent0: -375.9848
eval average episode rewards of agent1: -375.4339
eval average episode rewards of agent2: -375.2425
eval average episode rewards of agent3: -375.31335
eval average episode rewards of agent4: -375.44843
eval average episode rewards of agent5: -375.4932
eval average episode rewards of agent6: -375.3968
eval average episode rewards of agent7: -375.43323
eval average episode rewards of agent8: -375.44748
eval average episode costs: Backlog: 99305.65, Inventory: 0.00, Maintenance: 1478.48, Production: 1380.67, Setup: 764.23, TOTAL: 102929.03

 Scenario BOSCH Algo rmappo Exp benchmark_24_8_4 updates 5055/10416 episodes, total num timesteps 1456128/3000000, FPS 77.


 Scenario BOSCH Algo rmappo Exp benchmark_24_8_4 updates 5060/10416 episodes, total num timesteps 1457568/3000000, FPS 77.


 Scenario BOSCH Algo rmappo Exp benchmark_24_8_4 updates 5065/10416 episodes, total num timesteps 1459008/3000000, FPS 77.


 Scenario BOSCH Algo rmappo Exp benchmark_24_8_4 updates 5070/10416 episodes, total num timesteps 1460448/3000000, FPS 77.


 Scenario BOSCH Algo rmappo Exp benchmark_24_8_4 updates 5075/10416 episodes, total num timesteps 1461888/3000000, FPS 77.


 Scenario BOSCH Algo rmappo Exp benchmark_24_8_4 updates 5080/10416 episodes, total num timesteps 1463328/3000000, FPS 77.


 Scenario BOSCH Algo rmappo Exp benchmark_24_8_4 updates 5085/10416 episodes, total num timesteps 1464768/3000000, FPS 77.


 Scenario BOSCH Algo rmappo Exp benchmark_24_8_4 updates 5090/10416 episodes, total num timesteps 1466208/3000000, FPS 77.


 Scenario BOSCH Algo rmappo Exp benchmark_24_8_4 updates 5095/10416 episodes, total num timesteps 1467648/3000000, FPS 77.


 Scenario BOSCH Algo rmappo Exp benchmark_24_8_4 updates 5100/10416 episodes, total num timesteps 1469088/3000000, FPS 77.


[EVAL] BOSCH MARL Inference Solving Time for 36 periods: 1.0721 seconds
eval average episode rewards of agent0: -339.8092
eval average episode rewards of agent1: -338.3246
eval average episode rewards of agent2: -338.18445
eval average episode rewards of agent3: -338.11627
eval average episode rewards of agent4: -338.3975
eval average episode rewards of agent5: -338.384
eval average episode rewards of agent6: -338.3383
eval average episode rewards of agent7: -338.33725
eval average episode rewards of agent8: -338.33936
eval average episode costs: Backlog: 89782.08, Inventory: 0.00, Maintenance: 347.83, Production: 2429.85, Setup: 1171.64, TOTAL: 93731.39

 Scenario BOSCH Algo rmappo Exp benchmark_24_8_4 updates 5105/10416 episodes, total num timesteps 1470528/3000000, FPS 77.


 Scenario BOSCH Algo rmappo Exp benchmark_24_8_4 updates 5110/10416 episodes, total num timesteps 1471968/3000000, FPS 77.


 Scenario BOSCH Algo rmappo Exp benchmark_24_8_4 updates 5115/10416 episodes, total num timesteps 1473408/3000000, FPS 77.


 Scenario BOSCH Algo rmappo Exp benchmark_24_8_4 updates 5120/10416 episodes, total num timesteps 1474848/3000000, FPS 77.


 Scenario BOSCH Algo rmappo Exp benchmark_24_8_4 updates 5125/10416 episodes, total num timesteps 1476288/3000000, FPS 77.


 Scenario BOSCH Algo rmappo Exp benchmark_24_8_4 updates 5130/10416 episodes, total num timesteps 1477728/3000000, FPS 77.


 Scenario BOSCH Algo rmappo Exp benchmark_24_8_4 updates 5135/10416 episodes, total num timesteps 1479168/3000000, FPS 77.


 Scenario BOSCH Algo rmappo Exp benchmark_24_8_4 updates 5140/10416 episodes, total num timesteps 1480608/3000000, FPS 77.


 Scenario BOSCH Algo rmappo Exp benchmark_24_8_4 updates 5145/10416 episodes, total num timesteps 1482048/3000000, FPS 77.


 Scenario BOSCH Algo rmappo Exp benchmark_24_8_4 updates 5150/10416 episodes, total num timesteps 1483488/3000000, FPS 77.


[EVAL] BOSCH MARL Inference Solving Time for 36 periods: 1.0414 seconds
eval average episode rewards of agent0: -360.95508
eval average episode rewards of agent1: -360.006
eval average episode rewards of agent2: -359.9713
eval average episode rewards of agent3: -359.73288
eval average episode rewards of agent4: -360.08362
eval average episode rewards of agent5: -360.07214
eval average episode rewards of agent6: -360.0406
eval average episode rewards of agent7: -360.05334
eval average episode rewards of agent8: -360.06537
eval average episode costs: Backlog: 95450.14, Inventory: 0.00, Maintenance: 689.31, Production: 1882.69, Setup: 922.51, TOTAL: 98944.64

 Scenario BOSCH Algo rmappo Exp benchmark_24_8_4 updates 5155/10416 episodes, total num timesteps 1484928/3000000, FPS 77.


 Scenario BOSCH Algo rmappo Exp benchmark_24_8_4 updates 5160/10416 episodes, total num timesteps 1486368/3000000, FPS 77.


 Scenario BOSCH Algo rmappo Exp benchmark_24_8_4 updates 5165/10416 episodes, total num timesteps 1487808/3000000, FPS 77.


 Scenario BOSCH Algo rmappo Exp benchmark_24_8_4 updates 5170/10416 episodes, total num timesteps 1489248/3000000, FPS 77.


 Scenario BOSCH Algo rmappo Exp benchmark_24_8_4 updates 5175/10416 episodes, total num timesteps 1490688/3000000, FPS 77.


 Scenario BOSCH Algo rmappo Exp benchmark_24_8_4 updates 5180/10416 episodes, total num timesteps 1492128/3000000, FPS 77.


 Scenario BOSCH Algo rmappo Exp benchmark_24_8_4 updates 5185/10416 episodes, total num timesteps 1493568/3000000, FPS 77.


 Scenario BOSCH Algo rmappo Exp benchmark_24_8_4 updates 5190/10416 episodes, total num timesteps 1495008/3000000, FPS 77.


 Scenario BOSCH Algo rmappo Exp benchmark_24_8_4 updates 5195/10416 episodes, total num timesteps 1496448/3000000, FPS 77.


 Scenario BOSCH Algo rmappo Exp benchmark_24_8_4 updates 5200/10416 episodes, total num timesteps 1497888/3000000, FPS 77.


[EVAL] BOSCH MARL Inference Solving Time for 36 periods: 1.2184 seconds
eval average episode rewards of agent0: -351.97784
eval average episode rewards of agent1: -350.80353
eval average episode rewards of agent2: -350.614
eval average episode rewards of agent3: -350.50342
eval average episode rewards of agent4: -350.78485
eval average episode rewards of agent5: -350.8625
eval average episode rewards of agent6: -350.79745
eval average episode rewards of agent7: -350.85748
eval average episode rewards of agent8: -350.80588
eval average episode costs: Backlog: 93077.55, Inventory: 0.00, Maintenance: 400.62, Production: 2007.26, Setup: 1054.13, TOTAL: 96539.55

 Scenario BOSCH Algo rmappo Exp benchmark_24_8_4 updates 5205/10416 episodes, total num timesteps 1499328/3000000, FPS 77.


 Scenario BOSCH Algo rmappo Exp benchmark_24_8_4 updates 5210/10416 episodes, total num timesteps 1500768/3000000, FPS 77.


 Scenario BOSCH Algo rmappo Exp benchmark_24_8_4 updates 5215/10416 episodes, total num timesteps 1502208/3000000, FPS 77.


 Scenario BOSCH Algo rmappo Exp benchmark_24_8_4 updates 5220/10416 episodes, total num timesteps 1503648/3000000, FPS 77.


 Scenario BOSCH Algo rmappo Exp benchmark_24_8_4 updates 5225/10416 episodes, total num timesteps 1505088/3000000, FPS 77.


 Scenario BOSCH Algo rmappo Exp benchmark_24_8_4 updates 5230/10416 episodes, total num timesteps 1506528/3000000, FPS 77.


 Scenario BOSCH Algo rmappo Exp benchmark_24_8_4 updates 5235/10416 episodes, total num timesteps 1507968/3000000, FPS 77.


 Scenario BOSCH Algo rmappo Exp benchmark_24_8_4 updates 5240/10416 episodes, total num timesteps 1509408/3000000, FPS 77.


 Scenario BOSCH Algo rmappo Exp benchmark_24_8_4 updates 5245/10416 episodes, total num timesteps 1510848/3000000, FPS 77.


 Scenario BOSCH Algo rmappo Exp benchmark_24_8_4 updates 5250/10416 episodes, total num timesteps 1512288/3000000, FPS 77.


[EVAL] BOSCH MARL Inference Solving Time for 36 periods: 1.3950 seconds
eval average episode rewards of agent0: -348.65805
eval average episode rewards of agent1: -347.0539
eval average episode rewards of agent2: -346.97684
eval average episode rewards of agent3: -346.70215
eval average episode rewards of agent4: -347.0347
eval average episode rewards of agent5: -347.05646
eval average episode rewards of agent6: -346.99762
eval average episode rewards of agent7: -346.97882
eval average episode rewards of agent8: -346.99567
eval average episode costs: Backlog: 92092.73, Inventory: 0.00, Maintenance: 213.47, Production: 2138.12, Setup: 1249.75, TOTAL: 95694.06

 Scenario BOSCH Algo rmappo Exp benchmark_24_8_4 updates 5255/10416 episodes, total num timesteps 1513728/3000000, FPS 77.


 Scenario BOSCH Algo rmappo Exp benchmark_24_8_4 updates 5260/10416 episodes, total num timesteps 1515168/3000000, FPS 77.


 Scenario BOSCH Algo rmappo Exp benchmark_24_8_4 updates 5265/10416 episodes, total num timesteps 1516608/3000000, FPS 77.


 Scenario BOSCH Algo rmappo Exp benchmark_24_8_4 updates 5270/10416 episodes, total num timesteps 1518048/3000000, FPS 77.


 Scenario BOSCH Algo rmappo Exp benchmark_24_8_4 updates 5275/10416 episodes, total num timesteps 1519488/3000000, FPS 77.


 Scenario BOSCH Algo rmappo Exp benchmark_24_8_4 updates 5280/10416 episodes, total num timesteps 1520928/3000000, FPS 77.


 Scenario BOSCH Algo rmappo Exp benchmark_24_8_4 updates 5285/10416 episodes, total num timesteps 1522368/3000000, FPS 77.


 Scenario BOSCH Algo rmappo Exp benchmark_24_8_4 updates 5290/10416 episodes, total num timesteps 1523808/3000000, FPS 77.


 Scenario BOSCH Algo rmappo Exp benchmark_24_8_4 updates 5295/10416 episodes, total num timesteps 1525248/3000000, FPS 77.


 Scenario BOSCH Algo rmappo Exp benchmark_24_8_4 updates 5300/10416 episodes, total num timesteps 1526688/3000000, FPS 77.


[EVAL] BOSCH MARL Inference Solving Time for 36 periods: 1.0665 seconds
eval average episode rewards of agent0: -339.1253
eval average episode rewards of agent1: -337.17917
eval average episode rewards of agent2: -337.07886
eval average episode rewards of agent3: -336.89398
eval average episode rewards of agent4: -337.1256
eval average episode rewards of agent5: -337.13956
eval average episode rewards of agent6: -337.05145
eval average episode rewards of agent7: -337.09958
eval average episode rewards of agent8: -337.113
eval average episode costs: Backlog: 89472.27, Inventory: 0.00, Maintenance: 18.83, Production: 2406.37, Setup: 1547.81, TOTAL: 93445.27

 Scenario BOSCH Algo rmappo Exp benchmark_24_8_4 updates 5305/10416 episodes, total num timesteps 1528128/3000000, FPS 77.


 Scenario BOSCH Algo rmappo Exp benchmark_24_8_4 updates 5310/10416 episodes, total num timesteps 1529568/3000000, FPS 77.


 Scenario BOSCH Algo rmappo Exp benchmark_24_8_4 updates 5315/10416 episodes, total num timesteps 1531008/3000000, FPS 77.


 Scenario BOSCH Algo rmappo Exp benchmark_24_8_4 updates 5320/10416 episodes, total num timesteps 1532448/3000000, FPS 77.


 Scenario BOSCH Algo rmappo Exp benchmark_24_8_4 updates 5325/10416 episodes, total num timesteps 1533888/3000000, FPS 77.


 Scenario BOSCH Algo rmappo Exp benchmark_24_8_4 updates 5330/10416 episodes, total num timesteps 1535328/3000000, FPS 77.


 Scenario BOSCH Algo rmappo Exp benchmark_24_8_4 updates 5335/10416 episodes, total num timesteps 1536768/3000000, FPS 77.


 Scenario BOSCH Algo rmappo Exp benchmark_24_8_4 updates 5340/10416 episodes, total num timesteps 1538208/3000000, FPS 77.


 Scenario BOSCH Algo rmappo Exp benchmark_24_8_4 updates 5345/10416 episodes, total num timesteps 1539648/3000000, FPS 77.


 Scenario BOSCH Algo rmappo Exp benchmark_24_8_4 updates 5350/10416 episodes, total num timesteps 1541088/3000000, FPS 77.


[EVAL] BOSCH MARL Inference Solving Time for 36 periods: 1.0303 seconds
eval average episode rewards of agent0: -347.45053
eval average episode rewards of agent1: -345.83325
eval average episode rewards of agent2: -345.74423
eval average episode rewards of agent3: -345.58286
eval average episode rewards of agent4: -345.83917
eval average episode rewards of agent5: -345.86127
eval average episode rewards of agent6: -345.82272
eval average episode rewards of agent7: -345.84906
eval average episode rewards of agent8: -345.8282
eval average episode costs: Backlog: 91770.81, Inventory: 0.00, Maintenance: 336.56, Production: 1996.05, Setup: 1169.18, TOTAL: 95272.61

 Scenario BOSCH Algo rmappo Exp benchmark_24_8_4 updates 5355/10416 episodes, total num timesteps 1542528/3000000, FPS 77.


 Scenario BOSCH Algo rmappo Exp benchmark_24_8_4 updates 5360/10416 episodes, total num timesteps 1543968/3000000, FPS 77.


 Scenario BOSCH Algo rmappo Exp benchmark_24_8_4 updates 5365/10416 episodes, total num timesteps 1545408/3000000, FPS 77.


 Scenario BOSCH Algo rmappo Exp benchmark_24_8_4 updates 5370/10416 episodes, total num timesteps 1546848/3000000, FPS 77.


 Scenario BOSCH Algo rmappo Exp benchmark_24_8_4 updates 5375/10416 episodes, total num timesteps 1548288/3000000, FPS 77.


 Scenario BOSCH Algo rmappo Exp benchmark_24_8_4 updates 5380/10416 episodes, total num timesteps 1549728/3000000, FPS 77.


 Scenario BOSCH Algo rmappo Exp benchmark_24_8_4 updates 5385/10416 episodes, total num timesteps 1551168/3000000, FPS 77.


 Scenario BOSCH Algo rmappo Exp benchmark_24_8_4 updates 5390/10416 episodes, total num timesteps 1552608/3000000, FPS 77.


 Scenario BOSCH Algo rmappo Exp benchmark_24_8_4 updates 5395/10416 episodes, total num timesteps 1554048/3000000, FPS 77.


 Scenario BOSCH Algo rmappo Exp benchmark_24_8_4 updates 5400/10416 episodes, total num timesteps 1555488/3000000, FPS 77.


[EVAL] BOSCH MARL Inference Solving Time for 36 periods: 1.0416 seconds
eval average episode rewards of agent0: -358.5498
eval average episode rewards of agent1: -357.56125
eval average episode rewards of agent2: -357.50153
eval average episode rewards of agent3: -357.37558
eval average episode rewards of agent4: -357.53378
eval average episode rewards of agent5: -357.58273
eval average episode rewards of agent6: -357.55865
eval average episode rewards of agent7: -357.54425
eval average episode rewards of agent8: -357.55768
eval average episode costs: Backlog: 94847.52, Inventory: 0.00, Maintenance: 689.68, Production: 1707.05, Setup: 793.04, TOTAL: 98037.30

 Scenario BOSCH Algo rmappo Exp benchmark_24_8_4 updates 5405/10416 episodes, total num timesteps 1556928/3000000, FPS 77.


 Scenario BOSCH Algo rmappo Exp benchmark_24_8_4 updates 5410/10416 episodes, total num timesteps 1558368/3000000, FPS 77.


 Scenario BOSCH Algo rmappo Exp benchmark_24_8_4 updates 5415/10416 episodes, total num timesteps 1559808/3000000, FPS 77.


 Scenario BOSCH Algo rmappo Exp benchmark_24_8_4 updates 5420/10416 episodes, total num timesteps 1561248/3000000, FPS 77.


 Scenario BOSCH Algo rmappo Exp benchmark_24_8_4 updates 5425/10416 episodes, total num timesteps 1562688/3000000, FPS 77.


 Scenario BOSCH Algo rmappo Exp benchmark_24_8_4 updates 5430/10416 episodes, total num timesteps 1564128/3000000, FPS 77.


 Scenario BOSCH Algo rmappo Exp benchmark_24_8_4 updates 5435/10416 episodes, total num timesteps 1565568/3000000, FPS 77.


 Scenario BOSCH Algo rmappo Exp benchmark_24_8_4 updates 5440/10416 episodes, total num timesteps 1567008/3000000, FPS 77.


 Scenario BOSCH Algo rmappo Exp benchmark_24_8_4 updates 5445/10416 episodes, total num timesteps 1568448/3000000, FPS 77.


 Scenario BOSCH Algo rmappo Exp benchmark_24_8_4 updates 5450/10416 episodes, total num timesteps 1569888/3000000, FPS 77.


[EVAL] BOSCH MARL Inference Solving Time for 36 periods: 1.0646 seconds
eval average episode rewards of agent0: -368.96506
eval average episode rewards of agent1: -368.52148
eval average episode rewards of agent2: -368.47574
eval average episode rewards of agent3: -368.4046
eval average episode rewards of agent4: -368.50806
eval average episode rewards of agent5: -368.53656
eval average episode rewards of agent6: -368.36584
eval average episode rewards of agent7: -368.35992
eval average episode rewards of agent8: -368.40497
eval average episode costs: Backlog: 97608.44, Inventory: 0.00, Maintenance: 1301.40, Production: 1327.37, Setup: 528.80, TOTAL: 100766.00

 Scenario BOSCH Algo rmappo Exp benchmark_24_8_4 updates 5455/10416 episodes, total num timesteps 1571328/3000000, FPS 77.


 Scenario BOSCH Algo rmappo Exp benchmark_24_8_4 updates 5460/10416 episodes, total num timesteps 1572768/3000000, FPS 77.


 Scenario BOSCH Algo rmappo Exp benchmark_24_8_4 updates 5465/10416 episodes, total num timesteps 1574208/3000000, FPS 77.


 Scenario BOSCH Algo rmappo Exp benchmark_24_8_4 updates 5470/10416 episodes, total num timesteps 1575648/3000000, FPS 77.


 Scenario BOSCH Algo rmappo Exp benchmark_24_8_4 updates 5475/10416 episodes, total num timesteps 1577088/3000000, FPS 77.


 Scenario BOSCH Algo rmappo Exp benchmark_24_8_4 updates 5480/10416 episodes, total num timesteps 1578528/3000000, FPS 77.


 Scenario BOSCH Algo rmappo Exp benchmark_24_8_4 updates 5485/10416 episodes, total num timesteps 1579968/3000000, FPS 77.


 Scenario BOSCH Algo rmappo Exp benchmark_24_8_4 updates 5490/10416 episodes, total num timesteps 1581408/3000000, FPS 77.


 Scenario BOSCH Algo rmappo Exp benchmark_24_8_4 updates 5495/10416 episodes, total num timesteps 1582848/3000000, FPS 77.


 Scenario BOSCH Algo rmappo Exp benchmark_24_8_4 updates 5500/10416 episodes, total num timesteps 1584288/3000000, FPS 77.


[EVAL] BOSCH MARL Inference Solving Time for 36 periods: 1.0829 seconds
eval average episode rewards of agent0: -391.82803
eval average episode rewards of agent1: -392.11322
eval average episode rewards of agent2: -392.1154
eval average episode rewards of agent3: -392.0483
eval average episode rewards of agent4: -392.16513
eval average episode rewards of agent5: -392.18262
eval average episode rewards of agent6: -392.0434
eval average episode rewards of agent7: -392.1623
eval average episode rewards of agent8: -392.13406
eval average episode costs: Backlog: 103522.33, Inventory: 0.00, Maintenance: 2749.37, Production: 427.56, Setup: 93.59, TOTAL: 106792.85

 Scenario BOSCH Algo rmappo Exp benchmark_24_8_4 updates 5505/10416 episodes, total num timesteps 1585728/3000000, FPS 77.


 Scenario BOSCH Algo rmappo Exp benchmark_24_8_4 updates 5510/10416 episodes, total num timesteps 1587168/3000000, FPS 77.


 Scenario BOSCH Algo rmappo Exp benchmark_24_8_4 updates 5515/10416 episodes, total num timesteps 1588608/3000000, FPS 77.


 Scenario BOSCH Algo rmappo Exp benchmark_24_8_4 updates 5520/10416 episodes, total num timesteps 1590048/3000000, FPS 77.


 Scenario BOSCH Algo rmappo Exp benchmark_24_8_4 updates 5525/10416 episodes, total num timesteps 1591488/3000000, FPS 77.


 Scenario BOSCH Algo rmappo Exp benchmark_24_8_4 updates 5530/10416 episodes, total num timesteps 1592928/3000000, FPS 77.


 Scenario BOSCH Algo rmappo Exp benchmark_24_8_4 updates 5535/10416 episodes, total num timesteps 1594368/3000000, FPS 77.


 Scenario BOSCH Algo rmappo Exp benchmark_24_8_4 updates 5540/10416 episodes, total num timesteps 1595808/3000000, FPS 77.


 Scenario BOSCH Algo rmappo Exp benchmark_24_8_4 updates 5545/10416 episodes, total num timesteps 1597248/3000000, FPS 77.


 Scenario BOSCH Algo rmappo Exp benchmark_24_8_4 updates 5550/10416 episodes, total num timesteps 1598688/3000000, FPS 77.


[EVAL] BOSCH MARL Inference Solving Time for 36 periods: 1.0414 seconds
eval average episode rewards of agent0: -335.6004
eval average episode rewards of agent1: -333.1799
eval average episode rewards of agent2: -333.12845
eval average episode rewards of agent3: -332.96844
eval average episode rewards of agent4: -333.1866
eval average episode rewards of agent5: -333.06866
eval average episode rewards of agent6: -333.17633
eval average episode rewards of agent7: -333.07916
eval average episode rewards of agent8: -333.1535
eval average episode costs: Backlog: 88233.95, Inventory: 0.00, Maintenance: 380.23, Production: 2517.21, Setup: 1855.09, TOTAL: 92986.46

 Scenario BOSCH Algo rmappo Exp benchmark_24_8_4 updates 5555/10416 episodes, total num timesteps 1600128/3000000, FPS 77.


 Scenario BOSCH Algo rmappo Exp benchmark_24_8_4 updates 5560/10416 episodes, total num timesteps 1601568/3000000, FPS 77.


 Scenario BOSCH Algo rmappo Exp benchmark_24_8_4 updates 5565/10416 episodes, total num timesteps 1603008/3000000, FPS 77.


 Scenario BOSCH Algo rmappo Exp benchmark_24_8_4 updates 5570/10416 episodes, total num timesteps 1604448/3000000, FPS 77.


 Scenario BOSCH Algo rmappo Exp benchmark_24_8_4 updates 5575/10416 episodes, total num timesteps 1605888/3000000, FPS 77.


 Scenario BOSCH Algo rmappo Exp benchmark_24_8_4 updates 5580/10416 episodes, total num timesteps 1607328/3000000, FPS 77.


 Scenario BOSCH Algo rmappo Exp benchmark_24_8_4 updates 5585/10416 episodes, total num timesteps 1608768/3000000, FPS 77.


 Scenario BOSCH Algo rmappo Exp benchmark_24_8_4 updates 5590/10416 episodes, total num timesteps 1610208/3000000, FPS 77.


 Scenario BOSCH Algo rmappo Exp benchmark_24_8_4 updates 5595/10416 episodes, total num timesteps 1611648/3000000, FPS 77.


 Scenario BOSCH Algo rmappo Exp benchmark_24_8_4 updates 5600/10416 episodes, total num timesteps 1613088/3000000, FPS 77.


[EVAL] BOSCH MARL Inference Solving Time for 36 periods: 1.0687 seconds
eval average episode rewards of agent0: -357.4931
eval average episode rewards of agent1: -355.84384
eval average episode rewards of agent2: -355.80084
eval average episode rewards of agent3: -355.68744
eval average episode rewards of agent4: -355.82693
eval average episode rewards of agent5: -355.89008
eval average episode rewards of agent6: -355.88846
eval average episode rewards of agent7: -355.82892
eval average episode rewards of agent8: -355.79504
eval average episode costs: Backlog: 94204.79, Inventory: 0.00, Maintenance: 929.01, Production: 1712.48, Setup: 1265.63, TOTAL: 98111.91

 Scenario BOSCH Algo rmappo Exp benchmark_24_8_4 updates 5605/10416 episodes, total num timesteps 1614528/3000000, FPS 77.


 Scenario BOSCH Algo rmappo Exp benchmark_24_8_4 updates 5610/10416 episodes, total num timesteps 1615968/3000000, FPS 77.


 Scenario BOSCH Algo rmappo Exp benchmark_24_8_4 updates 5615/10416 episodes, total num timesteps 1617408/3000000, FPS 77.


 Scenario BOSCH Algo rmappo Exp benchmark_24_8_4 updates 5620/10416 episodes, total num timesteps 1618848/3000000, FPS 77.


 Scenario BOSCH Algo rmappo Exp benchmark_24_8_4 updates 5625/10416 episodes, total num timesteps 1620288/3000000, FPS 77.


 Scenario BOSCH Algo rmappo Exp benchmark_24_8_4 updates 5630/10416 episodes, total num timesteps 1621728/3000000, FPS 77.


 Scenario BOSCH Algo rmappo Exp benchmark_24_8_4 updates 5635/10416 episodes, total num timesteps 1623168/3000000, FPS 77.


 Scenario BOSCH Algo rmappo Exp benchmark_24_8_4 updates 5640/10416 episodes, total num timesteps 1624608/3000000, FPS 77.


 Scenario BOSCH Algo rmappo Exp benchmark_24_8_4 updates 5645/10416 episodes, total num timesteps 1626048/3000000, FPS 77.


 Scenario BOSCH Algo rmappo Exp benchmark_24_8_4 updates 5650/10416 episodes, total num timesteps 1627488/3000000, FPS 77.


[EVAL] BOSCH MARL Inference Solving Time for 36 periods: 1.0716 seconds
eval average episode rewards of agent0: -331.82843
eval average episode rewards of agent1: -329.1573
eval average episode rewards of agent2: -329.0254
eval average episode rewards of agent3: -329.00708
eval average episode rewards of agent4: -329.2293
eval average episode rewards of agent5: -329.21225
eval average episode rewards of agent6: -329.2307
eval average episode rewards of agent7: -329.1264
eval average episode rewards of agent8: -329.1936
eval average episode costs: Backlog: 87223.73, Inventory: 0.00, Maintenance: 20.89, Production: 2659.92, Setup: 2117.49, TOTAL: 92022.03

 Scenario BOSCH Algo rmappo Exp benchmark_24_8_4 updates 5655/10416 episodes, total num timesteps 1628928/3000000, FPS 77.


 Scenario BOSCH Algo rmappo Exp benchmark_24_8_4 updates 5660/10416 episodes, total num timesteps 1630368/3000000, FPS 77.


 Scenario BOSCH Algo rmappo Exp benchmark_24_8_4 updates 5665/10416 episodes, total num timesteps 1631808/3000000, FPS 77.


 Scenario BOSCH Algo rmappo Exp benchmark_24_8_4 updates 5670/10416 episodes, total num timesteps 1633248/3000000, FPS 77.


 Scenario BOSCH Algo rmappo Exp benchmark_24_8_4 updates 5675/10416 episodes, total num timesteps 1634688/3000000, FPS 77.


 Scenario BOSCH Algo rmappo Exp benchmark_24_8_4 updates 5680/10416 episodes, total num timesteps 1636128/3000000, FPS 77.


 Scenario BOSCH Algo rmappo Exp benchmark_24_8_4 updates 5685/10416 episodes, total num timesteps 1637568/3000000, FPS 77.


 Scenario BOSCH Algo rmappo Exp benchmark_24_8_4 updates 5690/10416 episodes, total num timesteps 1639008/3000000, FPS 77.


 Scenario BOSCH Algo rmappo Exp benchmark_24_8_4 updates 5695/10416 episodes, total num timesteps 1640448/3000000, FPS 77.


 Scenario BOSCH Algo rmappo Exp benchmark_24_8_4 updates 5700/10416 episodes, total num timesteps 1641888/3000000, FPS 77.


[EVAL] BOSCH MARL Inference Solving Time for 36 periods: 1.0782 seconds
eval average episode rewards of agent0: -324.59625
eval average episode rewards of agent1: -321.63507
eval average episode rewards of agent2: -321.55756
eval average episode rewards of agent3: -321.4718
eval average episode rewards of agent4: -321.73022
eval average episode rewards of agent5: -321.69864
eval average episode rewards of agent6: -321.77066
eval average episode rewards of agent7: -321.6283
eval average episode rewards of agent8: -321.69885
eval average episode costs: Backlog: 85184.92, Inventory: 0.00, Maintenance: 60.04, Production: 2956.48, Setup: 2316.80, TOTAL: 90518.24

 Scenario BOSCH Algo rmappo Exp benchmark_24_8_4 updates 5705/10416 episodes, total num timesteps 1643328/3000000, FPS 77.


 Scenario BOSCH Algo rmappo Exp benchmark_24_8_4 updates 5710/10416 episodes, total num timesteps 1644768/3000000, FPS 77.


 Scenario BOSCH Algo rmappo Exp benchmark_24_8_4 updates 5715/10416 episodes, total num timesteps 1646208/3000000, FPS 77.


 Scenario BOSCH Algo rmappo Exp benchmark_24_8_4 updates 5720/10416 episodes, total num timesteps 1647648/3000000, FPS 77.


 Scenario BOSCH Algo rmappo Exp benchmark_24_8_4 updates 5725/10416 episodes, total num timesteps 1649088/3000000, FPS 77.


 Scenario BOSCH Algo rmappo Exp benchmark_24_8_4 updates 5730/10416 episodes, total num timesteps 1650528/3000000, FPS 77.


 Scenario BOSCH Algo rmappo Exp benchmark_24_8_4 updates 5735/10416 episodes, total num timesteps 1651968/3000000, FPS 77.


 Scenario BOSCH Algo rmappo Exp benchmark_24_8_4 updates 5740/10416 episodes, total num timesteps 1653408/3000000, FPS 77.


 Scenario BOSCH Algo rmappo Exp benchmark_24_8_4 updates 5745/10416 episodes, total num timesteps 1654848/3000000, FPS 77.


 Scenario BOSCH Algo rmappo Exp benchmark_24_8_4 updates 5750/10416 episodes, total num timesteps 1656288/3000000, FPS 77.


[EVAL] BOSCH MARL Inference Solving Time for 36 periods: 1.0498 seconds
eval average episode rewards of agent0: -324.67645
eval average episode rewards of agent1: -321.572
eval average episode rewards of agent2: -321.45923
eval average episode rewards of agent3: -321.38766
eval average episode rewards of agent4: -321.59036
eval average episode rewards of agent5: -321.59283
eval average episode rewards of agent6: -321.68512
eval average episode rewards of agent7: -321.55865
eval average episode rewards of agent8: -321.60773
eval average episode costs: Backlog: 85122.45, Inventory: 0.00, Maintenance: 23.33, Production: 2955.45, Setup: 2488.44, TOTAL: 90589.67

 Scenario BOSCH Algo rmappo Exp benchmark_24_8_4 updates 5755/10416 episodes, total num timesteps 1657728/3000000, FPS 77.


 Scenario BOSCH Algo rmappo Exp benchmark_24_8_4 updates 5760/10416 episodes, total num timesteps 1659168/3000000, FPS 77.


 Scenario BOSCH Algo rmappo Exp benchmark_24_8_4 updates 5765/10416 episodes, total num timesteps 1660608/3000000, FPS 77.


 Scenario BOSCH Algo rmappo Exp benchmark_24_8_4 updates 5770/10416 episodes, total num timesteps 1662048/3000000, FPS 77.


 Scenario BOSCH Algo rmappo Exp benchmark_24_8_4 updates 5775/10416 episodes, total num timesteps 1663488/3000000, FPS 77.


 Scenario BOSCH Algo rmappo Exp benchmark_24_8_4 updates 5780/10416 episodes, total num timesteps 1664928/3000000, FPS 77.


 Scenario BOSCH Algo rmappo Exp benchmark_24_8_4 updates 5785/10416 episodes, total num timesteps 1666368/3000000, FPS 77.


 Scenario BOSCH Algo rmappo Exp benchmark_24_8_4 updates 5790/10416 episodes, total num timesteps 1667808/3000000, FPS 77.


 Scenario BOSCH Algo rmappo Exp benchmark_24_8_4 updates 5795/10416 episodes, total num timesteps 1669248/3000000, FPS 77.


 Scenario BOSCH Algo rmappo Exp benchmark_24_8_4 updates 5800/10416 episodes, total num timesteps 1670688/3000000, FPS 77.


[EVAL] BOSCH MARL Inference Solving Time for 36 periods: 1.1885 seconds
eval average episode rewards of agent0: -321.92435
eval average episode rewards of agent1: -318.3635
eval average episode rewards of agent2: -318.2186
eval average episode rewards of agent3: -318.17166
eval average episode rewards of agent4: -318.2746
eval average episode rewards of agent5: -318.3152
eval average episode rewards of agent6: -318.38593
eval average episode rewards of agent7: -318.32257
eval average episode rewards of agent8: -318.3057
eval average episode costs: Backlog: 84155.40, Inventory: 0.00, Maintenance: 24.10, Production: 3112.18, Setup: 2909.43, TOTAL: 90201.10

 Scenario BOSCH Algo rmappo Exp benchmark_24_8_4 updates 5805/10416 episodes, total num timesteps 1672128/3000000, FPS 77.


 Scenario BOSCH Algo rmappo Exp benchmark_24_8_4 updates 5810/10416 episodes, total num timesteps 1673568/3000000, FPS 77.


 Scenario BOSCH Algo rmappo Exp benchmark_24_8_4 updates 5815/10416 episodes, total num timesteps 1675008/3000000, FPS 77.


 Scenario BOSCH Algo rmappo Exp benchmark_24_8_4 updates 5820/10416 episodes, total num timesteps 1676448/3000000, FPS 77.


 Scenario BOSCH Algo rmappo Exp benchmark_24_8_4 updates 5825/10416 episodes, total num timesteps 1677888/3000000, FPS 77.


 Scenario BOSCH Algo rmappo Exp benchmark_24_8_4 updates 5830/10416 episodes, total num timesteps 1679328/3000000, FPS 77.


 Scenario BOSCH Algo rmappo Exp benchmark_24_8_4 updates 5835/10416 episodes, total num timesteps 1680768/3000000, FPS 77.


 Scenario BOSCH Algo rmappo Exp benchmark_24_8_4 updates 5840/10416 episodes, total num timesteps 1682208/3000000, FPS 77.


 Scenario BOSCH Algo rmappo Exp benchmark_24_8_4 updates 5845/10416 episodes, total num timesteps 1683648/3000000, FPS 77.


 Scenario BOSCH Algo rmappo Exp benchmark_24_8_4 updates 5850/10416 episodes, total num timesteps 1685088/3000000, FPS 77.


[EVAL] BOSCH MARL Inference Solving Time for 36 periods: 1.0969 seconds
eval average episode rewards of agent0: -321.0189
eval average episode rewards of agent1: -317.88153
eval average episode rewards of agent2: -317.8514
eval average episode rewards of agent3: -317.8061
eval average episode rewards of agent4: -317.9262
eval average episode rewards of agent5: -317.85614
eval average episode rewards of agent6: -317.9215
eval average episode rewards of agent7: -317.92978
eval average episode rewards of agent8: -317.97964
eval average episode costs: Backlog: 84180.08, Inventory: 0.00, Maintenance: 23.97, Production: 3066.63, Setup: 2434.64, TOTAL: 89705.31

 Scenario BOSCH Algo rmappo Exp benchmark_24_8_4 updates 5855/10416 episodes, total num timesteps 1686528/3000000, FPS 77.


 Scenario BOSCH Algo rmappo Exp benchmark_24_8_4 updates 5860/10416 episodes, total num timesteps 1687968/3000000, FPS 77.


 Scenario BOSCH Algo rmappo Exp benchmark_24_8_4 updates 5865/10416 episodes, total num timesteps 1689408/3000000, FPS 77.


 Scenario BOSCH Algo rmappo Exp benchmark_24_8_4 updates 5870/10416 episodes, total num timesteps 1690848/3000000, FPS 77.


 Scenario BOSCH Algo rmappo Exp benchmark_24_8_4 updates 5875/10416 episodes, total num timesteps 1692288/3000000, FPS 77.


 Scenario BOSCH Algo rmappo Exp benchmark_24_8_4 updates 5880/10416 episodes, total num timesteps 1693728/3000000, FPS 77.


 Scenario BOSCH Algo rmappo Exp benchmark_24_8_4 updates 5885/10416 episodes, total num timesteps 1695168/3000000, FPS 77.


 Scenario BOSCH Algo rmappo Exp benchmark_24_8_4 updates 5890/10416 episodes, total num timesteps 1696608/3000000, FPS 77.


 Scenario BOSCH Algo rmappo Exp benchmark_24_8_4 updates 5895/10416 episodes, total num timesteps 1698048/3000000, FPS 77.


 Scenario BOSCH Algo rmappo Exp benchmark_24_8_4 updates 5900/10416 episodes, total num timesteps 1699488/3000000, FPS 77.


[EVAL] BOSCH MARL Inference Solving Time for 36 periods: 1.0160 seconds
eval average episode rewards of agent0: -321.8343
eval average episode rewards of agent1: -319.00003
eval average episode rewards of agent2: -318.88116
eval average episode rewards of agent3: -318.87726
eval average episode rewards of agent4: -319.02014
eval average episode rewards of agent5: -318.99197
eval average episode rewards of agent6: -318.96915
eval average episode rewards of agent7: -318.89658
eval average episode rewards of agent8: -319.0819
eval average episode costs: Backlog: 84521.85, Inventory: 0.00, Maintenance: 23.27, Production: 2988.62, Setup: 2208.97, TOTAL: 89742.70

 Scenario BOSCH Algo rmappo Exp benchmark_24_8_4 updates 5905/10416 episodes, total num timesteps 1700928/3000000, FPS 77.


 Scenario BOSCH Algo rmappo Exp benchmark_24_8_4 updates 5910/10416 episodes, total num timesteps 1702368/3000000, FPS 77.


 Scenario BOSCH Algo rmappo Exp benchmark_24_8_4 updates 5915/10416 episodes, total num timesteps 1703808/3000000, FPS 77.


 Scenario BOSCH Algo rmappo Exp benchmark_24_8_4 updates 5920/10416 episodes, total num timesteps 1705248/3000000, FPS 77.


 Scenario BOSCH Algo rmappo Exp benchmark_24_8_4 updates 5925/10416 episodes, total num timesteps 1706688/3000000, FPS 77.


 Scenario BOSCH Algo rmappo Exp benchmark_24_8_4 updates 5930/10416 episodes, total num timesteps 1708128/3000000, FPS 77.


 Scenario BOSCH Algo rmappo Exp benchmark_24_8_4 updates 5935/10416 episodes, total num timesteps 1709568/3000000, FPS 77.


 Scenario BOSCH Algo rmappo Exp benchmark_24_8_4 updates 5940/10416 episodes, total num timesteps 1711008/3000000, FPS 77.


 Scenario BOSCH Algo rmappo Exp benchmark_24_8_4 updates 5945/10416 episodes, total num timesteps 1712448/3000000, FPS 77.


 Scenario BOSCH Algo rmappo Exp benchmark_24_8_4 updates 5950/10416 episodes, total num timesteps 1713888/3000000, FPS 77.


[EVAL] BOSCH MARL Inference Solving Time for 36 periods: 1.0594 seconds
eval average episode rewards of agent0: -318.16058
eval average episode rewards of agent1: -315.14032
eval average episode rewards of agent2: -315.04697
eval average episode rewards of agent3: -315.00348
eval average episode rewards of agent4: -315.16995
eval average episode rewards of agent5: -315.1267
eval average episode rewards of agent6: -315.17963
eval average episode rewards of agent7: -315.16962
eval average episode rewards of agent8: -315.162
eval average episode costs: Backlog: 83463.45, Inventory: 0.00, Maintenance: 24.56, Production: 3168.30, Setup: 2383.57, TOTAL: 89039.88

 Scenario BOSCH Algo rmappo Exp benchmark_24_8_4 updates 5955/10416 episodes, total num timesteps 1715328/3000000, FPS 77.


 Scenario BOSCH Algo rmappo Exp benchmark_24_8_4 updates 5960/10416 episodes, total num timesteps 1716768/3000000, FPS 77.


 Scenario BOSCH Algo rmappo Exp benchmark_24_8_4 updates 5965/10416 episodes, total num timesteps 1718208/3000000, FPS 77.


 Scenario BOSCH Algo rmappo Exp benchmark_24_8_4 updates 5970/10416 episodes, total num timesteps 1719648/3000000, FPS 77.


 Scenario BOSCH Algo rmappo Exp benchmark_24_8_4 updates 5975/10416 episodes, total num timesteps 1721088/3000000, FPS 77.


 Scenario BOSCH Algo rmappo Exp benchmark_24_8_4 updates 5980/10416 episodes, total num timesteps 1722528/3000000, FPS 77.


 Scenario BOSCH Algo rmappo Exp benchmark_24_8_4 updates 5985/10416 episodes, total num timesteps 1723968/3000000, FPS 77.


 Scenario BOSCH Algo rmappo Exp benchmark_24_8_4 updates 5990/10416 episodes, total num timesteps 1725408/3000000, FPS 77.


 Scenario BOSCH Algo rmappo Exp benchmark_24_8_4 updates 5995/10416 episodes, total num timesteps 1726848/3000000, FPS 77.


 Scenario BOSCH Algo rmappo Exp benchmark_24_8_4 updates 6000/10416 episodes, total num timesteps 1728288/3000000, FPS 77.


[EVAL] BOSCH MARL Inference Solving Time for 36 periods: 1.0366 seconds
eval average episode rewards of agent0: -322.11676
eval average episode rewards of agent1: -319.12772
eval average episode rewards of agent2: -319.07632
eval average episode rewards of agent3: -319.0241
eval average episode rewards of agent4: -319.18817
eval average episode rewards of agent5: -319.1136
eval average episode rewards of agent6: -319.1396
eval average episode rewards of agent7: -319.15985
eval average episode rewards of agent8: -319.25348
eval average episode costs: Backlog: 84544.77, Inventory: 0.00, Maintenance: 23.67, Production: 3020.34, Setup: 2283.60, TOTAL: 89872.39

 Scenario BOSCH Algo rmappo Exp benchmark_24_8_4 updates 6005/10416 episodes, total num timesteps 1729728/3000000, FPS 77.


 Scenario BOSCH Algo rmappo Exp benchmark_24_8_4 updates 6010/10416 episodes, total num timesteps 1731168/3000000, FPS 77.


 Scenario BOSCH Algo rmappo Exp benchmark_24_8_4 updates 6015/10416 episodes, total num timesteps 1732608/3000000, FPS 77.


 Scenario BOSCH Algo rmappo Exp benchmark_24_8_4 updates 6020/10416 episodes, total num timesteps 1734048/3000000, FPS 77.


 Scenario BOSCH Algo rmappo Exp benchmark_24_8_4 updates 6025/10416 episodes, total num timesteps 1735488/3000000, FPS 77.


 Scenario BOSCH Algo rmappo Exp benchmark_24_8_4 updates 6030/10416 episodes, total num timesteps 1736928/3000000, FPS 77.


 Scenario BOSCH Algo rmappo Exp benchmark_24_8_4 updates 6035/10416 episodes, total num timesteps 1738368/3000000, FPS 77.


 Scenario BOSCH Algo rmappo Exp benchmark_24_8_4 updates 6040/10416 episodes, total num timesteps 1739808/3000000, FPS 77.


 Scenario BOSCH Algo rmappo Exp benchmark_24_8_4 updates 6045/10416 episodes, total num timesteps 1741248/3000000, FPS 77.


 Scenario BOSCH Algo rmappo Exp benchmark_24_8_4 updates 6050/10416 episodes, total num timesteps 1742688/3000000, FPS 77.


[EVAL] BOSCH MARL Inference Solving Time for 36 periods: 1.0354 seconds
eval average episode rewards of agent0: -325.622
eval average episode rewards of agent1: -322.60587
eval average episode rewards of agent2: -322.58655
eval average episode rewards of agent3: -322.46588
eval average episode rewards of agent4: -322.6645
eval average episode rewards of agent5: -322.6219
eval average episode rewards of agent6: -322.73077
eval average episode rewards of agent7: -322.64847
eval average episode rewards of agent8: -322.7339
eval average episode costs: Backlog: 85462.12, Inventory: 0.00, Maintenance: 22.78, Production: 2903.44, Setup: 2290.67, TOTAL: 90679.00

 Scenario BOSCH Algo rmappo Exp benchmark_24_8_4 updates 6055/10416 episodes, total num timesteps 1744128/3000000, FPS 77.


 Scenario BOSCH Algo rmappo Exp benchmark_24_8_4 updates 6060/10416 episodes, total num timesteps 1745568/3000000, FPS 77.


 Scenario BOSCH Algo rmappo Exp benchmark_24_8_4 updates 6065/10416 episodes, total num timesteps 1747008/3000000, FPS 77.


 Scenario BOSCH Algo rmappo Exp benchmark_24_8_4 updates 6070/10416 episodes, total num timesteps 1748448/3000000, FPS 77.


 Scenario BOSCH Algo rmappo Exp benchmark_24_8_4 updates 6075/10416 episodes, total num timesteps 1749888/3000000, FPS 77.


 Scenario BOSCH Algo rmappo Exp benchmark_24_8_4 updates 6080/10416 episodes, total num timesteps 1751328/3000000, FPS 77.


 Scenario BOSCH Algo rmappo Exp benchmark_24_8_4 updates 6085/10416 episodes, total num timesteps 1752768/3000000, FPS 77.


 Scenario BOSCH Algo rmappo Exp benchmark_24_8_4 updates 6090/10416 episodes, total num timesteps 1754208/3000000, FPS 77.


 Scenario BOSCH Algo rmappo Exp benchmark_24_8_4 updates 6095/10416 episodes, total num timesteps 1755648/3000000, FPS 77.


 Scenario BOSCH Algo rmappo Exp benchmark_24_8_4 updates 6100/10416 episodes, total num timesteps 1757088/3000000, FPS 77.


[EVAL] BOSCH MARL Inference Solving Time for 36 periods: 1.0940 seconds
eval average episode rewards of agent0: -323.24133
eval average episode rewards of agent1: -319.99768
eval average episode rewards of agent2: -320.01816
eval average episode rewards of agent3: -319.94556
eval average episode rewards of agent4: -320.06686
eval average episode rewards of agent5: -320.02533
eval average episode rewards of agent6: -320.072
eval average episode rewards of agent7: -320.00443
eval average episode rewards of agent8: -320.04874
eval average episode costs: Backlog: 84705.08, Inventory: 0.00, Maintenance: 23.62, Production: 3009.17, Setup: 2551.94, TOTAL: 90289.80

 Scenario BOSCH Algo rmappo Exp benchmark_24_8_4 updates 6105/10416 episodes, total num timesteps 1758528/3000000, FPS 77.


 Scenario BOSCH Algo rmappo Exp benchmark_24_8_4 updates 6110/10416 episodes, total num timesteps 1759968/3000000, FPS 77.


 Scenario BOSCH Algo rmappo Exp benchmark_24_8_4 updates 6115/10416 episodes, total num timesteps 1761408/3000000, FPS 77.


 Scenario BOSCH Algo rmappo Exp benchmark_24_8_4 updates 6120/10416 episodes, total num timesteps 1762848/3000000, FPS 77.


 Scenario BOSCH Algo rmappo Exp benchmark_24_8_4 updates 6125/10416 episodes, total num timesteps 1764288/3000000, FPS 77.


 Scenario BOSCH Algo rmappo Exp benchmark_24_8_4 updates 6130/10416 episodes, total num timesteps 1765728/3000000, FPS 77.


 Scenario BOSCH Algo rmappo Exp benchmark_24_8_4 updates 6135/10416 episodes, total num timesteps 1767168/3000000, FPS 77.


 Scenario BOSCH Algo rmappo Exp benchmark_24_8_4 updates 6140/10416 episodes, total num timesteps 1768608/3000000, FPS 77.


 Scenario BOSCH Algo rmappo Exp benchmark_24_8_4 updates 6145/10416 episodes, total num timesteps 1770048/3000000, FPS 77.


 Scenario BOSCH Algo rmappo Exp benchmark_24_8_4 updates 6150/10416 episodes, total num timesteps 1771488/3000000, FPS 77.


[EVAL] BOSCH MARL Inference Solving Time for 36 periods: 1.1047 seconds
eval average episode rewards of agent0: -321.77585
eval average episode rewards of agent1: -318.69623
eval average episode rewards of agent2: -318.5284
eval average episode rewards of agent3: -318.59198
eval average episode rewards of agent4: -318.67715
eval average episode rewards of agent5: -318.71655
eval average episode rewards of agent6: -318.76675
eval average episode rewards of agent7: -318.68152
eval average episode rewards of agent8: -318.6933
eval average episode costs: Backlog: 84404.27, Inventory: 0.00, Maintenance: 23.39, Production: 3014.62, Setup: 2329.71, TOTAL: 89771.98

 Scenario BOSCH Algo rmappo Exp benchmark_24_8_4 updates 6155/10416 episodes, total num timesteps 1772928/3000000, FPS 77.


 Scenario BOSCH Algo rmappo Exp benchmark_24_8_4 updates 6160/10416 episodes, total num timesteps 1774368/3000000, FPS 77.


 Scenario BOSCH Algo rmappo Exp benchmark_24_8_4 updates 6165/10416 episodes, total num timesteps 1775808/3000000, FPS 77.


 Scenario BOSCH Algo rmappo Exp benchmark_24_8_4 updates 6170/10416 episodes, total num timesteps 1777248/3000000, FPS 77.


 Scenario BOSCH Algo rmappo Exp benchmark_24_8_4 updates 6175/10416 episodes, total num timesteps 1778688/3000000, FPS 77.


 Scenario BOSCH Algo rmappo Exp benchmark_24_8_4 updates 6180/10416 episodes, total num timesteps 1780128/3000000, FPS 77.


 Scenario BOSCH Algo rmappo Exp benchmark_24_8_4 updates 6185/10416 episodes, total num timesteps 1781568/3000000, FPS 77.


 Scenario BOSCH Algo rmappo Exp benchmark_24_8_4 updates 6190/10416 episodes, total num timesteps 1783008/3000000, FPS 77.


 Scenario BOSCH Algo rmappo Exp benchmark_24_8_4 updates 6195/10416 episodes, total num timesteps 1784448/3000000, FPS 77.


 Scenario BOSCH Algo rmappo Exp benchmark_24_8_4 updates 6200/10416 episodes, total num timesteps 1785888/3000000, FPS 77.


[EVAL] BOSCH MARL Inference Solving Time for 36 periods: 1.0458 seconds
eval average episode rewards of agent0: -324.7449
eval average episode rewards of agent1: -321.39423
eval average episode rewards of agent2: -321.26263
eval average episode rewards of agent3: -321.28046
eval average episode rewards of agent4: -321.4004
eval average episode rewards of agent5: -321.423
eval average episode rewards of agent6: -321.45612
eval average episode rewards of agent7: -321.4234
eval average episode rewards of agent8: -321.4386
eval average episode costs: Backlog: 85060.84, Inventory: 0.00, Maintenance: 22.87, Production: 2950.50, Setup: 2552.87, TOTAL: 90587.09

 Scenario BOSCH Algo rmappo Exp benchmark_24_8_4 updates 6205/10416 episodes, total num timesteps 1787328/3000000, FPS 77.


 Scenario BOSCH Algo rmappo Exp benchmark_24_8_4 updates 6210/10416 episodes, total num timesteps 1788768/3000000, FPS 77.


 Scenario BOSCH Algo rmappo Exp benchmark_24_8_4 updates 6215/10416 episodes, total num timesteps 1790208/3000000, FPS 77.


 Scenario BOSCH Algo rmappo Exp benchmark_24_8_4 updates 6220/10416 episodes, total num timesteps 1791648/3000000, FPS 77.


 Scenario BOSCH Algo rmappo Exp benchmark_24_8_4 updates 6225/10416 episodes, total num timesteps 1793088/3000000, FPS 77.


 Scenario BOSCH Algo rmappo Exp benchmark_24_8_4 updates 6230/10416 episodes, total num timesteps 1794528/3000000, FPS 77.


 Scenario BOSCH Algo rmappo Exp benchmark_24_8_4 updates 6235/10416 episodes, total num timesteps 1795968/3000000, FPS 77.


 Scenario BOSCH Algo rmappo Exp benchmark_24_8_4 updates 6240/10416 episodes, total num timesteps 1797408/3000000, FPS 77.


 Scenario BOSCH Algo rmappo Exp benchmark_24_8_4 updates 6245/10416 episodes, total num timesteps 1798848/3000000, FPS 77.


 Scenario BOSCH Algo rmappo Exp benchmark_24_8_4 updates 6250/10416 episodes, total num timesteps 1800288/3000000, FPS 77.


[EVAL] BOSCH MARL Inference Solving Time for 36 periods: 1.0606 seconds
eval average episode rewards of agent0: -325.7719
eval average episode rewards of agent1: -322.6566
eval average episode rewards of agent2: -322.4643
eval average episode rewards of agent3: -322.57263
eval average episode rewards of agent4: -322.6531
eval average episode rewards of agent5: -322.65894
eval average episode rewards of agent6: -322.72968
eval average episode rewards of agent7: -322.68976
eval average episode rewards of agent8: -322.729
eval average episode costs: Backlog: 85445.05, Inventory: 0.00, Maintenance: 22.22, Production: 2860.60, Setup: 2375.60, TOTAL: 90703.48

 Scenario BOSCH Algo rmappo Exp benchmark_24_8_4 updates 6255/10416 episodes, total num timesteps 1801728/3000000, FPS 77.


 Scenario BOSCH Algo rmappo Exp benchmark_24_8_4 updates 6260/10416 episodes, total num timesteps 1803168/3000000, FPS 77.


 Scenario BOSCH Algo rmappo Exp benchmark_24_8_4 updates 6265/10416 episodes, total num timesteps 1804608/3000000, FPS 77.


 Scenario BOSCH Algo rmappo Exp benchmark_24_8_4 updates 6270/10416 episodes, total num timesteps 1806048/3000000, FPS 77.


 Scenario BOSCH Algo rmappo Exp benchmark_24_8_4 updates 6275/10416 episodes, total num timesteps 1807488/3000000, FPS 77.


 Scenario BOSCH Algo rmappo Exp benchmark_24_8_4 updates 6280/10416 episodes, total num timesteps 1808928/3000000, FPS 77.


 Scenario BOSCH Algo rmappo Exp benchmark_24_8_4 updates 6285/10416 episodes, total num timesteps 1810368/3000000, FPS 77.


 Scenario BOSCH Algo rmappo Exp benchmark_24_8_4 updates 6290/10416 episodes, total num timesteps 1811808/3000000, FPS 77.


 Scenario BOSCH Algo rmappo Exp benchmark_24_8_4 updates 6295/10416 episodes, total num timesteps 1813248/3000000, FPS 77.


 Scenario BOSCH Algo rmappo Exp benchmark_24_8_4 updates 6300/10416 episodes, total num timesteps 1814688/3000000, FPS 77.


[EVAL] BOSCH MARL Inference Solving Time for 36 periods: 1.0972 seconds
eval average episode rewards of agent0: -319.23032
eval average episode rewards of agent1: -316.21527
eval average episode rewards of agent2: -316.04782
eval average episode rewards of agent3: -316.1521
eval average episode rewards of agent4: -316.1757
eval average episode rewards of agent5: -316.19394
eval average episode rewards of agent6: -316.25766
eval average episode rewards of agent7: -316.17984
eval average episode rewards of agent8: -316.25653
eval average episode costs: Backlog: 83753.95, Inventory: 0.00, Maintenance: 24.04, Production: 3119.73, Setup: 2332.54, TOTAL: 89230.27

 Scenario BOSCH Algo rmappo Exp benchmark_24_8_4 updates 6305/10416 episodes, total num timesteps 1816128/3000000, FPS 77.


 Scenario BOSCH Algo rmappo Exp benchmark_24_8_4 updates 6310/10416 episodes, total num timesteps 1817568/3000000, FPS 77.


 Scenario BOSCH Algo rmappo Exp benchmark_24_8_4 updates 6315/10416 episodes, total num timesteps 1819008/3000000, FPS 77.


 Scenario BOSCH Algo rmappo Exp benchmark_24_8_4 updates 6320/10416 episodes, total num timesteps 1820448/3000000, FPS 77.


 Scenario BOSCH Algo rmappo Exp benchmark_24_8_4 updates 6325/10416 episodes, total num timesteps 1821888/3000000, FPS 77.


 Scenario BOSCH Algo rmappo Exp benchmark_24_8_4 updates 6330/10416 episodes, total num timesteps 1823328/3000000, FPS 77.


 Scenario BOSCH Algo rmappo Exp benchmark_24_8_4 updates 6335/10416 episodes, total num timesteps 1824768/3000000, FPS 77.


 Scenario BOSCH Algo rmappo Exp benchmark_24_8_4 updates 6340/10416 episodes, total num timesteps 1826208/3000000, FPS 77.


 Scenario BOSCH Algo rmappo Exp benchmark_24_8_4 updates 6345/10416 episodes, total num timesteps 1827648/3000000, FPS 77.


 Scenario BOSCH Algo rmappo Exp benchmark_24_8_4 updates 6350/10416 episodes, total num timesteps 1829088/3000000, FPS 77.


[EVAL] BOSCH MARL Inference Solving Time for 36 periods: 1.0808 seconds
eval average episode rewards of agent0: -318.88522
eval average episode rewards of agent1: -315.6483
eval average episode rewards of agent2: -315.4843
eval average episode rewards of agent3: -315.54605
eval average episode rewards of agent4: -315.58243
eval average episode rewards of agent5: -315.6622
eval average episode rewards of agent6: -315.66837
eval average episode rewards of agent7: -315.65906
eval average episode rewards of agent8: -315.65945
eval average episode costs: Backlog: 83564.30, Inventory: 0.00, Maintenance: 23.71, Production: 3081.07, Setup: 2490.57, TOTAL: 89159.64

 Scenario BOSCH Algo rmappo Exp benchmark_24_8_4 updates 6355/10416 episodes, total num timesteps 1830528/3000000, FPS 77.


 Scenario BOSCH Algo rmappo Exp benchmark_24_8_4 updates 6360/10416 episodes, total num timesteps 1831968/3000000, FPS 77.


 Scenario BOSCH Algo rmappo Exp benchmark_24_8_4 updates 6365/10416 episodes, total num timesteps 1833408/3000000, FPS 77.


 Scenario BOSCH Algo rmappo Exp benchmark_24_8_4 updates 6370/10416 episodes, total num timesteps 1834848/3000000, FPS 77.


 Scenario BOSCH Algo rmappo Exp benchmark_24_8_4 updates 6375/10416 episodes, total num timesteps 1836288/3000000, FPS 77.


 Scenario BOSCH Algo rmappo Exp benchmark_24_8_4 updates 6380/10416 episodes, total num timesteps 1837728/3000000, FPS 77.


 Scenario BOSCH Algo rmappo Exp benchmark_24_8_4 updates 6385/10416 episodes, total num timesteps 1839168/3000000, FPS 77.


 Scenario BOSCH Algo rmappo Exp benchmark_24_8_4 updates 6390/10416 episodes, total num timesteps 1840608/3000000, FPS 77.


 Scenario BOSCH Algo rmappo Exp benchmark_24_8_4 updates 6395/10416 episodes, total num timesteps 1842048/3000000, FPS 77.


 Scenario BOSCH Algo rmappo Exp benchmark_24_8_4 updates 6400/10416 episodes, total num timesteps 1843488/3000000, FPS 77.


[EVAL] BOSCH MARL Inference Solving Time for 36 periods: 1.0294 seconds
eval average episode rewards of agent0: -325.81317
eval average episode rewards of agent1: -323.1219
eval average episode rewards of agent2: -322.90326
eval average episode rewards of agent3: -323.0147
eval average episode rewards of agent4: -323.1208
eval average episode rewards of agent5: -323.19266
eval average episode rewards of agent6: -323.20425
eval average episode rewards of agent7: -323.17117
eval average episode rewards of agent8: -323.1043
eval average episode costs: Backlog: 85665.96, Inventory: 0.00, Maintenance: 20.24, Production: 2622.59, Setup: 2031.24, TOTAL: 90340.03

 Scenario BOSCH Algo rmappo Exp benchmark_24_8_4 updates 6405/10416 episodes, total num timesteps 1844928/3000000, FPS 77.


 Scenario BOSCH Algo rmappo Exp benchmark_24_8_4 updates 6410/10416 episodes, total num timesteps 1846368/3000000, FPS 77.


 Scenario BOSCH Algo rmappo Exp benchmark_24_8_4 updates 6415/10416 episodes, total num timesteps 1847808/3000000, FPS 77.


 Scenario BOSCH Algo rmappo Exp benchmark_24_8_4 updates 6420/10416 episodes, total num timesteps 1849248/3000000, FPS 77.


 Scenario BOSCH Algo rmappo Exp benchmark_24_8_4 updates 6425/10416 episodes, total num timesteps 1850688/3000000, FPS 77.


 Scenario BOSCH Algo rmappo Exp benchmark_24_8_4 updates 6430/10416 episodes, total num timesteps 1852128/3000000, FPS 77.


 Scenario BOSCH Algo rmappo Exp benchmark_24_8_4 updates 6435/10416 episodes, total num timesteps 1853568/3000000, FPS 77.


 Scenario BOSCH Algo rmappo Exp benchmark_24_8_4 updates 6440/10416 episodes, total num timesteps 1855008/3000000, FPS 77.


 Scenario BOSCH Algo rmappo Exp benchmark_24_8_4 updates 6445/10416 episodes, total num timesteps 1856448/3000000, FPS 77.


 Scenario BOSCH Algo rmappo Exp benchmark_24_8_4 updates 6450/10416 episodes, total num timesteps 1857888/3000000, FPS 77.


[EVAL] BOSCH MARL Inference Solving Time for 36 periods: 1.0770 seconds
eval average episode rewards of agent0: -318.5633
eval average episode rewards of agent1: -315.6878
eval average episode rewards of agent2: -315.36517
eval average episode rewards of agent3: -315.52094
eval average episode rewards of agent4: -315.5878
eval average episode rewards of agent5: -315.69586
eval average episode rewards of agent6: -315.70972
eval average episode rewards of agent7: -315.62463
eval average episode rewards of agent8: -315.60858
eval average episode costs: Backlog: 83596.80, Inventory: 0.00, Maintenance: 23.78, Production: 3103.21, Setup: 2358.54, TOTAL: 89082.34

 Scenario BOSCH Algo rmappo Exp benchmark_24_8_4 updates 6455/10416 episodes, total num timesteps 1859328/3000000, FPS 77.


 Scenario BOSCH Algo rmappo Exp benchmark_24_8_4 updates 6460/10416 episodes, total num timesteps 1860768/3000000, FPS 77.


 Scenario BOSCH Algo rmappo Exp benchmark_24_8_4 updates 6465/10416 episodes, total num timesteps 1862208/3000000, FPS 77.


 Scenario BOSCH Algo rmappo Exp benchmark_24_8_4 updates 6470/10416 episodes, total num timesteps 1863648/3000000, FPS 77.


 Scenario BOSCH Algo rmappo Exp benchmark_24_8_4 updates 6475/10416 episodes, total num timesteps 1865088/3000000, FPS 77.


 Scenario BOSCH Algo rmappo Exp benchmark_24_8_4 updates 6480/10416 episodes, total num timesteps 1866528/3000000, FPS 77.


 Scenario BOSCH Algo rmappo Exp benchmark_24_8_4 updates 6485/10416 episodes, total num timesteps 1867968/3000000, FPS 77.


 Scenario BOSCH Algo rmappo Exp benchmark_24_8_4 updates 6490/10416 episodes, total num timesteps 1869408/3000000, FPS 77.


 Scenario BOSCH Algo rmappo Exp benchmark_24_8_4 updates 6495/10416 episodes, total num timesteps 1870848/3000000, FPS 77.


 Scenario BOSCH Algo rmappo Exp benchmark_24_8_4 updates 6500/10416 episodes, total num timesteps 1872288/3000000, FPS 77.


[EVAL] BOSCH MARL Inference Solving Time for 36 periods: 1.0083 seconds
eval average episode rewards of agent0: -320.35443
eval average episode rewards of agent1: -317.16492
eval average episode rewards of agent2: -317.07648
eval average episode rewards of agent3: -317.0707
eval average episode rewards of agent4: -317.1797
eval average episode rewards of agent5: -317.24927
eval average episode rewards of agent6: -317.28833
eval average episode rewards of agent7: -317.19464
eval average episode rewards of agent8: -317.17825
eval average episode costs: Backlog: 83972.17, Inventory: 0.00, Maintenance: 23.92, Production: 3084.72, Setup: 2504.90, TOTAL: 89585.71

 Scenario BOSCH Algo rmappo Exp benchmark_24_8_4 updates 6505/10416 episodes, total num timesteps 1873728/3000000, FPS 77.


 Scenario BOSCH Algo rmappo Exp benchmark_24_8_4 updates 6510/10416 episodes, total num timesteps 1875168/3000000, FPS 77.


 Scenario BOSCH Algo rmappo Exp benchmark_24_8_4 updates 6515/10416 episodes, total num timesteps 1876608/3000000, FPS 77.


 Scenario BOSCH Algo rmappo Exp benchmark_24_8_4 updates 6520/10416 episodes, total num timesteps 1878048/3000000, FPS 77.


 Scenario BOSCH Algo rmappo Exp benchmark_24_8_4 updates 6525/10416 episodes, total num timesteps 1879488/3000000, FPS 77.


 Scenario BOSCH Algo rmappo Exp benchmark_24_8_4 updates 6530/10416 episodes, total num timesteps 1880928/3000000, FPS 77.


 Scenario BOSCH Algo rmappo Exp benchmark_24_8_4 updates 6535/10416 episodes, total num timesteps 1882368/3000000, FPS 77.


 Scenario BOSCH Algo rmappo Exp benchmark_24_8_4 updates 6540/10416 episodes, total num timesteps 1883808/3000000, FPS 77.


 Scenario BOSCH Algo rmappo Exp benchmark_24_8_4 updates 6545/10416 episodes, total num timesteps 1885248/3000000, FPS 77.


 Scenario BOSCH Algo rmappo Exp benchmark_24_8_4 updates 6550/10416 episodes, total num timesteps 1886688/3000000, FPS 77.


[EVAL] BOSCH MARL Inference Solving Time for 36 periods: 1.2242 seconds
eval average episode rewards of agent0: -319.47974
eval average episode rewards of agent1: -316.32318
eval average episode rewards of agent2: -316.10995
eval average episode rewards of agent3: -316.26605
eval average episode rewards of agent4: -316.3466
eval average episode rewards of agent5: -316.37292
eval average episode rewards of agent6: -316.41208
eval average episode rewards of agent7: -316.34833
eval average episode rewards of agent8: -316.3177
eval average episode costs: Backlog: 83740.65, Inventory: 0.00, Maintenance: 24.02, Production: 3103.74, Setup: 2521.82, TOTAL: 89390.23

 Scenario BOSCH Algo rmappo Exp benchmark_24_8_4 updates 6555/10416 episodes, total num timesteps 1888128/3000000, FPS 77.


 Scenario BOSCH Algo rmappo Exp benchmark_24_8_4 updates 6560/10416 episodes, total num timesteps 1889568/3000000, FPS 77.


 Scenario BOSCH Algo rmappo Exp benchmark_24_8_4 updates 6565/10416 episodes, total num timesteps 1891008/3000000, FPS 77.


 Scenario BOSCH Algo rmappo Exp benchmark_24_8_4 updates 6570/10416 episodes, total num timesteps 1892448/3000000, FPS 77.


 Scenario BOSCH Algo rmappo Exp benchmark_24_8_4 updates 6575/10416 episodes, total num timesteps 1893888/3000000, FPS 77.


 Scenario BOSCH Algo rmappo Exp benchmark_24_8_4 updates 6580/10416 episodes, total num timesteps 1895328/3000000, FPS 77.


 Scenario BOSCH Algo rmappo Exp benchmark_24_8_4 updates 6585/10416 episodes, total num timesteps 1896768/3000000, FPS 77.


 Scenario BOSCH Algo rmappo Exp benchmark_24_8_4 updates 6590/10416 episodes, total num timesteps 1898208/3000000, FPS 77.


 Scenario BOSCH Algo rmappo Exp benchmark_24_8_4 updates 6595/10416 episodes, total num timesteps 1899648/3000000, FPS 77.


 Scenario BOSCH Algo rmappo Exp benchmark_24_8_4 updates 6600/10416 episodes, total num timesteps 1901088/3000000, FPS 77.


[EVAL] BOSCH MARL Inference Solving Time for 36 periods: 1.0254 seconds
eval average episode rewards of agent0: -320.9261
eval average episode rewards of agent1: -317.73138
eval average episode rewards of agent2: -317.49316
eval average episode rewards of agent3: -317.63116
eval average episode rewards of agent4: -317.70087
eval average episode rewards of agent5: -317.77118
eval average episode rewards of agent6: -317.78574
eval average episode rewards of agent7: -317.71237
eval average episode rewards of agent8: -317.75424
eval average episode costs: Backlog: 84071.40, Inventory: 0.00, Maintenance: 23.57, Production: 3063.24, Setup: 2654.55, TOTAL: 89812.76

 Scenario BOSCH Algo rmappo Exp benchmark_24_8_4 updates 6605/10416 episodes, total num timesteps 1902528/3000000, FPS 77.


 Scenario BOSCH Algo rmappo Exp benchmark_24_8_4 updates 6610/10416 episodes, total num timesteps 1903968/3000000, FPS 77.


 Scenario BOSCH Algo rmappo Exp benchmark_24_8_4 updates 6615/10416 episodes, total num timesteps 1905408/3000000, FPS 77.


 Scenario BOSCH Algo rmappo Exp benchmark_24_8_4 updates 6620/10416 episodes, total num timesteps 1906848/3000000, FPS 77.


 Scenario BOSCH Algo rmappo Exp benchmark_24_8_4 updates 6625/10416 episodes, total num timesteps 1908288/3000000, FPS 77.


 Scenario BOSCH Algo rmappo Exp benchmark_24_8_4 updates 6630/10416 episodes, total num timesteps 1909728/3000000, FPS 77.


 Scenario BOSCH Algo rmappo Exp benchmark_24_8_4 updates 6635/10416 episodes, total num timesteps 1911168/3000000, FPS 77.


 Scenario BOSCH Algo rmappo Exp benchmark_24_8_4 updates 6640/10416 episodes, total num timesteps 1912608/3000000, FPS 77.


 Scenario BOSCH Algo rmappo Exp benchmark_24_8_4 updates 6645/10416 episodes, total num timesteps 1914048/3000000, FPS 77.


 Scenario BOSCH Algo rmappo Exp benchmark_24_8_4 updates 6650/10416 episodes, total num timesteps 1915488/3000000, FPS 77.


[EVAL] BOSCH MARL Inference Solving Time for 36 periods: 1.0340 seconds
eval average episode rewards of agent0: -321.40146
eval average episode rewards of agent1: -318.14447
eval average episode rewards of agent2: -317.89752
eval average episode rewards of agent3: -318.029
eval average episode rewards of agent4: -318.13605
eval average episode rewards of agent5: -318.1813
eval average episode rewards of agent6: -318.20312
eval average episode rewards of agent7: -318.14542
eval average episode rewards of agent8: -318.1021
eval average episode costs: Backlog: 84163.27, Inventory: 0.00, Maintenance: 23.68, Production: 3054.39, Setup: 2711.35, TOTAL: 89952.69

 Scenario BOSCH Algo rmappo Exp benchmark_24_8_4 updates 6655/10416 episodes, total num timesteps 1916928/3000000, FPS 77.


 Scenario BOSCH Algo rmappo Exp benchmark_24_8_4 updates 6660/10416 episodes, total num timesteps 1918368/3000000, FPS 77.


 Scenario BOSCH Algo rmappo Exp benchmark_24_8_4 updates 6665/10416 episodes, total num timesteps 1919808/3000000, FPS 77.


 Scenario BOSCH Algo rmappo Exp benchmark_24_8_4 updates 6670/10416 episodes, total num timesteps 1921248/3000000, FPS 77.


 Scenario BOSCH Algo rmappo Exp benchmark_24_8_4 updates 6675/10416 episodes, total num timesteps 1922688/3000000, FPS 77.


 Scenario BOSCH Algo rmappo Exp benchmark_24_8_4 updates 6680/10416 episodes, total num timesteps 1924128/3000000, FPS 77.


 Scenario BOSCH Algo rmappo Exp benchmark_24_8_4 updates 6685/10416 episodes, total num timesteps 1925568/3000000, FPS 77.


 Scenario BOSCH Algo rmappo Exp benchmark_24_8_4 updates 6690/10416 episodes, total num timesteps 1927008/3000000, FPS 77.


 Scenario BOSCH Algo rmappo Exp benchmark_24_8_4 updates 6695/10416 episodes, total num timesteps 1928448/3000000, FPS 77.


 Scenario BOSCH Algo rmappo Exp benchmark_24_8_4 updates 6700/10416 episodes, total num timesteps 1929888/3000000, FPS 77.


[EVAL] BOSCH MARL Inference Solving Time for 36 periods: 1.0280 seconds
eval average episode rewards of agent0: -329.3847
eval average episode rewards of agent1: -326.43118
eval average episode rewards of agent2: -326.2658
eval average episode rewards of agent3: -326.30136
eval average episode rewards of agent4: -326.42404
eval average episode rewards of agent5: -326.48285
eval average episode rewards of agent6: -326.44693
eval average episode rewards of agent7: -326.4389
eval average episode rewards of agent8: -326.40646
eval average episode costs: Backlog: 86454.42, Inventory: 0.00, Maintenance: 21.81, Production: 2826.93, Setup: 2305.18, TOTAL: 91608.33

 Scenario BOSCH Algo rmappo Exp benchmark_24_8_4 updates 6705/10416 episodes, total num timesteps 1931328/3000000, FPS 77.


 Scenario BOSCH Algo rmappo Exp benchmark_24_8_4 updates 6710/10416 episodes, total num timesteps 1932768/3000000, FPS 77.


 Scenario BOSCH Algo rmappo Exp benchmark_24_8_4 updates 6715/10416 episodes, total num timesteps 1934208/3000000, FPS 77.


 Scenario BOSCH Algo rmappo Exp benchmark_24_8_4 updates 6720/10416 episodes, total num timesteps 1935648/3000000, FPS 77.


 Scenario BOSCH Algo rmappo Exp benchmark_24_8_4 updates 6725/10416 episodes, total num timesteps 1937088/3000000, FPS 77.


 Scenario BOSCH Algo rmappo Exp benchmark_24_8_4 updates 6730/10416 episodes, total num timesteps 1938528/3000000, FPS 77.


 Scenario BOSCH Algo rmappo Exp benchmark_24_8_4 updates 6735/10416 episodes, total num timesteps 1939968/3000000, FPS 77.


 Scenario BOSCH Algo rmappo Exp benchmark_24_8_4 updates 6740/10416 episodes, total num timesteps 1941408/3000000, FPS 77.


 Scenario BOSCH Algo rmappo Exp benchmark_24_8_4 updates 6745/10416 episodes, total num timesteps 1942848/3000000, FPS 77.


 Scenario BOSCH Algo rmappo Exp benchmark_24_8_4 updates 6750/10416 episodes, total num timesteps 1944288/3000000, FPS 77.


[EVAL] BOSCH MARL Inference Solving Time for 36 periods: 1.0404 seconds
eval average episode rewards of agent0: -337.79236
eval average episode rewards of agent1: -335.1897
eval average episode rewards of agent2: -335.07944
eval average episode rewards of agent3: -335.0926
eval average episode rewards of agent4: -335.23297
eval average episode rewards of agent5: -335.24445
eval average episode rewards of agent6: -335.2138
eval average episode rewards of agent7: -335.20813
eval average episode rewards of agent8: -335.16284
eval average episode costs: Backlog: 88816.97, Inventory: 0.00, Maintenance: 20.03, Production: 2576.94, Setup: 2104.92, TOTAL: 93518.86

 Scenario BOSCH Algo rmappo Exp benchmark_24_8_4 updates 6755/10416 episodes, total num timesteps 1945728/3000000, FPS 77.


 Scenario BOSCH Algo rmappo Exp benchmark_24_8_4 updates 6760/10416 episodes, total num timesteps 1947168/3000000, FPS 77.


 Scenario BOSCH Algo rmappo Exp benchmark_24_8_4 updates 6765/10416 episodes, total num timesteps 1948608/3000000, FPS 77.


 Scenario BOSCH Algo rmappo Exp benchmark_24_8_4 updates 6770/10416 episodes, total num timesteps 1950048/3000000, FPS 77.


 Scenario BOSCH Algo rmappo Exp benchmark_24_8_4 updates 6775/10416 episodes, total num timesteps 1951488/3000000, FPS 77.


 Scenario BOSCH Algo rmappo Exp benchmark_24_8_4 updates 6780/10416 episodes, total num timesteps 1952928/3000000, FPS 77.


 Scenario BOSCH Algo rmappo Exp benchmark_24_8_4 updates 6785/10416 episodes, total num timesteps 1954368/3000000, FPS 77.


 Scenario BOSCH Algo rmappo Exp benchmark_24_8_4 updates 6790/10416 episodes, total num timesteps 1955808/3000000, FPS 77.


 Scenario BOSCH Algo rmappo Exp benchmark_24_8_4 updates 6795/10416 episodes, total num timesteps 1957248/3000000, FPS 77.


 Scenario BOSCH Algo rmappo Exp benchmark_24_8_4 updates 6800/10416 episodes, total num timesteps 1958688/3000000, FPS 77.


[EVAL] BOSCH MARL Inference Solving Time for 36 periods: 1.0285 seconds
eval average episode rewards of agent0: -326.38275
eval average episode rewards of agent1: -323.31036
eval average episode rewards of agent2: -323.2018
eval average episode rewards of agent3: -323.16782
eval average episode rewards of agent4: -323.29572
eval average episode rewards of agent5: -323.34845
eval average episode rewards of agent6: -323.29886
eval average episode rewards of agent7: -323.30408
eval average episode rewards of agent8: -323.2724
eval average episode costs: Backlog: 85587.39, Inventory: 0.00, Maintenance: 22.33, Production: 2878.61, Setup: 2489.23, TOTAL: 90977.57

 Scenario BOSCH Algo rmappo Exp benchmark_24_8_4 updates 6805/10416 episodes, total num timesteps 1960128/3000000, FPS 77.


 Scenario BOSCH Algo rmappo Exp benchmark_24_8_4 updates 6810/10416 episodes, total num timesteps 1961568/3000000, FPS 77.


 Scenario BOSCH Algo rmappo Exp benchmark_24_8_4 updates 6815/10416 episodes, total num timesteps 1963008/3000000, FPS 77.


 Scenario BOSCH Algo rmappo Exp benchmark_24_8_4 updates 6820/10416 episodes, total num timesteps 1964448/3000000, FPS 77.


 Scenario BOSCH Algo rmappo Exp benchmark_24_8_4 updates 6825/10416 episodes, total num timesteps 1965888/3000000, FPS 77.


 Scenario BOSCH Algo rmappo Exp benchmark_24_8_4 updates 6830/10416 episodes, total num timesteps 1967328/3000000, FPS 77.


 Scenario BOSCH Algo rmappo Exp benchmark_24_8_4 updates 6835/10416 episodes, total num timesteps 1968768/3000000, FPS 77.


 Scenario BOSCH Algo rmappo Exp benchmark_24_8_4 updates 6840/10416 episodes, total num timesteps 1970208/3000000, FPS 77.


 Scenario BOSCH Algo rmappo Exp benchmark_24_8_4 updates 6845/10416 episodes, total num timesteps 1971648/3000000, FPS 77.


 Scenario BOSCH Algo rmappo Exp benchmark_24_8_4 updates 6850/10416 episodes, total num timesteps 1973088/3000000, FPS 77.


[EVAL] BOSCH MARL Inference Solving Time for 36 periods: 1.0165 seconds
eval average episode rewards of agent0: -325.96936
eval average episode rewards of agent1: -322.9756
eval average episode rewards of agent2: -322.84332
eval average episode rewards of agent3: -322.8743
eval average episode rewards of agent4: -323.0058
eval average episode rewards of agent5: -323.0573
eval average episode rewards of agent6: -322.9817
eval average episode rewards of agent7: -322.96207
eval average episode rewards of agent8: -322.97244
eval average episode costs: Backlog: 85519.88, Inventory: 0.00, Maintenance: 22.36, Production: 2852.22, Setup: 2431.94, TOTAL: 90826.39

 Scenario BOSCH Algo rmappo Exp benchmark_24_8_4 updates 6855/10416 episodes, total num timesteps 1974528/3000000, FPS 77.


 Scenario BOSCH Algo rmappo Exp benchmark_24_8_4 updates 6860/10416 episodes, total num timesteps 1975968/3000000, FPS 77.


 Scenario BOSCH Algo rmappo Exp benchmark_24_8_4 updates 6865/10416 episodes, total num timesteps 1977408/3000000, FPS 77.


 Scenario BOSCH Algo rmappo Exp benchmark_24_8_4 updates 6870/10416 episodes, total num timesteps 1978848/3000000, FPS 77.


 Scenario BOSCH Algo rmappo Exp benchmark_24_8_4 updates 6875/10416 episodes, total num timesteps 1980288/3000000, FPS 77.


 Scenario BOSCH Algo rmappo Exp benchmark_24_8_4 updates 6880/10416 episodes, total num timesteps 1981728/3000000, FPS 77.


 Scenario BOSCH Algo rmappo Exp benchmark_24_8_4 updates 6885/10416 episodes, total num timesteps 1983168/3000000, FPS 77.


 Scenario BOSCH Algo rmappo Exp benchmark_24_8_4 updates 6890/10416 episodes, total num timesteps 1984608/3000000, FPS 77.


 Scenario BOSCH Algo rmappo Exp benchmark_24_8_4 updates 6895/10416 episodes, total num timesteps 1986048/3000000, FPS 77.


 Scenario BOSCH Algo rmappo Exp benchmark_24_8_4 updates 6900/10416 episodes, total num timesteps 1987488/3000000, FPS 77.


[EVAL] BOSCH MARL Inference Solving Time for 36 periods: 1.1028 seconds
eval average episode rewards of agent0: -329.69366
eval average episode rewards of agent1: -327.13623
eval average episode rewards of agent2: -327.03488
eval average episode rewards of agent3: -327.03296
eval average episode rewards of agent4: -327.1644
eval average episode rewards of agent5: -327.18207
eval average episode rewards of agent6: -327.14594
eval average episode rewards of agent7: -327.1796
eval average episode rewards of agent8: -327.1522
eval average episode costs: Backlog: 86744.70, Inventory: 0.00, Maintenance: 19.83, Production: 2536.86, Setup: 1973.25, TOTAL: 91274.64

 Scenario BOSCH Algo rmappo Exp benchmark_24_8_4 updates 6905/10416 episodes, total num timesteps 1988928/3000000, FPS 77.


 Scenario BOSCH Algo rmappo Exp benchmark_24_8_4 updates 6910/10416 episodes, total num timesteps 1990368/3000000, FPS 77.


 Scenario BOSCH Algo rmappo Exp benchmark_24_8_4 updates 6915/10416 episodes, total num timesteps 1991808/3000000, FPS 77.


 Scenario BOSCH Algo rmappo Exp benchmark_24_8_4 updates 6920/10416 episodes, total num timesteps 1993248/3000000, FPS 77.


 Scenario BOSCH Algo rmappo Exp benchmark_24_8_4 updates 6925/10416 episodes, total num timesteps 1994688/3000000, FPS 77.


 Scenario BOSCH Algo rmappo Exp benchmark_24_8_4 updates 6930/10416 episodes, total num timesteps 1996128/3000000, FPS 77.


 Scenario BOSCH Algo rmappo Exp benchmark_24_8_4 updates 6935/10416 episodes, total num timesteps 1997568/3000000, FPS 77.


 Scenario BOSCH Algo rmappo Exp benchmark_24_8_4 updates 6940/10416 episodes, total num timesteps 1999008/3000000, FPS 77.


 Scenario BOSCH Algo rmappo Exp benchmark_24_8_4 updates 6945/10416 episodes, total num timesteps 2000448/3000000, FPS 77.


 Scenario BOSCH Algo rmappo Exp benchmark_24_8_4 updates 6950/10416 episodes, total num timesteps 2001888/3000000, FPS 77.


[EVAL] BOSCH MARL Inference Solving Time for 36 periods: 1.0460 seconds
eval average episode rewards of agent0: -323.8026
eval average episode rewards of agent1: -320.70685
eval average episode rewards of agent2: -320.55096
eval average episode rewards of agent3: -320.64056
eval average episode rewards of agent4: -320.7343
eval average episode rewards of agent5: -320.75964
eval average episode rewards of agent6: -320.73203
eval average episode rewards of agent7: -320.73676
eval average episode rewards of agent8: -320.72934
eval average episode costs: Backlog: 84902.89, Inventory: 0.00, Maintenance: 22.46, Production: 2891.18, Setup: 2520.53, TOTAL: 90337.06

 Scenario BOSCH Algo rmappo Exp benchmark_24_8_4 updates 6955/10416 episodes, total num timesteps 2003328/3000000, FPS 77.


 Scenario BOSCH Algo rmappo Exp benchmark_24_8_4 updates 6960/10416 episodes, total num timesteps 2004768/3000000, FPS 77.


 Scenario BOSCH Algo rmappo Exp benchmark_24_8_4 updates 6965/10416 episodes, total num timesteps 2006208/3000000, FPS 77.


 Scenario BOSCH Algo rmappo Exp benchmark_24_8_4 updates 6970/10416 episodes, total num timesteps 2007648/3000000, FPS 77.


 Scenario BOSCH Algo rmappo Exp benchmark_24_8_4 updates 6975/10416 episodes, total num timesteps 2009088/3000000, FPS 77.


 Scenario BOSCH Algo rmappo Exp benchmark_24_8_4 updates 6980/10416 episodes, total num timesteps 2010528/3000000, FPS 77.


 Scenario BOSCH Algo rmappo Exp benchmark_24_8_4 updates 6985/10416 episodes, total num timesteps 2011968/3000000, FPS 77.


 Scenario BOSCH Algo rmappo Exp benchmark_24_8_4 updates 6990/10416 episodes, total num timesteps 2013408/3000000, FPS 77.


 Scenario BOSCH Algo rmappo Exp benchmark_24_8_4 updates 6995/10416 episodes, total num timesteps 2014848/3000000, FPS 77.


 Scenario BOSCH Algo rmappo Exp benchmark_24_8_4 updates 7000/10416 episodes, total num timesteps 2016288/3000000, FPS 77.


[EVAL] BOSCH MARL Inference Solving Time for 36 periods: 0.7647 seconds
eval average episode rewards of agent0: -323.8858
eval average episode rewards of agent1: -320.67072
eval average episode rewards of agent2: -320.5484
eval average episode rewards of agent3: -320.63174
eval average episode rewards of agent4: -320.72784
eval average episode rewards of agent5: -320.7564
eval average episode rewards of agent6: -320.68964
eval average episode rewards of agent7: -320.7032
eval average episode rewards of agent8: -320.71368
eval average episode costs: Backlog: 84858.45, Inventory: 0.00, Maintenance: 22.87, Production: 2948.51, Setup: 2661.89, TOTAL: 90491.71

 Scenario BOSCH Algo rmappo Exp benchmark_24_8_4 updates 7005/10416 episodes, total num timesteps 2017728/3000000, FPS 77.


 Scenario BOSCH Algo rmappo Exp benchmark_24_8_4 updates 7010/10416 episodes, total num timesteps 2019168/3000000, FPS 77.


 Scenario BOSCH Algo rmappo Exp benchmark_24_8_4 updates 7015/10416 episodes, total num timesteps 2020608/3000000, FPS 77.


 Scenario BOSCH Algo rmappo Exp benchmark_24_8_4 updates 7020/10416 episodes, total num timesteps 2022048/3000000, FPS 77.


 Scenario BOSCH Algo rmappo Exp benchmark_24_8_4 updates 7025/10416 episodes, total num timesteps 2023488/3000000, FPS 78.


 Scenario BOSCH Algo rmappo Exp benchmark_24_8_4 updates 7030/10416 episodes, total num timesteps 2024928/3000000, FPS 78.


 Scenario BOSCH Algo rmappo Exp benchmark_24_8_4 updates 7035/10416 episodes, total num timesteps 2026368/3000000, FPS 78.


 Scenario BOSCH Algo rmappo Exp benchmark_24_8_4 updates 7040/10416 episodes, total num timesteps 2027808/3000000, FPS 78.


 Scenario BOSCH Algo rmappo Exp benchmark_24_8_4 updates 7045/10416 episodes, total num timesteps 2029248/3000000, FPS 78.


 Scenario BOSCH Algo rmappo Exp benchmark_24_8_4 updates 7050/10416 episodes, total num timesteps 2030688/3000000, FPS 78.


[EVAL] BOSCH MARL Inference Solving Time for 36 periods: 0.7799 seconds
eval average episode rewards of agent0: -323.80148
eval average episode rewards of agent1: -320.7843
eval average episode rewards of agent2: -320.62848
eval average episode rewards of agent3: -320.6953
eval average episode rewards of agent4: -320.80765
eval average episode rewards of agent5: -320.8479
eval average episode rewards of agent6: -320.79742
eval average episode rewards of agent7: -320.7985
eval average episode rewards of agent8: -320.81146
eval average episode costs: Backlog: 84933.09, Inventory: 0.00, Maintenance: 22.83, Production: 2927.21, Setup: 2460.17, TOTAL: 90343.30

 Scenario BOSCH Algo rmappo Exp benchmark_24_8_4 updates 7055/10416 episodes, total num timesteps 2032128/3000000, FPS 78.


 Scenario BOSCH Algo rmappo Exp benchmark_24_8_4 updates 7060/10416 episodes, total num timesteps 2033568/3000000, FPS 78.


 Scenario BOSCH Algo rmappo Exp benchmark_24_8_4 updates 7065/10416 episodes, total num timesteps 2035008/3000000, FPS 78.


 Scenario BOSCH Algo rmappo Exp benchmark_24_8_4 updates 7070/10416 episodes, total num timesteps 2036448/3000000, FPS 78.


 Scenario BOSCH Algo rmappo Exp benchmark_24_8_4 updates 7075/10416 episodes, total num timesteps 2037888/3000000, FPS 78.


 Scenario BOSCH Algo rmappo Exp benchmark_24_8_4 updates 7080/10416 episodes, total num timesteps 2039328/3000000, FPS 78.


 Scenario BOSCH Algo rmappo Exp benchmark_24_8_4 updates 7085/10416 episodes, total num timesteps 2040768/3000000, FPS 78.


 Scenario BOSCH Algo rmappo Exp benchmark_24_8_4 updates 7090/10416 episodes, total num timesteps 2042208/3000000, FPS 78.


 Scenario BOSCH Algo rmappo Exp benchmark_24_8_4 updates 7095/10416 episodes, total num timesteps 2043648/3000000, FPS 78.


 Scenario BOSCH Algo rmappo Exp benchmark_24_8_4 updates 7100/10416 episodes, total num timesteps 2045088/3000000, FPS 78.


[EVAL] BOSCH MARL Inference Solving Time for 36 periods: 0.7793 seconds
eval average episode rewards of agent0: -375.35706
eval average episode rewards of agent1: -375.27396
eval average episode rewards of agent2: -375.19852
eval average episode rewards of agent3: -375.17404
eval average episode rewards of agent4: -375.3659
eval average episode rewards of agent5: -375.38312
eval average episode rewards of agent6: -375.3874
eval average episode rewards of agent7: -375.36652
eval average episode rewards of agent8: -375.34177
eval average episode costs: Backlog: 99234.98, Inventory: 0.00, Maintenance: 2194.66, Production: 970.38, Setup: 219.82, TOTAL: 102619.84

 Scenario BOSCH Algo rmappo Exp benchmark_24_8_4 updates 7105/10416 episodes, total num timesteps 2046528/3000000, FPS 78.


 Scenario BOSCH Algo rmappo Exp benchmark_24_8_4 updates 7110/10416 episodes, total num timesteps 2047968/3000000, FPS 78.


 Scenario BOSCH Algo rmappo Exp benchmark_24_8_4 updates 7115/10416 episodes, total num timesteps 2049408/3000000, FPS 78.


 Scenario BOSCH Algo rmappo Exp benchmark_24_8_4 updates 7120/10416 episodes, total num timesteps 2050848/3000000, FPS 78.


 Scenario BOSCH Algo rmappo Exp benchmark_24_8_4 updates 7125/10416 episodes, total num timesteps 2052288/3000000, FPS 78.


 Scenario BOSCH Algo rmappo Exp benchmark_24_8_4 updates 7130/10416 episodes, total num timesteps 2053728/3000000, FPS 78.


 Scenario BOSCH Algo rmappo Exp benchmark_24_8_4 updates 7135/10416 episodes, total num timesteps 2055168/3000000, FPS 78.


 Scenario BOSCH Algo rmappo Exp benchmark_24_8_4 updates 7140/10416 episodes, total num timesteps 2056608/3000000, FPS 78.


 Scenario BOSCH Algo rmappo Exp benchmark_24_8_4 updates 7145/10416 episodes, total num timesteps 2058048/3000000, FPS 78.


 Scenario BOSCH Algo rmappo Exp benchmark_24_8_4 updates 7150/10416 episodes, total num timesteps 2059488/3000000, FPS 78.


[EVAL] BOSCH MARL Inference Solving Time for 36 periods: 0.7780 seconds
eval average episode rewards of agent0: -393.0595
eval average episode rewards of agent1: -393.41873
eval average episode rewards of agent2: -393.43726
eval average episode rewards of agent3: -393.3361
eval average episode rewards of agent4: -393.4658
eval average episode rewards of agent5: -393.4893
eval average episode rewards of agent6: -393.49512
eval average episode rewards of agent7: -393.4666
eval average episode rewards of agent8: -393.43292
eval average episode costs: Backlog: 103839.23, Inventory: 0.00, Maintenance: 2918.73, Production: 338.14, Setup: 27.47, TOTAL: 107123.56

 Scenario BOSCH Algo rmappo Exp benchmark_24_8_4 updates 7155/10416 episodes, total num timesteps 2060928/3000000, FPS 78.


 Scenario BOSCH Algo rmappo Exp benchmark_24_8_4 updates 7160/10416 episodes, total num timesteps 2062368/3000000, FPS 78.


 Scenario BOSCH Algo rmappo Exp benchmark_24_8_4 updates 7165/10416 episodes, total num timesteps 2063808/3000000, FPS 78.


 Scenario BOSCH Algo rmappo Exp benchmark_24_8_4 updates 7170/10416 episodes, total num timesteps 2065248/3000000, FPS 78.


 Scenario BOSCH Algo rmappo Exp benchmark_24_8_4 updates 7175/10416 episodes, total num timesteps 2066688/3000000, FPS 78.


 Scenario BOSCH Algo rmappo Exp benchmark_24_8_4 updates 7180/10416 episodes, total num timesteps 2068128/3000000, FPS 78.


 Scenario BOSCH Algo rmappo Exp benchmark_24_8_4 updates 7185/10416 episodes, total num timesteps 2069568/3000000, FPS 78.


 Scenario BOSCH Algo rmappo Exp benchmark_24_8_4 updates 7190/10416 episodes, total num timesteps 2071008/3000000, FPS 78.


 Scenario BOSCH Algo rmappo Exp benchmark_24_8_4 updates 7195/10416 episodes, total num timesteps 2072448/3000000, FPS 78.


 Scenario BOSCH Algo rmappo Exp benchmark_24_8_4 updates 7200/10416 episodes, total num timesteps 2073888/3000000, FPS 78.


[EVAL] BOSCH MARL Inference Solving Time for 36 periods: 0.7664 seconds
eval average episode rewards of agent0: -355.64655
eval average episode rewards of agent1: -354.72833
eval average episode rewards of agent2: -354.42694
eval average episode rewards of agent3: -354.57047
eval average episode rewards of agent4: -354.73944
eval average episode rewards of agent5: -354.79077
eval average episode rewards of agent6: -354.80853
eval average episode rewards of agent7: -354.92093
eval average episode rewards of agent8: -354.84232
eval average episode costs: Backlog: 93989.45, Inventory: 0.00, Maintenance: 1138.77, Production: 1688.68, Setup: 778.69, TOTAL: 97595.60

 Scenario BOSCH Algo rmappo Exp benchmark_24_8_4 updates 7205/10416 episodes, total num timesteps 2075328/3000000, FPS 78.


 Scenario BOSCH Algo rmappo Exp benchmark_24_8_4 updates 7210/10416 episodes, total num timesteps 2076768/3000000, FPS 78.


 Scenario BOSCH Algo rmappo Exp benchmark_24_8_4 updates 7215/10416 episodes, total num timesteps 2078208/3000000, FPS 78.


 Scenario BOSCH Algo rmappo Exp benchmark_24_8_4 updates 7220/10416 episodes, total num timesteps 2079648/3000000, FPS 78.


 Scenario BOSCH Algo rmappo Exp benchmark_24_8_4 updates 7225/10416 episodes, total num timesteps 2081088/3000000, FPS 78.


 Scenario BOSCH Algo rmappo Exp benchmark_24_8_4 updates 7230/10416 episodes, total num timesteps 2082528/3000000, FPS 78.


 Scenario BOSCH Algo rmappo Exp benchmark_24_8_4 updates 7235/10416 episodes, total num timesteps 2083968/3000000, FPS 78.


 Scenario BOSCH Algo rmappo Exp benchmark_24_8_4 updates 7240/10416 episodes, total num timesteps 2085408/3000000, FPS 78.


 Scenario BOSCH Algo rmappo Exp benchmark_24_8_4 updates 7245/10416 episodes, total num timesteps 2086848/3000000, FPS 78.


 Scenario BOSCH Algo rmappo Exp benchmark_24_8_4 updates 7250/10416 episodes, total num timesteps 2088288/3000000, FPS 78.


[EVAL] BOSCH MARL Inference Solving Time for 36 periods: 0.7943 seconds
eval average episode rewards of agent0: -339.13632
eval average episode rewards of agent1: -336.90594
eval average episode rewards of agent2: -336.61844
eval average episode rewards of agent3: -336.83002
eval average episode rewards of agent4: -336.92618
eval average episode rewards of agent5: -336.97006
eval average episode rewards of agent6: -336.9221
eval average episode rewards of agent7: -336.91907
eval average episode rewards of agent8: -336.91147
eval average episode costs: Backlog: 89261.52, Inventory: 0.00, Maintenance: 248.15, Production: 2490.28, Setup: 1866.78, TOTAL: 93866.73

 Scenario BOSCH Algo rmappo Exp benchmark_24_8_4 updates 7255/10416 episodes, total num timesteps 2089728/3000000, FPS 78.


 Scenario BOSCH Algo rmappo Exp benchmark_24_8_4 updates 7260/10416 episodes, total num timesteps 2091168/3000000, FPS 78.


 Scenario BOSCH Algo rmappo Exp benchmark_24_8_4 updates 7265/10416 episodes, total num timesteps 2092608/3000000, FPS 78.


 Scenario BOSCH Algo rmappo Exp benchmark_24_8_4 updates 7270/10416 episodes, total num timesteps 2094048/3000000, FPS 78.


 Scenario BOSCH Algo rmappo Exp benchmark_24_8_4 updates 7275/10416 episodes, total num timesteps 2095488/3000000, FPS 78.


 Scenario BOSCH Algo rmappo Exp benchmark_24_8_4 updates 7280/10416 episodes, total num timesteps 2096928/3000000, FPS 78.


 Scenario BOSCH Algo rmappo Exp benchmark_24_8_4 updates 7285/10416 episodes, total num timesteps 2098368/3000000, FPS 78.


 Scenario BOSCH Algo rmappo Exp benchmark_24_8_4 updates 7290/10416 episodes, total num timesteps 2099808/3000000, FPS 78.


 Scenario BOSCH Algo rmappo Exp benchmark_24_8_4 updates 7295/10416 episodes, total num timesteps 2101248/3000000, FPS 78.


 Scenario BOSCH Algo rmappo Exp benchmark_24_8_4 updates 7300/10416 episodes, total num timesteps 2102688/3000000, FPS 78.


[EVAL] BOSCH MARL Inference Solving Time for 36 periods: 0.7621 seconds
eval average episode rewards of agent0: -336.56512
eval average episode rewards of agent1: -333.99557
eval average episode rewards of agent2: -333.85382
eval average episode rewards of agent3: -333.91022
eval average episode rewards of agent4: -333.98135
eval average episode rewards of agent5: -333.97247
eval average episode rewards of agent6: -333.98434
eval average episode rewards of agent7: -333.95078
eval average episode rewards of agent8: -333.9594
eval average episode costs: Backlog: 88494.05, Inventory: 0.00, Maintenance: 19.71, Production: 2507.94, Setup: 2118.23, TOTAL: 93139.95

 Scenario BOSCH Algo rmappo Exp benchmark_24_8_4 updates 7305/10416 episodes, total num timesteps 2104128/3000000, FPS 78.


 Scenario BOSCH Algo rmappo Exp benchmark_24_8_4 updates 7310/10416 episodes, total num timesteps 2105568/3000000, FPS 78.


 Scenario BOSCH Algo rmappo Exp benchmark_24_8_4 updates 7315/10416 episodes, total num timesteps 2107008/3000000, FPS 78.


 Scenario BOSCH Algo rmappo Exp benchmark_24_8_4 updates 7320/10416 episodes, total num timesteps 2108448/3000000, FPS 78.


 Scenario BOSCH Algo rmappo Exp benchmark_24_8_4 updates 7325/10416 episodes, total num timesteps 2109888/3000000, FPS 78.


 Scenario BOSCH Algo rmappo Exp benchmark_24_8_4 updates 7330/10416 episodes, total num timesteps 2111328/3000000, FPS 78.


 Scenario BOSCH Algo rmappo Exp benchmark_24_8_4 updates 7335/10416 episodes, total num timesteps 2112768/3000000, FPS 78.


 Scenario BOSCH Algo rmappo Exp benchmark_24_8_4 updates 7340/10416 episodes, total num timesteps 2114208/3000000, FPS 78.


 Scenario BOSCH Algo rmappo Exp benchmark_24_8_4 updates 7345/10416 episodes, total num timesteps 2115648/3000000, FPS 78.


 Scenario BOSCH Algo rmappo Exp benchmark_24_8_4 updates 7350/10416 episodes, total num timesteps 2117088/3000000, FPS 78.


[EVAL] BOSCH MARL Inference Solving Time for 36 periods: 0.7816 seconds
eval average episode rewards of agent0: -325.28546
eval average episode rewards of agent1: -321.8521
eval average episode rewards of agent2: -321.71692
eval average episode rewards of agent3: -321.75534
eval average episode rewards of agent4: -321.8414
eval average episode rewards of agent5: -321.8604
eval average episode rewards of agent6: -321.84616
eval average episode rewards of agent7: -321.78778
eval average episode rewards of agent8: -321.84067
eval average episode costs: Backlog: 85105.63, Inventory: 0.00, Maintenance: 22.98, Production: 2950.85, Setup: 2853.55, TOTAL: 90933.02

 Scenario BOSCH Algo rmappo Exp benchmark_24_8_4 updates 7355/10416 episodes, total num timesteps 2118528/3000000, FPS 78.


 Scenario BOSCH Algo rmappo Exp benchmark_24_8_4 updates 7360/10416 episodes, total num timesteps 2119968/3000000, FPS 78.


 Scenario BOSCH Algo rmappo Exp benchmark_24_8_4 updates 7365/10416 episodes, total num timesteps 2121408/3000000, FPS 78.


 Scenario BOSCH Algo rmappo Exp benchmark_24_8_4 updates 7370/10416 episodes, total num timesteps 2122848/3000000, FPS 78.


 Scenario BOSCH Algo rmappo Exp benchmark_24_8_4 updates 7375/10416 episodes, total num timesteps 2124288/3000000, FPS 78.


 Scenario BOSCH Algo rmappo Exp benchmark_24_8_4 updates 7380/10416 episodes, total num timesteps 2125728/3000000, FPS 79.


 Scenario BOSCH Algo rmappo Exp benchmark_24_8_4 updates 7385/10416 episodes, total num timesteps 2127168/3000000, FPS 79.


 Scenario BOSCH Algo rmappo Exp benchmark_24_8_4 updates 7390/10416 episodes, total num timesteps 2128608/3000000, FPS 79.


 Scenario BOSCH Algo rmappo Exp benchmark_24_8_4 updates 7395/10416 episodes, total num timesteps 2130048/3000000, FPS 79.


 Scenario BOSCH Algo rmappo Exp benchmark_24_8_4 updates 7400/10416 episodes, total num timesteps 2131488/3000000, FPS 79.


[EVAL] BOSCH MARL Inference Solving Time for 36 periods: 0.7658 seconds
eval average episode rewards of agent0: -327.6173
eval average episode rewards of agent1: -325.0019
eval average episode rewards of agent2: -324.8795
eval average episode rewards of agent3: -324.89578
eval average episode rewards of agent4: -325.00964
eval average episode rewards of agent5: -325.0593
eval average episode rewards of agent6: -324.98056
eval average episode rewards of agent7: -324.95337
eval average episode rewards of agent8: -325.02124
eval average episode costs: Backlog: 86150.18, Inventory: 0.00, Maintenance: 20.73, Production: 2677.25, Setup: 2066.82, TOTAL: 90914.98

 Scenario BOSCH Algo rmappo Exp benchmark_24_8_4 updates 7405/10416 episodes, total num timesteps 2132928/3000000, FPS 79.


 Scenario BOSCH Algo rmappo Exp benchmark_24_8_4 updates 7410/10416 episodes, total num timesteps 2134368/3000000, FPS 79.


 Scenario BOSCH Algo rmappo Exp benchmark_24_8_4 updates 7415/10416 episodes, total num timesteps 2135808/3000000, FPS 79.


 Scenario BOSCH Algo rmappo Exp benchmark_24_8_4 updates 7420/10416 episodes, total num timesteps 2137248/3000000, FPS 79.


 Scenario BOSCH Algo rmappo Exp benchmark_24_8_4 updates 7425/10416 episodes, total num timesteps 2138688/3000000, FPS 79.


 Scenario BOSCH Algo rmappo Exp benchmark_24_8_4 updates 7430/10416 episodes, total num timesteps 2140128/3000000, FPS 79.


 Scenario BOSCH Algo rmappo Exp benchmark_24_8_4 updates 7435/10416 episodes, total num timesteps 2141568/3000000, FPS 79.


 Scenario BOSCH Algo rmappo Exp benchmark_24_8_4 updates 7440/10416 episodes, total num timesteps 2143008/3000000, FPS 79.


 Scenario BOSCH Algo rmappo Exp benchmark_24_8_4 updates 7445/10416 episodes, total num timesteps 2144448/3000000, FPS 79.


 Scenario BOSCH Algo rmappo Exp benchmark_24_8_4 updates 7450/10416 episodes, total num timesteps 2145888/3000000, FPS 79.


[EVAL] BOSCH MARL Inference Solving Time for 36 periods: 0.7773 seconds
eval average episode rewards of agent0: -328.37158
eval average episode rewards of agent1: -325.47894
eval average episode rewards of agent2: -325.29483
eval average episode rewards of agent3: -325.3791
eval average episode rewards of agent4: -325.4869
eval average episode rewards of agent5: -325.47223
eval average episode rewards of agent6: -325.4524
eval average episode rewards of agent7: -325.4174
eval average episode rewards of agent8: -325.4769
eval average episode costs: Backlog: 86182.52, Inventory: 0.00, Maintenance: 21.36, Production: 2738.15, Setup: 2393.27, TOTAL: 91335.30

 Scenario BOSCH Algo rmappo Exp benchmark_24_8_4 updates 7455/10416 episodes, total num timesteps 2147328/3000000, FPS 79.


 Scenario BOSCH Algo rmappo Exp benchmark_24_8_4 updates 7460/10416 episodes, total num timesteps 2148768/3000000, FPS 79.


 Scenario BOSCH Algo rmappo Exp benchmark_24_8_4 updates 7465/10416 episodes, total num timesteps 2150208/3000000, FPS 79.


 Scenario BOSCH Algo rmappo Exp benchmark_24_8_4 updates 7470/10416 episodes, total num timesteps 2151648/3000000, FPS 79.


 Scenario BOSCH Algo rmappo Exp benchmark_24_8_4 updates 7475/10416 episodes, total num timesteps 2153088/3000000, FPS 79.


 Scenario BOSCH Algo rmappo Exp benchmark_24_8_4 updates 7480/10416 episodes, total num timesteps 2154528/3000000, FPS 79.


 Scenario BOSCH Algo rmappo Exp benchmark_24_8_4 updates 7485/10416 episodes, total num timesteps 2155968/3000000, FPS 79.


 Scenario BOSCH Algo rmappo Exp benchmark_24_8_4 updates 7490/10416 episodes, total num timesteps 2157408/3000000, FPS 79.


 Scenario BOSCH Algo rmappo Exp benchmark_24_8_4 updates 7495/10416 episodes, total num timesteps 2158848/3000000, FPS 79.


 Scenario BOSCH Algo rmappo Exp benchmark_24_8_4 updates 7500/10416 episodes, total num timesteps 2160288/3000000, FPS 79.


[EVAL] BOSCH MARL Inference Solving Time for 36 periods: 0.7671 seconds
eval average episode rewards of agent0: -332.09174
eval average episode rewards of agent1: -330.3614
eval average episode rewards of agent2: -330.1854
eval average episode rewards of agent3: -330.2588
eval average episode rewards of agent4: -330.37277
eval average episode rewards of agent5: -330.40698
eval average episode rewards of agent6: -330.28305
eval average episode rewards of agent7: -330.3304
eval average episode rewards of agent8: -330.40646
eval average episode costs: Backlog: 87766.30, Inventory: 0.00, Maintenance: 17.91, Production: 2341.15, Setup: 1299.27, TOTAL: 91424.62

 Scenario BOSCH Algo rmappo Exp benchmark_24_8_4 updates 7505/10416 episodes, total num timesteps 2161728/3000000, FPS 79.


 Scenario BOSCH Algo rmappo Exp benchmark_24_8_4 updates 7510/10416 episodes, total num timesteps 2163168/3000000, FPS 79.


 Scenario BOSCH Algo rmappo Exp benchmark_24_8_4 updates 7515/10416 episodes, total num timesteps 2164608/3000000, FPS 79.


 Scenario BOSCH Algo rmappo Exp benchmark_24_8_4 updates 7520/10416 episodes, total num timesteps 2166048/3000000, FPS 79.


 Scenario BOSCH Algo rmappo Exp benchmark_24_8_4 updates 7525/10416 episodes, total num timesteps 2167488/3000000, FPS 79.


 Scenario BOSCH Algo rmappo Exp benchmark_24_8_4 updates 7530/10416 episodes, total num timesteps 2168928/3000000, FPS 79.


 Scenario BOSCH Algo rmappo Exp benchmark_24_8_4 updates 7535/10416 episodes, total num timesteps 2170368/3000000, FPS 79.


 Scenario BOSCH Algo rmappo Exp benchmark_24_8_4 updates 7540/10416 episodes, total num timesteps 2171808/3000000, FPS 79.


 Scenario BOSCH Algo rmappo Exp benchmark_24_8_4 updates 7545/10416 episodes, total num timesteps 2173248/3000000, FPS 79.


 Scenario BOSCH Algo rmappo Exp benchmark_24_8_4 updates 7550/10416 episodes, total num timesteps 2174688/3000000, FPS 79.


[EVAL] BOSCH MARL Inference Solving Time for 36 periods: 0.7734 seconds
eval average episode rewards of agent0: -342.09067
eval average episode rewards of agent1: -340.4688
eval average episode rewards of agent2: -340.29324
eval average episode rewards of agent3: -340.40924
eval average episode rewards of agent4: -340.5227
eval average episode rewards of agent5: -340.53827
eval average episode rewards of agent6: -340.4966
eval average episode rewards of agent7: -340.48254
eval average episode rewards of agent8: -340.49515
eval average episode costs: Backlog: 90465.39, Inventory: 0.00, Maintenance: 15.36, Production: 1955.76, Setup: 1195.46, TOTAL: 93631.96

 Scenario BOSCH Algo rmappo Exp benchmark_24_8_4 updates 7555/10416 episodes, total num timesteps 2176128/3000000, FPS 79.


 Scenario BOSCH Algo rmappo Exp benchmark_24_8_4 updates 7560/10416 episodes, total num timesteps 2177568/3000000, FPS 79.


 Scenario BOSCH Algo rmappo Exp benchmark_24_8_4 updates 7565/10416 episodes, total num timesteps 2179008/3000000, FPS 79.


 Scenario BOSCH Algo rmappo Exp benchmark_24_8_4 updates 7570/10416 episodes, total num timesteps 2180448/3000000, FPS 79.


 Scenario BOSCH Algo rmappo Exp benchmark_24_8_4 updates 7575/10416 episodes, total num timesteps 2181888/3000000, FPS 79.


 Scenario BOSCH Algo rmappo Exp benchmark_24_8_4 updates 7580/10416 episodes, total num timesteps 2183328/3000000, FPS 79.


 Scenario BOSCH Algo rmappo Exp benchmark_24_8_4 updates 7585/10416 episodes, total num timesteps 2184768/3000000, FPS 79.


 Scenario BOSCH Algo rmappo Exp benchmark_24_8_4 updates 7590/10416 episodes, total num timesteps 2186208/3000000, FPS 79.


 Scenario BOSCH Algo rmappo Exp benchmark_24_8_4 updates 7595/10416 episodes, total num timesteps 2187648/3000000, FPS 79.


 Scenario BOSCH Algo rmappo Exp benchmark_24_8_4 updates 7600/10416 episodes, total num timesteps 2189088/3000000, FPS 79.


[EVAL] BOSCH MARL Inference Solving Time for 36 periods: 0.8161 seconds
eval average episode rewards of agent0: -371.9021
eval average episode rewards of agent1: -371.61786
eval average episode rewards of agent2: -371.41022
eval average episode rewards of agent3: -371.55923
eval average episode rewards of agent4: -371.6575
eval average episode rewards of agent5: -371.69815
eval average episode rewards of agent6: -371.63614
eval average episode rewards of agent7: -371.6374
eval average episode rewards of agent8: -371.63193
eval average episode costs: Backlog: 98348.04, Inventory: 0.00, Maintenance: 1643.03, Production: 1299.68, Setup: 461.08, TOTAL: 101751.84

 Scenario BOSCH Algo rmappo Exp benchmark_24_8_4 updates 7605/10416 episodes, total num timesteps 2190528/3000000, FPS 79.


 Scenario BOSCH Algo rmappo Exp benchmark_24_8_4 updates 7610/10416 episodes, total num timesteps 2191968/3000000, FPS 79.


 Scenario BOSCH Algo rmappo Exp benchmark_24_8_4 updates 7615/10416 episodes, total num timesteps 2193408/3000000, FPS 79.


 Scenario BOSCH Algo rmappo Exp benchmark_24_8_4 updates 7620/10416 episodes, total num timesteps 2194848/3000000, FPS 79.


 Scenario BOSCH Algo rmappo Exp benchmark_24_8_4 updates 7625/10416 episodes, total num timesteps 2196288/3000000, FPS 79.


 Scenario BOSCH Algo rmappo Exp benchmark_24_8_4 updates 7630/10416 episodes, total num timesteps 2197728/3000000, FPS 79.


 Scenario BOSCH Algo rmappo Exp benchmark_24_8_4 updates 7635/10416 episodes, total num timesteps 2199168/3000000, FPS 79.


 Scenario BOSCH Algo rmappo Exp benchmark_24_8_4 updates 7640/10416 episodes, total num timesteps 2200608/3000000, FPS 79.


 Scenario BOSCH Algo rmappo Exp benchmark_24_8_4 updates 7645/10416 episodes, total num timesteps 2202048/3000000, FPS 79.


 Scenario BOSCH Algo rmappo Exp benchmark_24_8_4 updates 7650/10416 episodes, total num timesteps 2203488/3000000, FPS 79.


[EVAL] BOSCH MARL Inference Solving Time for 36 periods: 0.8835 seconds
eval average episode rewards of agent0: -346.2184
eval average episode rewards of agent1: -344.84766
eval average episode rewards of agent2: -344.624
eval average episode rewards of agent3: -344.73053
eval average episode rewards of agent4: -344.8772
eval average episode rewards of agent5: -344.9349
eval average episode rewards of agent6: -344.82083
eval average episode rewards of agent7: -344.83624
eval average episode rewards of agent8: -344.91837
eval average episode costs: Backlog: 91476.80, Inventory: 0.00, Maintenance: 514.09, Production: 2079.66, Setup: 1098.20, TOTAL: 95168.77

 Scenario BOSCH Algo rmappo Exp benchmark_24_8_4 updates 7655/10416 episodes, total num timesteps 2204928/3000000, FPS 79.


 Scenario BOSCH Algo rmappo Exp benchmark_24_8_4 updates 7660/10416 episodes, total num timesteps 2206368/3000000, FPS 79.


 Scenario BOSCH Algo rmappo Exp benchmark_24_8_4 updates 7665/10416 episodes, total num timesteps 2207808/3000000, FPS 79.


 Scenario BOSCH Algo rmappo Exp benchmark_24_8_4 updates 7670/10416 episodes, total num timesteps 2209248/3000000, FPS 79.


 Scenario BOSCH Algo rmappo Exp benchmark_24_8_4 updates 7675/10416 episodes, total num timesteps 2210688/3000000, FPS 79.


 Scenario BOSCH Algo rmappo Exp benchmark_24_8_4 updates 7680/10416 episodes, total num timesteps 2212128/3000000, FPS 79.


 Scenario BOSCH Algo rmappo Exp benchmark_24_8_4 updates 7685/10416 episodes, total num timesteps 2213568/3000000, FPS 79.


 Scenario BOSCH Algo rmappo Exp benchmark_24_8_4 updates 7690/10416 episodes, total num timesteps 2215008/3000000, FPS 79.


 Scenario BOSCH Algo rmappo Exp benchmark_24_8_4 updates 7695/10416 episodes, total num timesteps 2216448/3000000, FPS 79.


 Scenario BOSCH Algo rmappo Exp benchmark_24_8_4 updates 7700/10416 episodes, total num timesteps 2217888/3000000, FPS 79.


[EVAL] BOSCH MARL Inference Solving Time for 36 periods: 0.9839 seconds
eval average episode rewards of agent0: -351.84045
eval average episode rewards of agent1: -350.7504
eval average episode rewards of agent2: -350.5287
eval average episode rewards of agent3: -350.70108
eval average episode rewards of agent4: -350.7626
eval average episode rewards of agent5: -350.82184
eval average episode rewards of agent6: -350.746
eval average episode rewards of agent7: -350.78336
eval average episode rewards of agent8: -350.75385
eval average episode costs: Backlog: 93060.70, Inventory: 0.00, Maintenance: 604.64, Production: 1731.87, Setup: 901.07, TOTAL: 96298.28

 Scenario BOSCH Algo rmappo Exp benchmark_24_8_4 updates 7705/10416 episodes, total num timesteps 2219328/3000000, FPS 79.


 Scenario BOSCH Algo rmappo Exp benchmark_24_8_4 updates 7710/10416 episodes, total num timesteps 2220768/3000000, FPS 79.


 Scenario BOSCH Algo rmappo Exp benchmark_24_8_4 updates 7715/10416 episodes, total num timesteps 2222208/3000000, FPS 79.


 Scenario BOSCH Algo rmappo Exp benchmark_24_8_4 updates 7720/10416 episodes, total num timesteps 2223648/3000000, FPS 79.


 Scenario BOSCH Algo rmappo Exp benchmark_24_8_4 updates 7725/10416 episodes, total num timesteps 2225088/3000000, FPS 79.


 Scenario BOSCH Algo rmappo Exp benchmark_24_8_4 updates 7730/10416 episodes, total num timesteps 2226528/3000000, FPS 79.


 Scenario BOSCH Algo rmappo Exp benchmark_24_8_4 updates 7735/10416 episodes, total num timesteps 2227968/3000000, FPS 79.


 Scenario BOSCH Algo rmappo Exp benchmark_24_8_4 updates 7740/10416 episodes, total num timesteps 2229408/3000000, FPS 79.


 Scenario BOSCH Algo rmappo Exp benchmark_24_8_4 updates 7745/10416 episodes, total num timesteps 2230848/3000000, FPS 79.


 Scenario BOSCH Algo rmappo Exp benchmark_24_8_4 updates 7750/10416 episodes, total num timesteps 2232288/3000000, FPS 79.


[EVAL] BOSCH MARL Inference Solving Time for 36 periods: 0.8079 seconds
eval average episode rewards of agent0: -374.8231
eval average episode rewards of agent1: -374.46347
eval average episode rewards of agent2: -374.3219
eval average episode rewards of agent3: -374.44238
eval average episode rewards of agent4: -374.54413
eval average episode rewards of agent5: -374.55933
eval average episode rewards of agent6: -374.5138
eval average episode rewards of agent7: -374.53342
eval average episode rewards of agent8: -374.52753
eval average episode costs: Backlog: 99091.59, Inventory: 0.00, Maintenance: 1619.15, Production: 1201.17, Setup: 529.98, TOTAL: 102441.88

 Scenario BOSCH Algo rmappo Exp benchmark_24_8_4 updates 7755/10416 episodes, total num timesteps 2233728/3000000, FPS 79.


 Scenario BOSCH Algo rmappo Exp benchmark_24_8_4 updates 7760/10416 episodes, total num timesteps 2235168/3000000, FPS 79.


 Scenario BOSCH Algo rmappo Exp benchmark_24_8_4 updates 7765/10416 episodes, total num timesteps 2236608/3000000, FPS 79.


 Scenario BOSCH Algo rmappo Exp benchmark_24_8_4 updates 7770/10416 episodes, total num timesteps 2238048/3000000, FPS 79.


 Scenario BOSCH Algo rmappo Exp benchmark_24_8_4 updates 7775/10416 episodes, total num timesteps 2239488/3000000, FPS 79.


 Scenario BOSCH Algo rmappo Exp benchmark_24_8_4 updates 7780/10416 episodes, total num timesteps 2240928/3000000, FPS 79.


 Scenario BOSCH Algo rmappo Exp benchmark_24_8_4 updates 7785/10416 episodes, total num timesteps 2242368/3000000, FPS 79.


 Scenario BOSCH Algo rmappo Exp benchmark_24_8_4 updates 7790/10416 episodes, total num timesteps 2243808/3000000, FPS 79.


 Scenario BOSCH Algo rmappo Exp benchmark_24_8_4 updates 7795/10416 episodes, total num timesteps 2245248/3000000, FPS 79.


 Scenario BOSCH Algo rmappo Exp benchmark_24_8_4 updates 7800/10416 episodes, total num timesteps 2246688/3000000, FPS 79.


[EVAL] BOSCH MARL Inference Solving Time for 36 periods: 1.2461 seconds
eval average episode rewards of agent0: -360.8151
eval average episode rewards of agent1: -359.85608
eval average episode rewards of agent2: -359.7128
eval average episode rewards of agent3: -359.7554
eval average episode rewards of agent4: -359.87442
eval average episode rewards of agent5: -359.88214
eval average episode rewards of agent6: -359.98276
eval average episode rewards of agent7: -360.01926
eval average episode rewards of agent8: -359.92487
eval average episode costs: Backlog: 95605.39, Inventory: 0.00, Maintenance: 236.42, Production: 1496.88, Setup: 791.09, TOTAL: 98129.77

 Scenario BOSCH Algo rmappo Exp benchmark_24_8_4 updates 7805/10416 episodes, total num timesteps 2248128/3000000, FPS 79.


 Scenario BOSCH Algo rmappo Exp benchmark_24_8_4 updates 7810/10416 episodes, total num timesteps 2249568/3000000, FPS 79.


 Scenario BOSCH Algo rmappo Exp benchmark_24_8_4 updates 7815/10416 episodes, total num timesteps 2251008/3000000, FPS 79.


 Scenario BOSCH Algo rmappo Exp benchmark_24_8_4 updates 7820/10416 episodes, total num timesteps 2252448/3000000, FPS 79.


 Scenario BOSCH Algo rmappo Exp benchmark_24_8_4 updates 7825/10416 episodes, total num timesteps 2253888/3000000, FPS 79.


 Scenario BOSCH Algo rmappo Exp benchmark_24_8_4 updates 7830/10416 episodes, total num timesteps 2255328/3000000, FPS 79.


 Scenario BOSCH Algo rmappo Exp benchmark_24_8_4 updates 7835/10416 episodes, total num timesteps 2256768/3000000, FPS 79.


 Scenario BOSCH Algo rmappo Exp benchmark_24_8_4 updates 7840/10416 episodes, total num timesteps 2258208/3000000, FPS 79.


 Scenario BOSCH Algo rmappo Exp benchmark_24_8_4 updates 7845/10416 episodes, total num timesteps 2259648/3000000, FPS 79.


 Scenario BOSCH Algo rmappo Exp benchmark_24_8_4 updates 7850/10416 episodes, total num timesteps 2261088/3000000, FPS 79.


[EVAL] BOSCH MARL Inference Solving Time for 36 periods: 0.8159 seconds
eval average episode rewards of agent0: -392.03433
eval average episode rewards of agent1: -392.255
eval average episode rewards of agent2: -392.13873
eval average episode rewards of agent3: -392.21732
eval average episode rewards of agent4: -392.3462
eval average episode rewards of agent5: -392.36932
eval average episode rewards of agent6: -392.3756
eval average episode rewards of agent7: -392.4134
eval average episode rewards of agent8: -392.3501
eval average episode costs: Backlog: 103720.07, Inventory: 0.00, Maintenance: 2286.37, Production: 371.12, Setup: 55.58, TOTAL: 106433.12

 Scenario BOSCH Algo rmappo Exp benchmark_24_8_4 updates 7855/10416 episodes, total num timesteps 2262528/3000000, FPS 79.


 Scenario BOSCH Algo rmappo Exp benchmark_24_8_4 updates 7860/10416 episodes, total num timesteps 2263968/3000000, FPS 79.


 Scenario BOSCH Algo rmappo Exp benchmark_24_8_4 updates 7865/10416 episodes, total num timesteps 2265408/3000000, FPS 79.


 Scenario BOSCH Algo rmappo Exp benchmark_24_8_4 updates 7870/10416 episodes, total num timesteps 2266848/3000000, FPS 79.


 Scenario BOSCH Algo rmappo Exp benchmark_24_8_4 updates 7875/10416 episodes, total num timesteps 2268288/3000000, FPS 79.


 Scenario BOSCH Algo rmappo Exp benchmark_24_8_4 updates 7880/10416 episodes, total num timesteps 2269728/3000000, FPS 79.


 Scenario BOSCH Algo rmappo Exp benchmark_24_8_4 updates 7885/10416 episodes, total num timesteps 2271168/3000000, FPS 79.


 Scenario BOSCH Algo rmappo Exp benchmark_24_8_4 updates 7890/10416 episodes, total num timesteps 2272608/3000000, FPS 79.


 Scenario BOSCH Algo rmappo Exp benchmark_24_8_4 updates 7895/10416 episodes, total num timesteps 2274048/3000000, FPS 79.


 Scenario BOSCH Algo rmappo Exp benchmark_24_8_4 updates 7900/10416 episodes, total num timesteps 2275488/3000000, FPS 80.


[EVAL] BOSCH MARL Inference Solving Time for 36 periods: 0.7852 seconds
eval average episode rewards of agent0: -392.43857
eval average episode rewards of agent1: -392.74783
eval average episode rewards of agent2: -392.68707
eval average episode rewards of agent3: -392.70126
eval average episode rewards of agent4: -392.82275
eval average episode rewards of agent5: -392.85312
eval average episode rewards of agent6: -392.83136
eval average episode rewards of agent7: -392.81445
eval average episode rewards of agent8: -392.7881
eval average episode costs: Backlog: 103722.24, Inventory: 0.00, Maintenance: 2711.07, Production: 372.49, Setup: 41.39, TOTAL: 106847.20

 Scenario BOSCH Algo rmappo Exp benchmark_24_8_4 updates 7905/10416 episodes, total num timesteps 2276928/3000000, FPS 80.


 Scenario BOSCH Algo rmappo Exp benchmark_24_8_4 updates 7910/10416 episodes, total num timesteps 2278368/3000000, FPS 80.


 Scenario BOSCH Algo rmappo Exp benchmark_24_8_4 updates 7915/10416 episodes, total num timesteps 2279808/3000000, FPS 80.


 Scenario BOSCH Algo rmappo Exp benchmark_24_8_4 updates 7920/10416 episodes, total num timesteps 2281248/3000000, FPS 80.


 Scenario BOSCH Algo rmappo Exp benchmark_24_8_4 updates 7925/10416 episodes, total num timesteps 2282688/3000000, FPS 80.


 Scenario BOSCH Algo rmappo Exp benchmark_24_8_4 updates 7930/10416 episodes, total num timesteps 2284128/3000000, FPS 80.


 Scenario BOSCH Algo rmappo Exp benchmark_24_8_4 updates 7935/10416 episodes, total num timesteps 2285568/3000000, FPS 80.


 Scenario BOSCH Algo rmappo Exp benchmark_24_8_4 updates 7940/10416 episodes, total num timesteps 2287008/3000000, FPS 80.


 Scenario BOSCH Algo rmappo Exp benchmark_24_8_4 updates 7945/10416 episodes, total num timesteps 2288448/3000000, FPS 80.


 Scenario BOSCH Algo rmappo Exp benchmark_24_8_4 updates 7950/10416 episodes, total num timesteps 2289888/3000000, FPS 80.


[EVAL] BOSCH MARL Inference Solving Time for 36 periods: 0.8969 seconds
eval average episode rewards of agent0: -380.06744
eval average episode rewards of agent1: -380.15375
eval average episode rewards of agent2: -379.9655
eval average episode rewards of agent3: -380.1182
eval average episode rewards of agent4: -380.22894
eval average episode rewards of agent5: -380.26486
eval average episode rewards of agent6: -380.24158
eval average episode rewards of agent7: -380.23447
eval average episode rewards of agent8: -380.2099
eval average episode costs: Backlog: 100523.94, Inventory: 0.00, Maintenance: 2212.95, Production: 842.41, Setup: 148.31, TOTAL: 103727.61

 Scenario BOSCH Algo rmappo Exp benchmark_24_8_4 updates 7955/10416 episodes, total num timesteps 2291328/3000000, FPS 80.


 Scenario BOSCH Algo rmappo Exp benchmark_24_8_4 updates 7960/10416 episodes, total num timesteps 2292768/3000000, FPS 80.


 Scenario BOSCH Algo rmappo Exp benchmark_24_8_4 updates 7965/10416 episodes, total num timesteps 2294208/3000000, FPS 80.


 Scenario BOSCH Algo rmappo Exp benchmark_24_8_4 updates 7970/10416 episodes, total num timesteps 2295648/3000000, FPS 80.


 Scenario BOSCH Algo rmappo Exp benchmark_24_8_4 updates 7975/10416 episodes, total num timesteps 2297088/3000000, FPS 80.


 Scenario BOSCH Algo rmappo Exp benchmark_24_8_4 updates 7980/10416 episodes, total num timesteps 2298528/3000000, FPS 80.


 Scenario BOSCH Algo rmappo Exp benchmark_24_8_4 updates 7985/10416 episodes, total num timesteps 2299968/3000000, FPS 80.


 Scenario BOSCH Algo rmappo Exp benchmark_24_8_4 updates 7990/10416 episodes, total num timesteps 2301408/3000000, FPS 80.


 Scenario BOSCH Algo rmappo Exp benchmark_24_8_4 updates 7995/10416 episodes, total num timesteps 2302848/3000000, FPS 80.


 Scenario BOSCH Algo rmappo Exp benchmark_24_8_4 updates 8000/10416 episodes, total num timesteps 2304288/3000000, FPS 80.


[EVAL] BOSCH MARL Inference Solving Time for 36 periods: 0.9957 seconds
eval average episode rewards of agent0: -377.96518
eval average episode rewards of agent1: -377.9756
eval average episode rewards of agent2: -377.7422
eval average episode rewards of agent3: -377.94177
eval average episode rewards of agent4: -378.03082
eval average episode rewards of agent5: -378.0801
eval average episode rewards of agent6: -378.01962
eval average episode rewards of agent7: -378.01157
eval average episode rewards of agent8: -378.01965
eval average episode costs: Backlog: 99974.96, Inventory: 0.00, Maintenance: 2048.63, Production: 946.31, Setup: 217.16, TOTAL: 103187.05

 Scenario BOSCH Algo rmappo Exp benchmark_24_8_4 updates 8005/10416 episodes, total num timesteps 2305728/3000000, FPS 80.


 Scenario BOSCH Algo rmappo Exp benchmark_24_8_4 updates 8010/10416 episodes, total num timesteps 2307168/3000000, FPS 80.


 Scenario BOSCH Algo rmappo Exp benchmark_24_8_4 updates 8015/10416 episodes, total num timesteps 2308608/3000000, FPS 80.


 Scenario BOSCH Algo rmappo Exp benchmark_24_8_4 updates 8020/10416 episodes, total num timesteps 2310048/3000000, FPS 80.


 Scenario BOSCH Algo rmappo Exp benchmark_24_8_4 updates 8025/10416 episodes, total num timesteps 2311488/3000000, FPS 80.


 Scenario BOSCH Algo rmappo Exp benchmark_24_8_4 updates 8030/10416 episodes, total num timesteps 2312928/3000000, FPS 80.


 Scenario BOSCH Algo rmappo Exp benchmark_24_8_4 updates 8035/10416 episodes, total num timesteps 2314368/3000000, FPS 80.


 Scenario BOSCH Algo rmappo Exp benchmark_24_8_4 updates 8040/10416 episodes, total num timesteps 2315808/3000000, FPS 80.


 Scenario BOSCH Algo rmappo Exp benchmark_24_8_4 updates 8045/10416 episodes, total num timesteps 2317248/3000000, FPS 80.


 Scenario BOSCH Algo rmappo Exp benchmark_24_8_4 updates 8050/10416 episodes, total num timesteps 2318688/3000000, FPS 80.


[EVAL] BOSCH MARL Inference Solving Time for 36 periods: 0.9225 seconds
eval average episode rewards of agent0: -379.47208
eval average episode rewards of agent1: -379.52765
eval average episode rewards of agent2: -379.334
eval average episode rewards of agent3: -379.4794
eval average episode rewards of agent4: -379.56503
eval average episode rewards of agent5: -379.6199
eval average episode rewards of agent6: -379.5716
eval average episode rewards of agent7: -379.5568
eval average episode rewards of agent8: -379.5513
eval average episode costs: Backlog: 100356.67, Inventory: 0.00, Maintenance: 2159.92, Production: 889.11, Setup: 192.19, TOTAL: 103597.89

 Scenario BOSCH Algo rmappo Exp benchmark_24_8_4 updates 8055/10416 episodes, total num timesteps 2320128/3000000, FPS 80.


 Scenario BOSCH Algo rmappo Exp benchmark_24_8_4 updates 8060/10416 episodes, total num timesteps 2321568/3000000, FPS 80.


 Scenario BOSCH Algo rmappo Exp benchmark_24_8_4 updates 8065/10416 episodes, total num timesteps 2323008/3000000, FPS 80.


 Scenario BOSCH Algo rmappo Exp benchmark_24_8_4 updates 8070/10416 episodes, total num timesteps 2324448/3000000, FPS 80.


 Scenario BOSCH Algo rmappo Exp benchmark_24_8_4 updates 8075/10416 episodes, total num timesteps 2325888/3000000, FPS 80.


 Scenario BOSCH Algo rmappo Exp benchmark_24_8_4 updates 8080/10416 episodes, total num timesteps 2327328/3000000, FPS 80.


 Scenario BOSCH Algo rmappo Exp benchmark_24_8_4 updates 8085/10416 episodes, total num timesteps 2328768/3000000, FPS 80.


 Scenario BOSCH Algo rmappo Exp benchmark_24_8_4 updates 8090/10416 episodes, total num timesteps 2330208/3000000, FPS 80.


 Scenario BOSCH Algo rmappo Exp benchmark_24_8_4 updates 8095/10416 episodes, total num timesteps 2331648/3000000, FPS 80.


 Scenario BOSCH Algo rmappo Exp benchmark_24_8_4 updates 8100/10416 episodes, total num timesteps 2333088/3000000, FPS 80.


[EVAL] BOSCH MARL Inference Solving Time for 36 periods: 0.9327 seconds
eval average episode rewards of agent0: -350.4699
eval average episode rewards of agent1: -349.2901
eval average episode rewards of agent2: -349.10358
eval average episode rewards of agent3: -349.12082
eval average episode rewards of agent4: -349.2796
eval average episode rewards of agent5: -349.27496
eval average episode rewards of agent6: -349.35184
eval average episode rewards of agent7: -349.29382
eval average episode rewards of agent8: -349.34406
eval average episode costs: Backlog: 92618.85, Inventory: 0.00, Maintenance: 777.94, Production: 1801.01, Setup: 907.96, TOTAL: 96105.77

 Scenario BOSCH Algo rmappo Exp benchmark_24_8_4 updates 8105/10416 episodes, total num timesteps 2334528/3000000, FPS 80.


 Scenario BOSCH Algo rmappo Exp benchmark_24_8_4 updates 8110/10416 episodes, total num timesteps 2335968/3000000, FPS 80.


 Scenario BOSCH Algo rmappo Exp benchmark_24_8_4 updates 8115/10416 episodes, total num timesteps 2337408/3000000, FPS 80.


 Scenario BOSCH Algo rmappo Exp benchmark_24_8_4 updates 8120/10416 episodes, total num timesteps 2338848/3000000, FPS 80.


 Scenario BOSCH Algo rmappo Exp benchmark_24_8_4 updates 8125/10416 episodes, total num timesteps 2340288/3000000, FPS 80.


 Scenario BOSCH Algo rmappo Exp benchmark_24_8_4 updates 8130/10416 episodes, total num timesteps 2341728/3000000, FPS 80.


 Scenario BOSCH Algo rmappo Exp benchmark_24_8_4 updates 8135/10416 episodes, total num timesteps 2343168/3000000, FPS 80.


 Scenario BOSCH Algo rmappo Exp benchmark_24_8_4 updates 8140/10416 episodes, total num timesteps 2344608/3000000, FPS 80.


 Scenario BOSCH Algo rmappo Exp benchmark_24_8_4 updates 8145/10416 episodes, total num timesteps 2346048/3000000, FPS 80.


 Scenario BOSCH Algo rmappo Exp benchmark_24_8_4 updates 8150/10416 episodes, total num timesteps 2347488/3000000, FPS 80.


[EVAL] BOSCH MARL Inference Solving Time for 36 periods: 0.8613 seconds
eval average episode rewards of agent0: -348.8909
eval average episode rewards of agent1: -347.73254
eval average episode rewards of agent2: -347.5586
eval average episode rewards of agent3: -347.53568
eval average episode rewards of agent4: -347.73257
eval average episode rewards of agent5: -347.70718
eval average episode rewards of agent6: -347.79053
eval average episode rewards of agent7: -347.7243
eval average episode rewards of agent8: -347.79697
eval average episode costs: Backlog: 92200.09, Inventory: 0.00, Maintenance: 825.02, Production: 1967.81, Setup: 881.85, TOTAL: 95874.76

 Scenario BOSCH Algo rmappo Exp benchmark_24_8_4 updates 8155/10416 episodes, total num timesteps 2348928/3000000, FPS 80.


 Scenario BOSCH Algo rmappo Exp benchmark_24_8_4 updates 8160/10416 episodes, total num timesteps 2350368/3000000, FPS 80.


 Scenario BOSCH Algo rmappo Exp benchmark_24_8_4 updates 8165/10416 episodes, total num timesteps 2351808/3000000, FPS 80.


 Scenario BOSCH Algo rmappo Exp benchmark_24_8_4 updates 8170/10416 episodes, total num timesteps 2353248/3000000, FPS 80.


 Scenario BOSCH Algo rmappo Exp benchmark_24_8_4 updates 8175/10416 episodes, total num timesteps 2354688/3000000, FPS 80.


 Scenario BOSCH Algo rmappo Exp benchmark_24_8_4 updates 8180/10416 episodes, total num timesteps 2356128/3000000, FPS 80.


 Scenario BOSCH Algo rmappo Exp benchmark_24_8_4 updates 8185/10416 episodes, total num timesteps 2357568/3000000, FPS 80.


 Scenario BOSCH Algo rmappo Exp benchmark_24_8_4 updates 8190/10416 episodes, total num timesteps 2359008/3000000, FPS 80.


 Scenario BOSCH Algo rmappo Exp benchmark_24_8_4 updates 8195/10416 episodes, total num timesteps 2360448/3000000, FPS 80.


 Scenario BOSCH Algo rmappo Exp benchmark_24_8_4 updates 8200/10416 episodes, total num timesteps 2361888/3000000, FPS 80.


[EVAL] BOSCH MARL Inference Solving Time for 36 periods: 0.8858 seconds
eval average episode rewards of agent0: -343.22687
eval average episode rewards of agent1: -341.86505
eval average episode rewards of agent2: -341.70844
eval average episode rewards of agent3: -341.6741
eval average episode rewards of agent4: -341.86227
eval average episode rewards of agent5: -341.7862
eval average episode rewards of agent6: -341.8684
eval average episode rewards of agent7: -341.854
eval average episode rewards of agent8: -341.92938
eval average episode costs: Backlog: 90668.95, Inventory: 0.00, Maintenance: 684.88, Production: 2119.43, Setup: 996.28, TOTAL: 94469.55

 Scenario BOSCH Algo rmappo Exp benchmark_24_8_4 updates 8205/10416 episodes, total num timesteps 2363328/3000000, FPS 80.


 Scenario BOSCH Algo rmappo Exp benchmark_24_8_4 updates 8210/10416 episodes, total num timesteps 2364768/3000000, FPS 80.


 Scenario BOSCH Algo rmappo Exp benchmark_24_8_4 updates 8215/10416 episodes, total num timesteps 2366208/3000000, FPS 80.


 Scenario BOSCH Algo rmappo Exp benchmark_24_8_4 updates 8220/10416 episodes, total num timesteps 2367648/3000000, FPS 80.


 Scenario BOSCH Algo rmappo Exp benchmark_24_8_4 updates 8225/10416 episodes, total num timesteps 2369088/3000000, FPS 80.


 Scenario BOSCH Algo rmappo Exp benchmark_24_8_4 updates 8230/10416 episodes, total num timesteps 2370528/3000000, FPS 80.


 Scenario BOSCH Algo rmappo Exp benchmark_24_8_4 updates 8235/10416 episodes, total num timesteps 2371968/3000000, FPS 80.


 Scenario BOSCH Algo rmappo Exp benchmark_24_8_4 updates 8240/10416 episodes, total num timesteps 2373408/3000000, FPS 80.


 Scenario BOSCH Algo rmappo Exp benchmark_24_8_4 updates 8245/10416 episodes, total num timesteps 2374848/3000000, FPS 80.


 Scenario BOSCH Algo rmappo Exp benchmark_24_8_4 updates 8250/10416 episodes, total num timesteps 2376288/3000000, FPS 80.


[EVAL] BOSCH MARL Inference Solving Time for 36 periods: 0.9432 seconds
eval average episode rewards of agent0: -355.34036
eval average episode rewards of agent1: -354.19507
eval average episode rewards of agent2: -354.08914
eval average episode rewards of agent3: -354.10287
eval average episode rewards of agent4: -354.262
eval average episode rewards of agent5: -354.23187
eval average episode rewards of agent6: -354.34317
eval average episode rewards of agent7: -354.27872
eval average episode rewards of agent8: -354.32513
eval average episode costs: Backlog: 93946.49, Inventory: 0.00, Maintenance: 724.25, Production: 1786.66, Setup: 871.80, TOTAL: 97329.22

 Scenario BOSCH Algo rmappo Exp benchmark_24_8_4 updates 8255/10416 episodes, total num timesteps 2377728/3000000, FPS 80.


 Scenario BOSCH Algo rmappo Exp benchmark_24_8_4 updates 8260/10416 episodes, total num timesteps 2379168/3000000, FPS 80.


 Scenario BOSCH Algo rmappo Exp benchmark_24_8_4 updates 8265/10416 episodes, total num timesteps 2380608/3000000, FPS 80.


 Scenario BOSCH Algo rmappo Exp benchmark_24_8_4 updates 8270/10416 episodes, total num timesteps 2382048/3000000, FPS 80.


 Scenario BOSCH Algo rmappo Exp benchmark_24_8_4 updates 8275/10416 episodes, total num timesteps 2383488/3000000, FPS 80.


 Scenario BOSCH Algo rmappo Exp benchmark_24_8_4 updates 8280/10416 episodes, total num timesteps 2384928/3000000, FPS 80.


 Scenario BOSCH Algo rmappo Exp benchmark_24_8_4 updates 8285/10416 episodes, total num timesteps 2386368/3000000, FPS 80.


 Scenario BOSCH Algo rmappo Exp benchmark_24_8_4 updates 8290/10416 episodes, total num timesteps 2387808/3000000, FPS 80.


 Scenario BOSCH Algo rmappo Exp benchmark_24_8_4 updates 8295/10416 episodes, total num timesteps 2389248/3000000, FPS 80.


 Scenario BOSCH Algo rmappo Exp benchmark_24_8_4 updates 8300/10416 episodes, total num timesteps 2390688/3000000, FPS 80.


[EVAL] BOSCH MARL Inference Solving Time for 36 periods: 0.9314 seconds
eval average episode rewards of agent0: -360.8179
eval average episode rewards of agent1: -360.09824
eval average episode rewards of agent2: -359.96088
eval average episode rewards of agent3: -360.03662
eval average episode rewards of agent4: -360.2011
eval average episode rewards of agent5: -360.15167
eval average episode rewards of agent6: -360.19446
eval average episode rewards of agent7: -360.16028
eval average episode rewards of agent8: -360.20212
eval average episode costs: Backlog: 95448.06, Inventory: 0.00, Maintenance: 1117.31, Production: 1614.05, Setup: 608.61, TOTAL: 98788.04

 Scenario BOSCH Algo rmappo Exp benchmark_24_8_4 updates 8305/10416 episodes, total num timesteps 2392128/3000000, FPS 80.


 Scenario BOSCH Algo rmappo Exp benchmark_24_8_4 updates 8310/10416 episodes, total num timesteps 2393568/3000000, FPS 80.


 Scenario BOSCH Algo rmappo Exp benchmark_24_8_4 updates 8315/10416 episodes, total num timesteps 2395008/3000000, FPS 80.


 Scenario BOSCH Algo rmappo Exp benchmark_24_8_4 updates 8320/10416 episodes, total num timesteps 2396448/3000000, FPS 80.


 Scenario BOSCH Algo rmappo Exp benchmark_24_8_4 updates 8325/10416 episodes, total num timesteps 2397888/3000000, FPS 80.


 Scenario BOSCH Algo rmappo Exp benchmark_24_8_4 updates 8330/10416 episodes, total num timesteps 2399328/3000000, FPS 80.


 Scenario BOSCH Algo rmappo Exp benchmark_24_8_4 updates 8335/10416 episodes, total num timesteps 2400768/3000000, FPS 80.


 Scenario BOSCH Algo rmappo Exp benchmark_24_8_4 updates 8340/10416 episodes, total num timesteps 2402208/3000000, FPS 80.


 Scenario BOSCH Algo rmappo Exp benchmark_24_8_4 updates 8345/10416 episodes, total num timesteps 2403648/3000000, FPS 80.


 Scenario BOSCH Algo rmappo Exp benchmark_24_8_4 updates 8350/10416 episodes, total num timesteps 2405088/3000000, FPS 80.


[EVAL] BOSCH MARL Inference Solving Time for 36 periods: 0.9231 seconds
eval average episode rewards of agent0: -341.47675
eval average episode rewards of agent1: -339.6976
eval average episode rewards of agent2: -339.55872
eval average episode rewards of agent3: -339.62915
eval average episode rewards of agent4: -339.70395
eval average episode rewards of agent5: -339.74072
eval average episode rewards of agent6: -339.72833
eval average episode rewards of agent7: -339.6894
eval average episode rewards of agent8: -339.7435
eval average episode costs: Backlog: 90242.69, Inventory: 0.00, Maintenance: 14.79, Production: 1921.38, Setup: 1260.82, TOTAL: 93439.66

 Scenario BOSCH Algo rmappo Exp benchmark_24_8_4 updates 8355/10416 episodes, total num timesteps 2406528/3000000, FPS 80.


 Scenario BOSCH Algo rmappo Exp benchmark_24_8_4 updates 8360/10416 episodes, total num timesteps 2407968/3000000, FPS 80.


 Scenario BOSCH Algo rmappo Exp benchmark_24_8_4 updates 8365/10416 episodes, total num timesteps 2409408/3000000, FPS 80.


 Scenario BOSCH Algo rmappo Exp benchmark_24_8_4 updates 8370/10416 episodes, total num timesteps 2410848/3000000, FPS 80.


 Scenario BOSCH Algo rmappo Exp benchmark_24_8_4 updates 8375/10416 episodes, total num timesteps 2412288/3000000, FPS 80.


 Scenario BOSCH Algo rmappo Exp benchmark_24_8_4 updates 8380/10416 episodes, total num timesteps 2413728/3000000, FPS 80.


 Scenario BOSCH Algo rmappo Exp benchmark_24_8_4 updates 8385/10416 episodes, total num timesteps 2415168/3000000, FPS 80.


 Scenario BOSCH Algo rmappo Exp benchmark_24_8_4 updates 8390/10416 episodes, total num timesteps 2416608/3000000, FPS 80.


 Scenario BOSCH Algo rmappo Exp benchmark_24_8_4 updates 8395/10416 episodes, total num timesteps 2418048/3000000, FPS 80.


 Scenario BOSCH Algo rmappo Exp benchmark_24_8_4 updates 8400/10416 episodes, total num timesteps 2419488/3000000, FPS 80.


[EVAL] BOSCH MARL Inference Solving Time for 36 periods: 0.9462 seconds
eval average episode rewards of agent0: -345.25146
eval average episode rewards of agent1: -343.4645
eval average episode rewards of agent2: -343.36783
eval average episode rewards of agent3: -343.3631
eval average episode rewards of agent4: -343.49042
eval average episode rewards of agent5: -343.52628
eval average episode rewards of agent6: -343.51913
eval average episode rewards of agent7: -343.47467
eval average episode rewards of agent8: -343.53787
eval average episode costs: Backlog: 91227.70, Inventory: 0.00, Maintenance: 85.05, Production: 1829.18, Setup: 1228.51, TOTAL: 94370.42

 Scenario BOSCH Algo rmappo Exp benchmark_24_8_4 updates 8405/10416 episodes, total num timesteps 2420928/3000000, FPS 80.


 Scenario BOSCH Algo rmappo Exp benchmark_24_8_4 updates 8410/10416 episodes, total num timesteps 2422368/3000000, FPS 80.


 Scenario BOSCH Algo rmappo Exp benchmark_24_8_4 updates 8415/10416 episodes, total num timesteps 2423808/3000000, FPS 80.


 Scenario BOSCH Algo rmappo Exp benchmark_24_8_4 updates 8420/10416 episodes, total num timesteps 2425248/3000000, FPS 80.


 Scenario BOSCH Algo rmappo Exp benchmark_24_8_4 updates 8425/10416 episodes, total num timesteps 2426688/3000000, FPS 80.


 Scenario BOSCH Algo rmappo Exp benchmark_24_8_4 updates 8430/10416 episodes, total num timesteps 2428128/3000000, FPS 80.


 Scenario BOSCH Algo rmappo Exp benchmark_24_8_4 updates 8435/10416 episodes, total num timesteps 2429568/3000000, FPS 80.


 Scenario BOSCH Algo rmappo Exp benchmark_24_8_4 updates 8440/10416 episodes, total num timesteps 2431008/3000000, FPS 80.


 Scenario BOSCH Algo rmappo Exp benchmark_24_8_4 updates 8445/10416 episodes, total num timesteps 2432448/3000000, FPS 80.


 Scenario BOSCH Algo rmappo Exp benchmark_24_8_4 updates 8450/10416 episodes, total num timesteps 2433888/3000000, FPS 80.


[EVAL] BOSCH MARL Inference Solving Time for 36 periods: 0.9517 seconds
eval average episode rewards of agent0: -344.588
eval average episode rewards of agent1: -342.91693
eval average episode rewards of agent2: -342.83856
eval average episode rewards of agent3: -342.85675
eval average episode rewards of agent4: -342.9789
eval average episode rewards of agent5: -343.00766
eval average episode rewards of agent6: -342.97412
eval average episode rewards of agent7: -342.95984
eval average episode rewards of agent8: -343.01752
eval average episode costs: Backlog: 91102.30, Inventory: 0.00, Maintenance: 150.67, Production: 1879.75, Setup: 1098.81, TOTAL: 94231.53

 Scenario BOSCH Algo rmappo Exp benchmark_24_8_4 updates 8455/10416 episodes, total num timesteps 2435328/3000000, FPS 80.


 Scenario BOSCH Algo rmappo Exp benchmark_24_8_4 updates 8460/10416 episodes, total num timesteps 2436768/3000000, FPS 80.


 Scenario BOSCH Algo rmappo Exp benchmark_24_8_4 updates 8465/10416 episodes, total num timesteps 2438208/3000000, FPS 80.


 Scenario BOSCH Algo rmappo Exp benchmark_24_8_4 updates 8470/10416 episodes, total num timesteps 2439648/3000000, FPS 80.


 Scenario BOSCH Algo rmappo Exp benchmark_24_8_4 updates 8475/10416 episodes, total num timesteps 2441088/3000000, FPS 80.


 Scenario BOSCH Algo rmappo Exp benchmark_24_8_4 updates 8480/10416 episodes, total num timesteps 2442528/3000000, FPS 80.


 Scenario BOSCH Algo rmappo Exp benchmark_24_8_4 updates 8485/10416 episodes, total num timesteps 2443968/3000000, FPS 80.


 Scenario BOSCH Algo rmappo Exp benchmark_24_8_4 updates 8490/10416 episodes, total num timesteps 2445408/3000000, FPS 80.


 Scenario BOSCH Algo rmappo Exp benchmark_24_8_4 updates 8495/10416 episodes, total num timesteps 2446848/3000000, FPS 80.


 Scenario BOSCH Algo rmappo Exp benchmark_24_8_4 updates 8500/10416 episodes, total num timesteps 2448288/3000000, FPS 80.


[EVAL] BOSCH MARL Inference Solving Time for 36 periods: 0.9430 seconds
eval average episode rewards of agent0: -340.4225
eval average episode rewards of agent1: -338.6247
eval average episode rewards of agent2: -338.52896
eval average episode rewards of agent3: -338.60062
eval average episode rewards of agent4: -338.68665
eval average episode rewards of agent5: -338.68762
eval average episode rewards of agent6: -338.66602
eval average episode rewards of agent7: -338.66757
eval average episode rewards of agent8: -338.714
eval average episode costs: Backlog: 89953.57, Inventory: 0.00, Maintenance: 91.81, Production: 2042.35, Setup: 1233.10, TOTAL: 93320.84

 Scenario BOSCH Algo rmappo Exp benchmark_24_8_4 updates 8505/10416 episodes, total num timesteps 2449728/3000000, FPS 80.


 Scenario BOSCH Algo rmappo Exp benchmark_24_8_4 updates 8510/10416 episodes, total num timesteps 2451168/3000000, FPS 80.


 Scenario BOSCH Algo rmappo Exp benchmark_24_8_4 updates 8515/10416 episodes, total num timesteps 2452608/3000000, FPS 80.


 Scenario BOSCH Algo rmappo Exp benchmark_24_8_4 updates 8520/10416 episodes, total num timesteps 2454048/3000000, FPS 80.


 Scenario BOSCH Algo rmappo Exp benchmark_24_8_4 updates 8525/10416 episodes, total num timesteps 2455488/3000000, FPS 80.


 Scenario BOSCH Algo rmappo Exp benchmark_24_8_4 updates 8530/10416 episodes, total num timesteps 2456928/3000000, FPS 80.


 Scenario BOSCH Algo rmappo Exp benchmark_24_8_4 updates 8535/10416 episodes, total num timesteps 2458368/3000000, FPS 80.


 Scenario BOSCH Algo rmappo Exp benchmark_24_8_4 updates 8540/10416 episodes, total num timesteps 2459808/3000000, FPS 80.


 Scenario BOSCH Algo rmappo Exp benchmark_24_8_4 updates 8545/10416 episodes, total num timesteps 2461248/3000000, FPS 81.


 Scenario BOSCH Algo rmappo Exp benchmark_24_8_4 updates 8550/10416 episodes, total num timesteps 2462688/3000000, FPS 81.


[EVAL] BOSCH MARL Inference Solving Time for 36 periods: 0.9439 seconds
eval average episode rewards of agent0: -342.70508
eval average episode rewards of agent1: -340.92374
eval average episode rewards of agent2: -340.84943
eval average episode rewards of agent3: -340.87225
eval average episode rewards of agent4: -341.0031
eval average episode rewards of agent5: -340.99823
eval average episode rewards of agent6: -340.96695
eval average episode rewards of agent7: -340.93478
eval average episode rewards of agent8: -341.02475
eval average episode costs: Backlog: 90570.57, Inventory: 0.00, Maintenance: 16.14, Production: 2068.74, Setup: 1263.21, TOTAL: 93918.67

 Scenario BOSCH Algo rmappo Exp benchmark_24_8_4 updates 8555/10416 episodes, total num timesteps 2464128/3000000, FPS 81.


 Scenario BOSCH Algo rmappo Exp benchmark_24_8_4 updates 8560/10416 episodes, total num timesteps 2465568/3000000, FPS 81.


 Scenario BOSCH Algo rmappo Exp benchmark_24_8_4 updates 8565/10416 episodes, total num timesteps 2467008/3000000, FPS 81.


 Scenario BOSCH Algo rmappo Exp benchmark_24_8_4 updates 8570/10416 episodes, total num timesteps 2468448/3000000, FPS 81.


 Scenario BOSCH Algo rmappo Exp benchmark_24_8_4 updates 8575/10416 episodes, total num timesteps 2469888/3000000, FPS 81.


 Scenario BOSCH Algo rmappo Exp benchmark_24_8_4 updates 8580/10416 episodes, total num timesteps 2471328/3000000, FPS 81.


 Scenario BOSCH Algo rmappo Exp benchmark_24_8_4 updates 8585/10416 episodes, total num timesteps 2472768/3000000, FPS 81.


 Scenario BOSCH Algo rmappo Exp benchmark_24_8_4 updates 8590/10416 episodes, total num timesteps 2474208/3000000, FPS 81.


 Scenario BOSCH Algo rmappo Exp benchmark_24_8_4 updates 8595/10416 episodes, total num timesteps 2475648/3000000, FPS 81.


 Scenario BOSCH Algo rmappo Exp benchmark_24_8_4 updates 8600/10416 episodes, total num timesteps 2477088/3000000, FPS 81.


[EVAL] BOSCH MARL Inference Solving Time for 36 periods: 0.9409 seconds
eval average episode rewards of agent0: -367.41095
eval average episode rewards of agent1: -366.8056
eval average episode rewards of agent2: -366.66864
eval average episode rewards of agent3: -366.7011
eval average episode rewards of agent4: -366.83032
eval average episode rewards of agent5: -366.85602
eval average episode rewards of agent6: -366.84988
eval average episode rewards of agent7: -366.8329
eval average episode rewards of agent8: -366.85263
eval average episode costs: Backlog: 97166.05, Inventory: 0.00, Maintenance: 1244.82, Production: 1393.04, Setup: 613.35, TOTAL: 100417.26

 Scenario BOSCH Algo rmappo Exp benchmark_24_8_4 updates 8605/10416 episodes, total num timesteps 2478528/3000000, FPS 81.


 Scenario BOSCH Algo rmappo Exp benchmark_24_8_4 updates 8610/10416 episodes, total num timesteps 2479968/3000000, FPS 81.


 Scenario BOSCH Algo rmappo Exp benchmark_24_8_4 updates 8615/10416 episodes, total num timesteps 2481408/3000000, FPS 81.


 Scenario BOSCH Algo rmappo Exp benchmark_24_8_4 updates 8620/10416 episodes, total num timesteps 2482848/3000000, FPS 81.


 Scenario BOSCH Algo rmappo Exp benchmark_24_8_4 updates 8625/10416 episodes, total num timesteps 2484288/3000000, FPS 81.


 Scenario BOSCH Algo rmappo Exp benchmark_24_8_4 updates 8630/10416 episodes, total num timesteps 2485728/3000000, FPS 81.


 Scenario BOSCH Algo rmappo Exp benchmark_24_8_4 updates 8635/10416 episodes, total num timesteps 2487168/3000000, FPS 81.


 Scenario BOSCH Algo rmappo Exp benchmark_24_8_4 updates 8640/10416 episodes, total num timesteps 2488608/3000000, FPS 81.


 Scenario BOSCH Algo rmappo Exp benchmark_24_8_4 updates 8645/10416 episodes, total num timesteps 2490048/3000000, FPS 81.


 Scenario BOSCH Algo rmappo Exp benchmark_24_8_4 updates 8650/10416 episodes, total num timesteps 2491488/3000000, FPS 81.


[EVAL] BOSCH MARL Inference Solving Time for 36 periods: 1.0612 seconds
eval average episode rewards of agent0: -375.93207
eval average episode rewards of agent1: -375.56503
eval average episode rewards of agent2: -375.35938
eval average episode rewards of agent3: -375.57968
eval average episode rewards of agent4: -375.617
eval average episode rewards of agent5: -375.60013
eval average episode rewards of agent6: -375.6185
eval average episode rewards of agent7: -375.6315
eval average episode rewards of agent8: -375.60794
eval average episode costs: Backlog: 99395.88, Inventory: 0.00, Maintenance: 1637.13, Production: 1119.56, Setup: 463.57, TOTAL: 102616.12

 Scenario BOSCH Algo rmappo Exp benchmark_24_8_4 updates 8655/10416 episodes, total num timesteps 2492928/3000000, FPS 81.


 Scenario BOSCH Algo rmappo Exp benchmark_24_8_4 updates 8660/10416 episodes, total num timesteps 2494368/3000000, FPS 81.


 Scenario BOSCH Algo rmappo Exp benchmark_24_8_4 updates 8665/10416 episodes, total num timesteps 2495808/3000000, FPS 81.


 Scenario BOSCH Algo rmappo Exp benchmark_24_8_4 updates 8670/10416 episodes, total num timesteps 2497248/3000000, FPS 81.


 Scenario BOSCH Algo rmappo Exp benchmark_24_8_4 updates 8675/10416 episodes, total num timesteps 2498688/3000000, FPS 81.


 Scenario BOSCH Algo rmappo Exp benchmark_24_8_4 updates 8680/10416 episodes, total num timesteps 2500128/3000000, FPS 81.


 Scenario BOSCH Algo rmappo Exp benchmark_24_8_4 updates 8685/10416 episodes, total num timesteps 2501568/3000000, FPS 81.


 Scenario BOSCH Algo rmappo Exp benchmark_24_8_4 updates 8690/10416 episodes, total num timesteps 2503008/3000000, FPS 81.


 Scenario BOSCH Algo rmappo Exp benchmark_24_8_4 updates 8695/10416 episodes, total num timesteps 2504448/3000000, FPS 81.


 Scenario BOSCH Algo rmappo Exp benchmark_24_8_4 updates 8700/10416 episodes, total num timesteps 2505888/3000000, FPS 81.


[EVAL] BOSCH MARL Inference Solving Time for 36 periods: 1.0104 seconds
eval average episode rewards of agent0: -374.11383
eval average episode rewards of agent1: -373.55505
eval average episode rewards of agent2: -373.36148
eval average episode rewards of agent3: -373.54694
eval average episode rewards of agent4: -373.62268
eval average episode rewards of agent5: -373.63165
eval average episode rewards of agent6: -373.60196
eval average episode rewards of agent7: -373.65417
eval average episode rewards of agent8: -373.60907
eval average episode costs: Backlog: 98913.90, Inventory: 0.00, Maintenance: 1369.36, Production: 1147.58, Setup: 600.95, TOTAL: 102031.78

 Scenario BOSCH Algo rmappo Exp benchmark_24_8_4 updates 8705/10416 episodes, total num timesteps 2507328/3000000, FPS 81.


 Scenario BOSCH Algo rmappo Exp benchmark_24_8_4 updates 8710/10416 episodes, total num timesteps 2508768/3000000, FPS 81.


 Scenario BOSCH Algo rmappo Exp benchmark_24_8_4 updates 8715/10416 episodes, total num timesteps 2510208/3000000, FPS 81.


 Scenario BOSCH Algo rmappo Exp benchmark_24_8_4 updates 8720/10416 episodes, total num timesteps 2511648/3000000, FPS 81.


 Scenario BOSCH Algo rmappo Exp benchmark_24_8_4 updates 8725/10416 episodes, total num timesteps 2513088/3000000, FPS 81.


 Scenario BOSCH Algo rmappo Exp benchmark_24_8_4 updates 8730/10416 episodes, total num timesteps 2514528/3000000, FPS 81.


 Scenario BOSCH Algo rmappo Exp benchmark_24_8_4 updates 8735/10416 episodes, total num timesteps 2515968/3000000, FPS 81.


 Scenario BOSCH Algo rmappo Exp benchmark_24_8_4 updates 8740/10416 episodes, total num timesteps 2517408/3000000, FPS 81.


 Scenario BOSCH Algo rmappo Exp benchmark_24_8_4 updates 8745/10416 episodes, total num timesteps 2518848/3000000, FPS 81.


 Scenario BOSCH Algo rmappo Exp benchmark_24_8_4 updates 8750/10416 episodes, total num timesteps 2520288/3000000, FPS 81.


[EVAL] BOSCH MARL Inference Solving Time for 36 periods: 0.9689 seconds
eval average episode rewards of agent0: -385.5206
eval average episode rewards of agent1: -385.51257
eval average episode rewards of agent2: -385.3615
eval average episode rewards of agent3: -385.57233
eval average episode rewards of agent4: -385.5747
eval average episode rewards of agent5: -385.54742
eval average episode rewards of agent6: -385.57516
eval average episode rewards of agent7: -385.5966
eval average episode rewards of agent8: -385.5705
eval average episode costs: Backlog: 101946.47, Inventory: 0.00, Maintenance: 2072.11, Production: 743.21, Setup: 244.27, TOTAL: 105006.06

 Scenario BOSCH Algo rmappo Exp benchmark_24_8_4 updates 8755/10416 episodes, total num timesteps 2521728/3000000, FPS 81.


 Scenario BOSCH Algo rmappo Exp benchmark_24_8_4 updates 8760/10416 episodes, total num timesteps 2523168/3000000, FPS 81.


 Scenario BOSCH Algo rmappo Exp benchmark_24_8_4 updates 8765/10416 episodes, total num timesteps 2524608/3000000, FPS 81.


 Scenario BOSCH Algo rmappo Exp benchmark_24_8_4 updates 8770/10416 episodes, total num timesteps 2526048/3000000, FPS 81.


 Scenario BOSCH Algo rmappo Exp benchmark_24_8_4 updates 8775/10416 episodes, total num timesteps 2527488/3000000, FPS 81.


 Scenario BOSCH Algo rmappo Exp benchmark_24_8_4 updates 8780/10416 episodes, total num timesteps 2528928/3000000, FPS 81.


 Scenario BOSCH Algo rmappo Exp benchmark_24_8_4 updates 8785/10416 episodes, total num timesteps 2530368/3000000, FPS 81.


 Scenario BOSCH Algo rmappo Exp benchmark_24_8_4 updates 8790/10416 episodes, total num timesteps 2531808/3000000, FPS 81.


 Scenario BOSCH Algo rmappo Exp benchmark_24_8_4 updates 8795/10416 episodes, total num timesteps 2533248/3000000, FPS 81.


 Scenario BOSCH Algo rmappo Exp benchmark_24_8_4 updates 8800/10416 episodes, total num timesteps 2534688/3000000, FPS 81.


[EVAL] BOSCH MARL Inference Solving Time for 36 periods: 1.0043 seconds
eval average episode rewards of agent0: -387.64844
eval average episode rewards of agent1: -387.58966
eval average episode rewards of agent2: -387.59158
eval average episode rewards of agent3: -387.59076
eval average episode rewards of agent4: -387.65155
eval average episode rewards of agent5: -387.6643
eval average episode rewards of agent6: -387.6424
eval average episode rewards of agent7: -387.65582
eval average episode rewards of agent8: -387.6397
eval average episode costs: Backlog: 102469.48, Inventory: 0.00, Maintenance: 2097.54, Production: 723.19, Setup: 313.32, TOTAL: 105603.54

 Scenario BOSCH Algo rmappo Exp benchmark_24_8_4 updates 8805/10416 episodes, total num timesteps 2536128/3000000, FPS 81.


 Scenario BOSCH Algo rmappo Exp benchmark_24_8_4 updates 8810/10416 episodes, total num timesteps 2537568/3000000, FPS 81.


 Scenario BOSCH Algo rmappo Exp benchmark_24_8_4 updates 8815/10416 episodes, total num timesteps 2539008/3000000, FPS 81.


 Scenario BOSCH Algo rmappo Exp benchmark_24_8_4 updates 8820/10416 episodes, total num timesteps 2540448/3000000, FPS 81.


 Scenario BOSCH Algo rmappo Exp benchmark_24_8_4 updates 8825/10416 episodes, total num timesteps 2541888/3000000, FPS 81.


 Scenario BOSCH Algo rmappo Exp benchmark_24_8_4 updates 8830/10416 episodes, total num timesteps 2543328/3000000, FPS 81.


 Scenario BOSCH Algo rmappo Exp benchmark_24_8_4 updates 8835/10416 episodes, total num timesteps 2544768/3000000, FPS 81.


 Scenario BOSCH Algo rmappo Exp benchmark_24_8_4 updates 8840/10416 episodes, total num timesteps 2546208/3000000, FPS 81.


 Scenario BOSCH Algo rmappo Exp benchmark_24_8_4 updates 8845/10416 episodes, total num timesteps 2547648/3000000, FPS 81.


 Scenario BOSCH Algo rmappo Exp benchmark_24_8_4 updates 8850/10416 episodes, total num timesteps 2549088/3000000, FPS 81.


[EVAL] BOSCH MARL Inference Solving Time for 36 periods: 0.9411 seconds
eval average episode rewards of agent0: -384.76355
eval average episode rewards of agent1: -384.7104
eval average episode rewards of agent2: -384.6285
eval average episode rewards of agent3: -384.75165
eval average episode rewards of agent4: -384.77655
eval average episode rewards of agent5: -384.74408
eval average episode rewards of agent6: -384.76648
eval average episode rewards of agent7: -384.78384
eval average episode rewards of agent8: -384.75665
eval average episode costs: Backlog: 101686.85, Inventory: 0.00, Maintenance: 2186.43, Production: 814.64, Setup: 297.75, TOTAL: 104985.67

 Scenario BOSCH Algo rmappo Exp benchmark_24_8_4 updates 8855/10416 episodes, total num timesteps 2550528/3000000, FPS 81.


 Scenario BOSCH Algo rmappo Exp benchmark_24_8_4 updates 8860/10416 episodes, total num timesteps 2551968/3000000, FPS 81.


 Scenario BOSCH Algo rmappo Exp benchmark_24_8_4 updates 8865/10416 episodes, total num timesteps 2553408/3000000, FPS 81.


 Scenario BOSCH Algo rmappo Exp benchmark_24_8_4 updates 8870/10416 episodes, total num timesteps 2554848/3000000, FPS 81.


 Scenario BOSCH Algo rmappo Exp benchmark_24_8_4 updates 8875/10416 episodes, total num timesteps 2556288/3000000, FPS 81.


 Scenario BOSCH Algo rmappo Exp benchmark_24_8_4 updates 8880/10416 episodes, total num timesteps 2557728/3000000, FPS 81.


 Scenario BOSCH Algo rmappo Exp benchmark_24_8_4 updates 8885/10416 episodes, total num timesteps 2559168/3000000, FPS 81.


 Scenario BOSCH Algo rmappo Exp benchmark_24_8_4 updates 8890/10416 episodes, total num timesteps 2560608/3000000, FPS 81.


 Scenario BOSCH Algo rmappo Exp benchmark_24_8_4 updates 8895/10416 episodes, total num timesteps 2562048/3000000, FPS 81.


 Scenario BOSCH Algo rmappo Exp benchmark_24_8_4 updates 8900/10416 episodes, total num timesteps 2563488/3000000, FPS 81.


[EVAL] BOSCH MARL Inference Solving Time for 36 periods: 0.9502 seconds
eval average episode rewards of agent0: -389.80618
eval average episode rewards of agent1: -389.90405
eval average episode rewards of agent2: -389.90308
eval average episode rewards of agent3: -389.90848
eval average episode rewards of agent4: -389.95978
eval average episode rewards of agent5: -389.96652
eval average episode rewards of agent6: -389.96185
eval average episode rewards of agent7: -389.96594
eval average episode rewards of agent8: -389.93768
eval average episode costs: Backlog: 103048.77, Inventory: 0.00, Maintenance: 2311.52, Production: 559.24, Setup: 194.10, TOTAL: 106113.64

 Scenario BOSCH Algo rmappo Exp benchmark_24_8_4 updates 8905/10416 episodes, total num timesteps 2564928/3000000, FPS 81.


 Scenario BOSCH Algo rmappo Exp benchmark_24_8_4 updates 8910/10416 episodes, total num timesteps 2566368/3000000, FPS 81.


 Scenario BOSCH Algo rmappo Exp benchmark_24_8_4 updates 8915/10416 episodes, total num timesteps 2567808/3000000, FPS 81.


 Scenario BOSCH Algo rmappo Exp benchmark_24_8_4 updates 8920/10416 episodes, total num timesteps 2569248/3000000, FPS 81.


 Scenario BOSCH Algo rmappo Exp benchmark_24_8_4 updates 8925/10416 episodes, total num timesteps 2570688/3000000, FPS 81.


 Scenario BOSCH Algo rmappo Exp benchmark_24_8_4 updates 8930/10416 episodes, total num timesteps 2572128/3000000, FPS 81.


 Scenario BOSCH Algo rmappo Exp benchmark_24_8_4 updates 8935/10416 episodes, total num timesteps 2573568/3000000, FPS 81.


 Scenario BOSCH Algo rmappo Exp benchmark_24_8_4 updates 8940/10416 episodes, total num timesteps 2575008/3000000, FPS 81.


 Scenario BOSCH Algo rmappo Exp benchmark_24_8_4 updates 8945/10416 episodes, total num timesteps 2576448/3000000, FPS 81.


 Scenario BOSCH Algo rmappo Exp benchmark_24_8_4 updates 8950/10416 episodes, total num timesteps 2577888/3000000, FPS 81.


[EVAL] BOSCH MARL Inference Solving Time for 36 periods: 0.9351 seconds
eval average episode rewards of agent0: -385.88815
eval average episode rewards of agent1: -385.99203
eval average episode rewards of agent2: -385.94574
eval average episode rewards of agent3: -385.99594
eval average episode rewards of agent4: -386.05212
eval average episode rewards of agent5: -386.05646
eval average episode rewards of agent6: -386.0523
eval average episode rewards of agent7: -386.05295
eval average episode rewards of agent8: -386.03067
eval average episode costs: Backlog: 102034.77, Inventory: 0.00, Maintenance: 2262.99, Production: 694.10, Setup: 181.00, TOTAL: 105172.88

 Scenario BOSCH Algo rmappo Exp benchmark_24_8_4 updates 8955/10416 episodes, total num timesteps 2579328/3000000, FPS 81.


 Scenario BOSCH Algo rmappo Exp benchmark_24_8_4 updates 8960/10416 episodes, total num timesteps 2580768/3000000, FPS 81.


 Scenario BOSCH Algo rmappo Exp benchmark_24_8_4 updates 8965/10416 episodes, total num timesteps 2582208/3000000, FPS 81.


 Scenario BOSCH Algo rmappo Exp benchmark_24_8_4 updates 8970/10416 episodes, total num timesteps 2583648/3000000, FPS 81.


 Scenario BOSCH Algo rmappo Exp benchmark_24_8_4 updates 8975/10416 episodes, total num timesteps 2585088/3000000, FPS 81.


 Scenario BOSCH Algo rmappo Exp benchmark_24_8_4 updates 8980/10416 episodes, total num timesteps 2586528/3000000, FPS 81.


 Scenario BOSCH Algo rmappo Exp benchmark_24_8_4 updates 8985/10416 episodes, total num timesteps 2587968/3000000, FPS 81.


 Scenario BOSCH Algo rmappo Exp benchmark_24_8_4 updates 8990/10416 episodes, total num timesteps 2589408/3000000, FPS 81.


 Scenario BOSCH Algo rmappo Exp benchmark_24_8_4 updates 8995/10416 episodes, total num timesteps 2590848/3000000, FPS 81.


 Scenario BOSCH Algo rmappo Exp benchmark_24_8_4 updates 9000/10416 episodes, total num timesteps 2592288/3000000, FPS 81.


[EVAL] BOSCH MARL Inference Solving Time for 36 periods: 0.9692 seconds
eval average episode rewards of agent0: -377.90933
eval average episode rewards of agent1: -377.81134
eval average episode rewards of agent2: -377.62216
eval average episode rewards of agent3: -377.7702
eval average episode rewards of agent4: -377.87537
eval average episode rewards of agent5: -377.86826
eval average episode rewards of agent6: -377.8731
eval average episode rewards of agent7: -377.87628
eval average episode rewards of agent8: -377.849
eval average episode costs: Backlog: 99984.52, Inventory: 0.00, Maintenance: 1809.19, Production: 986.56, Setup: 286.68, TOTAL: 103066.95

 Scenario BOSCH Algo rmappo Exp benchmark_24_8_4 updates 9005/10416 episodes, total num timesteps 2593728/3000000, FPS 81.


 Scenario BOSCH Algo rmappo Exp benchmark_24_8_4 updates 9010/10416 episodes, total num timesteps 2595168/3000000, FPS 81.


 Scenario BOSCH Algo rmappo Exp benchmark_24_8_4 updates 9015/10416 episodes, total num timesteps 2596608/3000000, FPS 81.


 Scenario BOSCH Algo rmappo Exp benchmark_24_8_4 updates 9020/10416 episodes, total num timesteps 2598048/3000000, FPS 81.


 Scenario BOSCH Algo rmappo Exp benchmark_24_8_4 updates 9025/10416 episodes, total num timesteps 2599488/3000000, FPS 81.


 Scenario BOSCH Algo rmappo Exp benchmark_24_8_4 updates 9030/10416 episodes, total num timesteps 2600928/3000000, FPS 81.


 Scenario BOSCH Algo rmappo Exp benchmark_24_8_4 updates 9035/10416 episodes, total num timesteps 2602368/3000000, FPS 81.


 Scenario BOSCH Algo rmappo Exp benchmark_24_8_4 updates 9040/10416 episodes, total num timesteps 2603808/3000000, FPS 81.


 Scenario BOSCH Algo rmappo Exp benchmark_24_8_4 updates 9045/10416 episodes, total num timesteps 2605248/3000000, FPS 81.


 Scenario BOSCH Algo rmappo Exp benchmark_24_8_4 updates 9050/10416 episodes, total num timesteps 2606688/3000000, FPS 81.


[EVAL] BOSCH MARL Inference Solving Time for 36 periods: 0.9507 seconds
eval average episode rewards of agent0: -377.97858
eval average episode rewards of agent1: -377.87866
eval average episode rewards of agent2: -377.73676
eval average episode rewards of agent3: -377.83984
eval average episode rewards of agent4: -377.93622
eval average episode rewards of agent5: -377.9301
eval average episode rewards of agent6: -377.93597
eval average episode rewards of agent7: -377.93784
eval average episode rewards of agent8: -377.90976
eval average episode costs: Backlog: 100004.09, Inventory: 0.00, Maintenance: 1803.83, Production: 983.01, Setup: 288.00, TOTAL: 103078.95

 Scenario BOSCH Algo rmappo Exp benchmark_24_8_4 updates 9055/10416 episodes, total num timesteps 2608128/3000000, FPS 81.


 Scenario BOSCH Algo rmappo Exp benchmark_24_8_4 updates 9060/10416 episodes, total num timesteps 2609568/3000000, FPS 81.


 Scenario BOSCH Algo rmappo Exp benchmark_24_8_4 updates 9065/10416 episodes, total num timesteps 2611008/3000000, FPS 81.


 Scenario BOSCH Algo rmappo Exp benchmark_24_8_4 updates 9070/10416 episodes, total num timesteps 2612448/3000000, FPS 81.


 Scenario BOSCH Algo rmappo Exp benchmark_24_8_4 updates 9075/10416 episodes, total num timesteps 2613888/3000000, FPS 81.


 Scenario BOSCH Algo rmappo Exp benchmark_24_8_4 updates 9080/10416 episodes, total num timesteps 2615328/3000000, FPS 81.


 Scenario BOSCH Algo rmappo Exp benchmark_24_8_4 updates 9085/10416 episodes, total num timesteps 2616768/3000000, FPS 81.


 Scenario BOSCH Algo rmappo Exp benchmark_24_8_4 updates 9090/10416 episodes, total num timesteps 2618208/3000000, FPS 81.


 Scenario BOSCH Algo rmappo Exp benchmark_24_8_4 updates 9095/10416 episodes, total num timesteps 2619648/3000000, FPS 81.


 Scenario BOSCH Algo rmappo Exp benchmark_24_8_4 updates 9100/10416 episodes, total num timesteps 2621088/3000000, FPS 81.


[EVAL] BOSCH MARL Inference Solving Time for 36 periods: 0.9654 seconds
eval average episode rewards of agent0: -376.04315
eval average episode rewards of agent1: -375.8111
eval average episode rewards of agent2: -375.64737
eval average episode rewards of agent3: -375.847
eval average episode rewards of agent4: -375.87433
eval average episode rewards of agent5: -375.85803
eval average episode rewards of agent6: -375.87262
eval average episode rewards of agent7: -375.87805
eval average episode rewards of agent8: -375.8373
eval average episode costs: Backlog: 99442.09, Inventory: 0.00, Maintenance: 1783.74, Production: 1043.83, Setup: 385.09, TOTAL: 102654.75

 Scenario BOSCH Algo rmappo Exp benchmark_24_8_4 updates 9105/10416 episodes, total num timesteps 2622528/3000000, FPS 81.


 Scenario BOSCH Algo rmappo Exp benchmark_24_8_4 updates 9110/10416 episodes, total num timesteps 2623968/3000000, FPS 81.


 Scenario BOSCH Algo rmappo Exp benchmark_24_8_4 updates 9115/10416 episodes, total num timesteps 2625408/3000000, FPS 81.


 Scenario BOSCH Algo rmappo Exp benchmark_24_8_4 updates 9120/10416 episodes, total num timesteps 2626848/3000000, FPS 81.


 Scenario BOSCH Algo rmappo Exp benchmark_24_8_4 updates 9125/10416 episodes, total num timesteps 2628288/3000000, FPS 81.


 Scenario BOSCH Algo rmappo Exp benchmark_24_8_4 updates 9130/10416 episodes, total num timesteps 2629728/3000000, FPS 81.


 Scenario BOSCH Algo rmappo Exp benchmark_24_8_4 updates 9135/10416 episodes, total num timesteps 2631168/3000000, FPS 81.


 Scenario BOSCH Algo rmappo Exp benchmark_24_8_4 updates 9140/10416 episodes, total num timesteps 2632608/3000000, FPS 81.


 Scenario BOSCH Algo rmappo Exp benchmark_24_8_4 updates 9145/10416 episodes, total num timesteps 2634048/3000000, FPS 81.


 Scenario BOSCH Algo rmappo Exp benchmark_24_8_4 updates 9150/10416 episodes, total num timesteps 2635488/3000000, FPS 81.


[EVAL] BOSCH MARL Inference Solving Time for 36 periods: 0.9700 seconds
eval average episode rewards of agent0: -366.38177
eval average episode rewards of agent1: -365.68182
eval average episode rewards of agent2: -365.48035
eval average episode rewards of agent3: -365.69598
eval average episode rewards of agent4: -365.78162
eval average episode rewards of agent5: -365.7481
eval average episode rewards of agent6: -365.7461
eval average episode rewards of agent7: -365.77213
eval average episode rewards of agent8: -365.75812
eval average episode costs: Backlog: 96861.09, Inventory: 0.00, Maintenance: 1175.14, Production: 1465.98, Setup: 739.01, TOTAL: 100241.22

 Scenario BOSCH Algo rmappo Exp benchmark_24_8_4 updates 9155/10416 episodes, total num timesteps 2636928/3000000, FPS 81.


 Scenario BOSCH Algo rmappo Exp benchmark_24_8_4 updates 9160/10416 episodes, total num timesteps 2638368/3000000, FPS 81.


 Scenario BOSCH Algo rmappo Exp benchmark_24_8_4 updates 9165/10416 episodes, total num timesteps 2639808/3000000, FPS 81.


 Scenario BOSCH Algo rmappo Exp benchmark_24_8_4 updates 9170/10416 episodes, total num timesteps 2641248/3000000, FPS 81.


 Scenario BOSCH Algo rmappo Exp benchmark_24_8_4 updates 9175/10416 episodes, total num timesteps 2642688/3000000, FPS 81.


 Scenario BOSCH Algo rmappo Exp benchmark_24_8_4 updates 9180/10416 episodes, total num timesteps 2644128/3000000, FPS 81.


 Scenario BOSCH Algo rmappo Exp benchmark_24_8_4 updates 9185/10416 episodes, total num timesteps 2645568/3000000, FPS 81.


 Scenario BOSCH Algo rmappo Exp benchmark_24_8_4 updates 9190/10416 episodes, total num timesteps 2647008/3000000, FPS 81.


 Scenario BOSCH Algo rmappo Exp benchmark_24_8_4 updates 9195/10416 episodes, total num timesteps 2648448/3000000, FPS 81.


 Scenario BOSCH Algo rmappo Exp benchmark_24_8_4 updates 9200/10416 episodes, total num timesteps 2649888/3000000, FPS 81.


[EVAL] BOSCH MARL Inference Solving Time for 36 periods: 0.9581 seconds
eval average episode rewards of agent0: -366.5097
eval average episode rewards of agent1: -365.93054
eval average episode rewards of agent2: -365.82166
eval average episode rewards of agent3: -365.91547
eval average episode rewards of agent4: -366.01117
eval average episode rewards of agent5: -365.9974
eval average episode rewards of agent6: -365.9752
eval average episode rewards of agent7: -366.00558
eval average episode rewards of agent8: -365.99515
eval average episode costs: Backlog: 96994.52, Inventory: 0.00, Maintenance: 1039.89, Production: 1410.27, Setup: 634.89, TOTAL: 100079.57

 Scenario BOSCH Algo rmappo Exp benchmark_24_8_4 updates 9205/10416 episodes, total num timesteps 2651328/3000000, FPS 81.


 Scenario BOSCH Algo rmappo Exp benchmark_24_8_4 updates 9210/10416 episodes, total num timesteps 2652768/3000000, FPS 81.


 Scenario BOSCH Algo rmappo Exp benchmark_24_8_4 updates 9215/10416 episodes, total num timesteps 2654208/3000000, FPS 81.


 Scenario BOSCH Algo rmappo Exp benchmark_24_8_4 updates 9220/10416 episodes, total num timesteps 2655648/3000000, FPS 81.


 Scenario BOSCH Algo rmappo Exp benchmark_24_8_4 updates 9225/10416 episodes, total num timesteps 2657088/3000000, FPS 81.


 Scenario BOSCH Algo rmappo Exp benchmark_24_8_4 updates 9230/10416 episodes, total num timesteps 2658528/3000000, FPS 81.


 Scenario BOSCH Algo rmappo Exp benchmark_24_8_4 updates 9235/10416 episodes, total num timesteps 2659968/3000000, FPS 81.


 Scenario BOSCH Algo rmappo Exp benchmark_24_8_4 updates 9240/10416 episodes, total num timesteps 2661408/3000000, FPS 81.


 Scenario BOSCH Algo rmappo Exp benchmark_24_8_4 updates 9245/10416 episodes, total num timesteps 2662848/3000000, FPS 81.


 Scenario BOSCH Algo rmappo Exp benchmark_24_8_4 updates 9250/10416 episodes, total num timesteps 2664288/3000000, FPS 81.


[EVAL] BOSCH MARL Inference Solving Time for 36 periods: 0.9490 seconds
eval average episode rewards of agent0: -374.39645
eval average episode rewards of agent1: -374.13422
eval average episode rewards of agent2: -374.0001
eval average episode rewards of agent3: -374.12018
eval average episode rewards of agent4: -374.20477
eval average episode rewards of agent5: -374.21396
eval average episode rewards of agent6: -374.18744
eval average episode rewards of agent7: -374.20654
eval average episode rewards of agent8: -374.20178
eval average episode costs: Backlog: 99069.20, Inventory: 0.00, Maintenance: 1544.41, Production: 1093.35, Setup: 398.00, TOTAL: 102104.97

 Scenario BOSCH Algo rmappo Exp benchmark_24_8_4 updates 9255/10416 episodes, total num timesteps 2665728/3000000, FPS 81.


 Scenario BOSCH Algo rmappo Exp benchmark_24_8_4 updates 9260/10416 episodes, total num timesteps 2667168/3000000, FPS 81.


 Scenario BOSCH Algo rmappo Exp benchmark_24_8_4 updates 9265/10416 episodes, total num timesteps 2668608/3000000, FPS 81.


 Scenario BOSCH Algo rmappo Exp benchmark_24_8_4 updates 9270/10416 episodes, total num timesteps 2670048/3000000, FPS 81.


 Scenario BOSCH Algo rmappo Exp benchmark_24_8_4 updates 9275/10416 episodes, total num timesteps 2671488/3000000, FPS 81.


 Scenario BOSCH Algo rmappo Exp benchmark_24_8_4 updates 9280/10416 episodes, total num timesteps 2672928/3000000, FPS 81.


 Scenario BOSCH Algo rmappo Exp benchmark_24_8_4 updates 9285/10416 episodes, total num timesteps 2674368/3000000, FPS 81.


 Scenario BOSCH Algo rmappo Exp benchmark_24_8_4 updates 9290/10416 episodes, total num timesteps 2675808/3000000, FPS 81.


 Scenario BOSCH Algo rmappo Exp benchmark_24_8_4 updates 9295/10416 episodes, total num timesteps 2677248/3000000, FPS 81.


 Scenario BOSCH Algo rmappo Exp benchmark_24_8_4 updates 9300/10416 episodes, total num timesteps 2678688/3000000, FPS 81.


[EVAL] BOSCH MARL Inference Solving Time for 36 periods: 0.9509 seconds
eval average episode rewards of agent0: -374.76703
eval average episode rewards of agent1: -374.57172
eval average episode rewards of agent2: -374.4428
eval average episode rewards of agent3: -374.5543
eval average episode rewards of agent4: -374.653
eval average episode rewards of agent5: -374.64697
eval average episode rewards of agent6: -374.64032
eval average episode rewards of agent7: -374.64142
eval average episode rewards of agent8: -374.63522
eval average episode costs: Backlog: 99161.00, Inventory: 0.00, Maintenance: 1671.93, Production: 1094.18, Setup: 345.17, TOTAL: 102272.27

 Scenario BOSCH Algo rmappo Exp benchmark_24_8_4 updates 9305/10416 episodes, total num timesteps 2680128/3000000, FPS 81.


 Scenario BOSCH Algo rmappo Exp benchmark_24_8_4 updates 9310/10416 episodes, total num timesteps 2681568/3000000, FPS 81.


 Scenario BOSCH Algo rmappo Exp benchmark_24_8_4 updates 9315/10416 episodes, total num timesteps 2683008/3000000, FPS 81.


 Scenario BOSCH Algo rmappo Exp benchmark_24_8_4 updates 9320/10416 episodes, total num timesteps 2684448/3000000, FPS 81.


 Scenario BOSCH Algo rmappo Exp benchmark_24_8_4 updates 9325/10416 episodes, total num timesteps 2685888/3000000, FPS 81.


 Scenario BOSCH Algo rmappo Exp benchmark_24_8_4 updates 9330/10416 episodes, total num timesteps 2687328/3000000, FPS 81.


 Scenario BOSCH Algo rmappo Exp benchmark_24_8_4 updates 9335/10416 episodes, total num timesteps 2688768/3000000, FPS 81.


 Scenario BOSCH Algo rmappo Exp benchmark_24_8_4 updates 9340/10416 episodes, total num timesteps 2690208/3000000, FPS 82.


 Scenario BOSCH Algo rmappo Exp benchmark_24_8_4 updates 9345/10416 episodes, total num timesteps 2691648/3000000, FPS 82.


 Scenario BOSCH Algo rmappo Exp benchmark_24_8_4 updates 9350/10416 episodes, total num timesteps 2693088/3000000, FPS 82.


[EVAL] BOSCH MARL Inference Solving Time for 36 periods: 0.9486 seconds
eval average episode rewards of agent0: -371.3998
eval average episode rewards of agent1: -371.0799
eval average episode rewards of agent2: -370.90945
eval average episode rewards of agent3: -371.0828
eval average episode rewards of agent4: -371.17523
eval average episode rewards of agent5: -371.15527
eval average episode rewards of agent6: -371.13947
eval average episode rewards of agent7: -371.15665
eval average episode rewards of agent8: -371.1538
eval average episode costs: Backlog: 98289.10, Inventory: 0.00, Maintenance: 1425.58, Production: 1293.00, Setup: 431.34, TOTAL: 101439.02

 Scenario BOSCH Algo rmappo Exp benchmark_24_8_4 updates 9355/10416 episodes, total num timesteps 2694528/3000000, FPS 82.


 Scenario BOSCH Algo rmappo Exp benchmark_24_8_4 updates 9360/10416 episodes, total num timesteps 2695968/3000000, FPS 82.


 Scenario BOSCH Algo rmappo Exp benchmark_24_8_4 updates 9365/10416 episodes, total num timesteps 2697408/3000000, FPS 82.


 Scenario BOSCH Algo rmappo Exp benchmark_24_8_4 updates 9370/10416 episodes, total num timesteps 2698848/3000000, FPS 82.


 Scenario BOSCH Algo rmappo Exp benchmark_24_8_4 updates 9375/10416 episodes, total num timesteps 2700288/3000000, FPS 82.


 Scenario BOSCH Algo rmappo Exp benchmark_24_8_4 updates 9380/10416 episodes, total num timesteps 2701728/3000000, FPS 82.


 Scenario BOSCH Algo rmappo Exp benchmark_24_8_4 updates 9385/10416 episodes, total num timesteps 2703168/3000000, FPS 82.


 Scenario BOSCH Algo rmappo Exp benchmark_24_8_4 updates 9390/10416 episodes, total num timesteps 2704608/3000000, FPS 82.


 Scenario BOSCH Algo rmappo Exp benchmark_24_8_4 updates 9395/10416 episodes, total num timesteps 2706048/3000000, FPS 82.


 Scenario BOSCH Algo rmappo Exp benchmark_24_8_4 updates 9400/10416 episodes, total num timesteps 2707488/3000000, FPS 82.


[EVAL] BOSCH MARL Inference Solving Time for 36 periods: 0.9449 seconds
eval average episode rewards of agent0: -373.20197
eval average episode rewards of agent1: -372.92978
eval average episode rewards of agent2: -372.78635
eval average episode rewards of agent3: -372.90707
eval average episode rewards of agent4: -373.00992
eval average episode rewards of agent5: -373.01904
eval average episode rewards of agent6: -372.97476
eval average episode rewards of agent7: -372.9987
eval average episode rewards of agent8: -373.00082
eval average episode costs: Backlog: 98771.61, Inventory: 0.00, Maintenance: 1472.90, Production: 1204.90, Setup: 395.97, TOTAL: 101845.38

 Scenario BOSCH Algo rmappo Exp benchmark_24_8_4 updates 9405/10416 episodes, total num timesteps 2708928/3000000, FPS 82.


 Scenario BOSCH Algo rmappo Exp benchmark_24_8_4 updates 9410/10416 episodes, total num timesteps 2710368/3000000, FPS 82.


 Scenario BOSCH Algo rmappo Exp benchmark_24_8_4 updates 9415/10416 episodes, total num timesteps 2711808/3000000, FPS 82.


 Scenario BOSCH Algo rmappo Exp benchmark_24_8_4 updates 9420/10416 episodes, total num timesteps 2713248/3000000, FPS 82.


 Scenario BOSCH Algo rmappo Exp benchmark_24_8_4 updates 9425/10416 episodes, total num timesteps 2714688/3000000, FPS 82.


 Scenario BOSCH Algo rmappo Exp benchmark_24_8_4 updates 9430/10416 episodes, total num timesteps 2716128/3000000, FPS 82.


 Scenario BOSCH Algo rmappo Exp benchmark_24_8_4 updates 9435/10416 episodes, total num timesteps 2717568/3000000, FPS 82.


 Scenario BOSCH Algo rmappo Exp benchmark_24_8_4 updates 9440/10416 episodes, total num timesteps 2719008/3000000, FPS 82.


 Scenario BOSCH Algo rmappo Exp benchmark_24_8_4 updates 9445/10416 episodes, total num timesteps 2720448/3000000, FPS 82.


 Scenario BOSCH Algo rmappo Exp benchmark_24_8_4 updates 9450/10416 episodes, total num timesteps 2721888/3000000, FPS 82.


[EVAL] BOSCH MARL Inference Solving Time for 36 periods: 0.9394 seconds
eval average episode rewards of agent0: -372.9638
eval average episode rewards of agent1: -372.58112
eval average episode rewards of agent2: -372.32803
eval average episode rewards of agent3: -372.5974
eval average episode rewards of agent4: -372.68643
eval average episode rewards of agent5: -372.68854
eval average episode rewards of agent6: -372.6098
eval average episode rewards of agent7: -372.69223
eval average episode rewards of agent8: -372.67557
eval average episode costs: Backlog: 98802.88, Inventory: 0.00, Maintenance: 1033.71, Production: 1177.30, Setup: 438.91, TOTAL: 101452.80

 Scenario BOSCH Algo rmappo Exp benchmark_24_8_4 updates 9455/10416 episodes, total num timesteps 2723328/3000000, FPS 82.


 Scenario BOSCH Algo rmappo Exp benchmark_24_8_4 updates 9460/10416 episodes, total num timesteps 2724768/3000000, FPS 82.


 Scenario BOSCH Algo rmappo Exp benchmark_24_8_4 updates 9465/10416 episodes, total num timesteps 2726208/3000000, FPS 82.


 Scenario BOSCH Algo rmappo Exp benchmark_24_8_4 updates 9470/10416 episodes, total num timesteps 2727648/3000000, FPS 82.


 Scenario BOSCH Algo rmappo Exp benchmark_24_8_4 updates 9475/10416 episodes, total num timesteps 2729088/3000000, FPS 82.


 Scenario BOSCH Algo rmappo Exp benchmark_24_8_4 updates 9480/10416 episodes, total num timesteps 2730528/3000000, FPS 82.


 Scenario BOSCH Algo rmappo Exp benchmark_24_8_4 updates 9485/10416 episodes, total num timesteps 2731968/3000000, FPS 82.


 Scenario BOSCH Algo rmappo Exp benchmark_24_8_4 updates 9490/10416 episodes, total num timesteps 2733408/3000000, FPS 82.


 Scenario BOSCH Algo rmappo Exp benchmark_24_8_4 updates 9495/10416 episodes, total num timesteps 2734848/3000000, FPS 82.


 Scenario BOSCH Algo rmappo Exp benchmark_24_8_4 updates 9500/10416 episodes, total num timesteps 2736288/3000000, FPS 82.


[EVAL] BOSCH MARL Inference Solving Time for 36 periods: 0.9575 seconds
eval average episode rewards of agent0: -377.13043
eval average episode rewards of agent1: -377.03876
eval average episode rewards of agent2: -376.8968
eval average episode rewards of agent3: -377.01654
eval average episode rewards of agent4: -377.11243
eval average episode rewards of agent5: -377.1306
eval average episode rewards of agent6: -377.0908
eval average episode rewards of agent7: -377.1098
eval average episode rewards of agent8: -377.10468
eval average episode costs: Backlog: 99818.11, Inventory: 0.00, Maintenance: 1726.97, Production: 1004.25, Setup: 254.91, TOTAL: 102804.23

 Scenario BOSCH Algo rmappo Exp benchmark_24_8_4 updates 9505/10416 episodes, total num timesteps 2737728/3000000, FPS 82.


 Scenario BOSCH Algo rmappo Exp benchmark_24_8_4 updates 9510/10416 episodes, total num timesteps 2739168/3000000, FPS 82.


 Scenario BOSCH Algo rmappo Exp benchmark_24_8_4 updates 9515/10416 episodes, total num timesteps 2740608/3000000, FPS 82.


 Scenario BOSCH Algo rmappo Exp benchmark_24_8_4 updates 9520/10416 episodes, total num timesteps 2742048/3000000, FPS 82.


 Scenario BOSCH Algo rmappo Exp benchmark_24_8_4 updates 9525/10416 episodes, total num timesteps 2743488/3000000, FPS 82.


 Scenario BOSCH Algo rmappo Exp benchmark_24_8_4 updates 9530/10416 episodes, total num timesteps 2744928/3000000, FPS 82.


 Scenario BOSCH Algo rmappo Exp benchmark_24_8_4 updates 9535/10416 episodes, total num timesteps 2746368/3000000, FPS 82.


 Scenario BOSCH Algo rmappo Exp benchmark_24_8_4 updates 9540/10416 episodes, total num timesteps 2747808/3000000, FPS 82.


 Scenario BOSCH Algo rmappo Exp benchmark_24_8_4 updates 9545/10416 episodes, total num timesteps 2749248/3000000, FPS 82.


 Scenario BOSCH Algo rmappo Exp benchmark_24_8_4 updates 9550/10416 episodes, total num timesteps 2750688/3000000, FPS 82.


[EVAL] BOSCH MARL Inference Solving Time for 36 periods: 0.9540 seconds
eval average episode rewards of agent0: -375.77795
eval average episode rewards of agent1: -375.6441
eval average episode rewards of agent2: -375.5016
eval average episode rewards of agent3: -375.61597
eval average episode rewards of agent4: -375.71707
eval average episode rewards of agent5: -375.71747
eval average episode rewards of agent6: -375.68826
eval average episode rewards of agent7: -375.7018
eval average episode rewards of agent8: -375.69345
eval average episode costs: Backlog: 99415.59, Inventory: 0.00, Maintenance: 1784.71, Production: 1124.77, Setup: 307.46, TOTAL: 102632.53

 Scenario BOSCH Algo rmappo Exp benchmark_24_8_4 updates 9555/10416 episodes, total num timesteps 2752128/3000000, FPS 82.


 Scenario BOSCH Algo rmappo Exp benchmark_24_8_4 updates 9560/10416 episodes, total num timesteps 2753568/3000000, FPS 82.


 Scenario BOSCH Algo rmappo Exp benchmark_24_8_4 updates 9565/10416 episodes, total num timesteps 2755008/3000000, FPS 82.


 Scenario BOSCH Algo rmappo Exp benchmark_24_8_4 updates 9570/10416 episodes, total num timesteps 2756448/3000000, FPS 82.


 Scenario BOSCH Algo rmappo Exp benchmark_24_8_4 updates 9575/10416 episodes, total num timesteps 2757888/3000000, FPS 82.


 Scenario BOSCH Algo rmappo Exp benchmark_24_8_4 updates 9580/10416 episodes, total num timesteps 2759328/3000000, FPS 82.


 Scenario BOSCH Algo rmappo Exp benchmark_24_8_4 updates 9585/10416 episodes, total num timesteps 2760768/3000000, FPS 82.


 Scenario BOSCH Algo rmappo Exp benchmark_24_8_4 updates 9590/10416 episodes, total num timesteps 2762208/3000000, FPS 82.


 Scenario BOSCH Algo rmappo Exp benchmark_24_8_4 updates 9595/10416 episodes, total num timesteps 2763648/3000000, FPS 82.


 Scenario BOSCH Algo rmappo Exp benchmark_24_8_4 updates 9600/10416 episodes, total num timesteps 2765088/3000000, FPS 82.


[EVAL] BOSCH MARL Inference Solving Time for 36 periods: 0.9990 seconds
eval average episode rewards of agent0: -373.33365
eval average episode rewards of agent1: -373.1321
eval average episode rewards of agent2: -372.92633
eval average episode rewards of agent3: -373.06345
eval average episode rewards of agent4: -373.21072
eval average episode rewards of agent5: -373.2248
eval average episode rewards of agent6: -373.1728
eval average episode rewards of agent7: -373.18393
eval average episode rewards of agent8: -373.1934
eval average episode costs: Backlog: 98812.46, Inventory: 0.00, Maintenance: 1563.52, Production: 1165.93, Setup: 333.73, TOTAL: 101875.63

 Scenario BOSCH Algo rmappo Exp benchmark_24_8_4 updates 9605/10416 episodes, total num timesteps 2766528/3000000, FPS 82.


 Scenario BOSCH Algo rmappo Exp benchmark_24_8_4 updates 9610/10416 episodes, total num timesteps 2767968/3000000, FPS 82.


 Scenario BOSCH Algo rmappo Exp benchmark_24_8_4 updates 9615/10416 episodes, total num timesteps 2769408/3000000, FPS 82.


 Scenario BOSCH Algo rmappo Exp benchmark_24_8_4 updates 9620/10416 episodes, total num timesteps 2770848/3000000, FPS 82.


 Scenario BOSCH Algo rmappo Exp benchmark_24_8_4 updates 9625/10416 episodes, total num timesteps 2772288/3000000, FPS 82.


 Scenario BOSCH Algo rmappo Exp benchmark_24_8_4 updates 9630/10416 episodes, total num timesteps 2773728/3000000, FPS 82.


 Scenario BOSCH Algo rmappo Exp benchmark_24_8_4 updates 9635/10416 episodes, total num timesteps 2775168/3000000, FPS 82.


 Scenario BOSCH Algo rmappo Exp benchmark_24_8_4 updates 9640/10416 episodes, total num timesteps 2776608/3000000, FPS 82.


 Scenario BOSCH Algo rmappo Exp benchmark_24_8_4 updates 9645/10416 episodes, total num timesteps 2778048/3000000, FPS 82.


 Scenario BOSCH Algo rmappo Exp benchmark_24_8_4 updates 9650/10416 episodes, total num timesteps 2779488/3000000, FPS 82.


[EVAL] BOSCH MARL Inference Solving Time for 36 periods: 0.9662 seconds
eval average episode rewards of agent0: -369.4349
eval average episode rewards of agent1: -369.11194
eval average episode rewards of agent2: -368.96088
eval average episode rewards of agent3: -368.9642
eval average episode rewards of agent4: -369.18353
eval average episode rewards of agent5: -369.19574
eval average episode rewards of agent6: -369.18683
eval average episode rewards of agent7: -369.1928
eval average episode rewards of agent8: -369.1781
eval average episode costs: Backlog: 97728.23, Inventory: 0.00, Maintenance: 1571.99, Production: 1301.30, Setup: 429.26, TOTAL: 101030.78

 Scenario BOSCH Algo rmappo Exp benchmark_24_8_4 updates 9655/10416 episodes, total num timesteps 2780928/3000000, FPS 82.


 Scenario BOSCH Algo rmappo Exp benchmark_24_8_4 updates 9660/10416 episodes, total num timesteps 2782368/3000000, FPS 82.


 Scenario BOSCH Algo rmappo Exp benchmark_24_8_4 updates 9665/10416 episodes, total num timesteps 2783808/3000000, FPS 82.


 Scenario BOSCH Algo rmappo Exp benchmark_24_8_4 updates 9670/10416 episodes, total num timesteps 2785248/3000000, FPS 82.


 Scenario BOSCH Algo rmappo Exp benchmark_24_8_4 updates 9675/10416 episodes, total num timesteps 2786688/3000000, FPS 82.


 Scenario BOSCH Algo rmappo Exp benchmark_24_8_4 updates 9680/10416 episodes, total num timesteps 2788128/3000000, FPS 82.


 Scenario BOSCH Algo rmappo Exp benchmark_24_8_4 updates 9685/10416 episodes, total num timesteps 2789568/3000000, FPS 82.


 Scenario BOSCH Algo rmappo Exp benchmark_24_8_4 updates 9690/10416 episodes, total num timesteps 2791008/3000000, FPS 82.


 Scenario BOSCH Algo rmappo Exp benchmark_24_8_4 updates 9695/10416 episodes, total num timesteps 2792448/3000000, FPS 82.


 Scenario BOSCH Algo rmappo Exp benchmark_24_8_4 updates 9700/10416 episodes, total num timesteps 2793888/3000000, FPS 82.


[EVAL] BOSCH MARL Inference Solving Time for 36 periods: 0.9555 seconds
eval average episode rewards of agent0: -363.5737
eval average episode rewards of agent1: -362.94116
eval average episode rewards of agent2: -362.8238
eval average episode rewards of agent3: -362.85583
eval average episode rewards of agent4: -363.02423
eval average episode rewards of agent5: -363.03278
eval average episode rewards of agent6: -362.97452
eval average episode rewards of agent7: -363.02432
eval average episode rewards of agent8: -363.01108
eval average episode costs: Backlog: 96195.70, Inventory: 0.00, Maintenance: 1085.13, Production: 1519.78, Setup: 639.40, TOTAL: 99440.02

 Scenario BOSCH Algo rmappo Exp benchmark_24_8_4 updates 9705/10416 episodes, total num timesteps 2795328/3000000, FPS 82.


 Scenario BOSCH Algo rmappo Exp benchmark_24_8_4 updates 9710/10416 episodes, total num timesteps 2796768/3000000, FPS 82.


 Scenario BOSCH Algo rmappo Exp benchmark_24_8_4 updates 9715/10416 episodes, total num timesteps 2798208/3000000, FPS 82.


 Scenario BOSCH Algo rmappo Exp benchmark_24_8_4 updates 9720/10416 episodes, total num timesteps 2799648/3000000, FPS 82.


 Scenario BOSCH Algo rmappo Exp benchmark_24_8_4 updates 9725/10416 episodes, total num timesteps 2801088/3000000, FPS 82.


 Scenario BOSCH Algo rmappo Exp benchmark_24_8_4 updates 9730/10416 episodes, total num timesteps 2802528/3000000, FPS 82.


 Scenario BOSCH Algo rmappo Exp benchmark_24_8_4 updates 9735/10416 episodes, total num timesteps 2803968/3000000, FPS 82.


 Scenario BOSCH Algo rmappo Exp benchmark_24_8_4 updates 9740/10416 episodes, total num timesteps 2805408/3000000, FPS 82.


 Scenario BOSCH Algo rmappo Exp benchmark_24_8_4 updates 9745/10416 episodes, total num timesteps 2806848/3000000, FPS 82.


 Scenario BOSCH Algo rmappo Exp benchmark_24_8_4 updates 9750/10416 episodes, total num timesteps 2808288/3000000, FPS 82.


[EVAL] BOSCH MARL Inference Solving Time for 36 periods: 0.9635 seconds
eval average episode rewards of agent0: -362.30972
eval average episode rewards of agent1: -361.76312
eval average episode rewards of agent2: -361.62976
eval average episode rewards of agent3: -361.67334
eval average episode rewards of agent4: -361.83575
eval average episode rewards of agent5: -361.83954
eval average episode rewards of agent6: -361.77982
eval average episode rewards of agent7: -361.84512
eval average episode rewards of agent8: -361.83124
eval average episode costs: Backlog: 95907.33, Inventory: 0.00, Maintenance: 1076.33, Production: 1537.26, Setup: 559.73, TOTAL: 99080.64

 Scenario BOSCH Algo rmappo Exp benchmark_24_8_4 updates 9755/10416 episodes, total num timesteps 2809728/3000000, FPS 82.


 Scenario BOSCH Algo rmappo Exp benchmark_24_8_4 updates 9760/10416 episodes, total num timesteps 2811168/3000000, FPS 82.


 Scenario BOSCH Algo rmappo Exp benchmark_24_8_4 updates 9765/10416 episodes, total num timesteps 2812608/3000000, FPS 82.


 Scenario BOSCH Algo rmappo Exp benchmark_24_8_4 updates 9770/10416 episodes, total num timesteps 2814048/3000000, FPS 82.


 Scenario BOSCH Algo rmappo Exp benchmark_24_8_4 updates 9775/10416 episodes, total num timesteps 2815488/3000000, FPS 82.


 Scenario BOSCH Algo rmappo Exp benchmark_24_8_4 updates 9780/10416 episodes, total num timesteps 2816928/3000000, FPS 82.


 Scenario BOSCH Algo rmappo Exp benchmark_24_8_4 updates 9785/10416 episodes, total num timesteps 2818368/3000000, FPS 82.


 Scenario BOSCH Algo rmappo Exp benchmark_24_8_4 updates 9790/10416 episodes, total num timesteps 2819808/3000000, FPS 82.


 Scenario BOSCH Algo rmappo Exp benchmark_24_8_4 updates 9795/10416 episodes, total num timesteps 2821248/3000000, FPS 82.


 Scenario BOSCH Algo rmappo Exp benchmark_24_8_4 updates 9800/10416 episodes, total num timesteps 2822688/3000000, FPS 82.


[EVAL] BOSCH MARL Inference Solving Time for 36 periods: 0.9493 seconds
eval average episode rewards of agent0: -364.15033
eval average episode rewards of agent1: -363.64658
eval average episode rewards of agent2: -363.51657
eval average episode rewards of agent3: -363.55365
eval average episode rewards of agent4: -363.72726
eval average episode rewards of agent5: -363.7364
eval average episode rewards of agent6: -363.6788
eval average episode rewards of agent7: -363.72717
eval average episode rewards of agent8: -363.71982
eval average episode costs: Backlog: 96415.57, Inventory: 0.00, Maintenance: 1078.45, Production: 1421.56, Setup: 522.62, TOTAL: 99438.20

 Scenario BOSCH Algo rmappo Exp benchmark_24_8_4 updates 9805/10416 episodes, total num timesteps 2824128/3000000, FPS 82.


 Scenario BOSCH Algo rmappo Exp benchmark_24_8_4 updates 9810/10416 episodes, total num timesteps 2825568/3000000, FPS 82.


 Scenario BOSCH Algo rmappo Exp benchmark_24_8_4 updates 9815/10416 episodes, total num timesteps 2827008/3000000, FPS 82.


 Scenario BOSCH Algo rmappo Exp benchmark_24_8_4 updates 9820/10416 episodes, total num timesteps 2828448/3000000, FPS 82.


 Scenario BOSCH Algo rmappo Exp benchmark_24_8_4 updates 9825/10416 episodes, total num timesteps 2829888/3000000, FPS 82.


 Scenario BOSCH Algo rmappo Exp benchmark_24_8_4 updates 9830/10416 episodes, total num timesteps 2831328/3000000, FPS 82.


 Scenario BOSCH Algo rmappo Exp benchmark_24_8_4 updates 9835/10416 episodes, total num timesteps 2832768/3000000, FPS 82.


 Scenario BOSCH Algo rmappo Exp benchmark_24_8_4 updates 9840/10416 episodes, total num timesteps 2834208/3000000, FPS 82.


 Scenario BOSCH Algo rmappo Exp benchmark_24_8_4 updates 9845/10416 episodes, total num timesteps 2835648/3000000, FPS 82.


 Scenario BOSCH Algo rmappo Exp benchmark_24_8_4 updates 9850/10416 episodes, total num timesteps 2837088/3000000, FPS 82.


[EVAL] BOSCH MARL Inference Solving Time for 36 periods: 0.9624 seconds
eval average episode rewards of agent0: -364.62433
eval average episode rewards of agent1: -364.16656
eval average episode rewards of agent2: -364.01654
eval average episode rewards of agent3: -364.04855
eval average episode rewards of agent4: -364.23892
eval average episode rewards of agent5: -364.2486
eval average episode rewards of agent6: -364.19647
eval average episode rewards of agent7: -364.2338
eval average episode rewards of agent8: -364.2264
eval average episode costs: Backlog: 96548.18, Inventory: 0.00, Maintenance: 1109.30, Production: 1418.58, Setup: 491.23, TOTAL: 99567.30

 Scenario BOSCH Algo rmappo Exp benchmark_24_8_4 updates 9855/10416 episodes, total num timesteps 2838528/3000000, FPS 82.


 Scenario BOSCH Algo rmappo Exp benchmark_24_8_4 updates 9860/10416 episodes, total num timesteps 2839968/3000000, FPS 82.


 Scenario BOSCH Algo rmappo Exp benchmark_24_8_4 updates 9865/10416 episodes, total num timesteps 2841408/3000000, FPS 82.


 Scenario BOSCH Algo rmappo Exp benchmark_24_8_4 updates 9870/10416 episodes, total num timesteps 2842848/3000000, FPS 82.


 Scenario BOSCH Algo rmappo Exp benchmark_24_8_4 updates 9875/10416 episodes, total num timesteps 2844288/3000000, FPS 82.


 Scenario BOSCH Algo rmappo Exp benchmark_24_8_4 updates 9880/10416 episodes, total num timesteps 2845728/3000000, FPS 82.


 Scenario BOSCH Algo rmappo Exp benchmark_24_8_4 updates 9885/10416 episodes, total num timesteps 2847168/3000000, FPS 82.


 Scenario BOSCH Algo rmappo Exp benchmark_24_8_4 updates 9890/10416 episodes, total num timesteps 2848608/3000000, FPS 82.


 Scenario BOSCH Algo rmappo Exp benchmark_24_8_4 updates 9895/10416 episodes, total num timesteps 2850048/3000000, FPS 82.


 Scenario BOSCH Algo rmappo Exp benchmark_24_8_4 updates 9900/10416 episodes, total num timesteps 2851488/3000000, FPS 82.


[EVAL] BOSCH MARL Inference Solving Time for 36 periods: 0.9775 seconds
eval average episode rewards of agent0: -365.17563
eval average episode rewards of agent1: -364.67175
eval average episode rewards of agent2: -364.53033
eval average episode rewards of agent3: -364.55426
eval average episode rewards of agent4: -364.73492
eval average episode rewards of agent5: -364.74377
eval average episode rewards of agent6: -364.69888
eval average episode rewards of agent7: -364.7308
eval average episode rewards of agent8: -364.72537
eval average episode costs: Backlog: 96668.00, Inventory: 0.00, Maintenance: 1108.42, Production: 1382.36, Setup: 541.55, TOTAL: 99700.33

 Scenario BOSCH Algo rmappo Exp benchmark_24_8_4 updates 9905/10416 episodes, total num timesteps 2852928/3000000, FPS 82.


 Scenario BOSCH Algo rmappo Exp benchmark_24_8_4 updates 9910/10416 episodes, total num timesteps 2854368/3000000, FPS 82.


 Scenario BOSCH Algo rmappo Exp benchmark_24_8_4 updates 9915/10416 episodes, total num timesteps 2855808/3000000, FPS 82.


 Scenario BOSCH Algo rmappo Exp benchmark_24_8_4 updates 9920/10416 episodes, total num timesteps 2857248/3000000, FPS 82.


 Scenario BOSCH Algo rmappo Exp benchmark_24_8_4 updates 9925/10416 episodes, total num timesteps 2858688/3000000, FPS 82.


 Scenario BOSCH Algo rmappo Exp benchmark_24_8_4 updates 9930/10416 episodes, total num timesteps 2860128/3000000, FPS 82.


 Scenario BOSCH Algo rmappo Exp benchmark_24_8_4 updates 9935/10416 episodes, total num timesteps 2861568/3000000, FPS 82.


 Scenario BOSCH Algo rmappo Exp benchmark_24_8_4 updates 9940/10416 episodes, total num timesteps 2863008/3000000, FPS 82.


 Scenario BOSCH Algo rmappo Exp benchmark_24_8_4 updates 9945/10416 episodes, total num timesteps 2864448/3000000, FPS 82.


 Scenario BOSCH Algo rmappo Exp benchmark_24_8_4 updates 9950/10416 episodes, total num timesteps 2865888/3000000, FPS 82.


[EVAL] BOSCH MARL Inference Solving Time for 36 periods: 1.1108 seconds
eval average episode rewards of agent0: -362.68347
eval average episode rewards of agent1: -362.06683
eval average episode rewards of agent2: -361.91718
eval average episode rewards of agent3: -361.921
eval average episode rewards of agent4: -362.11972
eval average episode rewards of agent5: -362.12256
eval average episode rewards of agent6: -362.0872
eval average episode rewards of agent7: -362.112
eval average episode rewards of agent8: -362.1124
eval average episode costs: Backlog: 95968.98, Inventory: 0.00, Maintenance: 1038.76, Production: 1513.54, Setup: 651.96, TOTAL: 99173.22

 Scenario BOSCH Algo rmappo Exp benchmark_24_8_4 updates 9955/10416 episodes, total num timesteps 2867328/3000000, FPS 82.


 Scenario BOSCH Algo rmappo Exp benchmark_24_8_4 updates 9960/10416 episodes, total num timesteps 2868768/3000000, FPS 82.


 Scenario BOSCH Algo rmappo Exp benchmark_24_8_4 updates 9965/10416 episodes, total num timesteps 2870208/3000000, FPS 82.


 Scenario BOSCH Algo rmappo Exp benchmark_24_8_4 updates 9970/10416 episodes, total num timesteps 2871648/3000000, FPS 82.


 Scenario BOSCH Algo rmappo Exp benchmark_24_8_4 updates 9975/10416 episodes, total num timesteps 2873088/3000000, FPS 82.


 Scenario BOSCH Algo rmappo Exp benchmark_24_8_4 updates 9980/10416 episodes, total num timesteps 2874528/3000000, FPS 82.


 Scenario BOSCH Algo rmappo Exp benchmark_24_8_4 updates 9985/10416 episodes, total num timesteps 2875968/3000000, FPS 82.


 Scenario BOSCH Algo rmappo Exp benchmark_24_8_4 updates 9990/10416 episodes, total num timesteps 2877408/3000000, FPS 82.


 Scenario BOSCH Algo rmappo Exp benchmark_24_8_4 updates 9995/10416 episodes, total num timesteps 2878848/3000000, FPS 82.


 Scenario BOSCH Algo rmappo Exp benchmark_24_8_4 updates 10000/10416 episodes, total num timesteps 2880288/3000000, FPS 82.


[EVAL] BOSCH MARL Inference Solving Time for 36 periods: 0.9593 seconds
eval average episode rewards of agent0: -363.92398
eval average episode rewards of agent1: -363.3951
eval average episode rewards of agent2: -363.25922
eval average episode rewards of agent3: -363.2849
eval average episode rewards of agent4: -363.45453
eval average episode rewards of agent5: -363.47662
eval average episode rewards of agent6: -363.42963
eval average episode rewards of agent7: -363.4561
eval average episode rewards of agent8: -363.4537
eval average episode costs: Backlog: 96354.10, Inventory: 0.00, Maintenance: 1031.30, Production: 1419.22, Setup: 548.49, TOTAL: 99353.11

 Scenario BOSCH Algo rmappo Exp benchmark_24_8_4 updates 10005/10416 episodes, total num timesteps 2881728/3000000, FPS 82.


 Scenario BOSCH Algo rmappo Exp benchmark_24_8_4 updates 10010/10416 episodes, total num timesteps 2883168/3000000, FPS 82.


 Scenario BOSCH Algo rmappo Exp benchmark_24_8_4 updates 10015/10416 episodes, total num timesteps 2884608/3000000, FPS 82.


 Scenario BOSCH Algo rmappo Exp benchmark_24_8_4 updates 10020/10416 episodes, total num timesteps 2886048/3000000, FPS 82.


 Scenario BOSCH Algo rmappo Exp benchmark_24_8_4 updates 10025/10416 episodes, total num timesteps 2887488/3000000, FPS 82.


 Scenario BOSCH Algo rmappo Exp benchmark_24_8_4 updates 10030/10416 episodes, total num timesteps 2888928/3000000, FPS 82.


 Scenario BOSCH Algo rmappo Exp benchmark_24_8_4 updates 10035/10416 episodes, total num timesteps 2890368/3000000, FPS 82.


 Scenario BOSCH Algo rmappo Exp benchmark_24_8_4 updates 10040/10416 episodes, total num timesteps 2891808/3000000, FPS 82.


 Scenario BOSCH Algo rmappo Exp benchmark_24_8_4 updates 10045/10416 episodes, total num timesteps 2893248/3000000, FPS 82.


 Scenario BOSCH Algo rmappo Exp benchmark_24_8_4 updates 10050/10416 episodes, total num timesteps 2894688/3000000, FPS 82.


[EVAL] BOSCH MARL Inference Solving Time for 36 periods: 0.9542 seconds
eval average episode rewards of agent0: -364.94965
eval average episode rewards of agent1: -364.4328
eval average episode rewards of agent2: -364.29047
eval average episode rewards of agent3: -364.3042
eval average episode rewards of agent4: -364.48212
eval average episode rewards of agent5: -364.5018
eval average episode rewards of agent6: -364.4582
eval average episode rewards of agent7: -364.48053
eval average episode rewards of agent8: -364.48242
eval average episode costs: Backlog: 96612.48, Inventory: 0.00, Maintenance: 1069.81, Production: 1379.43, Setup: 552.46, TOTAL: 99614.16

 Scenario BOSCH Algo rmappo Exp benchmark_24_8_4 updates 10055/10416 episodes, total num timesteps 2896128/3000000, FPS 82.


 Scenario BOSCH Algo rmappo Exp benchmark_24_8_4 updates 10060/10416 episodes, total num timesteps 2897568/3000000, FPS 82.


 Scenario BOSCH Algo rmappo Exp benchmark_24_8_4 updates 10065/10416 episodes, total num timesteps 2899008/3000000, FPS 82.


 Scenario BOSCH Algo rmappo Exp benchmark_24_8_4 updates 10070/10416 episodes, total num timesteps 2900448/3000000, FPS 82.


 Scenario BOSCH Algo rmappo Exp benchmark_24_8_4 updates 10075/10416 episodes, total num timesteps 2901888/3000000, FPS 82.


 Scenario BOSCH Algo rmappo Exp benchmark_24_8_4 updates 10080/10416 episodes, total num timesteps 2903328/3000000, FPS 82.


 Scenario BOSCH Algo rmappo Exp benchmark_24_8_4 updates 10085/10416 episodes, total num timesteps 2904768/3000000, FPS 82.


 Scenario BOSCH Algo rmappo Exp benchmark_24_8_4 updates 10090/10416 episodes, total num timesteps 2906208/3000000, FPS 82.


 Scenario BOSCH Algo rmappo Exp benchmark_24_8_4 updates 10095/10416 episodes, total num timesteps 2907648/3000000, FPS 82.


 Scenario BOSCH Algo rmappo Exp benchmark_24_8_4 updates 10100/10416 episodes, total num timesteps 2909088/3000000, FPS 82.


[EVAL] BOSCH MARL Inference Solving Time for 36 periods: 0.9682 seconds
eval average episode rewards of agent0: -363.79742
eval average episode rewards of agent1: -363.19757
eval average episode rewards of agent2: -363.05963
eval average episode rewards of agent3: -363.07706
eval average episode rewards of agent4: -363.2472
eval average episode rewards of agent5: -363.26413
eval average episode rewards of agent6: -363.2268
eval average episode rewards of agent7: -363.2514
eval average episode rewards of agent8: -363.24725
eval average episode costs: Backlog: 96287.71, Inventory: 0.00, Maintenance: 1006.82, Production: 1424.65, Setup: 623.45, TOTAL: 99342.63

 Scenario BOSCH Algo rmappo Exp benchmark_24_8_4 updates 10105/10416 episodes, total num timesteps 2910528/3000000, FPS 82.


 Scenario BOSCH Algo rmappo Exp benchmark_24_8_4 updates 10110/10416 episodes, total num timesteps 2911968/3000000, FPS 82.


 Scenario BOSCH Algo rmappo Exp benchmark_24_8_4 updates 10115/10416 episodes, total num timesteps 2913408/3000000, FPS 82.


 Scenario BOSCH Algo rmappo Exp benchmark_24_8_4 updates 10120/10416 episodes, total num timesteps 2914848/3000000, FPS 82.


 Scenario BOSCH Algo rmappo Exp benchmark_24_8_4 updates 10125/10416 episodes, total num timesteps 2916288/3000000, FPS 82.


 Scenario BOSCH Algo rmappo Exp benchmark_24_8_4 updates 10130/10416 episodes, total num timesteps 2917728/3000000, FPS 82.


 Scenario BOSCH Algo rmappo Exp benchmark_24_8_4 updates 10135/10416 episodes, total num timesteps 2919168/3000000, FPS 82.


 Scenario BOSCH Algo rmappo Exp benchmark_24_8_4 updates 10140/10416 episodes, total num timesteps 2920608/3000000, FPS 82.


 Scenario BOSCH Algo rmappo Exp benchmark_24_8_4 updates 10145/10416 episodes, total num timesteps 2922048/3000000, FPS 82.


 Scenario BOSCH Algo rmappo Exp benchmark_24_8_4 updates 10150/10416 episodes, total num timesteps 2923488/3000000, FPS 82.


[EVAL] BOSCH MARL Inference Solving Time for 36 periods: 0.9894 seconds
eval average episode rewards of agent0: -362.54196
eval average episode rewards of agent1: -361.91077
eval average episode rewards of agent2: -361.7611
eval average episode rewards of agent3: -361.78302
eval average episode rewards of agent4: -361.95465
eval average episode rewards of agent5: -361.96567
eval average episode rewards of agent6: -361.93066
eval average episode rewards of agent7: -361.95914
eval average episode rewards of agent8: -361.9589
eval average episode costs: Backlog: 95933.20, Inventory: 0.00, Maintenance: 1015.66, Production: 1488.52, Setup: 663.16, TOTAL: 99100.52

 Scenario BOSCH Algo rmappo Exp benchmark_24_8_4 updates 10155/10416 episodes, total num timesteps 2924928/3000000, FPS 82.


 Scenario BOSCH Algo rmappo Exp benchmark_24_8_4 updates 10160/10416 episodes, total num timesteps 2926368/3000000, FPS 82.


 Scenario BOSCH Algo rmappo Exp benchmark_24_8_4 updates 10165/10416 episodes, total num timesteps 2927808/3000000, FPS 82.


 Scenario BOSCH Algo rmappo Exp benchmark_24_8_4 updates 10170/10416 episodes, total num timesteps 2929248/3000000, FPS 82.


 Scenario BOSCH Algo rmappo Exp benchmark_24_8_4 updates 10175/10416 episodes, total num timesteps 2930688/3000000, FPS 82.


 Scenario BOSCH Algo rmappo Exp benchmark_24_8_4 updates 10180/10416 episodes, total num timesteps 2932128/3000000, FPS 82.


 Scenario BOSCH Algo rmappo Exp benchmark_24_8_4 updates 10185/10416 episodes, total num timesteps 2933568/3000000, FPS 82.


 Scenario BOSCH Algo rmappo Exp benchmark_24_8_4 updates 10190/10416 episodes, total num timesteps 2935008/3000000, FPS 82.


 Scenario BOSCH Algo rmappo Exp benchmark_24_8_4 updates 10195/10416 episodes, total num timesteps 2936448/3000000, FPS 82.


 Scenario BOSCH Algo rmappo Exp benchmark_24_8_4 updates 10200/10416 episodes, total num timesteps 2937888/3000000, FPS 82.


[EVAL] BOSCH MARL Inference Solving Time for 36 periods: 1.0062 seconds
eval average episode rewards of agent0: -363.2431
eval average episode rewards of agent1: -362.6199
eval average episode rewards of agent2: -362.47336
eval average episode rewards of agent3: -362.4939
eval average episode rewards of agent4: -362.67426
eval average episode rewards of agent5: -362.68164
eval average episode rewards of agent6: -362.64368
eval average episode rewards of agent7: -362.66513
eval average episode rewards of agent8: -362.66678
eval average episode costs: Backlog: 96122.63, Inventory: 0.00, Maintenance: 1017.33, Production: 1464.05, Setup: 653.31, TOTAL: 99257.33

 Scenario BOSCH Algo rmappo Exp benchmark_24_8_4 updates 10205/10416 episodes, total num timesteps 2939328/3000000, FPS 82.


 Scenario BOSCH Algo rmappo Exp benchmark_24_8_4 updates 10210/10416 episodes, total num timesteps 2940768/3000000, FPS 82.


 Scenario BOSCH Algo rmappo Exp benchmark_24_8_4 updates 10215/10416 episodes, total num timesteps 2942208/3000000, FPS 82.


 Scenario BOSCH Algo rmappo Exp benchmark_24_8_4 updates 10220/10416 episodes, total num timesteps 2943648/3000000, FPS 82.


 Scenario BOSCH Algo rmappo Exp benchmark_24_8_4 updates 10225/10416 episodes, total num timesteps 2945088/3000000, FPS 82.


 Scenario BOSCH Algo rmappo Exp benchmark_24_8_4 updates 10230/10416 episodes, total num timesteps 2946528/3000000, FPS 82.


 Scenario BOSCH Algo rmappo Exp benchmark_24_8_4 updates 10235/10416 episodes, total num timesteps 2947968/3000000, FPS 82.


 Scenario BOSCH Algo rmappo Exp benchmark_24_8_4 updates 10240/10416 episodes, total num timesteps 2949408/3000000, FPS 82.


 Scenario BOSCH Algo rmappo Exp benchmark_24_8_4 updates 10245/10416 episodes, total num timesteps 2950848/3000000, FPS 82.


 Scenario BOSCH Algo rmappo Exp benchmark_24_8_4 updates 10250/10416 episodes, total num timesteps 2952288/3000000, FPS 82.


[EVAL] BOSCH MARL Inference Solving Time for 36 periods: 0.9749 seconds
eval average episode rewards of agent0: -363.48373
eval average episode rewards of agent1: -362.878
eval average episode rewards of agent2: -362.72714
eval average episode rewards of agent3: -362.745
eval average episode rewards of agent4: -362.93057
eval average episode rewards of agent5: -362.94614
eval average episode rewards of agent6: -362.9095
eval average episode rewards of agent7: -362.92413
eval average episode rewards of agent8: -362.93164
eval average episode costs: Backlog: 96179.89, Inventory: 0.00, Maintenance: 1063.79, Production: 1480.55, Setup: 640.08, TOTAL: 99364.30

 Scenario BOSCH Algo rmappo Exp benchmark_24_8_4 updates 10255/10416 episodes, total num timesteps 2953728/3000000, FPS 82.


 Scenario BOSCH Algo rmappo Exp benchmark_24_8_4 updates 10260/10416 episodes, total num timesteps 2955168/3000000, FPS 82.


 Scenario BOSCH Algo rmappo Exp benchmark_24_8_4 updates 10265/10416 episodes, total num timesteps 2956608/3000000, FPS 82.


 Scenario BOSCH Algo rmappo Exp benchmark_24_8_4 updates 10270/10416 episodes, total num timesteps 2958048/3000000, FPS 82.


 Scenario BOSCH Algo rmappo Exp benchmark_24_8_4 updates 10275/10416 episodes, total num timesteps 2959488/3000000, FPS 82.


 Scenario BOSCH Algo rmappo Exp benchmark_24_8_4 updates 10280/10416 episodes, total num timesteps 2960928/3000000, FPS 82.


 Scenario BOSCH Algo rmappo Exp benchmark_24_8_4 updates 10285/10416 episodes, total num timesteps 2962368/3000000, FPS 82.


 Scenario BOSCH Algo rmappo Exp benchmark_24_8_4 updates 10290/10416 episodes, total num timesteps 2963808/3000000, FPS 82.


 Scenario BOSCH Algo rmappo Exp benchmark_24_8_4 updates 10295/10416 episodes, total num timesteps 2965248/3000000, FPS 82.


 Scenario BOSCH Algo rmappo Exp benchmark_24_8_4 updates 10300/10416 episodes, total num timesteps 2966688/3000000, FPS 82.


[EVAL] BOSCH MARL Inference Solving Time for 36 periods: 0.9767 seconds
eval average episode rewards of agent0: -362.48608
eval average episode rewards of agent1: -361.82816
eval average episode rewards of agent2: -361.6762
eval average episode rewards of agent3: -361.6887
eval average episode rewards of agent4: -361.8799
eval average episode rewards of agent5: -361.88995
eval average episode rewards of agent6: -361.85052
eval average episode rewards of agent7: -361.87054
eval average episode rewards of agent8: -361.88245
eval average episode costs: Backlog: 95905.94, Inventory: 0.00, Maintenance: 1009.60, Production: 1523.26, Setup: 687.38, TOTAL: 99126.17

 Scenario BOSCH Algo rmappo Exp benchmark_24_8_4 updates 10305/10416 episodes, total num timesteps 2968128/3000000, FPS 82.


 Scenario BOSCH Algo rmappo Exp benchmark_24_8_4 updates 10310/10416 episodes, total num timesteps 2969568/3000000, FPS 82.


 Scenario BOSCH Algo rmappo Exp benchmark_24_8_4 updates 10315/10416 episodes, total num timesteps 2971008/3000000, FPS 82.


 Scenario BOSCH Algo rmappo Exp benchmark_24_8_4 updates 10320/10416 episodes, total num timesteps 2972448/3000000, FPS 82.


 Scenario BOSCH Algo rmappo Exp benchmark_24_8_4 updates 10325/10416 episodes, total num timesteps 2973888/3000000, FPS 82.


 Scenario BOSCH Algo rmappo Exp benchmark_24_8_4 updates 10330/10416 episodes, total num timesteps 2975328/3000000, FPS 82.


 Scenario BOSCH Algo rmappo Exp benchmark_24_8_4 updates 10335/10416 episodes, total num timesteps 2976768/3000000, FPS 82.


 Scenario BOSCH Algo rmappo Exp benchmark_24_8_4 updates 10340/10416 episodes, total num timesteps 2978208/3000000, FPS 82.


 Scenario BOSCH Algo rmappo Exp benchmark_24_8_4 updates 10345/10416 episodes, total num timesteps 2979648/3000000, FPS 82.


 Scenario BOSCH Algo rmappo Exp benchmark_24_8_4 updates 10350/10416 episodes, total num timesteps 2981088/3000000, FPS 82.


[EVAL] BOSCH MARL Inference Solving Time for 36 periods: 0.9919 seconds
eval average episode rewards of agent0: -361.9261
eval average episode rewards of agent1: -361.25616
eval average episode rewards of agent2: -361.1019
eval average episode rewards of agent3: -361.12827
eval average episode rewards of agent4: -361.30426
eval average episode rewards of agent5: -361.31302
eval average episode rewards of agent6: -361.27768
eval average episode rewards of agent7: -361.30597
eval average episode rewards of agent8: -361.3111
eval average episode costs: Backlog: 95749.03, Inventory: 0.00, Maintenance: 1021.28, Production: 1542.67, Setup: 699.19, TOTAL: 99012.18

 Scenario BOSCH Algo rmappo Exp benchmark_24_8_4 updates 10355/10416 episodes, total num timesteps 2982528/3000000, FPS 82.


 Scenario BOSCH Algo rmappo Exp benchmark_24_8_4 updates 10360/10416 episodes, total num timesteps 2983968/3000000, FPS 82.


 Scenario BOSCH Algo rmappo Exp benchmark_24_8_4 updates 10365/10416 episodes, total num timesteps 2985408/3000000, FPS 82.


 Scenario BOSCH Algo rmappo Exp benchmark_24_8_4 updates 10370/10416 episodes, total num timesteps 2986848/3000000, FPS 82.


 Scenario BOSCH Algo rmappo Exp benchmark_24_8_4 updates 10375/10416 episodes, total num timesteps 2988288/3000000, FPS 82.


 Scenario BOSCH Algo rmappo Exp benchmark_24_8_4 updates 10380/10416 episodes, total num timesteps 2989728/3000000, FPS 82.


 Scenario BOSCH Algo rmappo Exp benchmark_24_8_4 updates 10385/10416 episodes, total num timesteps 2991168/3000000, FPS 82.


 Scenario BOSCH Algo rmappo Exp benchmark_24_8_4 updates 10390/10416 episodes, total num timesteps 2992608/3000000, FPS 82.


 Scenario BOSCH Algo rmappo Exp benchmark_24_8_4 updates 10395/10416 episodes, total num timesteps 2994048/3000000, FPS 82.


 Scenario BOSCH Algo rmappo Exp benchmark_24_8_4 updates 10400/10416 episodes, total num timesteps 2995488/3000000, FPS 82.


[EVAL] BOSCH MARL Inference Solving Time for 36 periods: 0.9525 seconds
eval average episode rewards of agent0: -361.58395
eval average episode rewards of agent1: -360.9097
eval average episode rewards of agent2: -360.7514
eval average episode rewards of agent3: -360.7824
eval average episode rewards of agent4: -360.95657
eval average episode rewards of agent5: -360.96338
eval average episode rewards of agent6: -360.9271
eval average episode rewards of agent7: -360.9572
eval average episode rewards of agent8: -360.9625
eval average episode costs: Backlog: 95655.69, Inventory: 0.00, Maintenance: 1021.30, Production: 1548.91, Setup: 705.21, TOTAL: 98931.11

 Scenario BOSCH Algo rmappo Exp benchmark_24_8_4 updates 10405/10416 episodes, total num timesteps 2996928/3000000, FPS 82.


 Scenario BOSCH Algo rmappo Exp benchmark_24_8_4 updates 10410/10416 episodes, total num timesteps 2998368/3000000, FPS 82.


 Scenario BOSCH Algo rmappo Exp benchmark_24_8_4 updates 10415/10416 episodes, total num timesteps 2999808/3000000, FPS 82.


[Step 1] Training complete. Model copied to: /Users/nhi/thesis_14th-1/benchmark_results/24_8_4/model
Loaded 2 existing results for 24_8_4

[1/100] 24_8_4 instance 1
  Step1 only:  93373.94  (0.8s)
  Step1+2+3:   73003.03  (4.3s)
  RH2:         17716.51  (2035.5s)

[2/100] 24_8_4 instance 2
  Step1 only:  95476.79  (0.8s)
  Step1+2+3:   78041.98  (4.2s)
  RH2:         19628.28  (1983.6s)

[3/100] 24_8_4 instance 3
  Step1 only:  83585.12  (0.9s)
  Step1+2+3:   80513.18  (4.2s)
  RH2:         12232.63  (1982.0s)

[4/100] 24_8_4 instance 4
  Step1 only:  93600.75  (1.0s)
  Step1+2+3:   74609.19  (4.8s)
  RH2:         18094.82  (1514.2s)

[5/100] 24_8_4 instance 5
  Step1 only:  86384.20  (0.9s)
  Step1+2+3:   71141.08  (4.3s)
  RH2:         23348.60  (1982.0s)

[6/100] 24_8_4 instance 6
  Step1 only:  82488.33  (0.9s)
  Step1+2+3:   66041.67  (4.2s)
  RH2:         18252.05  (1981.3s)

[7/100] 24_8_4 instance 7
  Step1 only:  81070.53  (1.1s)
  Step1+2+3:   62956.67  (8.4s)
  RH2:         21222.17  (1980.7s)

[8/100] 24_8_4 instance 8
  Step1 only:  72625.11  (0.9s)
  Step1+2+3:   60522.67  (4.4s)
  RH2:         14661.40  (1980.5s)

[9/100] 24_8_4 instance 9
  Step1 only:  90280.66  (1.0s)
  Step1+2+3:   69784.10  (5.3s)
  RH2:         13940.56  (1980.8s)

[10/100] 24_8_4 instance 10
  Step1 only:  85633.12  (1.1s)
  Step1+2+3:   68620.74  (4.8s)
  RH2:         29563.74  (1979.2s)

======================================================================
SUMMARY: P=24 L=8 T=4  (10 instances)
======================================================================
Approach                 Mean      Std   vs RH2    AvgTime
----------------------------------------------------------
RH2 Baseline          18866.1   4784.4        —    1940.0s
Step 1+2+3            70523.4   6008.9   298.9%       4.9s
Step 1 only           86451.9   6632.3   385.1%       0.9s

Results saved to: /Users/nhi/thesis_14th-1/benchmark_results/24_8_4/comparison_100instances.json
[1;34mwandb[0m: 
[1;34mwandb[0m: 🚀 View run [33mrmappo_benchmark_24_8_4_seed1[0m at: [34mhttps://wandb.ai/tntvan-iac-instagram/BOSCH/runs/fgjtcy4r[0m
