wandb: Starting wandb agent 🕵️
wandb: [wandb.login()] Loaded credentials for https://api.wandb.ai from /Users/nhi/.netrc.
2026-05-17 18:02:57,130 - wandb.wandb_agent - INFO - Running runs: []
2026-05-17 18:02:57,778 - wandb.wandb_agent - INFO - Agent received command: run
2026-05-17 18:02:57,778 - wandb.wandb_agent - INFO - Agent starting run with config:
	activation_penalty: 0
	clip_param: 0.32406924004277177
	critic_lr: 0.00024965584585684284
	dense_production_reward: 0.7736237296546445
	dense_setup_penalty: 0.960151199532308
	entropy_coef: 0.002788631503688913
	gae_lambda: 0.9257782252696594
	gamma: 0.9714846325958104
	hidden_size: 256
	load_balance_penalty: 10
	lr: 5.0912806534458e-05
	ppo_epoch: 18
2026-05-17 18:02:57,783 - wandb.wandb_agent - INFO - About to run command: /usr/bin/env python3 /Users/nhi/thesis_14th-1/onpolicy/scripts/train_bosch_scripts/run_sweep.py --activation_penalty=0 --clip_param=0.32406924004277177 --critic_lr=0.00024965584585684284 --dense_production_reward=0.7736237296546445 --dense_setup_penalty=0.960151199532308 --entropy_coef=0.002788631503688913 --gae_lambda=0.9257782252696594 --gamma=0.9714846325958104 --hidden_size=256 --load_balance_penalty=10 --lr=5.0912806534458e-05 --ppo_epoch=18
wandb: [wandb.login()] Loaded credentials for https://api.wandb.ai from /Users/nhi/.netrc.
wandb: Currently logged in as: tntvan-iac (tntvan-iac-instagram) to https://api.wandb.ai. Use `wandb login --relogin` to force relogin
wandb: setting up run fpi28e5k
wandb: Tracking run with wandb version 0.26.1
wandb: Run data is saved locally in /Users/nhi/thesis_14th-1/onpolicy/scripts/train_bosch_scripts/wandb/run-20260517_180258-fpi28e5k
wandb: Run `wandb offline` to turn off syncing.
wandb: Syncing run wobbly-sweep-2
wandb: ⭐️ View project at https://wandb.ai/tntvan-iac-instagram/thesis_14th-1-onpolicy_scripts_train_bosch_scripts
wandb: 🧹 View sweep at https://wandb.ai/tntvan-iac-instagram/thesis_14th-1-onpolicy_scripts_train_bosch_scripts/sweeps/4p28qnnw
wandb: 🚀 View run at https://wandb.ai/tntvan-iac-instagram/thesis_14th-1-onpolicy_scripts_train_bosch_scripts/runs/fpi28e5k
wandb: WARNING Ignoring project 'BOSCH' when running a sweep.
wandb: WARNING Ignoring entity 'tntvan-iac-instagram' when running a sweep.
wandb: Finishing previous runs because reinit is set to True.
wandb: updating run metadata; uploading console lines 0-0
wandb: uploading wandb-metadata.json; uploading requirements.txt; uploading output.log; uploading wandb-summary.json; uploading config.yaml
2026-05-17 18:03:02,792 - wandb.wandb_agent - INFO - Running runs: ['fpi28e5k']
wandb: uploading requirements.txt; uploading output.log; uploading wandb-summary.json; uploading config.yaml
wandb: uploading summary, console lines 1-3
wandb: 🚀 View run wobbly-sweep-2 at: https://wandb.ai/tntvan-iac-instagram/thesis_14th-1-onpolicy_scripts_train_bosch_scripts/runs/fpi28e5k
wandb: ⭐️ View project at: https://wandb.ai/tntvan-iac-instagram/thesis_14th-1-onpolicy_scripts_train_bosch_scripts
wandb: Synced 5 W&B file(s), 0 media file(s), 0 artifact file(s) and 0 other file(s)
wandb: Find logs at: ./wandb/run-20260517_180258-fpi28e5k/logs
wandb: WARNING Using a boolean value for 'reinit' is deprecated. Use 'return_previous' or 'finish_previous' instead.
wandb: Tracking run with wandb version 0.26.1
wandb: Run data is saved locally in results/BOSCH/rmappo/sweep_5_2_4/wandb/run-20260517_180301-fpi28e5k
wandb: Run `wandb offline` to turn off syncing.
wandb: Syncing run rmappo_sweep_5_2_4_seed1
wandb: ⭐️ View project at https://wandb.ai/tntvan-iac-instagram/thesis_14th-1-onpolicy_scripts_train_bosch_scripts
wandb: 🧹 View sweep at https://wandb.ai/tntvan-iac-instagram/thesis_14th-1-onpolicy_scripts_train_bosch_scripts/sweeps/4p28qnnw
wandb: 🚀 View run at https://wandb.ai/tntvan-iac-instagram/thesis_14th-1-onpolicy_scripts_train_bosch_scripts/runs/fpi28e5k
BOSCH: using multiprocessing start_method='fork' on macOS.
wandb: Network error (ConnectionError), entering retry loop.
share_observation_space:  [Box(-inf, inf, (312,), float32), Box(-inf, inf, (312,), float32), Box(-inf, inf, (312,), float32)]
observation_space:  [Box(-inf, inf, (104,), float32), Box(-inf, inf, (104,), float32), Box(-inf, inf, (104,), float32)]
action_space:  [MultiDiscrete10, Discrete(7), Discrete(7)]
Using shared machine policy: agent 0 separate; agents 1..2 share.

 Scenario BOSCH Algo rmappo Exp sweep_5_2_4 updates 0/347 episodes, total num timesteps 288/100000, FPS 130.


[EVAL] BOSCH MARL Inference Solving Time for 36 periods: 0.6025 seconds
eval average episode rewards of agent0: -8.247077
eval average episode rewards of agent1: -0.25872186
eval average episode rewards of agent2: -0.37787473
eval average episode costs: Backlog: 2831.50, Inventory: 42.00, Maintenance: 22.27, Production: 3327.23, Setup: 698.01, TOTAL: 6921.01

 Scenario BOSCH Algo rmappo Exp sweep_5_2_4 updates 5/347 episodes, total num timesteps 1728/100000, FPS 112.


 Scenario BOSCH Algo rmappo Exp sweep_5_2_4 updates 10/347 episodes, total num timesteps 3168/100000, FPS 113.


 Scenario BOSCH Algo rmappo Exp sweep_5_2_4 updates 15/347 episodes, total num timesteps 4608/100000, FPS 112.


 Scenario BOSCH Algo rmappo Exp sweep_5_2_4 updates 20/347 episodes, total num timesteps 6048/100000, FPS 107.


 Scenario BOSCH Algo rmappo Exp sweep_5_2_4 updates 25/347 episodes, total num timesteps 7488/100000, FPS 105.


 Scenario BOSCH Algo rmappo Exp sweep_5_2_4 updates 30/347 episodes, total num timesteps 8928/100000, FPS 104.


 Scenario BOSCH Algo rmappo Exp sweep_5_2_4 updates 35/347 episodes, total num timesteps 10368/100000, FPS 103.


 Scenario BOSCH Algo rmappo Exp sweep_5_2_4 updates 40/347 episodes, total num timesteps 11808/100000, FPS 104.


 Scenario BOSCH Algo rmappo Exp sweep_5_2_4 updates 45/347 episodes, total num timesteps 13248/100000, FPS 104.


 Scenario BOSCH Algo rmappo Exp sweep_5_2_4 updates 50/347 episodes, total num timesteps 14688/100000, FPS 104.


[EVAL] BOSCH MARL Inference Solving Time for 36 periods: 0.6703 seconds
eval average episode rewards of agent0: -5.8627768
eval average episode rewards of agent1: -0.16374382
eval average episode rewards of agent2: -0.26887882
eval average episode costs: Backlog: 0.00, Inventory: 36.75, Maintenance: 33.55, Production: 4100.47, Setup: 876.47, TOTAL: 5047.24

 Scenario BOSCH Algo rmappo Exp sweep_5_2_4 updates 55/347 episodes, total num timesteps 16128/100000, FPS 103.


 Scenario BOSCH Algo rmappo Exp sweep_5_2_4 updates 60/347 episodes, total num timesteps 17568/100000, FPS 103.


 Scenario BOSCH Algo rmappo Exp sweep_5_2_4 updates 65/347 episodes, total num timesteps 19008/100000, FPS 103.


 Scenario BOSCH Algo rmappo Exp sweep_5_2_4 updates 70/347 episodes, total num timesteps 20448/100000, FPS 42.


 Scenario BOSCH Algo rmappo Exp sweep_5_2_4 updates 75/347 episodes, total num timesteps 21888/100000, FPS 40.


 Scenario BOSCH Algo rmappo Exp sweep_5_2_4 updates 80/347 episodes, total num timesteps 23328/100000, FPS 38.


 Scenario BOSCH Algo rmappo Exp sweep_5_2_4 updates 85/347 episodes, total num timesteps 24768/100000, FPS 20.


 Scenario BOSCH Algo rmappo Exp sweep_5_2_4 updates 90/347 episodes, total num timesteps 26208/100000, FPS 21.


 Scenario BOSCH Algo rmappo Exp sweep_5_2_4 updates 95/347 episodes, total num timesteps 27648/100000, FPS 10.


 Scenario BOSCH Algo rmappo Exp sweep_5_2_4 updates 100/347 episodes, total num timesteps 29088/100000, FPS 10.


[EVAL] BOSCH MARL Inference Solving Time for 36 periods: 0.6827 seconds
eval average episode rewards of agent0: -5.7030783
eval average episode rewards of agent1: -0.20961662
eval average episode rewards of agent2: -0.26697022
eval average episode costs: Backlog: 0.00, Inventory: 31.50, Maintenance: 22.33, Production: 3772.48, Setup: 925.85, TOTAL: 4752.16

 Scenario BOSCH Algo rmappo Exp sweep_5_2_4 updates 105/347 episodes, total num timesteps 30528/100000, FPS 11.


 Scenario BOSCH Algo rmappo Exp sweep_5_2_4 updates 110/347 episodes, total num timesteps 31968/100000, FPS 8.


 Scenario BOSCH Algo rmappo Exp sweep_5_2_4 updates 115/347 episodes, total num timesteps 33408/100000, FPS 7.


 Scenario BOSCH Algo rmappo Exp sweep_5_2_4 updates 120/347 episodes, total num timesteps 34848/100000, FPS 7.


 Scenario BOSCH Algo rmappo Exp sweep_5_2_4 updates 125/347 episodes, total num timesteps 36288/100000, FPS 7.


 Scenario BOSCH Algo rmappo Exp sweep_5_2_4 updates 130/347 episodes, total num timesteps 37728/100000, FPS 8.


 Scenario BOSCH Algo rmappo Exp sweep_5_2_4 updates 135/347 episodes, total num timesteps 39168/100000, FPS 8.


 Scenario BOSCH Algo rmappo Exp sweep_5_2_4 updates 140/347 episodes, total num timesteps 40608/100000, FPS 8.


 Scenario BOSCH Algo rmappo Exp sweep_5_2_4 updates 145/347 episodes, total num timesteps 42048/100000, FPS 8.


 Scenario BOSCH Algo rmappo Exp sweep_5_2_4 updates 150/347 episodes, total num timesteps 43488/100000, FPS 9.


[EVAL] BOSCH MARL Inference Solving Time for 36 periods: 0.6591 seconds
eval average episode rewards of agent0: -6.467164
eval average episode rewards of agent1: -0.08402467
eval average episode rewards of agent2: -0.2526377
eval average episode costs: Backlog: 0.00, Inventory: 33.25, Maintenance: 34.66, Production: 4233.99, Setup: 825.23, TOTAL: 5127.13

 Scenario BOSCH Algo rmappo Exp sweep_5_2_4 updates 155/347 episodes, total num timesteps 44928/100000, FPS 9.


 Scenario BOSCH Algo rmappo Exp sweep_5_2_4 updates 160/347 episodes, total num timesteps 46368/100000, FPS 9.


 Scenario BOSCH Algo rmappo Exp sweep_5_2_4 updates 165/347 episodes, total num timesteps 47808/100000, FPS 10.


 Scenario BOSCH Algo rmappo Exp sweep_5_2_4 updates 170/347 episodes, total num timesteps 49248/100000, FPS 10.


 Scenario BOSCH Algo rmappo Exp sweep_5_2_4 updates 175/347 episodes, total num timesteps 50688/100000, FPS 10.


 Scenario BOSCH Algo rmappo Exp sweep_5_2_4 updates 180/347 episodes, total num timesteps 52128/100000, FPS 10.


 Scenario BOSCH Algo rmappo Exp sweep_5_2_4 updates 185/347 episodes, total num timesteps 53568/100000, FPS 11.


 Scenario BOSCH Algo rmappo Exp sweep_5_2_4 updates 190/347 episodes, total num timesteps 55008/100000, FPS 11.


 Scenario BOSCH Algo rmappo Exp sweep_5_2_4 updates 195/347 episodes, total num timesteps 56448/100000, FPS 11.


 Scenario BOSCH Algo rmappo Exp sweep_5_2_4 updates 200/347 episodes, total num timesteps 57888/100000, FPS 11.


[EVAL] BOSCH MARL Inference Solving Time for 36 periods: 0.5774 seconds
eval average episode rewards of agent0: -6.1950884
eval average episode rewards of agent1: -0.18325649
eval average episode rewards of agent2: -0.15824084
eval average episode costs: Backlog: 0.00, Inventory: 14.00, Maintenance: 29.73, Production: 4326.86, Setup: 872.32, TOTAL: 5242.91

 Scenario BOSCH Algo rmappo Exp sweep_5_2_4 updates 205/347 episodes, total num timesteps 59328/100000, FPS 12.


 Scenario BOSCH Algo rmappo Exp sweep_5_2_4 updates 210/347 episodes, total num timesteps 60768/100000, FPS 12.


 Scenario BOSCH Algo rmappo Exp sweep_5_2_4 updates 215/347 episodes, total num timesteps 62208/100000, FPS 12.


 Scenario BOSCH Algo rmappo Exp sweep_5_2_4 updates 220/347 episodes, total num timesteps 63648/100000, FPS 12.


 Scenario BOSCH Algo rmappo Exp sweep_5_2_4 updates 225/347 episodes, total num timesteps 65088/100000, FPS 13.


 Scenario BOSCH Algo rmappo Exp sweep_5_2_4 updates 230/347 episodes, total num timesteps 66528/100000, FPS 13.


 Scenario BOSCH Algo rmappo Exp sweep_5_2_4 updates 235/347 episodes, total num timesteps 67968/100000, FPS 13.


 Scenario BOSCH Algo rmappo Exp sweep_5_2_4 updates 240/347 episodes, total num timesteps 69408/100000, FPS 13.


 Scenario BOSCH Algo rmappo Exp sweep_5_2_4 updates 245/347 episodes, total num timesteps 70848/100000, FPS 14.


 Scenario BOSCH Algo rmappo Exp sweep_5_2_4 updates 250/347 episodes, total num timesteps 72288/100000, FPS 14.


[EVAL] BOSCH MARL Inference Solving Time for 36 periods: 0.5347 seconds
eval average episode rewards of agent0: -5.5564394
eval average episode rewards of agent1: -0.18006079
eval average episode rewards of agent2: -0.16398674
eval average episode costs: Backlog: 0.00, Inventory: 42.00, Maintenance: 26.59, Production: 3915.10, Setup: 731.93, TOTAL: 4715.62

 Scenario BOSCH Algo rmappo Exp sweep_5_2_4 updates 255/347 episodes, total num timesteps 73728/100000, FPS 14.


 Scenario BOSCH Algo rmappo Exp sweep_5_2_4 updates 260/347 episodes, total num timesteps 75168/100000, FPS 14.


 Scenario BOSCH Algo rmappo Exp sweep_5_2_4 updates 265/347 episodes, total num timesteps 76608/100000, FPS 15.


 Scenario BOSCH Algo rmappo Exp sweep_5_2_4 updates 270/347 episodes, total num timesteps 78048/100000, FPS 15.


 Scenario BOSCH Algo rmappo Exp sweep_5_2_4 updates 275/347 episodes, total num timesteps 79488/100000, FPS 15.


 Scenario BOSCH Algo rmappo Exp sweep_5_2_4 updates 280/347 episodes, total num timesteps 80928/100000, FPS 15.


 Scenario BOSCH Algo rmappo Exp sweep_5_2_4 updates 285/347 episodes, total num timesteps 82368/100000, FPS 16.


 Scenario BOSCH Algo rmappo Exp sweep_5_2_4 updates 290/347 episodes, total num timesteps 83808/100000, FPS 16.


 Scenario BOSCH Algo rmappo Exp sweep_5_2_4 updates 295/347 episodes, total num timesteps 85248/100000, FPS 16.


 Scenario BOSCH Algo rmappo Exp sweep_5_2_4 updates 300/347 episodes, total num timesteps 86688/100000, FPS 16.


[EVAL] BOSCH MARL Inference Solving Time for 36 periods: 0.5362 seconds
eval average episode rewards of agent0: -5.8187156
eval average episode rewards of agent1: -0.04288422
eval average episode rewards of agent2: -0.119319275
eval average episode costs: Backlog: 0.00, Inventory: 36.75, Maintenance: 33.41, Production: 4117.32, Setup: 682.96, TOTAL: 4870.44

 Scenario BOSCH Algo rmappo Exp sweep_5_2_4 updates 305/347 episodes, total num timesteps 88128/100000, FPS 17.


 Scenario BOSCH Algo rmappo Exp sweep_5_2_4 updates 310/347 episodes, total num timesteps 89568/100000, FPS 17.


 Scenario BOSCH Algo rmappo Exp sweep_5_2_4 updates 315/347 episodes, total num timesteps 91008/100000, FPS 17.


 Scenario BOSCH Algo rmappo Exp sweep_5_2_4 updates 320/347 episodes, total num timesteps 92448/100000, FPS 17.


 Scenario BOSCH Algo rmappo Exp sweep_5_2_4 updates 325/347 episodes, total num timesteps 93888/100000, FPS 18.


 Scenario BOSCH Algo rmappo Exp sweep_5_2_4 updates 330/347 episodes, total num timesteps 95328/100000, FPS 18.


 Scenario BOSCH Algo rmappo Exp sweep_5_2_4 updates 335/347 episodes, total num timesteps 96768/100000, FPS 18.


 Scenario BOSCH Algo rmappo Exp sweep_5_2_4 updates 340/347 episodes, total num timesteps 98208/100000, FPS 18.


 Scenario BOSCH Algo rmappo Exp sweep_5_2_4 updates 345/347 episodes, total num timesteps 99648/100000, FPS 19.

[1;34mwandb[0m: 
[1;34mwandb[0m: 🚀 View run [33mrmappo_sweep_5_2_4_seed1[0m at: [34mhttps://wandb.ai/tntvan-iac-instagram/thesis_14th-1-onpolicy_scripts_train_bosch_scripts/runs/fpi28e5k[0m
2026-05-17 19:30:33,792 - wandb.wandb_agent - INFO - Cleaning up finished run: fpi28e5k
2026-05-17 19:30:34,852 - wandb.wandb_agent - INFO - Agent received command: run
2026-05-17 19:30:34,852 - wandb.wandb_agent - INFO - Agent starting run with config:
	activation_penalty: 50
	clip_param: 0.11092679841261106
	critic_lr: 0.00020102671181922453
	dense_production_reward: 1.5452698978299504
	dense_setup_penalty: 2.2244030105922135
	entropy_coef: 0.0013029420372031497
	gae_lambda: 0.983449968967264
	gamma: 0.997398090281342
	hidden_size: 256
	load_balance_penalty: 50
	lr: 2.0891132512800826e-05
	ppo_epoch: 5
2026-05-17 19:30:34,858 - wandb.wandb_agent - INFO - About to run command: /usr/bin/env python3 /Users/nhi/thesis_14th-1/onpolicy/scripts/train_bosch_scripts/run_sweep.py --activation_penalty=50 --clip_param=0.11092679841261106 --critic_lr=0.00020102671181922453 --dense_production_reward=1.5452698978299504 --dense_setup_penalty=2.2244030105922135 --entropy_coef=0.0013029420372031497 --gae_lambda=0.983449968967264 --gamma=0.997398090281342 --hidden_size=256 --load_balance_penalty=50 --lr=2.0891132512800826e-05 --ppo_epoch=5
wandb: [wandb.login()] Loaded credentials for https://api.wandb.ai from /Users/nhi/.netrc.
wandb: Currently logged in as: tntvan-iac (tntvan-iac-instagram) to https://api.wandb.ai. Use `wandb login --relogin` to force relogin
wandb: Tracking run with wandb version 0.26.1
wandb: Run data is saved locally in /Users/nhi/thesis_14th-1/onpolicy/scripts/train_bosch_scripts/wandb/run-20260517_193036-rnpqfrlc
wandb: Run `wandb offline` to turn off syncing.
wandb: Syncing run northern-sweep-3
wandb: ⭐️ View project at https://wandb.ai/tntvan-iac-instagram/thesis_14th-1-onpolicy_scripts_train_bosch_scripts
wandb: 🧹 View sweep at https://wandb.ai/tntvan-iac-instagram/thesis_14th-1-onpolicy_scripts_train_bosch_scripts/sweeps/4p28qnnw
wandb: 🚀 View run at https://wandb.ai/tntvan-iac-instagram/thesis_14th-1-onpolicy_scripts_train_bosch_scripts/runs/rnpqfrlc
wandb: WARNING Ignoring project 'BOSCH' when running a sweep.
wandb: WARNING Ignoring entity 'tntvan-iac-instagram' when running a sweep.
wandb: Finishing previous runs because reinit is set to True.
wandb: updating run metadata; uploading console lines 0-0
2026-05-17 19:30:39,868 - wandb.wandb_agent - INFO - Running runs: ['rnpqfrlc']
wandb: uploading wandb-summary.json; uploading config.yaml; uploading wandb-metadata.json; uploading requirements.txt; uploading output.log
wandb: uploading summary, console lines 0-3
wandb: 🚀 View run northern-sweep-3 at: https://wandb.ai/tntvan-iac-instagram/thesis_14th-1-onpolicy_scripts_train_bosch_scripts/runs/rnpqfrlc
wandb: ⭐️ View project at: https://wandb.ai/tntvan-iac-instagram/thesis_14th-1-onpolicy_scripts_train_bosch_scripts
wandb: Synced 5 W&B file(s), 0 media file(s), 0 artifact file(s) and 0 other file(s)
wandb: Find logs at: ./wandb/run-20260517_193036-rnpqfrlc/logs
wandb: WARNING Using a boolean value for 'reinit' is deprecated. Use 'return_previous' or 'finish_previous' instead.
wandb: Tracking run with wandb version 0.26.1
wandb: Run data is saved locally in results/BOSCH/rmappo/sweep_5_2_4/wandb/run-20260517_193039-rnpqfrlc
wandb: Run `wandb offline` to turn off syncing.
wandb: Syncing run rmappo_sweep_5_2_4_seed1
wandb: ⭐️ View project at https://wandb.ai/tntvan-iac-instagram/thesis_14th-1-onpolicy_scripts_train_bosch_scripts
wandb: 🧹 View sweep at https://wandb.ai/tntvan-iac-instagram/thesis_14th-1-onpolicy_scripts_train_bosch_scripts/sweeps/4p28qnnw
wandb: 🚀 View run at https://wandb.ai/tntvan-iac-instagram/thesis_14th-1-onpolicy_scripts_train_bosch_scripts/runs/rnpqfrlc
BOSCH: using multiprocessing start_method='fork' on macOS.
share_observation_space:  [Box(-inf, inf, (312,), float32), Box(-inf, inf, (312,), float32), Box(-inf, inf, (312,), float32)]
observation_space:  [Box(-inf, inf, (104,), float32), Box(-inf, inf, (104,), float32), Box(-inf, inf, (104,), float32)]
action_space:  [MultiDiscrete10, Discrete(7), Discrete(7)]
Using shared machine policy: agent 0 separate; agents 1..2 share.

 Scenario BOSCH Algo rmappo Exp sweep_5_2_4 updates 0/347 episodes, total num timesteps 288/100000, FPS 165.


[EVAL] BOSCH MARL Inference Solving Time for 36 periods: 0.4404 seconds
eval average episode rewards of agent0: -14.458776
eval average episode rewards of agent1: -1.1012504
eval average episode rewards of agent2: -0.93099487
eval average episode costs: Backlog: 10538.50, Inventory: 0.00, Maintenance: 814.13, Production: 1011.12, Setup: 110.47, TOTAL: 12474.21

 Scenario BOSCH Algo rmappo Exp sweep_5_2_4 updates 5/347 episodes, total num timesteps 1728/100000, FPS 161.


 Scenario BOSCH Algo rmappo Exp sweep_5_2_4 updates 10/347 episodes, total num timesteps 3168/100000, FPS 169.


 Scenario BOSCH Algo rmappo Exp sweep_5_2_4 updates 15/347 episodes, total num timesteps 4608/100000, FPS 168.


 Scenario BOSCH Algo rmappo Exp sweep_5_2_4 updates 20/347 episodes, total num timesteps 6048/100000, FPS 164.


 Scenario BOSCH Algo rmappo Exp sweep_5_2_4 updates 25/347 episodes, total num timesteps 7488/100000, FPS 162.


 Scenario BOSCH Algo rmappo Exp sweep_5_2_4 updates 30/347 episodes, total num timesteps 8928/100000, FPS 161.


 Scenario BOSCH Algo rmappo Exp sweep_5_2_4 updates 35/347 episodes, total num timesteps 10368/100000, FPS 161.


 Scenario BOSCH Algo rmappo Exp sweep_5_2_4 updates 40/347 episodes, total num timesteps 11808/100000, FPS 161.


 Scenario BOSCH Algo rmappo Exp sweep_5_2_4 updates 45/347 episodes, total num timesteps 13248/100000, FPS 161.


 Scenario BOSCH Algo rmappo Exp sweep_5_2_4 updates 50/347 episodes, total num timesteps 14688/100000, FPS 160.


[EVAL] BOSCH MARL Inference Solving Time for 36 periods: 0.9064 seconds
eval average episode rewards of agent0: -11.313865
eval average episode rewards of agent1: -0.6515331
eval average episode rewards of agent2: -0.58380157
eval average episode costs: Backlog: 6170.97, Inventory: 0.00, Maintenance: 385.26, Production: 2235.31, Setup: 273.24, TOTAL: 9064.78

 Scenario BOSCH Algo rmappo Exp sweep_5_2_4 updates 55/347 episodes, total num timesteps 16128/100000, FPS 158.


 Scenario BOSCH Algo rmappo Exp sweep_5_2_4 updates 60/347 episodes, total num timesteps 17568/100000, FPS 158.


 Scenario BOSCH Algo rmappo Exp sweep_5_2_4 updates 65/347 episodes, total num timesteps 19008/100000, FPS 157.


 Scenario BOSCH Algo rmappo Exp sweep_5_2_4 updates 70/347 episodes, total num timesteps 20448/100000, FPS 157.


 Scenario BOSCH Algo rmappo Exp sweep_5_2_4 updates 75/347 episodes, total num timesteps 21888/100000, FPS 156.


 Scenario BOSCH Algo rmappo Exp sweep_5_2_4 updates 80/347 episodes, total num timesteps 23328/100000, FPS 156.


 Scenario BOSCH Algo rmappo Exp sweep_5_2_4 updates 85/347 episodes, total num timesteps 24768/100000, FPS 155.


 Scenario BOSCH Algo rmappo Exp sweep_5_2_4 updates 90/347 episodes, total num timesteps 26208/100000, FPS 153.


 Scenario BOSCH Algo rmappo Exp sweep_5_2_4 updates 95/347 episodes, total num timesteps 27648/100000, FPS 152.


 Scenario BOSCH Algo rmappo Exp sweep_5_2_4 updates 100/347 episodes, total num timesteps 29088/100000, FPS 151.


[EVAL] BOSCH MARL Inference Solving Time for 36 periods: 1.1439 seconds
eval average episode rewards of agent0: -16.619942
eval average episode rewards of agent1: -0.6151083
eval average episode rewards of agent2: -0.30319697
eval average episode costs: Backlog: 0.00, Inventory: 31.50, Maintenance: 21.26, Production: 3745.00, Setup: 800.40, TOTAL: 4598.15

 Scenario BOSCH Algo rmappo Exp sweep_5_2_4 updates 105/347 episodes, total num timesteps 30528/100000, FPS 148.


 Scenario BOSCH Algo rmappo Exp sweep_5_2_4 updates 110/347 episodes, total num timesteps 31968/100000, FPS 147.


 Scenario BOSCH Algo rmappo Exp sweep_5_2_4 updates 115/347 episodes, total num timesteps 33408/100000, FPS 143.


 Scenario BOSCH Algo rmappo Exp sweep_5_2_4 updates 120/347 episodes, total num timesteps 34848/100000, FPS 141.


 Scenario BOSCH Algo rmappo Exp sweep_5_2_4 updates 125/347 episodes, total num timesteps 36288/100000, FPS 140.


 Scenario BOSCH Algo rmappo Exp sweep_5_2_4 updates 130/347 episodes, total num timesteps 37728/100000, FPS 139.


 Scenario BOSCH Algo rmappo Exp sweep_5_2_4 updates 135/347 episodes, total num timesteps 39168/100000, FPS 138.


 Scenario BOSCH Algo rmappo Exp sweep_5_2_4 updates 140/347 episodes, total num timesteps 40608/100000, FPS 137.


 Scenario BOSCH Algo rmappo Exp sweep_5_2_4 updates 145/347 episodes, total num timesteps 42048/100000, FPS 136.


 Scenario BOSCH Algo rmappo Exp sweep_5_2_4 updates 150/347 episodes, total num timesteps 43488/100000, FPS 136.


[EVAL] BOSCH MARL Inference Solving Time for 36 periods: 0.9491 seconds
eval average episode rewards of agent0: -11.699253
eval average episode rewards of agent1: -0.17203204
eval average episode rewards of agent2: -0.71822286
eval average episode costs: Backlog: 1977.50, Inventory: 29.75, Maintenance: 184.92, Production: 3478.73, Setup: 605.57, TOTAL: 6276.47

 Scenario BOSCH Algo rmappo Exp sweep_5_2_4 updates 155/347 episodes, total num timesteps 44928/100000, FPS 135.


 Scenario BOSCH Algo rmappo Exp sweep_5_2_4 updates 160/347 episodes, total num timesteps 46368/100000, FPS 134.


 Scenario BOSCH Algo rmappo Exp sweep_5_2_4 updates 165/347 episodes, total num timesteps 47808/100000, FPS 133.


 Scenario BOSCH Algo rmappo Exp sweep_5_2_4 updates 170/347 episodes, total num timesteps 49248/100000, FPS 132.


 Scenario BOSCH Algo rmappo Exp sweep_5_2_4 updates 175/347 episodes, total num timesteps 50688/100000, FPS 131.


 Scenario BOSCH Algo rmappo Exp sweep_5_2_4 updates 180/347 episodes, total num timesteps 52128/100000, FPS 130.


 Scenario BOSCH Algo rmappo Exp sweep_5_2_4 updates 185/347 episodes, total num timesteps 53568/100000, FPS 130.


 Scenario BOSCH Algo rmappo Exp sweep_5_2_4 updates 190/347 episodes, total num timesteps 55008/100000, FPS 129.


 Scenario BOSCH Algo rmappo Exp sweep_5_2_4 updates 195/347 episodes, total num timesteps 56448/100000, FPS 128.


 Scenario BOSCH Algo rmappo Exp sweep_5_2_4 updates 200/347 episodes, total num timesteps 57888/100000, FPS 127.


[EVAL] BOSCH MARL Inference Solving Time for 36 periods: 1.7906 seconds
eval average episode rewards of agent0: -15.960823
eval average episode rewards of agent1: -0.7217286
eval average episode rewards of agent2: -0.062670484
eval average episode costs: Backlog: 0.00, Inventory: 14.00, Maintenance: 25.42, Production: 3460.72, Setup: 699.15, TOTAL: 4199.29

 Scenario BOSCH Algo rmappo Exp sweep_5_2_4 updates 205/347 episodes, total num timesteps 59328/100000, FPS 126.


 Scenario BOSCH Algo rmappo Exp sweep_5_2_4 updates 210/347 episodes, total num timesteps 60768/100000, FPS 125.


 Scenario BOSCH Algo rmappo Exp sweep_5_2_4 updates 215/347 episodes, total num timesteps 62208/100000, FPS 125.


 Scenario BOSCH Algo rmappo Exp sweep_5_2_4 updates 220/347 episodes, total num timesteps 63648/100000, FPS 123.


 Scenario BOSCH Algo rmappo Exp sweep_5_2_4 updates 225/347 episodes, total num timesteps 65088/100000, FPS 122.


 Scenario BOSCH Algo rmappo Exp sweep_5_2_4 updates 230/347 episodes, total num timesteps 66528/100000, FPS 118.


 Scenario BOSCH Algo rmappo Exp sweep_5_2_4 updates 235/347 episodes, total num timesteps 67968/100000, FPS 116.


 Scenario BOSCH Algo rmappo Exp sweep_5_2_4 updates 240/347 episodes, total num timesteps 69408/100000, FPS 115.


 Scenario BOSCH Algo rmappo Exp sweep_5_2_4 updates 245/347 episodes, total num timesteps 70848/100000, FPS 114.


 Scenario BOSCH Algo rmappo Exp sweep_5_2_4 updates 250/347 episodes, total num timesteps 72288/100000, FPS 113.


[EVAL] BOSCH MARL Inference Solving Time for 36 periods: 1.6325 seconds
eval average episode rewards of agent0: -15.57741
eval average episode rewards of agent1: -0.34377393
eval average episode rewards of agent2: -0.6996271
eval average episode costs: Backlog: 0.00, Inventory: 42.00, Maintenance: 25.62, Production: 3840.68, Setup: 847.42, TOTAL: 4755.73

 Scenario BOSCH Algo rmappo Exp sweep_5_2_4 updates 255/347 episodes, total num timesteps 73728/100000, FPS 113.


 Scenario BOSCH Algo rmappo Exp sweep_5_2_4 updates 260/347 episodes, total num timesteps 75168/100000, FPS 112.


 Scenario BOSCH Algo rmappo Exp sweep_5_2_4 updates 265/347 episodes, total num timesteps 76608/100000, FPS 112.


 Scenario BOSCH Algo rmappo Exp sweep_5_2_4 updates 270/347 episodes, total num timesteps 78048/100000, FPS 112.


 Scenario BOSCH Algo rmappo Exp sweep_5_2_4 updates 275/347 episodes, total num timesteps 79488/100000, FPS 112.


 Scenario BOSCH Algo rmappo Exp sweep_5_2_4 updates 280/347 episodes, total num timesteps 80928/100000, FPS 112.


 Scenario BOSCH Algo rmappo Exp sweep_5_2_4 updates 285/347 episodes, total num timesteps 82368/100000, FPS 112.


 Scenario BOSCH Algo rmappo Exp sweep_5_2_4 updates 290/347 episodes, total num timesteps 83808/100000, FPS 112.


 Scenario BOSCH Algo rmappo Exp sweep_5_2_4 updates 295/347 episodes, total num timesteps 85248/100000, FPS 112.


 Scenario BOSCH Algo rmappo Exp sweep_5_2_4 updates 300/347 episodes, total num timesteps 86688/100000, FPS 111.


[EVAL] BOSCH MARL Inference Solving Time for 36 periods: 1.3587 seconds
eval average episode rewards of agent0: -14.725557
eval average episode rewards of agent1: -0.573195
eval average episode rewards of agent2: -0.23777382
eval average episode costs: Backlog: 0.00, Inventory: 36.75, Maintenance: 33.94, Production: 4045.32, Setup: 809.21, TOTAL: 4925.22

 Scenario BOSCH Algo rmappo Exp sweep_5_2_4 updates 305/347 episodes, total num timesteps 88128/100000, FPS 111.


 Scenario BOSCH Algo rmappo Exp sweep_5_2_4 updates 310/347 episodes, total num timesteps 89568/100000, FPS 111.


 Scenario BOSCH Algo rmappo Exp sweep_5_2_4 updates 315/347 episodes, total num timesteps 91008/100000, FPS 111.


 Scenario BOSCH Algo rmappo Exp sweep_5_2_4 updates 320/347 episodes, total num timesteps 92448/100000, FPS 110.


 Scenario BOSCH Algo rmappo Exp sweep_5_2_4 updates 325/347 episodes, total num timesteps 93888/100000, FPS 110.


 Scenario BOSCH Algo rmappo Exp sweep_5_2_4 updates 330/347 episodes, total num timesteps 95328/100000, FPS 110.


 Scenario BOSCH Algo rmappo Exp sweep_5_2_4 updates 335/347 episodes, total num timesteps 96768/100000, FPS 109.


 Scenario BOSCH Algo rmappo Exp sweep_5_2_4 updates 340/347 episodes, total num timesteps 98208/100000, FPS 109.


 Scenario BOSCH Algo rmappo Exp sweep_5_2_4 updates 345/347 episodes, total num timesteps 99648/100000, FPS 110.

[1;34mwandb[0m: 
[1;34mwandb[0m: 🚀 View run [33mrmappo_sweep_5_2_4_seed1[0m at: [34mhttps://wandb.ai/tntvan-iac-instagram/thesis_14th-1-onpolicy_scripts_train_bosch_scripts/runs/rnpqfrlc[0m
2026-05-17 19:45:57,048 - wandb.wandb_agent - INFO - Cleaning up finished run: rnpqfrlc
2026-05-17 19:45:57,875 - wandb.wandb_agent - INFO - Agent received command: run
2026-05-17 19:45:57,875 - wandb.wandb_agent - INFO - Agent starting run with config:
	activation_penalty: 100
	clip_param: 0.3991351409748827
	critic_lr: 1.1328295987457043e-05
	dense_production_reward: 1.0142236453968207
	dense_setup_penalty: 2.3497209143537976
	entropy_coef: 0.019565543730584
	gae_lambda: 0.9668116335373816
	gamma: 0.9827882332514964
	hidden_size: 64
	load_balance_penalty: 100
	lr: 0.0006974693048725264
	ppo_epoch: 19
2026-05-17 19:45:57,877 - wandb.wandb_agent - INFO - About to run command: /usr/bin/env python3 /Users/nhi/thesis_14th-1/onpolicy/scripts/train_bosch_scripts/run_sweep.py --activation_penalty=100 --clip_param=0.3991351409748827 --critic_lr=1.1328295987457043e-05 --dense_production_reward=1.0142236453968207 --dense_setup_penalty=2.3497209143537976 --entropy_coef=0.019565543730584 --gae_lambda=0.9668116335373816 --gamma=0.9827882332514964 --hidden_size=64 --load_balance_penalty=100 --lr=0.0006974693048725264 --ppo_epoch=19
wandb: [wandb.login()] Loaded credentials for https://api.wandb.ai from /Users/nhi/.netrc.
wandb: Currently logged in as: tntvan-iac (tntvan-iac-instagram) to https://api.wandb.ai. Use `wandb login --relogin` to force relogin
wandb: setting up run 3wmz36o2
wandb: Tracking run with wandb version 0.26.1
wandb: Run data is saved locally in /Users/nhi/thesis_14th-1/onpolicy/scripts/train_bosch_scripts/wandb/run-20260517_194559-3wmz36o2
wandb: Run `wandb offline` to turn off syncing.
wandb: Syncing run vivid-sweep-4
wandb: ⭐️ View project at https://wandb.ai/tntvan-iac-instagram/thesis_14th-1-onpolicy_scripts_train_bosch_scripts
wandb: 🧹 View sweep at https://wandb.ai/tntvan-iac-instagram/thesis_14th-1-onpolicy_scripts_train_bosch_scripts/sweeps/4p28qnnw
wandb: 🚀 View run at https://wandb.ai/tntvan-iac-instagram/thesis_14th-1-onpolicy_scripts_train_bosch_scripts/runs/3wmz36o2
wandb: WARNING Ignoring project 'BOSCH' when running a sweep.
wandb: WARNING Ignoring entity 'tntvan-iac-instagram' when running a sweep.
wandb: Finishing previous runs because reinit is set to True.
wandb: updating run metadata; uploading console lines 0-0
2026-05-17 19:46:02,883 - wandb.wandb_agent - INFO - Running runs: ['3wmz36o2']
wandb: uploading wandb-metadata.json; uploading requirements.txt; uploading output.log; uploading wandb-summary.json; uploading config.yaml
wandb: uploading wandb-metadata.json; uploading wandb-summary.json; uploading config.yaml
wandb: uploading wandb-metadata.json
wandb: 🚀 View run vivid-sweep-4 at: https://wandb.ai/tntvan-iac-instagram/thesis_14th-1-onpolicy_scripts_train_bosch_scripts/runs/3wmz36o2
wandb: ⭐️ View project at: https://wandb.ai/tntvan-iac-instagram/thesis_14th-1-onpolicy_scripts_train_bosch_scripts
wandb: Synced 5 W&B file(s), 0 media file(s), 0 artifact file(s) and 0 other file(s)
wandb: Find logs at: ./wandb/run-20260517_194559-3wmz36o2/logs
wandb: WARNING Using a boolean value for 'reinit' is deprecated. Use 'return_previous' or 'finish_previous' instead.
wandb: Tracking run with wandb version 0.26.1
wandb: Run data is saved locally in results/BOSCH/rmappo/sweep_5_2_4/wandb/run-20260517_194602-3wmz36o2
wandb: Run `wandb offline` to turn off syncing.
wandb: Syncing run rmappo_sweep_5_2_4_seed1
wandb: ⭐️ View project at https://wandb.ai/tntvan-iac-instagram/thesis_14th-1-onpolicy_scripts_train_bosch_scripts
wandb: 🧹 View sweep at https://wandb.ai/tntvan-iac-instagram/thesis_14th-1-onpolicy_scripts_train_bosch_scripts/sweeps/4p28qnnw
wandb: 🚀 View run at https://wandb.ai/tntvan-iac-instagram/thesis_14th-1-onpolicy_scripts_train_bosch_scripts/runs/3wmz36o2
BOSCH: using multiprocessing start_method='fork' on macOS.
share_observation_space:  [Box(-inf, inf, (312,), float32), Box(-inf, inf, (312,), float32), Box(-inf, inf, (312,), float32)]
observation_space:  [Box(-inf, inf, (104,), float32), Box(-inf, inf, (104,), float32), Box(-inf, inf, (104,), float32)]
action_space:  [MultiDiscrete10, Discrete(7), Discrete(7)]
Using shared machine policy: agent 0 separate; agents 1..2 share.

 Scenario BOSCH Algo rmappo Exp sweep_5_2_4 updates 0/347 episodes, total num timesteps 288/100000, FPS 162.


[EVAL] BOSCH MARL Inference Solving Time for 36 periods: 0.5624 seconds
eval average episode rewards of agent0: -24.6948
eval average episode rewards of agent1: -0.8715321
eval average episode rewards of agent2: -0.8738004
eval average episode costs: Backlog: 5808.25, Inventory: 35.00, Maintenance: 93.95, Production: 3002.36, Setup: 579.57, TOTAL: 9519.12

 Scenario BOSCH Algo rmappo Exp sweep_5_2_4 updates 5/347 episodes, total num timesteps 1728/100000, FPS 141.


 Scenario BOSCH Algo rmappo Exp sweep_5_2_4 updates 10/347 episodes, total num timesteps 3168/100000, FPS 130.


 Scenario BOSCH Algo rmappo Exp sweep_5_2_4 updates 15/347 episodes, total num timesteps 4608/100000, FPS 127.


 Scenario BOSCH Algo rmappo Exp sweep_5_2_4 updates 20/347 episodes, total num timesteps 6048/100000, FPS 127.


 Scenario BOSCH Algo rmappo Exp sweep_5_2_4 updates 25/347 episodes, total num timesteps 7488/100000, FPS 124.


 Scenario BOSCH Algo rmappo Exp sweep_5_2_4 updates 30/347 episodes, total num timesteps 8928/100000, FPS 122.


 Scenario BOSCH Algo rmappo Exp sweep_5_2_4 updates 35/347 episodes, total num timesteps 10368/100000, FPS 121.


 Scenario BOSCH Algo rmappo Exp sweep_5_2_4 updates 40/347 episodes, total num timesteps 11808/100000, FPS 120.


 Scenario BOSCH Algo rmappo Exp sweep_5_2_4 updates 45/347 episodes, total num timesteps 13248/100000, FPS 119.


 Scenario BOSCH Algo rmappo Exp sweep_5_2_4 updates 50/347 episodes, total num timesteps 14688/100000, FPS 118.


[EVAL] BOSCH MARL Inference Solving Time for 36 periods: 0.8152 seconds
eval average episode rewards of agent0: -21.193068
eval average episode rewards of agent1: -1.0073992
eval average episode rewards of agent2: -0.89758617
eval average episode costs: Backlog: 5593.00, Inventory: 36.75, Maintenance: 33.65, Production: 4387.34, Setup: 857.29, TOTAL: 10908.03

 Scenario BOSCH Algo rmappo Exp sweep_5_2_4 updates 55/347 episodes, total num timesteps 16128/100000, FPS 118.


 Scenario BOSCH Algo rmappo Exp sweep_5_2_4 updates 60/347 episodes, total num timesteps 17568/100000, FPS 119.


 Scenario BOSCH Algo rmappo Exp sweep_5_2_4 updates 65/347 episodes, total num timesteps 19008/100000, FPS 119.


 Scenario BOSCH Algo rmappo Exp sweep_5_2_4 updates 70/347 episodes, total num timesteps 20448/100000, FPS 120.


 Scenario BOSCH Algo rmappo Exp sweep_5_2_4 updates 75/347 episodes, total num timesteps 21888/100000, FPS 120.


 Scenario BOSCH Algo rmappo Exp sweep_5_2_4 updates 80/347 episodes, total num timesteps 23328/100000, FPS 120.


 Scenario BOSCH Algo rmappo Exp sweep_5_2_4 updates 85/347 episodes, total num timesteps 24768/100000, FPS 121.


 Scenario BOSCH Algo rmappo Exp sweep_5_2_4 updates 90/347 episodes, total num timesteps 26208/100000, FPS 121.


 Scenario BOSCH Algo rmappo Exp sweep_5_2_4 updates 95/347 episodes, total num timesteps 27648/100000, FPS 121.


 Scenario BOSCH Algo rmappo Exp sweep_5_2_4 updates 100/347 episodes, total num timesteps 29088/100000, FPS 121.


[EVAL] BOSCH MARL Inference Solving Time for 36 periods: 0.7302 seconds
eval average episode rewards of agent0: -16.029915
eval average episode rewards of agent1: -0.6318002
eval average episode rewards of agent2: -0.8538728
eval average episode costs: Backlog: 924.00, Inventory: 42.00, Maintenance: 166.99, Production: 3795.17, Setup: 758.75, TOTAL: 5686.91

 Scenario BOSCH Algo rmappo Exp sweep_5_2_4 updates 105/347 episodes, total num timesteps 30528/100000, FPS 122.


 Scenario BOSCH Algo rmappo Exp sweep_5_2_4 updates 110/347 episodes, total num timesteps 31968/100000, FPS 122.


 Scenario BOSCH Algo rmappo Exp sweep_5_2_4 updates 115/347 episodes, total num timesteps 33408/100000, FPS 122.


 Scenario BOSCH Algo rmappo Exp sweep_5_2_4 updates 120/347 episodes, total num timesteps 34848/100000, FPS 121.


 Scenario BOSCH Algo rmappo Exp sweep_5_2_4 updates 125/347 episodes, total num timesteps 36288/100000, FPS 120.


 Scenario BOSCH Algo rmappo Exp sweep_5_2_4 updates 130/347 episodes, total num timesteps 37728/100000, FPS 120.


 Scenario BOSCH Algo rmappo Exp sweep_5_2_4 updates 135/347 episodes, total num timesteps 39168/100000, FPS 120.


 Scenario BOSCH Algo rmappo Exp sweep_5_2_4 updates 140/347 episodes, total num timesteps 40608/100000, FPS 119.


 Scenario BOSCH Algo rmappo Exp sweep_5_2_4 updates 145/347 episodes, total num timesteps 42048/100000, FPS 119.


 Scenario BOSCH Algo rmappo Exp sweep_5_2_4 updates 150/347 episodes, total num timesteps 43488/100000, FPS 118.


[EVAL] BOSCH MARL Inference Solving Time for 36 periods: 0.8580 seconds
eval average episode rewards of agent0: -17.156647
eval average episode rewards of agent1: -0.69077396
eval average episode rewards of agent2: -0.69571656
eval average episode costs: Backlog: 2924.25, Inventory: 36.75, Maintenance: 102.67, Production: 3787.44, Setup: 639.83, TOTAL: 7490.93

 Scenario BOSCH Algo rmappo Exp sweep_5_2_4 updates 155/347 episodes, total num timesteps 44928/100000, FPS 117.


 Scenario BOSCH Algo rmappo Exp sweep_5_2_4 updates 160/347 episodes, total num timesteps 46368/100000, FPS 117.


 Scenario BOSCH Algo rmappo Exp sweep_5_2_4 updates 165/347 episodes, total num timesteps 47808/100000, FPS 117.


 Scenario BOSCH Algo rmappo Exp sweep_5_2_4 updates 170/347 episodes, total num timesteps 49248/100000, FPS 117.


 Scenario BOSCH Algo rmappo Exp sweep_5_2_4 updates 175/347 episodes, total num timesteps 50688/100000, FPS 116.


 Scenario BOSCH Algo rmappo Exp sweep_5_2_4 updates 180/347 episodes, total num timesteps 52128/100000, FPS 116.


 Scenario BOSCH Algo rmappo Exp sweep_5_2_4 updates 185/347 episodes, total num timesteps 53568/100000, FPS 116.


 Scenario BOSCH Algo rmappo Exp sweep_5_2_4 updates 190/347 episodes, total num timesteps 55008/100000, FPS 115.


 Scenario BOSCH Algo rmappo Exp sweep_5_2_4 updates 195/347 episodes, total num timesteps 56448/100000, FPS 115.


 Scenario BOSCH Algo rmappo Exp sweep_5_2_4 updates 200/347 episodes, total num timesteps 57888/100000, FPS 115.


[EVAL] BOSCH MARL Inference Solving Time for 36 periods: 0.6421 seconds
eval average episode rewards of agent0: -11.39091
eval average episode rewards of agent1: -0.48325306
eval average episode rewards of agent2: -0.68230444
eval average episode costs: Backlog: 1937.25, Inventory: 31.50, Maintenance: 271.95, Production: 3087.45, Setup: 499.68, TOTAL: 5827.83

 Scenario BOSCH Algo rmappo Exp sweep_5_2_4 updates 205/347 episodes, total num timesteps 59328/100000, FPS 114.


 Scenario BOSCH Algo rmappo Exp sweep_5_2_4 updates 210/347 episodes, total num timesteps 60768/100000, FPS 114.


 Scenario BOSCH Algo rmappo Exp sweep_5_2_4 updates 215/347 episodes, total num timesteps 62208/100000, FPS 114.


 Scenario BOSCH Algo rmappo Exp sweep_5_2_4 updates 220/347 episodes, total num timesteps 63648/100000, FPS 113.


 Scenario BOSCH Algo rmappo Exp sweep_5_2_4 updates 225/347 episodes, total num timesteps 65088/100000, FPS 113.


 Scenario BOSCH Algo rmappo Exp sweep_5_2_4 updates 230/347 episodes, total num timesteps 66528/100000, FPS 113.


 Scenario BOSCH Algo rmappo Exp sweep_5_2_4 updates 235/347 episodes, total num timesteps 67968/100000, FPS 113.


 Scenario BOSCH Algo rmappo Exp sweep_5_2_4 updates 240/347 episodes, total num timesteps 69408/100000, FPS 112.


 Scenario BOSCH Algo rmappo Exp sweep_5_2_4 updates 245/347 episodes, total num timesteps 70848/100000, FPS 112.


 Scenario BOSCH Algo rmappo Exp sweep_5_2_4 updates 250/347 episodes, total num timesteps 72288/100000, FPS 112.


[EVAL] BOSCH MARL Inference Solving Time for 36 periods: 0.8949 seconds
eval average episode rewards of agent0: -22.310928
eval average episode rewards of agent1: -0.5303695
eval average episode rewards of agent2: -0.7684754
eval average episode costs: Backlog: 1576.75, Inventory: 10.50, Maintenance: 37.45, Production: 4717.82, Setup: 776.55, TOTAL: 7119.07

 Scenario BOSCH Algo rmappo Exp sweep_5_2_4 updates 255/347 episodes, total num timesteps 73728/100000, FPS 112.


 Scenario BOSCH Algo rmappo Exp sweep_5_2_4 updates 260/347 episodes, total num timesteps 75168/100000, FPS 111.


 Scenario BOSCH Algo rmappo Exp sweep_5_2_4 updates 265/347 episodes, total num timesteps 76608/100000, FPS 111.


 Scenario BOSCH Algo rmappo Exp sweep_5_2_4 updates 270/347 episodes, total num timesteps 78048/100000, FPS 111.


 Scenario BOSCH Algo rmappo Exp sweep_5_2_4 updates 275/347 episodes, total num timesteps 79488/100000, FPS 111.


 Scenario BOSCH Algo rmappo Exp sweep_5_2_4 updates 280/347 episodes, total num timesteps 80928/100000, FPS 110.


 Scenario BOSCH Algo rmappo Exp sweep_5_2_4 updates 285/347 episodes, total num timesteps 82368/100000, FPS 110.


 Scenario BOSCH Algo rmappo Exp sweep_5_2_4 updates 290/347 episodes, total num timesteps 83808/100000, FPS 110.


 Scenario BOSCH Algo rmappo Exp sweep_5_2_4 updates 295/347 episodes, total num timesteps 85248/100000, FPS 110.


 Scenario BOSCH Algo rmappo Exp sweep_5_2_4 updates 300/347 episodes, total num timesteps 86688/100000, FPS 110.


[EVAL] BOSCH MARL Inference Solving Time for 36 periods: 0.9562 seconds
eval average episode rewards of agent0: -13.095955
eval average episode rewards of agent1: -0.79242754
eval average episode rewards of agent2: -0.754523
eval average episode costs: Backlog: 2142.00, Inventory: 31.50, Maintenance: 23.55, Production: 4387.31, Setup: 744.61, TOTAL: 7328.98

 Scenario BOSCH Algo rmappo Exp sweep_5_2_4 updates 305/347 episodes, total num timesteps 88128/100000, FPS 110.


 Scenario BOSCH Algo rmappo Exp sweep_5_2_4 updates 310/347 episodes, total num timesteps 89568/100000, FPS 110.


 Scenario BOSCH Algo rmappo Exp sweep_5_2_4 updates 315/347 episodes, total num timesteps 91008/100000, FPS 110.


 Scenario BOSCH Algo rmappo Exp sweep_5_2_4 updates 320/347 episodes, total num timesteps 92448/100000, FPS 110.


 Scenario BOSCH Algo rmappo Exp sweep_5_2_4 updates 325/347 episodes, total num timesteps 93888/100000, FPS 110.


 Scenario BOSCH Algo rmappo Exp sweep_5_2_4 updates 330/347 episodes, total num timesteps 95328/100000, FPS 111.


 Scenario BOSCH Algo rmappo Exp sweep_5_2_4 updates 335/347 episodes, total num timesteps 96768/100000, FPS 111.


 Scenario BOSCH Algo rmappo Exp sweep_5_2_4 updates 340/347 episodes, total num timesteps 98208/100000, FPS 111.


 Scenario BOSCH Algo rmappo Exp sweep_5_2_4 updates 345/347 episodes, total num timesteps 99648/100000, FPS 111.

[1;34mwandb[0m: 
[1;34mwandb[0m: 🚀 View run [33mrmappo_sweep_5_2_4_seed1[0m at: [34mhttps://wandb.ai/tntvan-iac-instagram/thesis_14th-1-onpolicy_scripts_train_bosch_scripts/runs/3wmz36o2[0m
2026-05-17 20:01:11,277 - wandb.wandb_agent - INFO - Cleaning up finished run: 3wmz36o2
2026-05-17 20:01:12,321 - wandb.wandb_agent - INFO - Agent received command: run
2026-05-17 20:01:12,322 - wandb.wandb_agent - INFO - Agent starting run with config:
	activation_penalty: 50
	clip_param: 0.12690284169958532
	critic_lr: 0.00021268961572141213
	dense_production_reward: 0.9593349637695674
	dense_setup_penalty: 1.414855777455042
	entropy_coef: 0.003538707098276687
	gae_lambda: 0.9358901821261186
	gamma: 0.9965678489680528
	hidden_size: 256
	load_balance_penalty: 0
	lr: 2.0831883393081987e-05
	ppo_epoch: 14
2026-05-17 20:01:12,327 - wandb.wandb_agent - INFO - About to run command: /usr/bin/env python3 /Users/nhi/thesis_14th-1/onpolicy/scripts/train_bosch_scripts/run_sweep.py --activation_penalty=50 --clip_param=0.12690284169958532 --critic_lr=0.00021268961572141213 --dense_production_reward=0.9593349637695674 --dense_setup_penalty=1.414855777455042 --entropy_coef=0.003538707098276687 --gae_lambda=0.9358901821261186 --gamma=0.9965678489680528 --hidden_size=256 --load_balance_penalty=0 --lr=2.0831883393081987e-05 --ppo_epoch=14
wandb: [wandb.login()] Loaded credentials for https://api.wandb.ai from /Users/nhi/.netrc.
wandb: Currently logged in as: tntvan-iac (tntvan-iac-instagram) to https://api.wandb.ai. Use `wandb login --relogin` to force relogin
wandb: Tracking run with wandb version 0.26.1
wandb: Run data is saved locally in /Users/nhi/thesis_14th-1/onpolicy/scripts/train_bosch_scripts/wandb/run-20260517_200113-duahyq7l
wandb: Run `wandb offline` to turn off syncing.
wandb: Syncing run blooming-sweep-5
wandb: ⭐️ View project at https://wandb.ai/tntvan-iac-instagram/thesis_14th-1-onpolicy_scripts_train_bosch_scripts
wandb: 🧹 View sweep at https://wandb.ai/tntvan-iac-instagram/thesis_14th-1-onpolicy_scripts_train_bosch_scripts/sweeps/4p28qnnw
wandb: 🚀 View run at https://wandb.ai/tntvan-iac-instagram/thesis_14th-1-onpolicy_scripts_train_bosch_scripts/runs/duahyq7l
wandb: WARNING Ignoring project 'BOSCH' when running a sweep.
wandb: WARNING Ignoring entity 'tntvan-iac-instagram' when running a sweep.
wandb: Finishing previous runs because reinit is set to True.
wandb: updating run metadata; uploading console lines 0-0
wandb: uploading wandb-metadata.json; uploading requirements.txt; uploading output.log; uploading wandb-summary.json; uploading config.yaml
2026-05-17 20:01:17,334 - wandb.wandb_agent - INFO - Running runs: ['duahyq7l']
wandb: uploading summary, console lines 0-3
wandb: 🚀 View run blooming-sweep-5 at: https://wandb.ai/tntvan-iac-instagram/thesis_14th-1-onpolicy_scripts_train_bosch_scripts/runs/duahyq7l
wandb: ⭐️ View project at: https://wandb.ai/tntvan-iac-instagram/thesis_14th-1-onpolicy_scripts_train_bosch_scripts
wandb: Synced 5 W&B file(s), 0 media file(s), 0 artifact file(s) and 0 other file(s)
wandb: Find logs at: ./wandb/run-20260517_200113-duahyq7l/logs
wandb: WARNING Using a boolean value for 'reinit' is deprecated. Use 'return_previous' or 'finish_previous' instead.
wandb: setting up run duahyq7l
wandb: Tracking run with wandb version 0.26.1
wandb: Run data is saved locally in results/BOSCH/rmappo/sweep_5_2_4/wandb/run-20260517_200116-duahyq7l
wandb: Run `wandb offline` to turn off syncing.
wandb: Syncing run rmappo_sweep_5_2_4_seed1
wandb: ⭐️ View project at https://wandb.ai/tntvan-iac-instagram/thesis_14th-1-onpolicy_scripts_train_bosch_scripts
wandb: 🧹 View sweep at https://wandb.ai/tntvan-iac-instagram/thesis_14th-1-onpolicy_scripts_train_bosch_scripts/sweeps/4p28qnnw
wandb: 🚀 View run at https://wandb.ai/tntvan-iac-instagram/thesis_14th-1-onpolicy_scripts_train_bosch_scripts/runs/duahyq7l
BOSCH: using multiprocessing start_method='fork' on macOS.
share_observation_space:  [Box(-inf, inf, (312,), float32), Box(-inf, inf, (312,), float32), Box(-inf, inf, (312,), float32)]
observation_space:  [Box(-inf, inf, (104,), float32), Box(-inf, inf, (104,), float32), Box(-inf, inf, (104,), float32)]
action_space:  [MultiDiscrete10, Discrete(7), Discrete(7)]
Using shared machine policy: agent 0 separate; agents 1..2 share.

 Scenario BOSCH Algo rmappo Exp sweep_5_2_4 updates 0/347 episodes, total num timesteps 288/100000, FPS 139.


[EVAL] BOSCH MARL Inference Solving Time for 36 periods: 0.6082 seconds
eval average episode rewards of agent0: -14.27225
eval average episode rewards of agent1: -0.60704315
eval average episode rewards of agent2: -0.7389562
eval average episode costs: Backlog: 8582.00, Inventory: 26.25, Maintenance: 23.92, Production: 3516.14, Setup: 673.95, TOTAL: 12822.25

 Scenario BOSCH Algo rmappo Exp sweep_5_2_4 updates 5/347 episodes, total num timesteps 1728/100000, FPS 135.


 Scenario BOSCH Algo rmappo Exp sweep_5_2_4 updates 10/347 episodes, total num timesteps 3168/100000, FPS 135.


 Scenario BOSCH Algo rmappo Exp sweep_5_2_4 updates 15/347 episodes, total num timesteps 4608/100000, FPS 129.


 Scenario BOSCH Algo rmappo Exp sweep_5_2_4 updates 20/347 episodes, total num timesteps 6048/100000, FPS 122.


 Scenario BOSCH Algo rmappo Exp sweep_5_2_4 updates 25/347 episodes, total num timesteps 7488/100000, FPS 119.


 Scenario BOSCH Algo rmappo Exp sweep_5_2_4 updates 30/347 episodes, total num timesteps 8928/100000, FPS 117.


 Scenario BOSCH Algo rmappo Exp sweep_5_2_4 updates 35/347 episodes, total num timesteps 10368/100000, FPS 115.


 Scenario BOSCH Algo rmappo Exp sweep_5_2_4 updates 40/347 episodes, total num timesteps 11808/100000, FPS 109.


 Scenario BOSCH Algo rmappo Exp sweep_5_2_4 updates 45/347 episodes, total num timesteps 13248/100000, FPS 107.


 Scenario BOSCH Algo rmappo Exp sweep_5_2_4 updates 50/347 episodes, total num timesteps 14688/100000, FPS 104.


[EVAL] BOSCH MARL Inference Solving Time for 36 periods: 2.2213 seconds
eval average episode rewards of agent0: -6.9117002
eval average episode rewards of agent1: -0.41444737
eval average episode rewards of agent2: -0.21904275
eval average episode costs: Backlog: 0.00, Inventory: 14.00, Maintenance: 29.77, Production: 4282.10, Setup: 885.83, TOTAL: 5211.70

 Scenario BOSCH Algo rmappo Exp sweep_5_2_4 updates 55/347 episodes, total num timesteps 16128/100000, FPS 102.


 Scenario BOSCH Algo rmappo Exp sweep_5_2_4 updates 60/347 episodes, total num timesteps 17568/100000, FPS 103.


 Scenario BOSCH Algo rmappo Exp sweep_5_2_4 updates 65/347 episodes, total num timesteps 19008/100000, FPS 103.


 Scenario BOSCH Algo rmappo Exp sweep_5_2_4 updates 70/347 episodes, total num timesteps 20448/100000, FPS 104.


 Scenario BOSCH Algo rmappo Exp sweep_5_2_4 updates 75/347 episodes, total num timesteps 21888/100000, FPS 104.


 Scenario BOSCH Algo rmappo Exp sweep_5_2_4 updates 80/347 episodes, total num timesteps 23328/100000, FPS 104.


 Scenario BOSCH Algo rmappo Exp sweep_5_2_4 updates 85/347 episodes, total num timesteps 24768/100000, FPS 105.


 Scenario BOSCH Algo rmappo Exp sweep_5_2_4 updates 90/347 episodes, total num timesteps 26208/100000, FPS 105.


 Scenario BOSCH Algo rmappo Exp sweep_5_2_4 updates 95/347 episodes, total num timesteps 27648/100000, FPS 105.


 Scenario BOSCH Algo rmappo Exp sweep_5_2_4 updates 100/347 episodes, total num timesteps 29088/100000, FPS 105.


[EVAL] BOSCH MARL Inference Solving Time for 36 periods: 0.7505 seconds
eval average episode rewards of agent0: -6.3826895
eval average episode rewards of agent1: -0.30008182
eval average episode rewards of agent2: -0.3486818
eval average episode costs: Backlog: 0.00, Inventory: 42.00, Maintenance: 40.83, Production: 3894.66, Setup: 805.20, TOTAL: 4782.69

 Scenario BOSCH Algo rmappo Exp sweep_5_2_4 updates 105/347 episodes, total num timesteps 30528/100000, FPS 105.


 Scenario BOSCH Algo rmappo Exp sweep_5_2_4 updates 110/347 episodes, total num timesteps 31968/100000, FPS 105.


 Scenario BOSCH Algo rmappo Exp sweep_5_2_4 updates 115/347 episodes, total num timesteps 33408/100000, FPS 105.


 Scenario BOSCH Algo rmappo Exp sweep_5_2_4 updates 120/347 episodes, total num timesteps 34848/100000, FPS 105.


 Scenario BOSCH Algo rmappo Exp sweep_5_2_4 updates 125/347 episodes, total num timesteps 36288/100000, FPS 105.


 Scenario BOSCH Algo rmappo Exp sweep_5_2_4 updates 130/347 episodes, total num timesteps 37728/100000, FPS 105.


 Scenario BOSCH Algo rmappo Exp sweep_5_2_4 updates 135/347 episodes, total num timesteps 39168/100000, FPS 105.


 Scenario BOSCH Algo rmappo Exp sweep_5_2_4 updates 140/347 episodes, total num timesteps 40608/100000, FPS 105.


 Scenario BOSCH Algo rmappo Exp sweep_5_2_4 updates 145/347 episodes, total num timesteps 42048/100000, FPS 105.


 Scenario BOSCH Algo rmappo Exp sweep_5_2_4 updates 150/347 episodes, total num timesteps 43488/100000, FPS 105.


[EVAL] BOSCH MARL Inference Solving Time for 36 periods: 0.8466 seconds
eval average episode rewards of agent0: -6.5694456
eval average episode rewards of agent1: -0.3398833
eval average episode rewards of agent2: -0.19571018
eval average episode costs: Backlog: 0.00, Inventory: 36.75, Maintenance: 33.94, Production: 4045.32, Setup: 803.44, TOTAL: 4919.45

 Scenario BOSCH Algo rmappo Exp sweep_5_2_4 updates 155/347 episodes, total num timesteps 44928/100000, FPS 105.


 Scenario BOSCH Algo rmappo Exp sweep_5_2_4 updates 160/347 episodes, total num timesteps 46368/100000, FPS 105.


 Scenario BOSCH Algo rmappo Exp sweep_5_2_4 updates 165/347 episodes, total num timesteps 47808/100000, FPS 105.


 Scenario BOSCH Algo rmappo Exp sweep_5_2_4 updates 170/347 episodes, total num timesteps 49248/100000, FPS 105.


 Scenario BOSCH Algo rmappo Exp sweep_5_2_4 updates 175/347 episodes, total num timesteps 50688/100000, FPS 105.


 Scenario BOSCH Algo rmappo Exp sweep_5_2_4 updates 180/347 episodes, total num timesteps 52128/100000, FPS 105.


 Scenario BOSCH Algo rmappo Exp sweep_5_2_4 updates 185/347 episodes, total num timesteps 53568/100000, FPS 105.


 Scenario BOSCH Algo rmappo Exp sweep_5_2_4 updates 190/347 episodes, total num timesteps 55008/100000, FPS 106.


 Scenario BOSCH Algo rmappo Exp sweep_5_2_4 updates 195/347 episodes, total num timesteps 56448/100000, FPS 105.


 Scenario BOSCH Algo rmappo Exp sweep_5_2_4 updates 200/347 episodes, total num timesteps 57888/100000, FPS 106.


[EVAL] BOSCH MARL Inference Solving Time for 36 periods: 1.3297 seconds
eval average episode rewards of agent0: -5.516691
eval average episode rewards of agent1: -0.53282344
eval average episode rewards of agent2: -0.042120706
eval average episode costs: Backlog: 0.00, Inventory: 31.50, Maintenance: 18.21, Production: 3302.92, Setup: 714.06, TOTAL: 4066.69

 Scenario BOSCH Algo rmappo Exp sweep_5_2_4 updates 205/347 episodes, total num timesteps 59328/100000, FPS 105.


 Scenario BOSCH Algo rmappo Exp sweep_5_2_4 updates 210/347 episodes, total num timesteps 60768/100000, FPS 105.


 Scenario BOSCH Algo rmappo Exp sweep_5_2_4 updates 215/347 episodes, total num timesteps 62208/100000, FPS 105.


 Scenario BOSCH Algo rmappo Exp sweep_5_2_4 updates 220/347 episodes, total num timesteps 63648/100000, FPS 106.


 Scenario BOSCH Algo rmappo Exp sweep_5_2_4 updates 225/347 episodes, total num timesteps 65088/100000, FPS 106.


 Scenario BOSCH Algo rmappo Exp sweep_5_2_4 updates 230/347 episodes, total num timesteps 66528/100000, FPS 106.


 Scenario BOSCH Algo rmappo Exp sweep_5_2_4 updates 235/347 episodes, total num timesteps 67968/100000, FPS 106.


 Scenario BOSCH Algo rmappo Exp sweep_5_2_4 updates 240/347 episodes, total num timesteps 69408/100000, FPS 106.


 Scenario BOSCH Algo rmappo Exp sweep_5_2_4 updates 245/347 episodes, total num timesteps 70848/100000, FPS 106.


 Scenario BOSCH Algo rmappo Exp sweep_5_2_4 updates 250/347 episodes, total num timesteps 72288/100000, FPS 106.


[EVAL] BOSCH MARL Inference Solving Time for 36 periods: 1.2516 seconds
eval average episode rewards of agent0: -6.6906824
eval average episode rewards of agent1: -0.27478716
eval average episode rewards of agent2: -0.36757043
eval average episode costs: Backlog: 0.00, Inventory: 33.25, Maintenance: 34.02, Production: 4215.72, Setup: 807.69, TOTAL: 5090.68

 Scenario BOSCH Algo rmappo Exp sweep_5_2_4 updates 255/347 episodes, total num timesteps 73728/100000, FPS 106.


 Scenario BOSCH Algo rmappo Exp sweep_5_2_4 updates 260/347 episodes, total num timesteps 75168/100000, FPS 106.


 Scenario BOSCH Algo rmappo Exp sweep_5_2_4 updates 265/347 episodes, total num timesteps 76608/100000, FPS 106.


 Scenario BOSCH Algo rmappo Exp sweep_5_2_4 updates 270/347 episodes, total num timesteps 78048/100000, FPS 106.


 Scenario BOSCH Algo rmappo Exp sweep_5_2_4 updates 275/347 episodes, total num timesteps 79488/100000, FPS 106.


 Scenario BOSCH Algo rmappo Exp sweep_5_2_4 updates 280/347 episodes, total num timesteps 80928/100000, FPS 106.


 Scenario BOSCH Algo rmappo Exp sweep_5_2_4 updates 285/347 episodes, total num timesteps 82368/100000, FPS 106.


 Scenario BOSCH Algo rmappo Exp sweep_5_2_4 updates 290/347 episodes, total num timesteps 83808/100000, FPS 106.


 Scenario BOSCH Algo rmappo Exp sweep_5_2_4 updates 295/347 episodes, total num timesteps 85248/100000, FPS 106.


 Scenario BOSCH Algo rmappo Exp sweep_5_2_4 updates 300/347 episodes, total num timesteps 86688/100000, FPS 106.


[EVAL] BOSCH MARL Inference Solving Time for 36 periods: 1.0892 seconds
eval average episode rewards of agent0: -5.647067
eval average episode rewards of agent1: -0.46707648
eval average episode rewards of agent2: -0.09555957
eval average episode costs: Backlog: 0.00, Inventory: 14.00, Maintenance: 25.43, Production: 3459.03, Setup: 698.61, TOTAL: 4197.07

 Scenario BOSCH Algo rmappo Exp sweep_5_2_4 updates 305/347 episodes, total num timesteps 88128/100000, FPS 106.


 Scenario BOSCH Algo rmappo Exp sweep_5_2_4 updates 310/347 episodes, total num timesteps 89568/100000, FPS 106.


 Scenario BOSCH Algo rmappo Exp sweep_5_2_4 updates 315/347 episodes, total num timesteps 91008/100000, FPS 106.


 Scenario BOSCH Algo rmappo Exp sweep_5_2_4 updates 320/347 episodes, total num timesteps 92448/100000, FPS 106.


 Scenario BOSCH Algo rmappo Exp sweep_5_2_4 updates 325/347 episodes, total num timesteps 93888/100000, FPS 106.


 Scenario BOSCH Algo rmappo Exp sweep_5_2_4 updates 330/347 episodes, total num timesteps 95328/100000, FPS 106.


 Scenario BOSCH Algo rmappo Exp sweep_5_2_4 updates 335/347 episodes, total num timesteps 96768/100000, FPS 106.


 Scenario BOSCH Algo rmappo Exp sweep_5_2_4 updates 340/347 episodes, total num timesteps 98208/100000, FPS 106.


 Scenario BOSCH Algo rmappo Exp sweep_5_2_4 updates 345/347 episodes, total num timesteps 99648/100000, FPS 106.

[1;34mwandb[0m: 
[1;34mwandb[0m: 🚀 View run [33mrmappo_sweep_5_2_4_seed1[0m at: [34mhttps://wandb.ai/tntvan-iac-instagram/thesis_14th-1-onpolicy_scripts_train_bosch_scripts/runs/duahyq7l[0m
2026-05-17 20:17:06,156 - wandb.wandb_agent - INFO - Cleaning up finished run: duahyq7l
2026-05-17 20:17:07,630 - wandb.wandb_agent - INFO - Agent received command: run
2026-05-17 20:17:07,631 - wandb.wandb_agent - INFO - Agent starting run with config:
	activation_penalty: 10
	clip_param: 0.10360873021899732
	critic_lr: 0.0004755543566307955
	dense_production_reward: 0.5905936394997584
	dense_setup_penalty: 1.0115286781475965
	entropy_coef: 0.004062295491592665
	gae_lambda: 0.9435734922178454
	gamma: 0.9946741281749538
	hidden_size: 256
	load_balance_penalty: 10
	lr: 3.0967171249923805e-05
	ppo_epoch: 17
2026-05-17 20:17:07,637 - wandb.wandb_agent - INFO - About to run command: /usr/bin/env python3 /Users/nhi/thesis_14th-1/onpolicy/scripts/train_bosch_scripts/run_sweep.py --activation_penalty=10 --clip_param=0.10360873021899732 --critic_lr=0.0004755543566307955 --dense_production_reward=0.5905936394997584 --dense_setup_penalty=1.0115286781475965 --entropy_coef=0.004062295491592665 --gae_lambda=0.9435734922178454 --gamma=0.9946741281749538 --hidden_size=256 --load_balance_penalty=10 --lr=3.0967171249923805e-05 --ppo_epoch=17
wandb: [wandb.login()] Loaded credentials for https://api.wandb.ai from /Users/nhi/.netrc.
wandb: Currently logged in as: tntvan-iac (tntvan-iac-instagram) to https://api.wandb.ai. Use `wandb login --relogin` to force relogin
wandb: setting up run gxgi2mp4
wandb: Tracking run with wandb version 0.26.1
wandb: Run data is saved locally in /Users/nhi/thesis_14th-1/onpolicy/scripts/train_bosch_scripts/wandb/run-20260517_201708-gxgi2mp4
wandb: Run `wandb offline` to turn off syncing.
wandb: Syncing run brisk-sweep-6
wandb: ⭐️ View project at https://wandb.ai/tntvan-iac-instagram/thesis_14th-1-onpolicy_scripts_train_bosch_scripts
wandb: 🧹 View sweep at https://wandb.ai/tntvan-iac-instagram/thesis_14th-1-onpolicy_scripts_train_bosch_scripts/sweeps/4p28qnnw
wandb: 🚀 View run at https://wandb.ai/tntvan-iac-instagram/thesis_14th-1-onpolicy_scripts_train_bosch_scripts/runs/gxgi2mp4
wandb: WARNING Ignoring project 'BOSCH' when running a sweep.
wandb: WARNING Ignoring entity 'tntvan-iac-instagram' when running a sweep.
wandb: Finishing previous runs because reinit is set to True.
wandb: updating run metadata; uploading console lines 0-0
wandb: updating run metadata
2026-05-17 20:17:12,647 - wandb.wandb_agent - INFO - Running runs: ['gxgi2mp4']
wandb: uploading output.log; uploading wandb-summary.json; uploading config.yaml; uploading wandb-metadata.json; uploading requirements.txt
wandb: uploading output.log; uploading wandb-summary.json; uploading config.yaml
wandb: uploading summary, console lines 1-3
wandb: 🚀 View run brisk-sweep-6 at: https://wandb.ai/tntvan-iac-instagram/thesis_14th-1-onpolicy_scripts_train_bosch_scripts/runs/gxgi2mp4
wandb: ⭐️ View project at: https://wandb.ai/tntvan-iac-instagram/thesis_14th-1-onpolicy_scripts_train_bosch_scripts
wandb: Synced 5 W&B file(s), 0 media file(s), 0 artifact file(s) and 0 other file(s)
wandb: Find logs at: ./wandb/run-20260517_201708-gxgi2mp4/logs
wandb: WARNING Using a boolean value for 'reinit' is deprecated. Use 'return_previous' or 'finish_previous' instead.
wandb: setting up run gxgi2mp4
wandb: Tracking run with wandb version 0.26.1
wandb: Run data is saved locally in results/BOSCH/rmappo/sweep_5_2_4/wandb/run-20260517_201711-gxgi2mp4
wandb: Run `wandb offline` to turn off syncing.
wandb: Syncing run rmappo_sweep_5_2_4_seed1
wandb: ⭐️ View project at https://wandb.ai/tntvan-iac-instagram/thesis_14th-1-onpolicy_scripts_train_bosch_scripts
wandb: 🧹 View sweep at https://wandb.ai/tntvan-iac-instagram/thesis_14th-1-onpolicy_scripts_train_bosch_scripts/sweeps/4p28qnnw
wandb: 🚀 View run at https://wandb.ai/tntvan-iac-instagram/thesis_14th-1-onpolicy_scripts_train_bosch_scripts/runs/gxgi2mp4
BOSCH: using multiprocessing start_method='fork' on macOS.
share_observation_space:  [Box(-inf, inf, (312,), float32), Box(-inf, inf, (312,), float32), Box(-inf, inf, (312,), float32)]
observation_space:  [Box(-inf, inf, (104,), float32), Box(-inf, inf, (104,), float32), Box(-inf, inf, (104,), float32)]
action_space:  [MultiDiscrete10, Discrete(7), Discrete(7)]
Using shared machine policy: agent 0 separate; agents 1..2 share.

 Scenario BOSCH Algo rmappo Exp sweep_5_2_4 updates 0/347 episodes, total num timesteps 288/100000, FPS 133.


[EVAL] BOSCH MARL Inference Solving Time for 36 periods: 0.6581 seconds
eval average episode rewards of agent0: -14.371498
eval average episode rewards of agent1: -0.627845
eval average episode rewards of agent2: -0.6580847
eval average episode costs: Backlog: 8582.00, Inventory: 26.25, Maintenance: 42.93, Production: 3523.02, Setup: 677.66, TOTAL: 12851.87

 Scenario BOSCH Algo rmappo Exp sweep_5_2_4 updates 5/347 episodes, total num timesteps 1728/100000, FPS 120.


 Scenario BOSCH Algo rmappo Exp sweep_5_2_4 updates 10/347 episodes, total num timesteps 3168/100000, FPS 123.


 Scenario BOSCH Algo rmappo Exp sweep_5_2_4 updates 15/347 episodes, total num timesteps 4608/100000, FPS 120.


 Scenario BOSCH Algo rmappo Exp sweep_5_2_4 updates 20/347 episodes, total num timesteps 6048/100000, FPS 118.


 Scenario BOSCH Algo rmappo Exp sweep_5_2_4 updates 25/347 episodes, total num timesteps 7488/100000, FPS 116.


 Scenario BOSCH Algo rmappo Exp sweep_5_2_4 updates 30/347 episodes, total num timesteps 8928/100000, FPS 115.


 Scenario BOSCH Algo rmappo Exp sweep_5_2_4 updates 35/347 episodes, total num timesteps 10368/100000, FPS 113.


 Scenario BOSCH Algo rmappo Exp sweep_5_2_4 updates 40/347 episodes, total num timesteps 11808/100000, FPS 113.


 Scenario BOSCH Algo rmappo Exp sweep_5_2_4 updates 45/347 episodes, total num timesteps 13248/100000, FPS 112.


 Scenario BOSCH Algo rmappo Exp sweep_5_2_4 updates 50/347 episodes, total num timesteps 14688/100000, FPS 111.


[EVAL] BOSCH MARL Inference Solving Time for 36 periods: 1.4472 seconds
eval average episode rewards of agent0: -6.8519278
eval average episode rewards of agent1: -0.40649238
eval average episode rewards of agent2: -0.06238247
eval average episode costs: Backlog: 0.00, Inventory: 14.00, Maintenance: 25.33, Production: 3476.20, Setup: 697.20, TOTAL: 4212.73

 Scenario BOSCH Algo rmappo Exp sweep_5_2_4 updates 55/347 episodes, total num timesteps 16128/100000, FPS 109.


 Scenario BOSCH Algo rmappo Exp sweep_5_2_4 updates 60/347 episodes, total num timesteps 17568/100000, FPS 109.


 Scenario BOSCH Algo rmappo Exp sweep_5_2_4 updates 65/347 episodes, total num timesteps 19008/100000, FPS 109.


 Scenario BOSCH Algo rmappo Exp sweep_5_2_4 updates 70/347 episodes, total num timesteps 20448/100000, FPS 109.


 Scenario BOSCH Algo rmappo Exp sweep_5_2_4 updates 75/347 episodes, total num timesteps 21888/100000, FPS 109.


 Scenario BOSCH Algo rmappo Exp sweep_5_2_4 updates 80/347 episodes, total num timesteps 23328/100000, FPS 109.


 Scenario BOSCH Algo rmappo Exp sweep_5_2_4 updates 85/347 episodes, total num timesteps 24768/100000, FPS 109.


 Scenario BOSCH Algo rmappo Exp sweep_5_2_4 updates 90/347 episodes, total num timesteps 26208/100000, FPS 109.


 Scenario BOSCH Algo rmappo Exp sweep_5_2_4 updates 95/347 episodes, total num timesteps 27648/100000, FPS 109.


 Scenario BOSCH Algo rmappo Exp sweep_5_2_4 updates 100/347 episodes, total num timesteps 29088/100000, FPS 109.


[EVAL] BOSCH MARL Inference Solving Time for 36 periods: 0.7391 seconds
eval average episode rewards of agent0: -6.803098
eval average episode rewards of agent1: -0.15841123
eval average episode rewards of agent2: -0.39324924
eval average episode costs: Backlog: 0.00, Inventory: 42.00, Maintenance: 26.56, Production: 3843.10, Setup: 848.72, TOTAL: 4760.38

 Scenario BOSCH Algo rmappo Exp sweep_5_2_4 updates 105/347 episodes, total num timesteps 30528/100000, FPS 108.


 Scenario BOSCH Algo rmappo Exp sweep_5_2_4 updates 110/347 episodes, total num timesteps 31968/100000, FPS 108.


 Scenario BOSCH Algo rmappo Exp sweep_5_2_4 updates 115/347 episodes, total num timesteps 33408/100000, FPS 108.


 Scenario BOSCH Algo rmappo Exp sweep_5_2_4 updates 120/347 episodes, total num timesteps 34848/100000, FPS 108.


 Scenario BOSCH Algo rmappo Exp sweep_5_2_4 updates 125/347 episodes, total num timesteps 36288/100000, FPS 108.


 Scenario BOSCH Algo rmappo Exp sweep_5_2_4 updates 130/347 episodes, total num timesteps 37728/100000, FPS 108.


 Scenario BOSCH Algo rmappo Exp sweep_5_2_4 updates 135/347 episodes, total num timesteps 39168/100000, FPS 108.


 Scenario BOSCH Algo rmappo Exp sweep_5_2_4 updates 140/347 episodes, total num timesteps 40608/100000, FPS 108.


 Scenario BOSCH Algo rmappo Exp sweep_5_2_4 updates 145/347 episodes, total num timesteps 42048/100000, FPS 108.


 Scenario BOSCH Algo rmappo Exp sweep_5_2_4 updates 150/347 episodes, total num timesteps 43488/100000, FPS 108.


[EVAL] BOSCH MARL Inference Solving Time for 36 periods: 0.8197 seconds
eval average episode rewards of agent0: -6.1510077
eval average episode rewards of agent1: -0.3594769
eval average episode rewards of agent2: -0.28727722
eval average episode costs: Backlog: 0.00, Inventory: 36.75, Maintenance: 31.55, Production: 4204.92, Setup: 902.04, TOTAL: 5175.26

 Scenario BOSCH Algo rmappo Exp sweep_5_2_4 updates 155/347 episodes, total num timesteps 44928/100000, FPS 108.


 Scenario BOSCH Algo rmappo Exp sweep_5_2_4 updates 160/347 episodes, total num timesteps 46368/100000, FPS 108.


 Scenario BOSCH Algo rmappo Exp sweep_5_2_4 updates 165/347 episodes, total num timesteps 47808/100000, FPS 108.


 Scenario BOSCH Algo rmappo Exp sweep_5_2_4 updates 170/347 episodes, total num timesteps 49248/100000, FPS 108.


 Scenario BOSCH Algo rmappo Exp sweep_5_2_4 updates 175/347 episodes, total num timesteps 50688/100000, FPS 108.


 Scenario BOSCH Algo rmappo Exp sweep_5_2_4 updates 180/347 episodes, total num timesteps 52128/100000, FPS 108.


 Scenario BOSCH Algo rmappo Exp sweep_5_2_4 updates 185/347 episodes, total num timesteps 53568/100000, FPS 108.


 Scenario BOSCH Algo rmappo Exp sweep_5_2_4 updates 190/347 episodes, total num timesteps 55008/100000, FPS 108.


 Scenario BOSCH Algo rmappo Exp sweep_5_2_4 updates 195/347 episodes, total num timesteps 56448/100000, FPS 108.


 Scenario BOSCH Algo rmappo Exp sweep_5_2_4 updates 200/347 episodes, total num timesteps 57888/100000, FPS 108.


[EVAL] BOSCH MARL Inference Solving Time for 36 periods: 0.9598 seconds
eval average episode rewards of agent0: -6.4509354
eval average episode rewards of agent1: -0.34503704
eval average episode rewards of agent2: -0.15845081
eval average episode costs: Backlog: 0.00, Inventory: 31.50, Maintenance: 18.16, Production: 3349.59, Setup: 743.64, TOTAL: 4142.89

 Scenario BOSCH Algo rmappo Exp sweep_5_2_4 updates 205/347 episodes, total num timesteps 59328/100000, FPS 108.


 Scenario BOSCH Algo rmappo Exp sweep_5_2_4 updates 210/347 episodes, total num timesteps 60768/100000, FPS 108.


 Scenario BOSCH Algo rmappo Exp sweep_5_2_4 updates 215/347 episodes, total num timesteps 62208/100000, FPS 108.


 Scenario BOSCH Algo rmappo Exp sweep_5_2_4 updates 220/347 episodes, total num timesteps 63648/100000, FPS 108.


 Scenario BOSCH Algo rmappo Exp sweep_5_2_4 updates 225/347 episodes, total num timesteps 65088/100000, FPS 108.


 Scenario BOSCH Algo rmappo Exp sweep_5_2_4 updates 230/347 episodes, total num timesteps 66528/100000, FPS 108.


 Scenario BOSCH Algo rmappo Exp sweep_5_2_4 updates 235/347 episodes, total num timesteps 67968/100000, FPS 108.


 Scenario BOSCH Algo rmappo Exp sweep_5_2_4 updates 240/347 episodes, total num timesteps 69408/100000, FPS 108.


 Scenario BOSCH Algo rmappo Exp sweep_5_2_4 updates 245/347 episodes, total num timesteps 70848/100000, FPS 108.


 Scenario BOSCH Algo rmappo Exp sweep_5_2_4 updates 250/347 episodes, total num timesteps 72288/100000, FPS 108.


[EVAL] BOSCH MARL Inference Solving Time for 36 periods: 0.7291 seconds
eval average episode rewards of agent0: -7.0192657
eval average episode rewards of agent1: -0.21308652
eval average episode rewards of agent2: -0.32334235
eval average episode costs: Backlog: 0.00, Inventory: 33.25, Maintenance: 34.28, Production: 4247.49, Setup: 878.14, TOTAL: 5193.16

 Scenario BOSCH Algo rmappo Exp sweep_5_2_4 updates 255/347 episodes, total num timesteps 73728/100000, FPS 108.


 Scenario BOSCH Algo rmappo Exp sweep_5_2_4 updates 260/347 episodes, total num timesteps 75168/100000, FPS 108.


 Scenario BOSCH Algo rmappo Exp sweep_5_2_4 updates 265/347 episodes, total num timesteps 76608/100000, FPS 108.


 Scenario BOSCH Algo rmappo Exp sweep_5_2_4 updates 270/347 episodes, total num timesteps 78048/100000, FPS 108.


 Scenario BOSCH Algo rmappo Exp sweep_5_2_4 updates 275/347 episodes, total num timesteps 79488/100000, FPS 108.


 Scenario BOSCH Algo rmappo Exp sweep_5_2_4 updates 280/347 episodes, total num timesteps 80928/100000, FPS 108.


 Scenario BOSCH Algo rmappo Exp sweep_5_2_4 updates 285/347 episodes, total num timesteps 82368/100000, FPS 108.


 Scenario BOSCH Algo rmappo Exp sweep_5_2_4 updates 290/347 episodes, total num timesteps 83808/100000, FPS 108.


 Scenario BOSCH Algo rmappo Exp sweep_5_2_4 updates 295/347 episodes, total num timesteps 85248/100000, FPS 108.


 Scenario BOSCH Algo rmappo Exp sweep_5_2_4 updates 300/347 episodes, total num timesteps 86688/100000, FPS 108.


[EVAL] BOSCH MARL Inference Solving Time for 36 periods: 0.6750 seconds
eval average episode rewards of agent0: -6.632605
eval average episode rewards of agent1: -0.28339115
eval average episode rewards of agent2: -0.2612079
eval average episode costs: Backlog: 0.00, Inventory: 14.00, Maintenance: 26.84, Production: 4475.21, Setup: 846.02, TOTAL: 5362.08

 Scenario BOSCH Algo rmappo Exp sweep_5_2_4 updates 305/347 episodes, total num timesteps 88128/100000, FPS 108.


 Scenario BOSCH Algo rmappo Exp sweep_5_2_4 updates 310/347 episodes, total num timesteps 89568/100000, FPS 108.


 Scenario BOSCH Algo rmappo Exp sweep_5_2_4 updates 315/347 episodes, total num timesteps 91008/100000, FPS 108.


 Scenario BOSCH Algo rmappo Exp sweep_5_2_4 updates 320/347 episodes, total num timesteps 92448/100000, FPS 108.


 Scenario BOSCH Algo rmappo Exp sweep_5_2_4 updates 325/347 episodes, total num timesteps 93888/100000, FPS 108.


 Scenario BOSCH Algo rmappo Exp sweep_5_2_4 updates 330/347 episodes, total num timesteps 95328/100000, FPS 108.


 Scenario BOSCH Algo rmappo Exp sweep_5_2_4 updates 335/347 episodes, total num timesteps 96768/100000, FPS 108.


 Scenario BOSCH Algo rmappo Exp sweep_5_2_4 updates 340/347 episodes, total num timesteps 98208/100000, FPS 108.


 Scenario BOSCH Algo rmappo Exp sweep_5_2_4 updates 345/347 episodes, total num timesteps 99648/100000, FPS 108.

[1;34mwandb[0m: 
[1;34mwandb[0m: 🚀 View run [33mrmappo_sweep_5_2_4_seed1[0m at: [34mhttps://wandb.ai/tntvan-iac-instagram/thesis_14th-1-onpolicy_scripts_train_bosch_scripts/runs/gxgi2mp4[0m
2026-05-17 20:32:43,365 - wandb.wandb_agent - INFO - Cleaning up finished run: gxgi2mp4
2026-05-17 20:32:44,555 - wandb.wandb_agent - INFO - Agent received command: run
2026-05-17 20:32:44,556 - wandb.wandb_agent - INFO - Agent starting run with config:
	activation_penalty: 20
	clip_param: 0.19857692960371437
	critic_lr: 0.0004605045783190283
	dense_production_reward: 1.5392627009816522
	dense_setup_penalty: 0.9050484020320956
	entropy_coef: 0.0038741517847737674
	gae_lambda: 0.9401953922954398
	gamma: 0.9832466392895708
	hidden_size: 256
	load_balance_penalty: 100
	lr: 2.5671805665293843e-05
	ppo_epoch: 9
2026-05-17 20:32:44,563 - wandb.wandb_agent - INFO - About to run command: /usr/bin/env python3 /Users/nhi/thesis_14th-1/onpolicy/scripts/train_bosch_scripts/run_sweep.py --activation_penalty=20 --clip_param=0.19857692960371437 --critic_lr=0.0004605045783190283 --dense_production_reward=1.5392627009816522 --dense_setup_penalty=0.9050484020320956 --entropy_coef=0.0038741517847737674 --gae_lambda=0.9401953922954398 --gamma=0.9832466392895708 --hidden_size=256 --load_balance_penalty=100 --lr=2.5671805665293843e-05 --ppo_epoch=9
wandb: [wandb.login()] Loaded credentials for https://api.wandb.ai from /Users/nhi/.netrc.
wandb: Currently logged in as: tntvan-iac (tntvan-iac-instagram) to https://api.wandb.ai. Use `wandb login --relogin` to force relogin
wandb: setting up run llqnpint
wandb: Tracking run with wandb version 0.26.1
wandb: Run data is saved locally in /Users/nhi/thesis_14th-1/onpolicy/scripts/train_bosch_scripts/wandb/run-20260517_203245-llqnpint
wandb: Run `wandb offline` to turn off syncing.
wandb: Syncing run distinctive-sweep-7
wandb: ⭐️ View project at https://wandb.ai/tntvan-iac-instagram/thesis_14th-1-onpolicy_scripts_train_bosch_scripts
wandb: 🧹 View sweep at https://wandb.ai/tntvan-iac-instagram/thesis_14th-1-onpolicy_scripts_train_bosch_scripts/sweeps/4p28qnnw
wandb: 🚀 View run at https://wandb.ai/tntvan-iac-instagram/thesis_14th-1-onpolicy_scripts_train_bosch_scripts/runs/llqnpint
wandb: WARNING Ignoring project 'BOSCH' when running a sweep.
wandb: WARNING Ignoring entity 'tntvan-iac-instagram' when running a sweep.
wandb: Finishing previous runs because reinit is set to True.
wandb: updating run metadata; uploading console lines 0-0
wandb: updating run metadata
2026-05-17 20:32:49,572 - wandb.wandb_agent - INFO - Running runs: ['llqnpint']
wandb: uploading wandb-summary.json; uploading config.yaml; uploading wandb-metadata.json; uploading requirements.txt; uploading output.log
wandb: uploading wandb-summary.json; uploading wandb-metadata.json; uploading requirements.txt; uploading output.log
wandb: uploading summary, console lines 0-3
wandb: 🚀 View run distinctive-sweep-7 at: https://wandb.ai/tntvan-iac-instagram/thesis_14th-1-onpolicy_scripts_train_bosch_scripts/runs/llqnpint
wandb: ⭐️ View project at: https://wandb.ai/tntvan-iac-instagram/thesis_14th-1-onpolicy_scripts_train_bosch_scripts
wandb: Synced 5 W&B file(s), 0 media file(s), 0 artifact file(s) and 0 other file(s)
wandb: Find logs at: ./wandb/run-20260517_203245-llqnpint/logs
wandb: WARNING Using a boolean value for 'reinit' is deprecated. Use 'return_previous' or 'finish_previous' instead.
wandb: Tracking run with wandb version 0.26.1
wandb: Run data is saved locally in results/BOSCH/rmappo/sweep_5_2_4/wandb/run-20260517_203248-llqnpint
wandb: Run `wandb offline` to turn off syncing.
wandb: Syncing run rmappo_sweep_5_2_4_seed1
wandb: ⭐️ View project at https://wandb.ai/tntvan-iac-instagram/thesis_14th-1-onpolicy_scripts_train_bosch_scripts
wandb: 🧹 View sweep at https://wandb.ai/tntvan-iac-instagram/thesis_14th-1-onpolicy_scripts_train_bosch_scripts/sweeps/4p28qnnw
wandb: 🚀 View run at https://wandb.ai/tntvan-iac-instagram/thesis_14th-1-onpolicy_scripts_train_bosch_scripts/runs/llqnpint
BOSCH: using multiprocessing start_method='fork' on macOS.
share_observation_space:  [Box(-inf, inf, (312,), float32), Box(-inf, inf, (312,), float32), Box(-inf, inf, (312,), float32)]
observation_space:  [Box(-inf, inf, (104,), float32), Box(-inf, inf, (104,), float32), Box(-inf, inf, (104,), float32)]
action_space:  [MultiDiscrete10, Discrete(7), Discrete(7)]
Using shared machine policy: agent 0 separate; agents 1..2 share.

 Scenario BOSCH Algo rmappo Exp sweep_5_2_4 updates 0/347 episodes, total num timesteps 288/100000, FPS 167.


[EVAL] BOSCH MARL Inference Solving Time for 36 periods: 0.5726 seconds
eval average episode rewards of agent0: -23.966625
eval average episode rewards of agent1: -0.41254228
eval average episode rewards of agent2: -0.39510787
eval average episode costs: Backlog: 9297.75, Inventory: 26.25, Maintenance: 22.68, Production: 3334.17, Setup: 644.50, TOTAL: 13325.35

 Scenario BOSCH Algo rmappo Exp sweep_5_2_4 updates 5/347 episodes, total num timesteps 1728/100000, FPS 153.


 Scenario BOSCH Algo rmappo Exp sweep_5_2_4 updates 10/347 episodes, total num timesteps 3168/100000, FPS 153.


 Scenario BOSCH Algo rmappo Exp sweep_5_2_4 updates 15/347 episodes, total num timesteps 4608/100000, FPS 152.


 Scenario BOSCH Algo rmappo Exp sweep_5_2_4 updates 20/347 episodes, total num timesteps 6048/100000, FPS 151.


 Scenario BOSCH Algo rmappo Exp sweep_5_2_4 updates 25/347 episodes, total num timesteps 7488/100000, FPS 148.


 Scenario BOSCH Algo rmappo Exp sweep_5_2_4 updates 30/347 episodes, total num timesteps 8928/100000, FPS 144.


 Scenario BOSCH Algo rmappo Exp sweep_5_2_4 updates 35/347 episodes, total num timesteps 10368/100000, FPS 142.


 Scenario BOSCH Algo rmappo Exp sweep_5_2_4 updates 40/347 episodes, total num timesteps 11808/100000, FPS 140.


 Scenario BOSCH Algo rmappo Exp sweep_5_2_4 updates 45/347 episodes, total num timesteps 13248/100000, FPS 138.


 Scenario BOSCH Algo rmappo Exp sweep_5_2_4 updates 50/347 episodes, total num timesteps 14688/100000, FPS 137.


[EVAL] BOSCH MARL Inference Solving Time for 36 periods: 0.6987 seconds
eval average episode rewards of agent0: -18.1946
eval average episode rewards of agent1: 0.06556905
eval average episode rewards of agent2: 0.105786696
eval average episode costs: Backlog: 0.00, Inventory: 14.00, Maintenance: 30.11, Production: 4319.15, Setup: 929.88, TOTAL: 5293.15

 Scenario BOSCH Algo rmappo Exp sweep_5_2_4 updates 55/347 episodes, total num timesteps 16128/100000, FPS 135.


 Scenario BOSCH Algo rmappo Exp sweep_5_2_4 updates 60/347 episodes, total num timesteps 17568/100000, FPS 134.


 Scenario BOSCH Algo rmappo Exp sweep_5_2_4 updates 65/347 episodes, total num timesteps 19008/100000, FPS 134.


 Scenario BOSCH Algo rmappo Exp sweep_5_2_4 updates 70/347 episodes, total num timesteps 20448/100000, FPS 133.


 Scenario BOSCH Algo rmappo Exp sweep_5_2_4 updates 75/347 episodes, total num timesteps 21888/100000, FPS 133.


 Scenario BOSCH Algo rmappo Exp sweep_5_2_4 updates 80/347 episodes, total num timesteps 23328/100000, FPS 132.


 Scenario BOSCH Algo rmappo Exp sweep_5_2_4 updates 85/347 episodes, total num timesteps 24768/100000, FPS 132.


 Scenario BOSCH Algo rmappo Exp sweep_5_2_4 updates 90/347 episodes, total num timesteps 26208/100000, FPS 133.


 Scenario BOSCH Algo rmappo Exp sweep_5_2_4 updates 95/347 episodes, total num timesteps 27648/100000, FPS 132.


 Scenario BOSCH Algo rmappo Exp sweep_5_2_4 updates 100/347 episodes, total num timesteps 29088/100000, FPS 132.


[EVAL] BOSCH MARL Inference Solving Time for 36 periods: 0.6791 seconds
eval average episode rewards of agent0: -19.227894
eval average episode rewards of agent1: 0.0066853063
eval average episode rewards of agent2: 0.05334245
eval average episode costs: Backlog: 0.00, Inventory: 42.00, Maintenance: 25.75, Production: 3915.89, Setup: 844.34, TOTAL: 4827.98

 Scenario BOSCH Algo rmappo Exp sweep_5_2_4 updates 105/347 episodes, total num timesteps 30528/100000, FPS 132.


 Scenario BOSCH Algo rmappo Exp sweep_5_2_4 updates 110/347 episodes, total num timesteps 31968/100000, FPS 132.


 Scenario BOSCH Algo rmappo Exp sweep_5_2_4 updates 115/347 episodes, total num timesteps 33408/100000, FPS 132.


 Scenario BOSCH Algo rmappo Exp sweep_5_2_4 updates 120/347 episodes, total num timesteps 34848/100000, FPS 132.


 Scenario BOSCH Algo rmappo Exp sweep_5_2_4 updates 125/347 episodes, total num timesteps 36288/100000, FPS 132.


 Scenario BOSCH Algo rmappo Exp sweep_5_2_4 updates 130/347 episodes, total num timesteps 37728/100000, FPS 132.


 Scenario BOSCH Algo rmappo Exp sweep_5_2_4 updates 135/347 episodes, total num timesteps 39168/100000, FPS 132.


 Scenario BOSCH Algo rmappo Exp sweep_5_2_4 updates 140/347 episodes, total num timesteps 40608/100000, FPS 132.


 Scenario BOSCH Algo rmappo Exp sweep_5_2_4 updates 145/347 episodes, total num timesteps 42048/100000, FPS 132.


 Scenario BOSCH Algo rmappo Exp sweep_5_2_4 updates 150/347 episodes, total num timesteps 43488/100000, FPS 132.


[EVAL] BOSCH MARL Inference Solving Time for 36 periods: 0.6483 seconds
eval average episode rewards of agent0: -12.800616
eval average episode rewards of agent1: 0.07076602
eval average episode rewards of agent2: 0.088001326
eval average episode costs: Backlog: 0.00, Inventory: 36.75, Maintenance: 32.90, Production: 4154.61, Setup: 893.68, TOTAL: 5117.94

 Scenario BOSCH Algo rmappo Exp sweep_5_2_4 updates 155/347 episodes, total num timesteps 44928/100000, FPS 132.


 Scenario BOSCH Algo rmappo Exp sweep_5_2_4 updates 160/347 episodes, total num timesteps 46368/100000, FPS 132.


 Scenario BOSCH Algo rmappo Exp sweep_5_2_4 updates 165/347 episodes, total num timesteps 47808/100000, FPS 132.


 Scenario BOSCH Algo rmappo Exp sweep_5_2_4 updates 170/347 episodes, total num timesteps 49248/100000, FPS 132.


 Scenario BOSCH Algo rmappo Exp sweep_5_2_4 updates 175/347 episodes, total num timesteps 50688/100000, FPS 132.


 Scenario BOSCH Algo rmappo Exp sweep_5_2_4 updates 180/347 episodes, total num timesteps 52128/100000, FPS 132.


 Scenario BOSCH Algo rmappo Exp sweep_5_2_4 updates 185/347 episodes, total num timesteps 53568/100000, FPS 132.


 Scenario BOSCH Algo rmappo Exp sweep_5_2_4 updates 190/347 episodes, total num timesteps 55008/100000, FPS 132.


 Scenario BOSCH Algo rmappo Exp sweep_5_2_4 updates 195/347 episodes, total num timesteps 56448/100000, FPS 132.


 Scenario BOSCH Algo rmappo Exp sweep_5_2_4 updates 200/347 episodes, total num timesteps 57888/100000, FPS 132.


[EVAL] BOSCH MARL Inference Solving Time for 36 periods: 0.6580 seconds
eval average episode rewards of agent0: -16.486172
eval average episode rewards of agent1: 0.03633184
eval average episode rewards of agent2: 0.057360977
eval average episode costs: Backlog: 0.00, Inventory: 31.50, Maintenance: 22.43, Production: 3771.03, Setup: 901.75, TOTAL: 4726.72

 Scenario BOSCH Algo rmappo Exp sweep_5_2_4 updates 205/347 episodes, total num timesteps 59328/100000, FPS 131.


 Scenario BOSCH Algo rmappo Exp sweep_5_2_4 updates 210/347 episodes, total num timesteps 60768/100000, FPS 131.


 Scenario BOSCH Algo rmappo Exp sweep_5_2_4 updates 215/347 episodes, total num timesteps 62208/100000, FPS 131.


 Scenario BOSCH Algo rmappo Exp sweep_5_2_4 updates 220/347 episodes, total num timesteps 63648/100000, FPS 131.


 Scenario BOSCH Algo rmappo Exp sweep_5_2_4 updates 225/347 episodes, total num timesteps 65088/100000, FPS 131.


 Scenario BOSCH Algo rmappo Exp sweep_5_2_4 updates 230/347 episodes, total num timesteps 66528/100000, FPS 131.


 Scenario BOSCH Algo rmappo Exp sweep_5_2_4 updates 235/347 episodes, total num timesteps 67968/100000, FPS 131.


 Scenario BOSCH Algo rmappo Exp sweep_5_2_4 updates 240/347 episodes, total num timesteps 69408/100000, FPS 131.


 Scenario BOSCH Algo rmappo Exp sweep_5_2_4 updates 245/347 episodes, total num timesteps 70848/100000, FPS 131.


 Scenario BOSCH Algo rmappo Exp sweep_5_2_4 updates 250/347 episodes, total num timesteps 72288/100000, FPS 132.


[EVAL] BOSCH MARL Inference Solving Time for 36 periods: 0.6412 seconds
eval average episode rewards of agent0: -18.325956
eval average episode rewards of agent1: 0.13458622
eval average episode rewards of agent2: 0.10058788
eval average episode costs: Backlog: 0.00, Inventory: 33.25, Maintenance: 33.86, Production: 4240.92, Setup: 805.16, TOTAL: 5113.19

 Scenario BOSCH Algo rmappo Exp sweep_5_2_4 updates 255/347 episodes, total num timesteps 73728/100000, FPS 131.


 Scenario BOSCH Algo rmappo Exp sweep_5_2_4 updates 260/347 episodes, total num timesteps 75168/100000, FPS 131.


 Scenario BOSCH Algo rmappo Exp sweep_5_2_4 updates 265/347 episodes, total num timesteps 76608/100000, FPS 131.


 Scenario BOSCH Algo rmappo Exp sweep_5_2_4 updates 270/347 episodes, total num timesteps 78048/100000, FPS 131.


 Scenario BOSCH Algo rmappo Exp sweep_5_2_4 updates 275/347 episodes, total num timesteps 79488/100000, FPS 131.


 Scenario BOSCH Algo rmappo Exp sweep_5_2_4 updates 280/347 episodes, total num timesteps 80928/100000, FPS 131.


 Scenario BOSCH Algo rmappo Exp sweep_5_2_4 updates 285/347 episodes, total num timesteps 82368/100000, FPS 131.


 Scenario BOSCH Algo rmappo Exp sweep_5_2_4 updates 290/347 episodes, total num timesteps 83808/100000, FPS 131.


 Scenario BOSCH Algo rmappo Exp sweep_5_2_4 updates 295/347 episodes, total num timesteps 85248/100000, FPS 131.


 Scenario BOSCH Algo rmappo Exp sweep_5_2_4 updates 300/347 episodes, total num timesteps 86688/100000, FPS 131.


[EVAL] BOSCH MARL Inference Solving Time for 36 periods: 0.6675 seconds
eval average episode rewards of agent0: -14.056267
eval average episode rewards of agent1: 0.050975114
eval average episode rewards of agent2: 0.11047461
eval average episode costs: Backlog: 0.00, Inventory: 14.00, Maintenance: 29.14, Production: 4389.72, Setup: 950.07, TOTAL: 5382.94

 Scenario BOSCH Algo rmappo Exp sweep_5_2_4 updates 305/347 episodes, total num timesteps 88128/100000, FPS 131.


 Scenario BOSCH Algo rmappo Exp sweep_5_2_4 updates 310/347 episodes, total num timesteps 89568/100000, FPS 131.


 Scenario BOSCH Algo rmappo Exp sweep_5_2_4 updates 315/347 episodes, total num timesteps 91008/100000, FPS 131.


 Scenario BOSCH Algo rmappo Exp sweep_5_2_4 updates 320/347 episodes, total num timesteps 92448/100000, FPS 131.


 Scenario BOSCH Algo rmappo Exp sweep_5_2_4 updates 325/347 episodes, total num timesteps 93888/100000, FPS 131.


 Scenario BOSCH Algo rmappo Exp sweep_5_2_4 updates 330/347 episodes, total num timesteps 95328/100000, FPS 131.


 Scenario BOSCH Algo rmappo Exp sweep_5_2_4 updates 335/347 episodes, total num timesteps 96768/100000, FPS 131.


 Scenario BOSCH Algo rmappo Exp sweep_5_2_4 updates 340/347 episodes, total num timesteps 98208/100000, FPS 131.


 Scenario BOSCH Algo rmappo Exp sweep_5_2_4 updates 345/347 episodes, total num timesteps 99648/100000, FPS 131.

[1;34mwandb[0m: 
[1;34mwandb[0m: 🚀 View run [33mrmappo_sweep_5_2_4_seed1[0m at: [34mhttps://wandb.ai/tntvan-iac-instagram/thesis_14th-1-onpolicy_scripts_train_bosch_scripts/runs/llqnpint[0m
2026-05-17 20:45:35,877 - wandb.wandb_agent - INFO - Cleaning up finished run: llqnpint
2026-05-17 20:45:36,780 - wandb.wandb_agent - INFO - Agent received command: run
2026-05-17 20:45:36,781 - wandb.wandb_agent - INFO - Agent starting run with config:
	activation_penalty: 100
	clip_param: 0.29518462045095684
	critic_lr: 0.00024215041842608892
	dense_production_reward: 0.9903252524325774
	dense_setup_penalty: 1.632264424447729
	entropy_coef: 0.0897584888709741
	gae_lambda: 0.9468504479213246
	gamma: 0.986095867379212
	hidden_size: 256
	load_balance_penalty: 0
	lr: 1.480320820683548e-05
	ppo_epoch: 13
2026-05-17 20:45:36,788 - wandb.wandb_agent - INFO - About to run command: /usr/bin/env python3 /Users/nhi/thesis_14th-1/onpolicy/scripts/train_bosch_scripts/run_sweep.py --activation_penalty=100 --clip_param=0.29518462045095684 --critic_lr=0.00024215041842608892 --dense_production_reward=0.9903252524325774 --dense_setup_penalty=1.632264424447729 --entropy_coef=0.0897584888709741 --gae_lambda=0.9468504479213246 --gamma=0.986095867379212 --hidden_size=256 --load_balance_penalty=0 --lr=1.480320820683548e-05 --ppo_epoch=13
wandb: [wandb.login()] Loaded credentials for https://api.wandb.ai from /Users/nhi/.netrc.
wandb: Currently logged in as: tntvan-iac (tntvan-iac-instagram) to https://api.wandb.ai. Use `wandb login --relogin` to force relogin
wandb: setting up run 92eml8dg
wandb: Tracking run with wandb version 0.26.1
wandb: Run data is saved locally in /Users/nhi/thesis_14th-1/onpolicy/scripts/train_bosch_scripts/wandb/run-20260517_204537-92eml8dg
wandb: Run `wandb offline` to turn off syncing.
wandb: Syncing run elated-sweep-8
wandb: ⭐️ View project at https://wandb.ai/tntvan-iac-instagram/thesis_14th-1-onpolicy_scripts_train_bosch_scripts
wandb: 🧹 View sweep at https://wandb.ai/tntvan-iac-instagram/thesis_14th-1-onpolicy_scripts_train_bosch_scripts/sweeps/4p28qnnw
wandb: 🚀 View run at https://wandb.ai/tntvan-iac-instagram/thesis_14th-1-onpolicy_scripts_train_bosch_scripts/runs/92eml8dg
wandb: WARNING Ignoring project 'BOSCH' when running a sweep.
wandb: WARNING Ignoring entity 'tntvan-iac-instagram' when running a sweep.
wandb: Finishing previous runs because reinit is set to True.
wandb: updating run metadata; uploading console lines 0-0
wandb: updating run metadata
wandb: uploading wandb-metadata.json; uploading requirements.txt; uploading output.log; uploading wandb-summary.json; uploading config.yaml
2026-05-17 20:45:41,798 - wandb.wandb_agent - INFO - Running runs: ['92eml8dg']
wandb: uploading wandb-metadata.json
wandb: 🚀 View run elated-sweep-8 at: https://wandb.ai/tntvan-iac-instagram/thesis_14th-1-onpolicy_scripts_train_bosch_scripts/runs/92eml8dg
wandb: ⭐️ View project at: https://wandb.ai/tntvan-iac-instagram/thesis_14th-1-onpolicy_scripts_train_bosch_scripts
wandb: Synced 5 W&B file(s), 0 media file(s), 0 artifact file(s) and 0 other file(s)
wandb: Find logs at: ./wandb/run-20260517_204537-92eml8dg/logs
wandb: WARNING Using a boolean value for 'reinit' is deprecated. Use 'return_previous' or 'finish_previous' instead.
wandb: setting up run 92eml8dg
wandb: Tracking run with wandb version 0.26.1
wandb: Run data is saved locally in results/BOSCH/rmappo/sweep_5_2_4/wandb/run-20260517_204540-92eml8dg
wandb: Run `wandb offline` to turn off syncing.
wandb: Syncing run rmappo_sweep_5_2_4_seed1
wandb: ⭐️ View project at https://wandb.ai/tntvan-iac-instagram/thesis_14th-1-onpolicy_scripts_train_bosch_scripts
wandb: 🧹 View sweep at https://wandb.ai/tntvan-iac-instagram/thesis_14th-1-onpolicy_scripts_train_bosch_scripts/sweeps/4p28qnnw
wandb: 🚀 View run at https://wandb.ai/tntvan-iac-instagram/thesis_14th-1-onpolicy_scripts_train_bosch_scripts/runs/92eml8dg
BOSCH: using multiprocessing start_method='fork' on macOS.
share_observation_space:  [Box(-inf, inf, (312,), float32), Box(-inf, inf, (312,), float32), Box(-inf, inf, (312,), float32)]
observation_space:  [Box(-inf, inf, (104,), float32), Box(-inf, inf, (104,), float32), Box(-inf, inf, (104,), float32)]
action_space:  [MultiDiscrete10, Discrete(7), Discrete(7)]
Using shared machine policy: agent 0 separate; agents 1..2 share.

 Scenario BOSCH Algo rmappo Exp sweep_5_2_4 updates 0/347 episodes, total num timesteps 288/100000, FPS 149.


[EVAL] BOSCH MARL Inference Solving Time for 36 periods: 0.5262 seconds
eval average episode rewards of agent0: -15.745911
eval average episode rewards of agent1: -0.68352276
eval average episode rewards of agent2: -0.80746806
eval average episode costs: Backlog: 8582.00, Inventory: 26.25, Maintenance: 42.91, Production: 3525.10, Setup: 669.65, TOTAL: 12845.91

 Scenario BOSCH Algo rmappo Exp sweep_5_2_4 updates 5/347 episodes, total num timesteps 1728/100000, FPS 141.


 Scenario BOSCH Algo rmappo Exp sweep_5_2_4 updates 10/347 episodes, total num timesteps 3168/100000, FPS 140.


 Scenario BOSCH Algo rmappo Exp sweep_5_2_4 updates 15/347 episodes, total num timesteps 4608/100000, FPS 140.


 Scenario BOSCH Algo rmappo Exp sweep_5_2_4 updates 20/347 episodes, total num timesteps 6048/100000, FPS 137.


 Scenario BOSCH Algo rmappo Exp sweep_5_2_4 updates 25/347 episodes, total num timesteps 7488/100000, FPS 132.


 Scenario BOSCH Algo rmappo Exp sweep_5_2_4 updates 30/347 episodes, total num timesteps 8928/100000, FPS 129.


 Scenario BOSCH Algo rmappo Exp sweep_5_2_4 updates 35/347 episodes, total num timesteps 10368/100000, FPS 127.


 Scenario BOSCH Algo rmappo Exp sweep_5_2_4 updates 40/347 episodes, total num timesteps 11808/100000, FPS 125.


 Scenario BOSCH Algo rmappo Exp sweep_5_2_4 updates 45/347 episodes, total num timesteps 13248/100000, FPS 123.


 Scenario BOSCH Algo rmappo Exp sweep_5_2_4 updates 50/347 episodes, total num timesteps 14688/100000, FPS 122.


[EVAL] BOSCH MARL Inference Solving Time for 36 periods: 2.1369 seconds
eval average episode rewards of agent0: -11.253185
eval average episode rewards of agent1: -0.8958672
eval average episode rewards of agent2: -0.44597825
eval average episode costs: Backlog: 5389.04, Inventory: 0.00, Maintenance: 519.85, Production: 2359.11, Setup: 385.18, TOTAL: 8653.18

 Scenario BOSCH Algo rmappo Exp sweep_5_2_4 updates 55/347 episodes, total num timesteps 16128/100000, FPS 119.


 Scenario BOSCH Algo rmappo Exp sweep_5_2_4 updates 60/347 episodes, total num timesteps 17568/100000, FPS 119.


 Scenario BOSCH Algo rmappo Exp sweep_5_2_4 updates 65/347 episodes, total num timesteps 19008/100000, FPS 118.


 Scenario BOSCH Algo rmappo Exp sweep_5_2_4 updates 70/347 episodes, total num timesteps 20448/100000, FPS 117.


 Scenario BOSCH Algo rmappo Exp sweep_5_2_4 updates 75/347 episodes, total num timesteps 21888/100000, FPS 116.


 Scenario BOSCH Algo rmappo Exp sweep_5_2_4 updates 80/347 episodes, total num timesteps 23328/100000, FPS 116.


 Scenario BOSCH Algo rmappo Exp sweep_5_2_4 updates 85/347 episodes, total num timesteps 24768/100000, FPS 115.


 Scenario BOSCH Algo rmappo Exp sweep_5_2_4 updates 90/347 episodes, total num timesteps 26208/100000, FPS 115.


 Scenario BOSCH Algo rmappo Exp sweep_5_2_4 updates 95/347 episodes, total num timesteps 27648/100000, FPS 114.


 Scenario BOSCH Algo rmappo Exp sweep_5_2_4 updates 100/347 episodes, total num timesteps 29088/100000, FPS 114.


[EVAL] BOSCH MARL Inference Solving Time for 36 periods: 0.7408 seconds
eval average episode rewards of agent0: -6.310125
eval average episode rewards of agent1: -0.2398241
eval average episode rewards of agent2: -0.5512387
eval average episode costs: Backlog: 0.00, Inventory: 35.00, Maintenance: 18.47, Production: 2883.08, Setup: 673.58, TOTAL: 3610.12

 Scenario BOSCH Algo rmappo Exp sweep_5_2_4 updates 105/347 episodes, total num timesteps 30528/100000, FPS 114.


 Scenario BOSCH Algo rmappo Exp sweep_5_2_4 updates 110/347 episodes, total num timesteps 31968/100000, FPS 113.


 Scenario BOSCH Algo rmappo Exp sweep_5_2_4 updates 115/347 episodes, total num timesteps 33408/100000, FPS 113.


 Scenario BOSCH Algo rmappo Exp sweep_5_2_4 updates 120/347 episodes, total num timesteps 34848/100000, FPS 113.


 Scenario BOSCH Algo rmappo Exp sweep_5_2_4 updates 125/347 episodes, total num timesteps 36288/100000, FPS 113.


 Scenario BOSCH Algo rmappo Exp sweep_5_2_4 updates 130/347 episodes, total num timesteps 37728/100000, FPS 112.


 Scenario BOSCH Algo rmappo Exp sweep_5_2_4 updates 135/347 episodes, total num timesteps 39168/100000, FPS 112.


 Scenario BOSCH Algo rmappo Exp sweep_5_2_4 updates 140/347 episodes, total num timesteps 40608/100000, FPS 112.


 Scenario BOSCH Algo rmappo Exp sweep_5_2_4 updates 145/347 episodes, total num timesteps 42048/100000, FPS 112.


 Scenario BOSCH Algo rmappo Exp sweep_5_2_4 updates 150/347 episodes, total num timesteps 43488/100000, FPS 112.


[EVAL] BOSCH MARL Inference Solving Time for 36 periods: 1.0723 seconds
eval average episode rewards of agent0: -8.2436495
eval average episode rewards of agent1: -0.478963
eval average episode rewards of agent2: -0.25029474
eval average episode costs: Backlog: 0.00, Inventory: 36.75, Maintenance: 33.94, Production: 4045.32, Setup: 827.64, TOTAL: 4943.65

 Scenario BOSCH Algo rmappo Exp sweep_5_2_4 updates 155/347 episodes, total num timesteps 44928/100000, FPS 111.


 Scenario BOSCH Algo rmappo Exp sweep_5_2_4 updates 160/347 episodes, total num timesteps 46368/100000, FPS 111.


 Scenario BOSCH Algo rmappo Exp sweep_5_2_4 updates 165/347 episodes, total num timesteps 47808/100000, FPS 111.


 Scenario BOSCH Algo rmappo Exp sweep_5_2_4 updates 170/347 episodes, total num timesteps 49248/100000, FPS 111.


 Scenario BOSCH Algo rmappo Exp sweep_5_2_4 updates 175/347 episodes, total num timesteps 50688/100000, FPS 110.


 Scenario BOSCH Algo rmappo Exp sweep_5_2_4 updates 180/347 episodes, total num timesteps 52128/100000, FPS 110.


 Scenario BOSCH Algo rmappo Exp sweep_5_2_4 updates 185/347 episodes, total num timesteps 53568/100000, FPS 110.


 Scenario BOSCH Algo rmappo Exp sweep_5_2_4 updates 190/347 episodes, total num timesteps 55008/100000, FPS 110.


 Scenario BOSCH Algo rmappo Exp sweep_5_2_4 updates 195/347 episodes, total num timesteps 56448/100000, FPS 110.


 Scenario BOSCH Algo rmappo Exp sweep_5_2_4 updates 200/347 episodes, total num timesteps 57888/100000, FPS 110.


[EVAL] BOSCH MARL Inference Solving Time for 36 periods: 0.9623 seconds
eval average episode rewards of agent0: -7.9175453
eval average episode rewards of agent1: -0.5102499
eval average episode rewards of agent2: -0.33932453
eval average episode costs: Backlog: 0.00, Inventory: 31.50, Maintenance: 21.34, Production: 3735.91, Setup: 828.79, TOTAL: 4617.54

 Scenario BOSCH Algo rmappo Exp sweep_5_2_4 updates 205/347 episodes, total num timesteps 59328/100000, FPS 109.


 Scenario BOSCH Algo rmappo Exp sweep_5_2_4 updates 210/347 episodes, total num timesteps 60768/100000, FPS 109.


 Scenario BOSCH Algo rmappo Exp sweep_5_2_4 updates 215/347 episodes, total num timesteps 62208/100000, FPS 109.


 Scenario BOSCH Algo rmappo Exp sweep_5_2_4 updates 220/347 episodes, total num timesteps 63648/100000, FPS 109.


 Scenario BOSCH Algo rmappo Exp sweep_5_2_4 updates 225/347 episodes, total num timesteps 65088/100000, FPS 109.


 Scenario BOSCH Algo rmappo Exp sweep_5_2_4 updates 230/347 episodes, total num timesteps 66528/100000, FPS 109.


 Scenario BOSCH Algo rmappo Exp sweep_5_2_4 updates 235/347 episodes, total num timesteps 67968/100000, FPS 109.


 Scenario BOSCH Algo rmappo Exp sweep_5_2_4 updates 240/347 episodes, total num timesteps 69408/100000, FPS 109.


 Scenario BOSCH Algo rmappo Exp sweep_5_2_4 updates 245/347 episodes, total num timesteps 70848/100000, FPS 109.


 Scenario BOSCH Algo rmappo Exp sweep_5_2_4 updates 250/347 episodes, total num timesteps 72288/100000, FPS 109.


[EVAL] BOSCH MARL Inference Solving Time for 36 periods: 0.8593 seconds
eval average episode rewards of agent0: -8.325665
eval average episode rewards of agent1: -0.24971108
eval average episode rewards of agent2: -0.56077105
eval average episode costs: Backlog: 0.00, Inventory: 33.25, Maintenance: 34.13, Production: 4186.48, Setup: 871.81, TOTAL: 5125.67

 Scenario BOSCH Algo rmappo Exp sweep_5_2_4 updates 255/347 episodes, total num timesteps 73728/100000, FPS 109.


 Scenario BOSCH Algo rmappo Exp sweep_5_2_4 updates 260/347 episodes, total num timesteps 75168/100000, FPS 109.


 Scenario BOSCH Algo rmappo Exp sweep_5_2_4 updates 265/347 episodes, total num timesteps 76608/100000, FPS 109.


 Scenario BOSCH Algo rmappo Exp sweep_5_2_4 updates 270/347 episodes, total num timesteps 78048/100000, FPS 109.


 Scenario BOSCH Algo rmappo Exp sweep_5_2_4 updates 275/347 episodes, total num timesteps 79488/100000, FPS 109.


 Scenario BOSCH Algo rmappo Exp sweep_5_2_4 updates 280/347 episodes, total num timesteps 80928/100000, FPS 109.


 Scenario BOSCH Algo rmappo Exp sweep_5_2_4 updates 285/347 episodes, total num timesteps 82368/100000, FPS 108.


 Scenario BOSCH Algo rmappo Exp sweep_5_2_4 updates 290/347 episodes, total num timesteps 83808/100000, FPS 109.


 Scenario BOSCH Algo rmappo Exp sweep_5_2_4 updates 295/347 episodes, total num timesteps 85248/100000, FPS 108.


 Scenario BOSCH Algo rmappo Exp sweep_5_2_4 updates 300/347 episodes, total num timesteps 86688/100000, FPS 108.


[EVAL] BOSCH MARL Inference Solving Time for 36 periods: 1.2335 seconds
eval average episode rewards of agent0: -7.0896378
eval average episode rewards of agent1: -0.5929559
eval average episode rewards of agent2: -0.110351086
eval average episode costs: Backlog: 0.00, Inventory: 14.00, Maintenance: 25.57, Production: 3456.07, Setup: 694.00, TOTAL: 4189.64

 Scenario BOSCH Algo rmappo Exp sweep_5_2_4 updates 305/347 episodes, total num timesteps 88128/100000, FPS 108.


 Scenario BOSCH Algo rmappo Exp sweep_5_2_4 updates 310/347 episodes, total num timesteps 89568/100000, FPS 108.


 Scenario BOSCH Algo rmappo Exp sweep_5_2_4 updates 315/347 episodes, total num timesteps 91008/100000, FPS 108.


 Scenario BOSCH Algo rmappo Exp sweep_5_2_4 updates 320/347 episodes, total num timesteps 92448/100000, FPS 108.


 Scenario BOSCH Algo rmappo Exp sweep_5_2_4 updates 325/347 episodes, total num timesteps 93888/100000, FPS 108.


 Scenario BOSCH Algo rmappo Exp sweep_5_2_4 updates 330/347 episodes, total num timesteps 95328/100000, FPS 108.


 Scenario BOSCH Algo rmappo Exp sweep_5_2_4 updates 335/347 episodes, total num timesteps 96768/100000, FPS 108.


 Scenario BOSCH Algo rmappo Exp sweep_5_2_4 updates 340/347 episodes, total num timesteps 98208/100000, FPS 108.


 Scenario BOSCH Algo rmappo Exp sweep_5_2_4 updates 345/347 episodes, total num timesteps 99648/100000, FPS 108.

[1;34mwandb[0m: 
[1;34mwandb[0m: 🚀 View run [33mrmappo_sweep_5_2_4_seed1[0m at: [34mhttps://wandb.ai/tntvan-iac-instagram/thesis_14th-1-onpolicy_scripts_train_bosch_scripts/runs/92eml8dg[0m
2026-05-17 21:01:12,006 - wandb.wandb_agent - INFO - Cleaning up finished run: 92eml8dg
2026-05-17 21:01:12,872 - wandb.wandb_agent - INFO - Agent received command: run
2026-05-17 21:01:12,873 - wandb.wandb_agent - INFO - Agent starting run with config:
	activation_penalty: 100
	clip_param: 0.20426157338579284
	critic_lr: 0.0004192108932715953
	dense_production_reward: 1.2656342235940872
	dense_setup_penalty: 0.6591648928235194
	entropy_coef: 0.029920093691397056
	gae_lambda: 0.9768626883231464
	gamma: 0.9770796089750636
	hidden_size: 256
	load_balance_penalty: 10
	lr: 3.0315332309866196e-05
	ppo_epoch: 16
2026-05-17 21:01:12,879 - wandb.wandb_agent - INFO - About to run command: /usr/bin/env python3 /Users/nhi/thesis_14th-1/onpolicy/scripts/train_bosch_scripts/run_sweep.py --activation_penalty=100 --clip_param=0.20426157338579284 --critic_lr=0.0004192108932715953 --dense_production_reward=1.2656342235940872 --dense_setup_penalty=0.6591648928235194 --entropy_coef=0.029920093691397056 --gae_lambda=0.9768626883231464 --gamma=0.9770796089750636 --hidden_size=256 --load_balance_penalty=10 --lr=3.0315332309866196e-05 --ppo_epoch=16
wandb: [wandb.login()] Loaded credentials for https://api.wandb.ai from /Users/nhi/.netrc.
wandb: Currently logged in as: tntvan-iac (tntvan-iac-instagram) to https://api.wandb.ai. Use `wandb login --relogin` to force relogin
wandb: setting up run m1mmd54m
wandb: Tracking run with wandb version 0.26.1
wandb: Run data is saved locally in /Users/nhi/thesis_14th-1/onpolicy/scripts/train_bosch_scripts/wandb/run-20260517_210114-m1mmd54m
wandb: Run `wandb offline` to turn off syncing.
wandb: Syncing run resilient-sweep-9
wandb: ⭐️ View project at https://wandb.ai/tntvan-iac-instagram/thesis_14th-1-onpolicy_scripts_train_bosch_scripts
wandb: 🧹 View sweep at https://wandb.ai/tntvan-iac-instagram/thesis_14th-1-onpolicy_scripts_train_bosch_scripts/sweeps/4p28qnnw
wandb: 🚀 View run at https://wandb.ai/tntvan-iac-instagram/thesis_14th-1-onpolicy_scripts_train_bosch_scripts/runs/m1mmd54m
wandb: WARNING Ignoring project 'BOSCH' when running a sweep.
wandb: WARNING Ignoring entity 'tntvan-iac-instagram' when running a sweep.
wandb: Finishing previous runs because reinit is set to True.
wandb: updating run metadata; uploading console lines 0-0
2026-05-17 21:01:17,889 - wandb.wandb_agent - INFO - Running runs: ['m1mmd54m']
wandb: uploading wandb-metadata.json; uploading requirements.txt; uploading output.log; uploading wandb-summary.json; uploading config.yaml
wandb: uploading summary, console lines 0-3
wandb: 🚀 View run resilient-sweep-9 at: https://wandb.ai/tntvan-iac-instagram/thesis_14th-1-onpolicy_scripts_train_bosch_scripts/runs/m1mmd54m
wandb: ⭐️ View project at: https://wandb.ai/tntvan-iac-instagram/thesis_14th-1-onpolicy_scripts_train_bosch_scripts
wandb: Synced 5 W&B file(s), 0 media file(s), 0 artifact file(s) and 0 other file(s)
wandb: Find logs at: ./wandb/run-20260517_210114-m1mmd54m/logs
wandb: WARNING Using a boolean value for 'reinit' is deprecated. Use 'return_previous' or 'finish_previous' instead.
wandb: setting up run m1mmd54m
wandb: Tracking run with wandb version 0.26.1
wandb: Run data is saved locally in results/BOSCH/rmappo/sweep_5_2_4/wandb/run-20260517_210117-m1mmd54m
wandb: Run `wandb offline` to turn off syncing.
wandb: Syncing run rmappo_sweep_5_2_4_seed1
wandb: ⭐️ View project at https://wandb.ai/tntvan-iac-instagram/thesis_14th-1-onpolicy_scripts_train_bosch_scripts
wandb: 🧹 View sweep at https://wandb.ai/tntvan-iac-instagram/thesis_14th-1-onpolicy_scripts_train_bosch_scripts/sweeps/4p28qnnw
wandb: 🚀 View run at https://wandb.ai/tntvan-iac-instagram/thesis_14th-1-onpolicy_scripts_train_bosch_scripts/runs/m1mmd54m
BOSCH: using multiprocessing start_method='fork' on macOS.
share_observation_space:  [Box(-inf, inf, (312,), float32), Box(-inf, inf, (312,), float32), Box(-inf, inf, (312,), float32)]
observation_space:  [Box(-inf, inf, (104,), float32), Box(-inf, inf, (104,), float32), Box(-inf, inf, (104,), float32)]
action_space:  [MultiDiscrete10, Discrete(7), Discrete(7)]
Using shared machine policy: agent 0 separate; agents 1..2 share.

 Scenario BOSCH Algo rmappo Exp sweep_5_2_4 updates 0/347 episodes, total num timesteps 288/100000, FPS 136.


[EVAL] BOSCH MARL Inference Solving Time for 36 periods: 0.5689 seconds
eval average episode rewards of agent0: -17.164558
eval average episode rewards of agent1: -0.39570194
eval average episode rewards of agent2: -0.2856307
eval average episode costs: Backlog: 8582.00, Inventory: 26.25, Maintenance: 23.93, Production: 3522.47, Setup: 672.57, TOTAL: 12827.22

 Scenario BOSCH Algo rmappo Exp sweep_5_2_4 updates 5/347 episodes, total num timesteps 1728/100000, FPS 125.


 Scenario BOSCH Algo rmappo Exp sweep_5_2_4 updates 10/347 episodes, total num timesteps 3168/100000, FPS 124.


 Scenario BOSCH Algo rmappo Exp sweep_5_2_4 updates 15/347 episodes, total num timesteps 4608/100000, FPS 121.


 Scenario BOSCH Algo rmappo Exp sweep_5_2_4 updates 20/347 episodes, total num timesteps 6048/100000, FPS 120.


 Scenario BOSCH Algo rmappo Exp sweep_5_2_4 updates 25/347 episodes, total num timesteps 7488/100000, FPS 117.


 Scenario BOSCH Algo rmappo Exp sweep_5_2_4 updates 30/347 episodes, total num timesteps 8928/100000, FPS 113.


 Scenario BOSCH Algo rmappo Exp sweep_5_2_4 updates 35/347 episodes, total num timesteps 10368/100000, FPS 112.


 Scenario BOSCH Algo rmappo Exp sweep_5_2_4 updates 40/347 episodes, total num timesteps 11808/100000, FPS 111.


 Scenario BOSCH Algo rmappo Exp sweep_5_2_4 updates 45/347 episodes, total num timesteps 13248/100000, FPS 109.


 Scenario BOSCH Algo rmappo Exp sweep_5_2_4 updates 50/347 episodes, total num timesteps 14688/100000, FPS 109.


[EVAL] BOSCH MARL Inference Solving Time for 36 periods: 1.4962 seconds
eval average episode rewards of agent0: -9.695621
eval average episode rewards of agent1: 0.15796518
eval average episode rewards of agent2: 0.08299345
eval average episode costs: Backlog: 0.00, Inventory: 14.00, Maintenance: 42.45, Production: 3458.09, Setup: 688.10, TOTAL: 4202.64

 Scenario BOSCH Algo rmappo Exp sweep_5_2_4 updates 55/347 episodes, total num timesteps 16128/100000, FPS 107.


 Scenario BOSCH Algo rmappo Exp sweep_5_2_4 updates 60/347 episodes, total num timesteps 17568/100000, FPS 106.


 Scenario BOSCH Algo rmappo Exp sweep_5_2_4 updates 65/347 episodes, total num timesteps 19008/100000, FPS 105.


 Scenario BOSCH Algo rmappo Exp sweep_5_2_4 updates 70/347 episodes, total num timesteps 20448/100000, FPS 105.


 Scenario BOSCH Algo rmappo Exp sweep_5_2_4 updates 75/347 episodes, total num timesteps 21888/100000, FPS 105.


 Scenario BOSCH Algo rmappo Exp sweep_5_2_4 updates 80/347 episodes, total num timesteps 23328/100000, FPS 105.


 Scenario BOSCH Algo rmappo Exp sweep_5_2_4 updates 85/347 episodes, total num timesteps 24768/100000, FPS 105.


 Scenario BOSCH Algo rmappo Exp sweep_5_2_4 updates 90/347 episodes, total num timesteps 26208/100000, FPS 105.


 Scenario BOSCH Algo rmappo Exp sweep_5_2_4 updates 95/347 episodes, total num timesteps 27648/100000, FPS 105.


 Scenario BOSCH Algo rmappo Exp sweep_5_2_4 updates 100/347 episodes, total num timesteps 29088/100000, FPS 105.


[EVAL] BOSCH MARL Inference Solving Time for 36 periods: 0.7731 seconds
eval average episode rewards of agent0: -9.769575
eval average episode rewards of agent1: 0.034895554
eval average episode rewards of agent2: 0.11647539
eval average episode costs: Backlog: 0.00, Inventory: 42.00, Maintenance: 26.08, Production: 3840.67, Setup: 813.45, TOTAL: 4722.20

 Scenario BOSCH Algo rmappo Exp sweep_5_2_4 updates 105/347 episodes, total num timesteps 30528/100000, FPS 104.


 Scenario BOSCH Algo rmappo Exp sweep_5_2_4 updates 110/347 episodes, total num timesteps 31968/100000, FPS 104.


 Scenario BOSCH Algo rmappo Exp sweep_5_2_4 updates 115/347 episodes, total num timesteps 33408/100000, FPS 104.


 Scenario BOSCH Algo rmappo Exp sweep_5_2_4 updates 120/347 episodes, total num timesteps 34848/100000, FPS 104.


 Scenario BOSCH Algo rmappo Exp sweep_5_2_4 updates 125/347 episodes, total num timesteps 36288/100000, FPS 104.


 Scenario BOSCH Algo rmappo Exp sweep_5_2_4 updates 130/347 episodes, total num timesteps 37728/100000, FPS 104.


 Scenario BOSCH Algo rmappo Exp sweep_5_2_4 updates 135/347 episodes, total num timesteps 39168/100000, FPS 104.


 Scenario BOSCH Algo rmappo Exp sweep_5_2_4 updates 140/347 episodes, total num timesteps 40608/100000, FPS 104.


 Scenario BOSCH Algo rmappo Exp sweep_5_2_4 updates 145/347 episodes, total num timesteps 42048/100000, FPS 104.


 Scenario BOSCH Algo rmappo Exp sweep_5_2_4 updates 150/347 episodes, total num timesteps 43488/100000, FPS 104.


[EVAL] BOSCH MARL Inference Solving Time for 36 periods: 1.1891 seconds
eval average episode rewards of agent0: -9.588518
eval average episode rewards of agent1: 0.13367134
eval average episode rewards of agent2: 0.05866052
eval average episode costs: Backlog: 0.00, Inventory: 36.75, Maintenance: 32.13, Production: 4189.84, Setup: 913.14, TOTAL: 5171.86

 Scenario BOSCH Algo rmappo Exp sweep_5_2_4 updates 155/347 episodes, total num timesteps 44928/100000, FPS 104.


 Scenario BOSCH Algo rmappo Exp sweep_5_2_4 updates 160/347 episodes, total num timesteps 46368/100000, FPS 104.


 Scenario BOSCH Algo rmappo Exp sweep_5_2_4 updates 165/347 episodes, total num timesteps 47808/100000, FPS 104.


 Scenario BOSCH Algo rmappo Exp sweep_5_2_4 updates 170/347 episodes, total num timesteps 49248/100000, FPS 104.


 Scenario BOSCH Algo rmappo Exp sweep_5_2_4 updates 175/347 episodes, total num timesteps 50688/100000, FPS 104.


 Scenario BOSCH Algo rmappo Exp sweep_5_2_4 updates 180/347 episodes, total num timesteps 52128/100000, FPS 104.


 Scenario BOSCH Algo rmappo Exp sweep_5_2_4 updates 185/347 episodes, total num timesteps 53568/100000, FPS 104.


 Scenario BOSCH Algo rmappo Exp sweep_5_2_4 updates 190/347 episodes, total num timesteps 55008/100000, FPS 104.


 Scenario BOSCH Algo rmappo Exp sweep_5_2_4 updates 195/347 episodes, total num timesteps 56448/100000, FPS 104.


 Scenario BOSCH Algo rmappo Exp sweep_5_2_4 updates 200/347 episodes, total num timesteps 57888/100000, FPS 104.


[EVAL] BOSCH MARL Inference Solving Time for 36 periods: 0.7347 seconds
eval average episode rewards of agent0: -9.643617
eval average episode rewards of agent1: 0.05656088
eval average episode rewards of agent2: 0.11502911
eval average episode costs: Backlog: 0.00, Inventory: 31.50, Maintenance: 21.16, Production: 3815.45, Setup: 815.87, TOTAL: 4683.99

 Scenario BOSCH Algo rmappo Exp sweep_5_2_4 updates 205/347 episodes, total num timesteps 59328/100000, FPS 104.


 Scenario BOSCH Algo rmappo Exp sweep_5_2_4 updates 210/347 episodes, total num timesteps 60768/100000, FPS 104.


 Scenario BOSCH Algo rmappo Exp sweep_5_2_4 updates 215/347 episodes, total num timesteps 62208/100000, FPS 104.


 Scenario BOSCH Algo rmappo Exp sweep_5_2_4 updates 220/347 episodes, total num timesteps 63648/100000, FPS 104.


 Scenario BOSCH Algo rmappo Exp sweep_5_2_4 updates 225/347 episodes, total num timesteps 65088/100000, FPS 104.


 Scenario BOSCH Algo rmappo Exp sweep_5_2_4 updates 230/347 episodes, total num timesteps 66528/100000, FPS 104.


 Scenario BOSCH Algo rmappo Exp sweep_5_2_4 updates 235/347 episodes, total num timesteps 67968/100000, FPS 104.


 Scenario BOSCH Algo rmappo Exp sweep_5_2_4 updates 240/347 episodes, total num timesteps 69408/100000, FPS 105.


 Scenario BOSCH Algo rmappo Exp sweep_5_2_4 updates 245/347 episodes, total num timesteps 70848/100000, FPS 105.


 Scenario BOSCH Algo rmappo Exp sweep_5_2_4 updates 250/347 episodes, total num timesteps 72288/100000, FPS 105.


[EVAL] BOSCH MARL Inference Solving Time for 36 periods: 0.7193 seconds
eval average episode rewards of agent0: -9.478081
eval average episode rewards of agent1: 0.16131143
eval average episode rewards of agent2: 0.13199916
eval average episode costs: Backlog: 0.00, Inventory: 33.25, Maintenance: 34.51, Production: 4254.37, Setup: 806.96, TOTAL: 5129.09

 Scenario BOSCH Algo rmappo Exp sweep_5_2_4 updates 255/347 episodes, total num timesteps 73728/100000, FPS 105.


 Scenario BOSCH Algo rmappo Exp sweep_5_2_4 updates 260/347 episodes, total num timesteps 75168/100000, FPS 105.


 Scenario BOSCH Algo rmappo Exp sweep_5_2_4 updates 265/347 episodes, total num timesteps 76608/100000, FPS 105.


 Scenario BOSCH Algo rmappo Exp sweep_5_2_4 updates 270/347 episodes, total num timesteps 78048/100000, FPS 105.


 Scenario BOSCH Algo rmappo Exp sweep_5_2_4 updates 275/347 episodes, total num timesteps 79488/100000, FPS 105.


 Scenario BOSCH Algo rmappo Exp sweep_5_2_4 updates 280/347 episodes, total num timesteps 80928/100000, FPS 105.


 Scenario BOSCH Algo rmappo Exp sweep_5_2_4 updates 285/347 episodes, total num timesteps 82368/100000, FPS 105.


 Scenario BOSCH Algo rmappo Exp sweep_5_2_4 updates 290/347 episodes, total num timesteps 83808/100000, FPS 106.


 Scenario BOSCH Algo rmappo Exp sweep_5_2_4 updates 295/347 episodes, total num timesteps 85248/100000, FPS 106.


 Scenario BOSCH Algo rmappo Exp sweep_5_2_4 updates 300/347 episodes, total num timesteps 86688/100000, FPS 106.


[EVAL] BOSCH MARL Inference Solving Time for 36 periods: 0.6656 seconds
eval average episode rewards of agent0: -9.809264
eval average episode rewards of agent1: 0.10777591
eval average episode rewards of agent2: 0.16502537
eval average episode costs: Backlog: 0.00, Inventory: 14.00, Maintenance: 28.25, Production: 4442.39, Setup: 853.22, TOTAL: 5337.86

 Scenario BOSCH Algo rmappo Exp sweep_5_2_4 updates 305/347 episodes, total num timesteps 88128/100000, FPS 106.


 Scenario BOSCH Algo rmappo Exp sweep_5_2_4 updates 310/347 episodes, total num timesteps 89568/100000, FPS 106.


 Scenario BOSCH Algo rmappo Exp sweep_5_2_4 updates 315/347 episodes, total num timesteps 91008/100000, FPS 106.


 Scenario BOSCH Algo rmappo Exp sweep_5_2_4 updates 320/347 episodes, total num timesteps 92448/100000, FPS 106.


 Scenario BOSCH Algo rmappo Exp sweep_5_2_4 updates 325/347 episodes, total num timesteps 93888/100000, FPS 106.


 Scenario BOSCH Algo rmappo Exp sweep_5_2_4 updates 330/347 episodes, total num timesteps 95328/100000, FPS 106.


 Scenario BOSCH Algo rmappo Exp sweep_5_2_4 updates 335/347 episodes, total num timesteps 96768/100000, FPS 106.


 Scenario BOSCH Algo rmappo Exp sweep_5_2_4 updates 340/347 episodes, total num timesteps 98208/100000, FPS 106.


 Scenario BOSCH Algo rmappo Exp sweep_5_2_4 updates 345/347 episodes, total num timesteps 99648/100000, FPS 106.

[1;34mwandb[0m: 
[1;34mwandb[0m: 🚀 View run [33mrmappo_sweep_5_2_4_seed1[0m at: [34mhttps://wandb.ai/tntvan-iac-instagram/thesis_14th-1-onpolicy_scripts_train_bosch_scripts/runs/m1mmd54m[0m
2026-05-17 21:17:02,610 - wandb.wandb_agent - INFO - Cleaning up finished run: m1mmd54m
2026-05-17 21:17:03,445 - wandb.wandb_agent - INFO - Agent received command: run
2026-05-17 21:17:03,446 - wandb.wandb_agent - INFO - Agent starting run with config:
	activation_penalty: 100
	clip_param: 0.22164088194332393
	critic_lr: 0.00022184503992194105
	dense_production_reward: 1.0788670640500828
	dense_setup_penalty: 0.6294089080942237
	entropy_coef: 0.08578906941973621
	gae_lambda: 0.9694471616151128
	gamma: 0.9938267615798172
	hidden_size: 256
	load_balance_penalty: 0
	lr: 2.5388976423733404e-05
	ppo_epoch: 6
2026-05-17 21:17:03,454 - wandb.wandb_agent - INFO - About to run command: /usr/bin/env python3 /Users/nhi/thesis_14th-1/onpolicy/scripts/train_bosch_scripts/run_sweep.py --activation_penalty=100 --clip_param=0.22164088194332393 --critic_lr=0.00022184503992194105 --dense_production_reward=1.0788670640500828 --dense_setup_penalty=0.6294089080942237 --entropy_coef=0.08578906941973621 --gae_lambda=0.9694471616151128 --gamma=0.9938267615798172 --hidden_size=256 --load_balance_penalty=0 --lr=2.5388976423733404e-05 --ppo_epoch=6
wandb: [wandb.login()] Loaded credentials for https://api.wandb.ai from /Users/nhi/.netrc.
wandb: Currently logged in as: tntvan-iac (tntvan-iac-instagram) to https://api.wandb.ai. Use `wandb login --relogin` to force relogin
wandb: setting up run tepk15w2
wandb: Tracking run with wandb version 0.26.1
wandb: Run data is saved locally in /Users/nhi/thesis_14th-1/onpolicy/scripts/train_bosch_scripts/wandb/run-20260517_211704-tepk15w2
wandb: Run `wandb offline` to turn off syncing.
wandb: Syncing run neat-sweep-10
wandb: ⭐️ View project at https://wandb.ai/tntvan-iac-instagram/thesis_14th-1-onpolicy_scripts_train_bosch_scripts
wandb: 🧹 View sweep at https://wandb.ai/tntvan-iac-instagram/thesis_14th-1-onpolicy_scripts_train_bosch_scripts/sweeps/4p28qnnw
wandb: 🚀 View run at https://wandb.ai/tntvan-iac-instagram/thesis_14th-1-onpolicy_scripts_train_bosch_scripts/runs/tepk15w2
wandb: WARNING Ignoring project 'BOSCH' when running a sweep.
wandb: WARNING Ignoring entity 'tntvan-iac-instagram' when running a sweep.
wandb: Finishing previous runs because reinit is set to True.
wandb: updating run metadata; uploading console lines 0-0
wandb: updating run metadata
wandb: uploading wandb-metadata.json; uploading requirements.txt; uploading output.log; uploading wandb-summary.json; uploading config.yaml
2026-05-17 21:17:08,465 - wandb.wandb_agent - INFO - Running runs: ['tepk15w2']
wandb: uploading wandb-metadata.json; uploading output.log; uploading wandb-summary.json; uploading config.yaml
wandb: uploading summary, console lines 1-3
wandb: 🚀 View run neat-sweep-10 at: https://wandb.ai/tntvan-iac-instagram/thesis_14th-1-onpolicy_scripts_train_bosch_scripts/runs/tepk15w2
wandb: ⭐️ View project at: https://wandb.ai/tntvan-iac-instagram/thesis_14th-1-onpolicy_scripts_train_bosch_scripts
wandb: Synced 5 W&B file(s), 0 media file(s), 0 artifact file(s) and 0 other file(s)
wandb: Find logs at: ./wandb/run-20260517_211704-tepk15w2/logs
wandb: WARNING Using a boolean value for 'reinit' is deprecated. Use 'return_previous' or 'finish_previous' instead.
wandb: setting up run tepk15w2
wandb: Tracking run with wandb version 0.26.1
wandb: Run data is saved locally in results/BOSCH/rmappo/sweep_5_2_4/wandb/run-20260517_211706-tepk15w2
wandb: Run `wandb offline` to turn off syncing.
wandb: Syncing run rmappo_sweep_5_2_4_seed1
wandb: ⭐️ View project at https://wandb.ai/tntvan-iac-instagram/thesis_14th-1-onpolicy_scripts_train_bosch_scripts
wandb: 🧹 View sweep at https://wandb.ai/tntvan-iac-instagram/thesis_14th-1-onpolicy_scripts_train_bosch_scripts/sweeps/4p28qnnw
wandb: 🚀 View run at https://wandb.ai/tntvan-iac-instagram/thesis_14th-1-onpolicy_scripts_train_bosch_scripts/runs/tepk15w2
BOSCH: using multiprocessing start_method='fork' on macOS.
share_observation_space:  [Box(-inf, inf, (312,), float32), Box(-inf, inf, (312,), float32), Box(-inf, inf, (312,), float32)]
observation_space:  [Box(-inf, inf, (104,), float32), Box(-inf, inf, (104,), float32), Box(-inf, inf, (104,), float32)]
action_space:  [MultiDiscrete10, Discrete(7), Discrete(7)]
Using shared machine policy: agent 0 separate; agents 1..2 share.

 Scenario BOSCH Algo rmappo Exp sweep_5_2_4 updates 0/347 episodes, total num timesteps 288/100000, FPS 173.


[EVAL] BOSCH MARL Inference Solving Time for 36 periods: 0.5253 seconds
eval average episode rewards of agent0: -15.782054
eval average episode rewards of agent1: -0.42878222
eval average episode rewards of agent2: -0.36137858
eval average episode costs: Backlog: 8582.00, Inventory: 26.25, Maintenance: 23.95, Production: 3525.10, Setup: 724.75, TOTAL: 12882.05

 Scenario BOSCH Algo rmappo Exp sweep_5_2_4 updates 5/347 episodes, total num timesteps 1728/100000, FPS 164.


 Scenario BOSCH Algo rmappo Exp sweep_5_2_4 updates 10/347 episodes, total num timesteps 3168/100000, FPS 166.


 Scenario BOSCH Algo rmappo Exp sweep_5_2_4 updates 15/347 episodes, total num timesteps 4608/100000, FPS 164.


 Scenario BOSCH Algo rmappo Exp sweep_5_2_4 updates 20/347 episodes, total num timesteps 6048/100000, FPS 164.


 Scenario BOSCH Algo rmappo Exp sweep_5_2_4 updates 25/347 episodes, total num timesteps 7488/100000, FPS 160.


 Scenario BOSCH Algo rmappo Exp sweep_5_2_4 updates 30/347 episodes, total num timesteps 8928/100000, FPS 155.


 Scenario BOSCH Algo rmappo Exp sweep_5_2_4 updates 35/347 episodes, total num timesteps 10368/100000, FPS 151.


 Scenario BOSCH Algo rmappo Exp sweep_5_2_4 updates 40/347 episodes, total num timesteps 11808/100000, FPS 148.


 Scenario BOSCH Algo rmappo Exp sweep_5_2_4 updates 45/347 episodes, total num timesteps 13248/100000, FPS 145.


 Scenario BOSCH Algo rmappo Exp sweep_5_2_4 updates 50/347 episodes, total num timesteps 14688/100000, FPS 143.


[EVAL] BOSCH MARL Inference Solving Time for 36 periods: 1.1513 seconds
eval average episode rewards of agent0: -7.0946083
eval average episode rewards of agent1: 0.06918606
eval average episode rewards of agent2: 0.08430052
eval average episode costs: Backlog: 0.00, Inventory: 14.00, Maintenance: 25.57, Production: 3456.07, Setup: 698.97, TOTAL: 4194.61

 Scenario BOSCH Algo rmappo Exp sweep_5_2_4 updates 55/347 episodes, total num timesteps 16128/100000, FPS 140.


 Scenario BOSCH Algo rmappo Exp sweep_5_2_4 updates 60/347 episodes, total num timesteps 17568/100000, FPS 138.


 Scenario BOSCH Algo rmappo Exp sweep_5_2_4 updates 65/347 episodes, total num timesteps 19008/100000, FPS 137.


 Scenario BOSCH Algo rmappo Exp sweep_5_2_4 updates 70/347 episodes, total num timesteps 20448/100000, FPS 136.


 Scenario BOSCH Algo rmappo Exp sweep_5_2_4 updates 75/347 episodes, total num timesteps 21888/100000, FPS 136.


 Scenario BOSCH Algo rmappo Exp sweep_5_2_4 updates 80/347 episodes, total num timesteps 23328/100000, FPS 135.


 Scenario BOSCH Algo rmappo Exp sweep_5_2_4 updates 85/347 episodes, total num timesteps 24768/100000, FPS 134.


 Scenario BOSCH Algo rmappo Exp sweep_5_2_4 updates 90/347 episodes, total num timesteps 26208/100000, FPS 133.


 Scenario BOSCH Algo rmappo Exp sweep_5_2_4 updates 95/347 episodes, total num timesteps 27648/100000, FPS 132.


 Scenario BOSCH Algo rmappo Exp sweep_5_2_4 updates 100/347 episodes, total num timesteps 29088/100000, FPS 132.


[EVAL] BOSCH MARL Inference Solving Time for 36 periods: 0.9394 seconds
eval average episode rewards of agent0: -6.358772
eval average episode rewards of agent1: 0.0018119324
eval average episode rewards of agent2: 0.03604736
eval average episode costs: Backlog: 0.00, Inventory: 35.00, Maintenance: 18.24, Production: 2881.50, Setup: 724.03, TOTAL: 3658.77

 Scenario BOSCH Algo rmappo Exp sweep_5_2_4 updates 105/347 episodes, total num timesteps 30528/100000, FPS 131.


 Scenario BOSCH Algo rmappo Exp sweep_5_2_4 updates 110/347 episodes, total num timesteps 31968/100000, FPS 130.


 Scenario BOSCH Algo rmappo Exp sweep_5_2_4 updates 115/347 episodes, total num timesteps 33408/100000, FPS 130.


 Scenario BOSCH Algo rmappo Exp sweep_5_2_4 updates 120/347 episodes, total num timesteps 34848/100000, FPS 129.


 Scenario BOSCH Algo rmappo Exp sweep_5_2_4 updates 125/347 episodes, total num timesteps 36288/100000, FPS 129.


 Scenario BOSCH Algo rmappo Exp sweep_5_2_4 updates 130/347 episodes, total num timesteps 37728/100000, FPS 129.


 Scenario BOSCH Algo rmappo Exp sweep_5_2_4 updates 135/347 episodes, total num timesteps 39168/100000, FPS 128.


 Scenario BOSCH Algo rmappo Exp sweep_5_2_4 updates 140/347 episodes, total num timesteps 40608/100000, FPS 128.


 Scenario BOSCH Algo rmappo Exp sweep_5_2_4 updates 145/347 episodes, total num timesteps 42048/100000, FPS 128.


 Scenario BOSCH Algo rmappo Exp sweep_5_2_4 updates 150/347 episodes, total num timesteps 43488/100000, FPS 128.


[EVAL] BOSCH MARL Inference Solving Time for 36 periods: 1.0590 seconds
eval average episode rewards of agent0: -8.288945
eval average episode rewards of agent1: 0.09147796
eval average episode rewards of agent2: 0.059428386
eval average episode costs: Backlog: 0.00, Inventory: 36.75, Maintenance: 34.47, Production: 4072.93, Setup: 844.80, TOTAL: 4988.94

 Scenario BOSCH Algo rmappo Exp sweep_5_2_4 updates 155/347 episodes, total num timesteps 44928/100000, FPS 127.


 Scenario BOSCH Algo rmappo Exp sweep_5_2_4 updates 160/347 episodes, total num timesteps 46368/100000, FPS 127.


 Scenario BOSCH Algo rmappo Exp sweep_5_2_4 updates 165/347 episodes, total num timesteps 47808/100000, FPS 127.


 Scenario BOSCH Algo rmappo Exp sweep_5_2_4 updates 170/347 episodes, total num timesteps 49248/100000, FPS 127.


 Scenario BOSCH Algo rmappo Exp sweep_5_2_4 updates 175/347 episodes, total num timesteps 50688/100000, FPS 127.


 Scenario BOSCH Algo rmappo Exp sweep_5_2_4 updates 180/347 episodes, total num timesteps 52128/100000, FPS 126.


 Scenario BOSCH Algo rmappo Exp sweep_5_2_4 updates 185/347 episodes, total num timesteps 53568/100000, FPS 126.


 Scenario BOSCH Algo rmappo Exp sweep_5_2_4 updates 190/347 episodes, total num timesteps 55008/100000, FPS 126.


 Scenario BOSCH Algo rmappo Exp sweep_5_2_4 updates 195/347 episodes, total num timesteps 56448/100000, FPS 126.


 Scenario BOSCH Algo rmappo Exp sweep_5_2_4 updates 200/347 episodes, total num timesteps 57888/100000, FPS 126.


[EVAL] BOSCH MARL Inference Solving Time for 36 periods: 0.9364 seconds
eval average episode rewards of agent0: -7.892315
eval average episode rewards of agent1: 0.044748366
eval average episode rewards of agent2: 0.06762171
eval average episode costs: Backlog: 0.00, Inventory: 31.50, Maintenance: 21.34, Production: 3735.91, Setup: 803.56, TOTAL: 4592.31

 Scenario BOSCH Algo rmappo Exp sweep_5_2_4 updates 205/347 episodes, total num timesteps 59328/100000, FPS 125.


 Scenario BOSCH Algo rmappo Exp sweep_5_2_4 updates 210/347 episodes, total num timesteps 60768/100000, FPS 125.


 Scenario BOSCH Algo rmappo Exp sweep_5_2_4 updates 215/347 episodes, total num timesteps 62208/100000, FPS 125.


 Scenario BOSCH Algo rmappo Exp sweep_5_2_4 updates 220/347 episodes, total num timesteps 63648/100000, FPS 125.


 Scenario BOSCH Algo rmappo Exp sweep_5_2_4 updates 225/347 episodes, total num timesteps 65088/100000, FPS 125.


 Scenario BOSCH Algo rmappo Exp sweep_5_2_4 updates 230/347 episodes, total num timesteps 66528/100000, FPS 125.


 Scenario BOSCH Algo rmappo Exp sweep_5_2_4 updates 235/347 episodes, total num timesteps 67968/100000, FPS 124.


 Scenario BOSCH Algo rmappo Exp sweep_5_2_4 updates 240/347 episodes, total num timesteps 69408/100000, FPS 124.


 Scenario BOSCH Algo rmappo Exp sweep_5_2_4 updates 245/347 episodes, total num timesteps 70848/100000, FPS 124.


 Scenario BOSCH Algo rmappo Exp sweep_5_2_4 updates 250/347 episodes, total num timesteps 72288/100000, FPS 124.


[EVAL] BOSCH MARL Inference Solving Time for 36 periods: 0.8363 seconds
eval average episode rewards of agent0: -8.26886
eval average episode rewards of agent1: 0.10332763
eval average episode rewards of agent2: 0.054059096
eval average episode costs: Backlog: 0.00, Inventory: 33.25, Maintenance: 34.13, Production: 4186.48, Setup: 815.00, TOTAL: 5068.86

 Scenario BOSCH Algo rmappo Exp sweep_5_2_4 updates 255/347 episodes, total num timesteps 73728/100000, FPS 124.


 Scenario BOSCH Algo rmappo Exp sweep_5_2_4 updates 260/347 episodes, total num timesteps 75168/100000, FPS 124.


 Scenario BOSCH Algo rmappo Exp sweep_5_2_4 updates 265/347 episodes, total num timesteps 76608/100000, FPS 124.


 Scenario BOSCH Algo rmappo Exp sweep_5_2_4 updates 270/347 episodes, total num timesteps 78048/100000, FPS 124.


 Scenario BOSCH Algo rmappo Exp sweep_5_2_4 updates 275/347 episodes, total num timesteps 79488/100000, FPS 124.


 Scenario BOSCH Algo rmappo Exp sweep_5_2_4 updates 280/347 episodes, total num timesteps 80928/100000, FPS 124.


 Scenario BOSCH Algo rmappo Exp sweep_5_2_4 updates 285/347 episodes, total num timesteps 82368/100000, FPS 124.


 Scenario BOSCH Algo rmappo Exp sweep_5_2_4 updates 290/347 episodes, total num timesteps 83808/100000, FPS 124.


 Scenario BOSCH Algo rmappo Exp sweep_5_2_4 updates 295/347 episodes, total num timesteps 85248/100000, FPS 123.


 Scenario BOSCH Algo rmappo Exp sweep_5_2_4 updates 300/347 episodes, total num timesteps 86688/100000, FPS 123.


[EVAL] BOSCH MARL Inference Solving Time for 36 periods: 1.2000 seconds
eval average episode rewards of agent0: -8.671964
eval average episode rewards of agent1: 0.09317255
eval average episode rewards of agent2: 0.01094592
eval average episode costs: Backlog: 0.00, Inventory: 14.00, Maintenance: 30.15, Production: 4273.76, Setup: 954.06, TOTAL: 5271.96

 Scenario BOSCH Algo rmappo Exp sweep_5_2_4 updates 305/347 episodes, total num timesteps 88128/100000, FPS 123.


 Scenario BOSCH Algo rmappo Exp sweep_5_2_4 updates 310/347 episodes, total num timesteps 89568/100000, FPS 123.


 Scenario BOSCH Algo rmappo Exp sweep_5_2_4 updates 315/347 episodes, total num timesteps 91008/100000, FPS 123.


 Scenario BOSCH Algo rmappo Exp sweep_5_2_4 updates 320/347 episodes, total num timesteps 92448/100000, FPS 123.


 Scenario BOSCH Algo rmappo Exp sweep_5_2_4 updates 325/347 episodes, total num timesteps 93888/100000, FPS 123.


 Scenario BOSCH Algo rmappo Exp sweep_5_2_4 updates 330/347 episodes, total num timesteps 95328/100000, FPS 123.


 Scenario BOSCH Algo rmappo Exp sweep_5_2_4 updates 335/347 episodes, total num timesteps 96768/100000, FPS 123.


 Scenario BOSCH Algo rmappo Exp sweep_5_2_4 updates 340/347 episodes, total num timesteps 98208/100000, FPS 122.


 Scenario BOSCH Algo rmappo Exp sweep_5_2_4 updates 345/347 episodes, total num timesteps 99648/100000, FPS 122.

[1;34mwandb[0m: 
[1;34mwandb[0m: 🚀 View run [33mrmappo_sweep_5_2_4_seed1[0m at: [34mhttps://wandb.ai/tntvan-iac-instagram/thesis_14th-1-onpolicy_scripts_train_bosch_scripts/runs/tepk15w2[0m
2026-05-17 21:30:51,248 - wandb.wandb_agent - INFO - Cleaning up finished run: tepk15w2
2026-05-17 21:30:52,682 - wandb.wandb_agent - INFO - Agent received command: run
2026-05-17 21:30:52,682 - wandb.wandb_agent - INFO - Agent starting run with config:
	activation_penalty: 10
	clip_param: 0.2677376571772332
	critic_lr: 0.00040232826584235705
	dense_production_reward: 1.815425684176792
	dense_setup_penalty: 0.7413814444349053
	entropy_coef: 0.01745757630582771
	gae_lambda: 0.9447171089359482
	gamma: 0.9844839885393676
	hidden_size: 256
	load_balance_penalty: 0
	lr: 2.4657010992960605e-05
	ppo_epoch: 16
2026-05-17 21:30:52,688 - wandb.wandb_agent - INFO - About to run command: /usr/bin/env python3 /Users/nhi/thesis_14th-1/onpolicy/scripts/train_bosch_scripts/run_sweep.py --activation_penalty=10 --clip_param=0.2677376571772332 --critic_lr=0.00040232826584235705 --dense_production_reward=1.815425684176792 --dense_setup_penalty=0.7413814444349053 --entropy_coef=0.01745757630582771 --gae_lambda=0.9447171089359482 --gamma=0.9844839885393676 --hidden_size=256 --load_balance_penalty=0 --lr=2.4657010992960605e-05 --ppo_epoch=16
wandb: [wandb.login()] Loaded credentials for https://api.wandb.ai from /Users/nhi/.netrc.
wandb: Currently logged in as: tntvan-iac (tntvan-iac-instagram) to https://api.wandb.ai. Use `wandb login --relogin` to force relogin
wandb: setting up run 88jiktow
wandb: Tracking run with wandb version 0.26.1
wandb: Run data is saved locally in /Users/nhi/thesis_14th-1/onpolicy/scripts/train_bosch_scripts/wandb/run-20260517_213053-88jiktow
wandb: Run `wandb offline` to turn off syncing.
wandb: Syncing run volcanic-sweep-11
wandb: ⭐️ View project at https://wandb.ai/tntvan-iac-instagram/thesis_14th-1-onpolicy_scripts_train_bosch_scripts
wandb: 🧹 View sweep at https://wandb.ai/tntvan-iac-instagram/thesis_14th-1-onpolicy_scripts_train_bosch_scripts/sweeps/4p28qnnw
wandb: 🚀 View run at https://wandb.ai/tntvan-iac-instagram/thesis_14th-1-onpolicy_scripts_train_bosch_scripts/runs/88jiktow
wandb: WARNING Ignoring project 'BOSCH' when running a sweep.
wandb: WARNING Ignoring entity 'tntvan-iac-instagram' when running a sweep.
wandb: Finishing previous runs because reinit is set to True.
wandb: updating run metadata; uploading console lines 0-0
wandb: uploading wandb-metadata.json; uploading requirements.txt; uploading output.log; uploading wandb-summary.json; uploading config.yaml
wandb: uploading summary, console lines 0-3
2026-05-17 21:30:57,698 - wandb.wandb_agent - INFO - Running runs: ['88jiktow']
wandb: 🚀 View run volcanic-sweep-11 at: https://wandb.ai/tntvan-iac-instagram/thesis_14th-1-onpolicy_scripts_train_bosch_scripts/runs/88jiktow
wandb: ⭐️ View project at: https://wandb.ai/tntvan-iac-instagram/thesis_14th-1-onpolicy_scripts_train_bosch_scripts
wandb: Synced 5 W&B file(s), 0 media file(s), 0 artifact file(s) and 0 other file(s)
wandb: Find logs at: ./wandb/run-20260517_213053-88jiktow/logs
wandb: WARNING Using a boolean value for 'reinit' is deprecated. Use 'return_previous' or 'finish_previous' instead.
wandb: setting up run 88jiktow
wandb: Tracking run with wandb version 0.26.1
wandb: Run data is saved locally in results/BOSCH/rmappo/sweep_5_2_4/wandb/run-20260517_213056-88jiktow
wandb: Run `wandb offline` to turn off syncing.
wandb: Syncing run rmappo_sweep_5_2_4_seed1
wandb: ⭐️ View project at https://wandb.ai/tntvan-iac-instagram/thesis_14th-1-onpolicy_scripts_train_bosch_scripts
wandb: 🧹 View sweep at https://wandb.ai/tntvan-iac-instagram/thesis_14th-1-onpolicy_scripts_train_bosch_scripts/sweeps/4p28qnnw
wandb: 🚀 View run at https://wandb.ai/tntvan-iac-instagram/thesis_14th-1-onpolicy_scripts_train_bosch_scripts/runs/88jiktow
BOSCH: using multiprocessing start_method='fork' on macOS.
share_observation_space:  [Box(-inf, inf, (312,), float32), Box(-inf, inf, (312,), float32), Box(-inf, inf, (312,), float32)]
observation_space:  [Box(-inf, inf, (104,), float32), Box(-inf, inf, (104,), float32), Box(-inf, inf, (104,), float32)]
action_space:  [MultiDiscrete10, Discrete(7), Discrete(7)]
Using shared machine policy: agent 0 separate; agents 1..2 share.

 Scenario BOSCH Algo rmappo Exp sweep_5_2_4 updates 0/347 episodes, total num timesteps 288/100000, FPS 140.


[EVAL] BOSCH MARL Inference Solving Time for 36 periods: 0.5026 seconds
eval average episode rewards of agent0: -9.570876
eval average episode rewards of agent1: -0.049443606
eval average episode rewards of agent2: 0.026622558
eval average episode costs: Backlog: 4707.50, Inventory: 42.00, Maintenance: 25.79, Production: 3786.55, Setup: 699.03, TOTAL: 9260.88

 Scenario BOSCH Algo rmappo Exp sweep_5_2_4 updates 5/347 episodes, total num timesteps 1728/100000, FPS 128.


 Scenario BOSCH Algo rmappo Exp sweep_5_2_4 updates 10/347 episodes, total num timesteps 3168/100000, FPS 125.


 Scenario BOSCH Algo rmappo Exp sweep_5_2_4 updates 15/347 episodes, total num timesteps 4608/100000, FPS 121.


 Scenario BOSCH Algo rmappo Exp sweep_5_2_4 updates 20/347 episodes, total num timesteps 6048/100000, FPS 116.


 Scenario BOSCH Algo rmappo Exp sweep_5_2_4 updates 25/347 episodes, total num timesteps 7488/100000, FPS 113.


 Scenario BOSCH Algo rmappo Exp sweep_5_2_4 updates 30/347 episodes, total num timesteps 8928/100000, FPS 111.


 Scenario BOSCH Algo rmappo Exp sweep_5_2_4 updates 35/347 episodes, total num timesteps 10368/100000, FPS 110.


 Scenario BOSCH Algo rmappo Exp sweep_5_2_4 updates 40/347 episodes, total num timesteps 11808/100000, FPS 109.


 Scenario BOSCH Algo rmappo Exp sweep_5_2_4 updates 45/347 episodes, total num timesteps 13248/100000, FPS 107.


 Scenario BOSCH Algo rmappo Exp sweep_5_2_4 updates 50/347 episodes, total num timesteps 14688/100000, FPS 107.


[EVAL] BOSCH MARL Inference Solving Time for 36 periods: 0.9112 seconds
eval average episode rewards of agent0: -5.592337
eval average episode rewards of agent1: 0.34229094
eval average episode rewards of agent2: 0.23477712
eval average episode costs: Backlog: 0.00, Inventory: 14.00, Maintenance: 30.55, Production: 4285.41, Setup: 922.38, TOTAL: 5252.34

 Scenario BOSCH Algo rmappo Exp sweep_5_2_4 updates 55/347 episodes, total num timesteps 16128/100000, FPS 106.


 Scenario BOSCH Algo rmappo Exp sweep_5_2_4 updates 60/347 episodes, total num timesteps 17568/100000, FPS 106.


 Scenario BOSCH Algo rmappo Exp sweep_5_2_4 updates 65/347 episodes, total num timesteps 19008/100000, FPS 106.


 Scenario BOSCH Algo rmappo Exp sweep_5_2_4 updates 70/347 episodes, total num timesteps 20448/100000, FPS 105.


 Scenario BOSCH Algo rmappo Exp sweep_5_2_4 updates 75/347 episodes, total num timesteps 21888/100000, FPS 105.


 Scenario BOSCH Algo rmappo Exp sweep_5_2_4 updates 80/347 episodes, total num timesteps 23328/100000, FPS 105.


 Scenario BOSCH Algo rmappo Exp sweep_5_2_4 updates 85/347 episodes, total num timesteps 24768/100000, FPS 105.


 Scenario BOSCH Algo rmappo Exp sweep_5_2_4 updates 90/347 episodes, total num timesteps 26208/100000, FPS 105.


 Scenario BOSCH Algo rmappo Exp sweep_5_2_4 updates 95/347 episodes, total num timesteps 27648/100000, FPS 104.


 Scenario BOSCH Algo rmappo Exp sweep_5_2_4 updates 100/347 episodes, total num timesteps 29088/100000, FPS 104.


[EVAL] BOSCH MARL Inference Solving Time for 36 periods: 0.8555 seconds
eval average episode rewards of agent0: -5.028843
eval average episode rewards of agent1: 0.15677467
eval average episode rewards of agent2: 0.24093513
eval average episode costs: Backlog: 0.00, Inventory: 42.00, Maintenance: 26.50, Production: 3828.27, Setup: 812.07, TOTAL: 4708.84

 Scenario BOSCH Algo rmappo Exp sweep_5_2_4 updates 105/347 episodes, total num timesteps 30528/100000, FPS 104.


 Scenario BOSCH Algo rmappo Exp sweep_5_2_4 updates 110/347 episodes, total num timesteps 31968/100000, FPS 104.


 Scenario BOSCH Algo rmappo Exp sweep_5_2_4 updates 115/347 episodes, total num timesteps 33408/100000, FPS 104.


 Scenario BOSCH Algo rmappo Exp sweep_5_2_4 updates 120/347 episodes, total num timesteps 34848/100000, FPS 104.


 Scenario BOSCH Algo rmappo Exp sweep_5_2_4 updates 125/347 episodes, total num timesteps 36288/100000, FPS 103.


 Scenario BOSCH Algo rmappo Exp sweep_5_2_4 updates 130/347 episodes, total num timesteps 37728/100000, FPS 104.


 Scenario BOSCH Algo rmappo Exp sweep_5_2_4 updates 135/347 episodes, total num timesteps 39168/100000, FPS 103.


 Scenario BOSCH Algo rmappo Exp sweep_5_2_4 updates 140/347 episodes, total num timesteps 40608/100000, FPS 103.


 Scenario BOSCH Algo rmappo Exp sweep_5_2_4 updates 145/347 episodes, total num timesteps 42048/100000, FPS 103.


 Scenario BOSCH Algo rmappo Exp sweep_5_2_4 updates 150/347 episodes, total num timesteps 43488/100000, FPS 103.


[EVAL] BOSCH MARL Inference Solving Time for 36 periods: 0.8058 seconds
eval average episode rewards of agent0: -5.271433
eval average episode rewards of agent1: 0.35564616
eval average episode rewards of agent2: 0.20991616
eval average episode costs: Backlog: 0.00, Inventory: 36.75, Maintenance: 34.14, Production: 4055.87, Setup: 814.67, TOTAL: 4941.43

 Scenario BOSCH Algo rmappo Exp sweep_5_2_4 updates 155/347 episodes, total num timesteps 44928/100000, FPS 103.


 Scenario BOSCH Algo rmappo Exp sweep_5_2_4 updates 160/347 episodes, total num timesteps 46368/100000, FPS 103.


 Scenario BOSCH Algo rmappo Exp sweep_5_2_4 updates 165/347 episodes, total num timesteps 47808/100000, FPS 103.


 Scenario BOSCH Algo rmappo Exp sweep_5_2_4 updates 170/347 episodes, total num timesteps 49248/100000, FPS 103.


 Scenario BOSCH Algo rmappo Exp sweep_5_2_4 updates 175/347 episodes, total num timesteps 50688/100000, FPS 103.


 Scenario BOSCH Algo rmappo Exp sweep_5_2_4 updates 180/347 episodes, total num timesteps 52128/100000, FPS 103.


 Scenario BOSCH Algo rmappo Exp sweep_5_2_4 updates 185/347 episodes, total num timesteps 53568/100000, FPS 103.


 Scenario BOSCH Algo rmappo Exp sweep_5_2_4 updates 190/347 episodes, total num timesteps 55008/100000, FPS 103.


 Scenario BOSCH Algo rmappo Exp sweep_5_2_4 updates 195/347 episodes, total num timesteps 56448/100000, FPS 103.


 Scenario BOSCH Algo rmappo Exp sweep_5_2_4 updates 200/347 episodes, total num timesteps 57888/100000, FPS 103.


[EVAL] BOSCH MARL Inference Solving Time for 36 periods: 0.7995 seconds
eval average episode rewards of agent0: -5.0339284
eval average episode rewards of agent1: 0.15101865
eval average episode rewards of agent2: 0.2531766
eval average episode costs: Backlog: 0.00, Inventory: 31.50, Maintenance: 22.38, Production: 3747.47, Setup: 902.58, TOTAL: 4703.93

 Scenario BOSCH Algo rmappo Exp sweep_5_2_4 updates 205/347 episodes, total num timesteps 59328/100000, FPS 103.


 Scenario BOSCH Algo rmappo Exp sweep_5_2_4 updates 210/347 episodes, total num timesteps 60768/100000, FPS 103.


 Scenario BOSCH Algo rmappo Exp sweep_5_2_4 updates 215/347 episodes, total num timesteps 62208/100000, FPS 103.


 Scenario BOSCH Algo rmappo Exp sweep_5_2_4 updates 220/347 episodes, total num timesteps 63648/100000, FPS 103.


 Scenario BOSCH Algo rmappo Exp sweep_5_2_4 updates 225/347 episodes, total num timesteps 65088/100000, FPS 103.


 Scenario BOSCH Algo rmappo Exp sweep_5_2_4 updates 230/347 episodes, total num timesteps 66528/100000, FPS 103.


 Scenario BOSCH Algo rmappo Exp sweep_5_2_4 updates 235/347 episodes, total num timesteps 67968/100000, FPS 103.


 Scenario BOSCH Algo rmappo Exp sweep_5_2_4 updates 240/347 episodes, total num timesteps 69408/100000, FPS 103.


 Scenario BOSCH Algo rmappo Exp sweep_5_2_4 updates 245/347 episodes, total num timesteps 70848/100000, FPS 103.


 Scenario BOSCH Algo rmappo Exp sweep_5_2_4 updates 250/347 episodes, total num timesteps 72288/100000, FPS 103.


[EVAL] BOSCH MARL Inference Solving Time for 36 periods: 0.8480 seconds
eval average episode rewards of agent0: -5.447024
eval average episode rewards of agent1: 0.22114608
eval average episode rewards of agent2: 0.28282258
eval average episode costs: Backlog: 0.00, Inventory: 33.25, Maintenance: 34.13, Production: 4186.48, Setup: 873.17, TOTAL: 5127.02

 Scenario BOSCH Algo rmappo Exp sweep_5_2_4 updates 255/347 episodes, total num timesteps 73728/100000, FPS 103.


 Scenario BOSCH Algo rmappo Exp sweep_5_2_4 updates 260/347 episodes, total num timesteps 75168/100000, FPS 103.


 Scenario BOSCH Algo rmappo Exp sweep_5_2_4 updates 265/347 episodes, total num timesteps 76608/100000, FPS 103.


 Scenario BOSCH Algo rmappo Exp sweep_5_2_4 updates 270/347 episodes, total num timesteps 78048/100000, FPS 103.


 Scenario BOSCH Algo rmappo Exp sweep_5_2_4 updates 275/347 episodes, total num timesteps 79488/100000, FPS 103.


 Scenario BOSCH Algo rmappo Exp sweep_5_2_4 updates 280/347 episodes, total num timesteps 80928/100000, FPS 103.


 Scenario BOSCH Algo rmappo Exp sweep_5_2_4 updates 285/347 episodes, total num timesteps 82368/100000, FPS 103.


 Scenario BOSCH Algo rmappo Exp sweep_5_2_4 updates 290/347 episodes, total num timesteps 83808/100000, FPS 103.


 Scenario BOSCH Algo rmappo Exp sweep_5_2_4 updates 295/347 episodes, total num timesteps 85248/100000, FPS 103.


 Scenario BOSCH Algo rmappo Exp sweep_5_2_4 updates 300/347 episodes, total num timesteps 86688/100000, FPS 102.


[EVAL] BOSCH MARL Inference Solving Time for 36 periods: 1.2317 seconds
eval average episode rewards of agent0: -4.4855437
eval average episode rewards of agent1: 0.35137093
eval average episode rewards of agent2: 0.18081655
eval average episode costs: Backlog: 0.00, Inventory: 14.00, Maintenance: 25.58, Production: 3454.38, Setup: 701.59, TOTAL: 4195.54

 Scenario BOSCH Algo rmappo Exp sweep_5_2_4 updates 305/347 episodes, total num timesteps 88128/100000, FPS 102.


 Scenario BOSCH Algo rmappo Exp sweep_5_2_4 updates 310/347 episodes, total num timesteps 89568/100000, FPS 102.


 Scenario BOSCH Algo rmappo Exp sweep_5_2_4 updates 315/347 episodes, total num timesteps 91008/100000, FPS 102.


 Scenario BOSCH Algo rmappo Exp sweep_5_2_4 updates 320/347 episodes, total num timesteps 92448/100000, FPS 102.


 Scenario BOSCH Algo rmappo Exp sweep_5_2_4 updates 325/347 episodes, total num timesteps 93888/100000, FPS 102.


 Scenario BOSCH Algo rmappo Exp sweep_5_2_4 updates 330/347 episodes, total num timesteps 95328/100000, FPS 102.


 Scenario BOSCH Algo rmappo Exp sweep_5_2_4 updates 335/347 episodes, total num timesteps 96768/100000, FPS 102.


 Scenario BOSCH Algo rmappo Exp sweep_5_2_4 updates 340/347 episodes, total num timesteps 98208/100000, FPS 102.


 Scenario BOSCH Algo rmappo Exp sweep_5_2_4 updates 345/347 episodes, total num timesteps 99648/100000, FPS 102.

[1;34mwandb[0m: 
[1;34mwandb[0m: 🚀 View run [33mrmappo_sweep_5_2_4_seed1[0m at: [34mhttps://wandb.ai/tntvan-iac-instagram/thesis_14th-1-onpolicy_scripts_train_bosch_scripts/runs/88jiktow[0m
2026-05-17 21:47:22,599 - wandb.wandb_agent - INFO - Cleaning up finished run: 88jiktow
2026-05-17 21:47:23,310 - wandb.wandb_agent - INFO - Agent received command: run
2026-05-17 21:47:23,310 - wandb.wandb_agent - INFO - Agent starting run with config:
	activation_penalty: 20
	clip_param: 0.37488045951550986
	critic_lr: 0.0006427527110426308
	dense_production_reward: 1.7137121036604022
	dense_setup_penalty: 0.7436511019419701
	entropy_coef: 0.006315958922958421
	gae_lambda: 0.9838008771063168
	gamma: 0.9946050199842316
	hidden_size: 256
	load_balance_penalty: 0
	lr: 0.00012615312970972652
	ppo_epoch: 17
2026-05-17 21:47:23,317 - wandb.wandb_agent - INFO - About to run command: /usr/bin/env python3 /Users/nhi/thesis_14th-1/onpolicy/scripts/train_bosch_scripts/run_sweep.py --activation_penalty=20 --clip_param=0.37488045951550986 --critic_lr=0.0006427527110426308 --dense_production_reward=1.7137121036604022 --dense_setup_penalty=0.7436511019419701 --entropy_coef=0.006315958922958421 --gae_lambda=0.9838008771063168 --gamma=0.9946050199842316 --hidden_size=256 --load_balance_penalty=0 --lr=0.00012615312970972652 --ppo_epoch=17
wandb: [wandb.login()] Loaded credentials for https://api.wandb.ai from /Users/nhi/.netrc.
wandb: Currently logged in as: tntvan-iac (tntvan-iac-instagram) to https://api.wandb.ai. Use `wandb login --relogin` to force relogin
wandb: setting up run 596yma3l
wandb: Tracking run with wandb version 0.26.1
wandb: Run data is saved locally in /Users/nhi/thesis_14th-1/onpolicy/scripts/train_bosch_scripts/wandb/run-20260517_214724-596yma3l
wandb: Run `wandb offline` to turn off syncing.
wandb: Syncing run wobbly-sweep-12
wandb: ⭐️ View project at https://wandb.ai/tntvan-iac-instagram/thesis_14th-1-onpolicy_scripts_train_bosch_scripts
wandb: 🧹 View sweep at https://wandb.ai/tntvan-iac-instagram/thesis_14th-1-onpolicy_scripts_train_bosch_scripts/sweeps/4p28qnnw
wandb: 🚀 View run at https://wandb.ai/tntvan-iac-instagram/thesis_14th-1-onpolicy_scripts_train_bosch_scripts/runs/596yma3l
wandb: WARNING Ignoring project 'BOSCH' when running a sweep.
wandb: WARNING Ignoring entity 'tntvan-iac-instagram' when running a sweep.
wandb: Finishing previous runs because reinit is set to True.
wandb: updating run metadata; uploading console lines 0-0
2026-05-17 21:47:28,325 - wandb.wandb_agent - INFO - Running runs: ['596yma3l']
wandb: uploading output.log; uploading wandb-summary.json; uploading config.yaml; uploading wandb-metadata.json; uploading requirements.txt
wandb: uploading summary, console lines 0-3
wandb: 🚀 View run wobbly-sweep-12 at: https://wandb.ai/tntvan-iac-instagram/thesis_14th-1-onpolicy_scripts_train_bosch_scripts/runs/596yma3l
wandb: ⭐️ View project at: https://wandb.ai/tntvan-iac-instagram/thesis_14th-1-onpolicy_scripts_train_bosch_scripts
wandb: Synced 5 W&B file(s), 0 media file(s), 0 artifact file(s) and 0 other file(s)
wandb: Find logs at: ./wandb/run-20260517_214724-596yma3l/logs
wandb: WARNING Using a boolean value for 'reinit' is deprecated. Use 'return_previous' or 'finish_previous' instead.
wandb: Tracking run with wandb version 0.26.1
wandb: Run data is saved locally in results/BOSCH/rmappo/sweep_5_2_4/wandb/run-20260517_214727-596yma3l
wandb: Run `wandb offline` to turn off syncing.
wandb: Syncing run rmappo_sweep_5_2_4_seed1
wandb: ⭐️ View project at https://wandb.ai/tntvan-iac-instagram/thesis_14th-1-onpolicy_scripts_train_bosch_scripts
wandb: 🧹 View sweep at https://wandb.ai/tntvan-iac-instagram/thesis_14th-1-onpolicy_scripts_train_bosch_scripts/sweeps/4p28qnnw
wandb: 🚀 View run at https://wandb.ai/tntvan-iac-instagram/thesis_14th-1-onpolicy_scripts_train_bosch_scripts/runs/596yma3l
BOSCH: using multiprocessing start_method='fork' on macOS.
share_observation_space:  [Box(-inf, inf, (312,), float32), Box(-inf, inf, (312,), float32), Box(-inf, inf, (312,), float32)]
observation_space:  [Box(-inf, inf, (104,), float32), Box(-inf, inf, (104,), float32), Box(-inf, inf, (104,), float32)]
action_space:  [MultiDiscrete10, Discrete(7), Discrete(7)]
Using shared machine policy: agent 0 separate; agents 1..2 share.

 Scenario BOSCH Algo rmappo Exp sweep_5_2_4 updates 0/347 episodes, total num timesteps 288/100000, FPS 131.


[EVAL] BOSCH MARL Inference Solving Time for 36 periods: 0.6079 seconds
eval average episode rewards of agent0: -13.923785
eval average episode rewards of agent1: -0.38616756
eval average episode rewards of agent2: -0.20845279
eval average episode costs: Backlog: 9126.25, Inventory: 26.25, Maintenance: 34.19, Production: 3522.47, Setup: 674.62, TOTAL: 13383.78

 Scenario BOSCH Algo rmappo Exp sweep_5_2_4 updates 5/347 episodes, total num timesteps 1728/100000, FPS 119.


 Scenario BOSCH Algo rmappo Exp sweep_5_2_4 updates 10/347 episodes, total num timesteps 3168/100000, FPS 118.


 Scenario BOSCH Algo rmappo Exp sweep_5_2_4 updates 15/347 episodes, total num timesteps 4608/100000, FPS 119.


 Scenario BOSCH Algo rmappo Exp sweep_5_2_4 updates 20/347 episodes, total num timesteps 6048/100000, FPS 117.


 Scenario BOSCH Algo rmappo Exp sweep_5_2_4 updates 25/347 episodes, total num timesteps 7488/100000, FPS 115.


 Scenario BOSCH Algo rmappo Exp sweep_5_2_4 updates 30/347 episodes, total num timesteps 8928/100000, FPS 113.


 Scenario BOSCH Algo rmappo Exp sweep_5_2_4 updates 35/347 episodes, total num timesteps 10368/100000, FPS 111.


 Scenario BOSCH Algo rmappo Exp sweep_5_2_4 updates 40/347 episodes, total num timesteps 11808/100000, FPS 110.


 Scenario BOSCH Algo rmappo Exp sweep_5_2_4 updates 45/347 episodes, total num timesteps 13248/100000, FPS 110.


 Scenario BOSCH Algo rmappo Exp sweep_5_2_4 updates 50/347 episodes, total num timesteps 14688/100000, FPS 110.


[EVAL] BOSCH MARL Inference Solving Time for 36 periods: 0.7059 seconds
eval average episode rewards of agent0: -4.812112
eval average episode rewards of agent1: 0.26870963
eval average episode rewards of agent2: 0.17387572
eval average episode costs: Backlog: 0.00, Inventory: 14.00, Maintenance: 25.41, Production: 3479.34, Setup: 713.36, TOTAL: 4232.11

 Scenario BOSCH Algo rmappo Exp sweep_5_2_4 updates 55/347 episodes, total num timesteps 16128/100000, FPS 109.


 Scenario BOSCH Algo rmappo Exp sweep_5_2_4 updates 60/347 episodes, total num timesteps 17568/100000, FPS 108.


 Scenario BOSCH Algo rmappo Exp sweep_5_2_4 updates 65/347 episodes, total num timesteps 19008/100000, FPS 108.


 Scenario BOSCH Algo rmappo Exp sweep_5_2_4 updates 70/347 episodes, total num timesteps 20448/100000, FPS 108.


 Scenario BOSCH Algo rmappo Exp sweep_5_2_4 updates 75/347 episodes, total num timesteps 21888/100000, FPS 108.


 Scenario BOSCH Algo rmappo Exp sweep_5_2_4 updates 80/347 episodes, total num timesteps 23328/100000, FPS 108.


 Scenario BOSCH Algo rmappo Exp sweep_5_2_4 updates 85/347 episodes, total num timesteps 24768/100000, FPS 108.


 Scenario BOSCH Algo rmappo Exp sweep_5_2_4 updates 90/347 episodes, total num timesteps 26208/100000, FPS 108.


 Scenario BOSCH Algo rmappo Exp sweep_5_2_4 updates 95/347 episodes, total num timesteps 27648/100000, FPS 108.


 Scenario BOSCH Algo rmappo Exp sweep_5_2_4 updates 100/347 episodes, total num timesteps 29088/100000, FPS 108.


[EVAL] BOSCH MARL Inference Solving Time for 36 periods: 0.7403 seconds
eval average episode rewards of agent0: -5.392869
eval average episode rewards of agent1: 0.17058992
eval average episode rewards of agent2: 0.21885964
eval average episode costs: Backlog: 0.00, Inventory: 42.00, Maintenance: 45.13, Production: 3864.90, Setup: 800.84, TOTAL: 4752.87

 Scenario BOSCH Algo rmappo Exp sweep_5_2_4 updates 105/347 episodes, total num timesteps 30528/100000, FPS 108.


 Scenario BOSCH Algo rmappo Exp sweep_5_2_4 updates 110/347 episodes, total num timesteps 31968/100000, FPS 108.


 Scenario BOSCH Algo rmappo Exp sweep_5_2_4 updates 115/347 episodes, total num timesteps 33408/100000, FPS 107.


 Scenario BOSCH Algo rmappo Exp sweep_5_2_4 updates 120/347 episodes, total num timesteps 34848/100000, FPS 107.


 Scenario BOSCH Algo rmappo Exp sweep_5_2_4 updates 125/347 episodes, total num timesteps 36288/100000, FPS 107.


 Scenario BOSCH Algo rmappo Exp sweep_5_2_4 updates 130/347 episodes, total num timesteps 37728/100000, FPS 107.


 Scenario BOSCH Algo rmappo Exp sweep_5_2_4 updates 135/347 episodes, total num timesteps 39168/100000, FPS 108.


 Scenario BOSCH Algo rmappo Exp sweep_5_2_4 updates 140/347 episodes, total num timesteps 40608/100000, FPS 108.


 Scenario BOSCH Algo rmappo Exp sweep_5_2_4 updates 145/347 episodes, total num timesteps 42048/100000, FPS 108.


 Scenario BOSCH Algo rmappo Exp sweep_5_2_4 updates 150/347 episodes, total num timesteps 43488/100000, FPS 108.


[EVAL] BOSCH MARL Inference Solving Time for 36 periods: 0.8996 seconds
eval average episode rewards of agent0: -5.559716
eval average episode rewards of agent1: 0.36258128
eval average episode rewards of agent2: 0.17807001
eval average episode costs: Backlog: 0.00, Inventory: 36.75, Maintenance: 33.23, Production: 4078.21, Setup: 751.52, TOTAL: 4899.72

 Scenario BOSCH Algo rmappo Exp sweep_5_2_4 updates 155/347 episodes, total num timesteps 44928/100000, FPS 107.


 Scenario BOSCH Algo rmappo Exp sweep_5_2_4 updates 160/347 episodes, total num timesteps 46368/100000, FPS 107.


 Scenario BOSCH Algo rmappo Exp sweep_5_2_4 updates 165/347 episodes, total num timesteps 47808/100000, FPS 107.


 Scenario BOSCH Algo rmappo Exp sweep_5_2_4 updates 170/347 episodes, total num timesteps 49248/100000, FPS 108.


 Scenario BOSCH Algo rmappo Exp sweep_5_2_4 updates 175/347 episodes, total num timesteps 50688/100000, FPS 107.


 Scenario BOSCH Algo rmappo Exp sweep_5_2_4 updates 180/347 episodes, total num timesteps 52128/100000, FPS 108.


 Scenario BOSCH Algo rmappo Exp sweep_5_2_4 updates 185/347 episodes, total num timesteps 53568/100000, FPS 108.


 Scenario BOSCH Algo rmappo Exp sweep_5_2_4 updates 190/347 episodes, total num timesteps 55008/100000, FPS 108.


 Scenario BOSCH Algo rmappo Exp sweep_5_2_4 updates 195/347 episodes, total num timesteps 56448/100000, FPS 107.


 Scenario BOSCH Algo rmappo Exp sweep_5_2_4 updates 200/347 episodes, total num timesteps 57888/100000, FPS 107.


[EVAL] BOSCH MARL Inference Solving Time for 36 periods: 0.8148 seconds
eval average episode rewards of agent0: -5.239076
eval average episode rewards of agent1: 0.20240152
eval average episode rewards of agent2: 0.19648467
eval average episode costs: Backlog: 0.00, Inventory: 31.50, Maintenance: 21.53, Production: 3753.09, Setup: 772.95, TOTAL: 4579.08

 Scenario BOSCH Algo rmappo Exp sweep_5_2_4 updates 205/347 episodes, total num timesteps 59328/100000, FPS 107.


 Scenario BOSCH Algo rmappo Exp sweep_5_2_4 updates 210/347 episodes, total num timesteps 60768/100000, FPS 107.


 Scenario BOSCH Algo rmappo Exp sweep_5_2_4 updates 215/347 episodes, total num timesteps 62208/100000, FPS 108.


 Scenario BOSCH Algo rmappo Exp sweep_5_2_4 updates 220/347 episodes, total num timesteps 63648/100000, FPS 107.


 Scenario BOSCH Algo rmappo Exp sweep_5_2_4 updates 225/347 episodes, total num timesteps 65088/100000, FPS 107.


 Scenario BOSCH Algo rmappo Exp sweep_5_2_4 updates 230/347 episodes, total num timesteps 66528/100000, FPS 108.


 Scenario BOSCH Algo rmappo Exp sweep_5_2_4 updates 235/347 episodes, total num timesteps 67968/100000, FPS 108.


 Scenario BOSCH Algo rmappo Exp sweep_5_2_4 updates 240/347 episodes, total num timesteps 69408/100000, FPS 108.


 Scenario BOSCH Algo rmappo Exp sweep_5_2_4 updates 245/347 episodes, total num timesteps 70848/100000, FPS 108.


 Scenario BOSCH Algo rmappo Exp sweep_5_2_4 updates 250/347 episodes, total num timesteps 72288/100000, FPS 108.


[EVAL] BOSCH MARL Inference Solving Time for 36 periods: 0.7378 seconds
eval average episode rewards of agent0: -5.638852
eval average episode rewards of agent1: 0.37303817
eval average episode rewards of agent2: 0.21588954
eval average episode costs: Backlog: 0.00, Inventory: 33.25, Maintenance: 34.25, Production: 4238.17, Setup: 693.18, TOTAL: 4998.85

 Scenario BOSCH Algo rmappo Exp sweep_5_2_4 updates 255/347 episodes, total num timesteps 73728/100000, FPS 108.


 Scenario BOSCH Algo rmappo Exp sweep_5_2_4 updates 260/347 episodes, total num timesteps 75168/100000, FPS 108.


 Scenario BOSCH Algo rmappo Exp sweep_5_2_4 updates 265/347 episodes, total num timesteps 76608/100000, FPS 108.


 Scenario BOSCH Algo rmappo Exp sweep_5_2_4 updates 270/347 episodes, total num timesteps 78048/100000, FPS 108.


 Scenario BOSCH Algo rmappo Exp sweep_5_2_4 updates 275/347 episodes, total num timesteps 79488/100000, FPS 108.


 Scenario BOSCH Algo rmappo Exp sweep_5_2_4 updates 280/347 episodes, total num timesteps 80928/100000, FPS 109.


 Scenario BOSCH Algo rmappo Exp sweep_5_2_4 updates 285/347 episodes, total num timesteps 82368/100000, FPS 109.


 Scenario BOSCH Algo rmappo Exp sweep_5_2_4 updates 290/347 episodes, total num timesteps 83808/100000, FPS 109.


 Scenario BOSCH Algo rmappo Exp sweep_5_2_4 updates 295/347 episodes, total num timesteps 85248/100000, FPS 109.


 Scenario BOSCH Algo rmappo Exp sweep_5_2_4 updates 300/347 episodes, total num timesteps 86688/100000, FPS 109.


[EVAL] BOSCH MARL Inference Solving Time for 36 periods: 0.8161 seconds
eval average episode rewards of agent0: -4.7087436
eval average episode rewards of agent1: 0.34662625
eval average episode rewards of agent2: 0.24706583
eval average episode costs: Backlog: 0.00, Inventory: 14.00, Maintenance: 25.57, Production: 3482.83, Setup: 606.35, TOTAL: 4128.74

 Scenario BOSCH Algo rmappo Exp sweep_5_2_4 updates 305/347 episodes, total num timesteps 88128/100000, FPS 109.


 Scenario BOSCH Algo rmappo Exp sweep_5_2_4 updates 310/347 episodes, total num timesteps 89568/100000, FPS 109.


 Scenario BOSCH Algo rmappo Exp sweep_5_2_4 updates 315/347 episodes, total num timesteps 91008/100000, FPS 109.


 Scenario BOSCH Algo rmappo Exp sweep_5_2_4 updates 320/347 episodes, total num timesteps 92448/100000, FPS 109.


 Scenario BOSCH Algo rmappo Exp sweep_5_2_4 updates 325/347 episodes, total num timesteps 93888/100000, FPS 109.


 Scenario BOSCH Algo rmappo Exp sweep_5_2_4 updates 330/347 episodes, total num timesteps 95328/100000, FPS 109.


 Scenario BOSCH Algo rmappo Exp sweep_5_2_4 updates 335/347 episodes, total num timesteps 96768/100000, FPS 109.


 Scenario BOSCH Algo rmappo Exp sweep_5_2_4 updates 340/347 episodes, total num timesteps 98208/100000, FPS 109.


 Scenario BOSCH Algo rmappo Exp sweep_5_2_4 updates 345/347 episodes, total num timesteps 99648/100000, FPS 109.

[1;34mwandb[0m: 
[1;34mwandb[0m: 🚀 View run [33mrmappo_sweep_5_2_4_seed1[0m at: [34mhttps://wandb.ai/tntvan-iac-instagram/thesis_14th-1-onpolicy_scripts_train_bosch_scripts/runs/596yma3l[0m
2026-05-17 22:02:45,601 - wandb.wandb_agent - INFO - Cleaning up finished run: 596yma3l
2026-05-17 22:02:46,810 - wandb.wandb_agent - INFO - Agent received command: run
2026-05-17 22:02:46,811 - wandb.wandb_agent - INFO - Agent starting run with config:
	activation_penalty: 100
	clip_param: 0.3656230858874744
	critic_lr: 5.863896361042318e-05
	dense_production_reward: 0.8098959291389447
	dense_setup_penalty: 2.2340918487198818
	entropy_coef: 0.002224844870024148
	gae_lambda: 0.9754977583841444
	gamma: 0.9925583258202032
	hidden_size: 256
	load_balance_penalty: 25
	lr: 1.0150443663856144e-05
	ppo_epoch: 9
2026-05-17 22:02:46,817 - wandb.wandb_agent - INFO - About to run command: /usr/bin/env python3 /Users/nhi/thesis_14th-1/onpolicy/scripts/train_bosch_scripts/run_sweep.py --activation_penalty=100 --clip_param=0.3656230858874744 --critic_lr=5.863896361042318e-05 --dense_production_reward=0.8098959291389447 --dense_setup_penalty=2.2340918487198818 --entropy_coef=0.002224844870024148 --gae_lambda=0.9754977583841444 --gamma=0.9925583258202032 --hidden_size=256 --load_balance_penalty=25 --lr=1.0150443663856144e-05 --ppo_epoch=9
wandb: [wandb.login()] Loaded credentials for https://api.wandb.ai from /Users/nhi/.netrc.
wandb: Currently logged in as: tntvan-iac (tntvan-iac-instagram) to https://api.wandb.ai. Use `wandb login --relogin` to force relogin
wandb: setting up run arhvtcy3
wandb: Tracking run with wandb version 0.26.1
wandb: Run data is saved locally in /Users/nhi/thesis_14th-1/onpolicy/scripts/train_bosch_scripts/wandb/run-20260517_220247-arhvtcy3
wandb: Run `wandb offline` to turn off syncing.
wandb: Syncing run honest-sweep-13
wandb: ⭐️ View project at https://wandb.ai/tntvan-iac-instagram/thesis_14th-1-onpolicy_scripts_train_bosch_scripts
wandb: 🧹 View sweep at https://wandb.ai/tntvan-iac-instagram/thesis_14th-1-onpolicy_scripts_train_bosch_scripts/sweeps/4p28qnnw
wandb: 🚀 View run at https://wandb.ai/tntvan-iac-instagram/thesis_14th-1-onpolicy_scripts_train_bosch_scripts/runs/arhvtcy3
wandb: WARNING Ignoring project 'BOSCH' when running a sweep.
wandb: WARNING Ignoring entity 'tntvan-iac-instagram' when running a sweep.
wandb: Finishing previous runs because reinit is set to True.
wandb: updating run metadata
wandb: uploading wandb-metadata.json; uploading requirements.txt; uploading output.log; uploading wandb-summary.json; uploading config.yaml
2026-05-17 22:02:51,827 - wandb.wandb_agent - INFO - Running runs: ['arhvtcy3']
wandb: uploading requirements.txt; uploading output.log; uploading wandb-summary.json
wandb: uploading summary, console lines 1-3
wandb: 🚀 View run honest-sweep-13 at: https://wandb.ai/tntvan-iac-instagram/thesis_14th-1-onpolicy_scripts_train_bosch_scripts/runs/arhvtcy3
wandb: ⭐️ View project at: https://wandb.ai/tntvan-iac-instagram/thesis_14th-1-onpolicy_scripts_train_bosch_scripts
wandb: Synced 5 W&B file(s), 0 media file(s), 0 artifact file(s) and 0 other file(s)
wandb: Find logs at: ./wandb/run-20260517_220247-arhvtcy3/logs
wandb: WARNING Using a boolean value for 'reinit' is deprecated. Use 'return_previous' or 'finish_previous' instead.
wandb: setting up run arhvtcy3
wandb: Tracking run with wandb version 0.26.1
wandb: Run data is saved locally in results/BOSCH/rmappo/sweep_5_2_4/wandb/run-20260517_220250-arhvtcy3
wandb: Run `wandb offline` to turn off syncing.
wandb: Syncing run rmappo_sweep_5_2_4_seed1
wandb: ⭐️ View project at https://wandb.ai/tntvan-iac-instagram/thesis_14th-1-onpolicy_scripts_train_bosch_scripts
wandb: 🧹 View sweep at https://wandb.ai/tntvan-iac-instagram/thesis_14th-1-onpolicy_scripts_train_bosch_scripts/sweeps/4p28qnnw
wandb: 🚀 View run at https://wandb.ai/tntvan-iac-instagram/thesis_14th-1-onpolicy_scripts_train_bosch_scripts/runs/arhvtcy3
BOSCH: using multiprocessing start_method='fork' on macOS.
share_observation_space:  [Box(-inf, inf, (312,), float32), Box(-inf, inf, (312,), float32), Box(-inf, inf, (312,), float32)]
observation_space:  [Box(-inf, inf, (104,), float32), Box(-inf, inf, (104,), float32), Box(-inf, inf, (104,), float32)]
action_space:  [MultiDiscrete10, Discrete(7), Discrete(7)]
Using shared machine policy: agent 0 separate; agents 1..2 share.

 Scenario BOSCH Algo rmappo Exp sweep_5_2_4 updates 0/347 episodes, total num timesteps 288/100000, FPS 159.


[EVAL] BOSCH MARL Inference Solving Time for 36 periods: 0.3278 seconds
eval average episode rewards of agent0: -15.060504
eval average episode rewards of agent1: -1.0903428
eval average episode rewards of agent2: -1.1434336
eval average episode costs: Backlog: 10608.28, Inventory: 0.00, Maintenance: 1038.99, Production: 1012.78, Setup: 112.15, TOTAL: 12772.21

 Scenario BOSCH Algo rmappo Exp sweep_5_2_4 updates 5/347 episodes, total num timesteps 1728/100000, FPS 159.


 Scenario BOSCH Algo rmappo Exp sweep_5_2_4 updates 10/347 episodes, total num timesteps 3168/100000, FPS 157.


 Scenario BOSCH Algo rmappo Exp sweep_5_2_4 updates 15/347 episodes, total num timesteps 4608/100000, FPS 155.


 Scenario BOSCH Algo rmappo Exp sweep_5_2_4 updates 20/347 episodes, total num timesteps 6048/100000, FPS 155.


 Scenario BOSCH Algo rmappo Exp sweep_5_2_4 updates 25/347 episodes, total num timesteps 7488/100000, FPS 154.


 Scenario BOSCH Algo rmappo Exp sweep_5_2_4 updates 30/347 episodes, total num timesteps 8928/100000, FPS 153.


 Scenario BOSCH Algo rmappo Exp sweep_5_2_4 updates 35/347 episodes, total num timesteps 10368/100000, FPS 152.


 Scenario BOSCH Algo rmappo Exp sweep_5_2_4 updates 40/347 episodes, total num timesteps 11808/100000, FPS 150.


 Scenario BOSCH Algo rmappo Exp sweep_5_2_4 updates 45/347 episodes, total num timesteps 13248/100000, FPS 148.


 Scenario BOSCH Algo rmappo Exp sweep_5_2_4 updates 50/347 episodes, total num timesteps 14688/100000, FPS 145.


[EVAL] BOSCH MARL Inference Solving Time for 36 periods: 1.0825 seconds
eval average episode rewards of agent0: -10.21483
eval average episode rewards of agent1: -0.82720184
eval average episode rewards of agent2: -0.8018576
eval average episode costs: Backlog: 0.00, Inventory: 36.75, Maintenance: 33.77, Production: 4050.72, Setup: 866.12, TOTAL: 4987.36

 Scenario BOSCH Algo rmappo Exp sweep_5_2_4 updates 55/347 episodes, total num timesteps 16128/100000, FPS 141.


 Scenario BOSCH Algo rmappo Exp sweep_5_2_4 updates 60/347 episodes, total num timesteps 17568/100000, FPS 140.


 Scenario BOSCH Algo rmappo Exp sweep_5_2_4 updates 65/347 episodes, total num timesteps 19008/100000, FPS 138.


 Scenario BOSCH Algo rmappo Exp sweep_5_2_4 updates 70/347 episodes, total num timesteps 20448/100000, FPS 138.


 Scenario BOSCH Algo rmappo Exp sweep_5_2_4 updates 75/347 episodes, total num timesteps 21888/100000, FPS 136.


 Scenario BOSCH Algo rmappo Exp sweep_5_2_4 updates 80/347 episodes, total num timesteps 23328/100000, FPS 135.


 Scenario BOSCH Algo rmappo Exp sweep_5_2_4 updates 85/347 episodes, total num timesteps 24768/100000, FPS 135.


 Scenario BOSCH Algo rmappo Exp sweep_5_2_4 updates 90/347 episodes, total num timesteps 26208/100000, FPS 134.


 Scenario BOSCH Algo rmappo Exp sweep_5_2_4 updates 95/347 episodes, total num timesteps 27648/100000, FPS 133.


 Scenario BOSCH Algo rmappo Exp sweep_5_2_4 updates 100/347 episodes, total num timesteps 29088/100000, FPS 133.


[EVAL] BOSCH MARL Inference Solving Time for 36 periods: 0.9682 seconds
eval average episode rewards of agent0: -12.482498
eval average episode rewards of agent1: -0.91099036
eval average episode rewards of agent2: -0.5558863
eval average episode costs: Backlog: 0.00, Inventory: 31.50, Maintenance: 21.28, Production: 3734.21, Setup: 855.27, TOTAL: 4642.25

 Scenario BOSCH Algo rmappo Exp sweep_5_2_4 updates 105/347 episodes, total num timesteps 30528/100000, FPS 131.


 Scenario BOSCH Algo rmappo Exp sweep_5_2_4 updates 110/347 episodes, total num timesteps 31968/100000, FPS 131.


 Scenario BOSCH Algo rmappo Exp sweep_5_2_4 updates 115/347 episodes, total num timesteps 33408/100000, FPS 130.


 Scenario BOSCH Algo rmappo Exp sweep_5_2_4 updates 120/347 episodes, total num timesteps 34848/100000, FPS 130.


 Scenario BOSCH Algo rmappo Exp sweep_5_2_4 updates 125/347 episodes, total num timesteps 36288/100000, FPS 130.


 Scenario BOSCH Algo rmappo Exp sweep_5_2_4 updates 130/347 episodes, total num timesteps 37728/100000, FPS 129.


 Scenario BOSCH Algo rmappo Exp sweep_5_2_4 updates 135/347 episodes, total num timesteps 39168/100000, FPS 129.


 Scenario BOSCH Algo rmappo Exp sweep_5_2_4 updates 140/347 episodes, total num timesteps 40608/100000, FPS 129.


 Scenario BOSCH Algo rmappo Exp sweep_5_2_4 updates 145/347 episodes, total num timesteps 42048/100000, FPS 128.


 Scenario BOSCH Algo rmappo Exp sweep_5_2_4 updates 150/347 episodes, total num timesteps 43488/100000, FPS 128.


[EVAL] BOSCH MARL Inference Solving Time for 36 periods: 1.0037 seconds
eval average episode rewards of agent0: -12.191023
eval average episode rewards of agent1: -0.324502
eval average episode rewards of agent2: -1.0327883
eval average episode costs: Backlog: 0.00, Inventory: 33.25, Maintenance: 28.03, Production: 3487.70, Setup: 696.08, TOTAL: 4245.06

 Scenario BOSCH Algo rmappo Exp sweep_5_2_4 updates 155/347 episodes, total num timesteps 44928/100000, FPS 128.


 Scenario BOSCH Algo rmappo Exp sweep_5_2_4 updates 160/347 episodes, total num timesteps 46368/100000, FPS 128.


 Scenario BOSCH Algo rmappo Exp sweep_5_2_4 updates 165/347 episodes, total num timesteps 47808/100000, FPS 127.


 Scenario BOSCH Algo rmappo Exp sweep_5_2_4 updates 170/347 episodes, total num timesteps 49248/100000, FPS 127.


 Scenario BOSCH Algo rmappo Exp sweep_5_2_4 updates 175/347 episodes, total num timesteps 50688/100000, FPS 127.


 Scenario BOSCH Algo rmappo Exp sweep_5_2_4 updates 180/347 episodes, total num timesteps 52128/100000, FPS 127.


 Scenario BOSCH Algo rmappo Exp sweep_5_2_4 updates 185/347 episodes, total num timesteps 53568/100000, FPS 126.


 Scenario BOSCH Algo rmappo Exp sweep_5_2_4 updates 190/347 episodes, total num timesteps 55008/100000, FPS 126.


 Scenario BOSCH Algo rmappo Exp sweep_5_2_4 updates 195/347 episodes, total num timesteps 56448/100000, FPS 126.


 Scenario BOSCH Algo rmappo Exp sweep_5_2_4 updates 200/347 episodes, total num timesteps 57888/100000, FPS 126.


[EVAL] BOSCH MARL Inference Solving Time for 36 periods: 1.2010 seconds
eval average episode rewards of agent0: -11.6163
eval average episode rewards of agent1: -0.95062953
eval average episode rewards of agent2: -0.5741511
eval average episode costs: Backlog: 0.00, Inventory: 14.00, Maintenance: 30.05, Production: 4273.51, Setup: 915.90, TOTAL: 5233.46

 Scenario BOSCH Algo rmappo Exp sweep_5_2_4 updates 205/347 episodes, total num timesteps 59328/100000, FPS 125.


 Scenario BOSCH Algo rmappo Exp sweep_5_2_4 updates 210/347 episodes, total num timesteps 60768/100000, FPS 125.


 Scenario BOSCH Algo rmappo Exp sweep_5_2_4 updates 215/347 episodes, total num timesteps 62208/100000, FPS 125.


 Scenario BOSCH Algo rmappo Exp sweep_5_2_4 updates 220/347 episodes, total num timesteps 63648/100000, FPS 125.


 Scenario BOSCH Algo rmappo Exp sweep_5_2_4 updates 225/347 episodes, total num timesteps 65088/100000, FPS 124.


 Scenario BOSCH Algo rmappo Exp sweep_5_2_4 updates 230/347 episodes, total num timesteps 66528/100000, FPS 124.


 Scenario BOSCH Algo rmappo Exp sweep_5_2_4 updates 235/347 episodes, total num timesteps 67968/100000, FPS 124.


 Scenario BOSCH Algo rmappo Exp sweep_5_2_4 updates 240/347 episodes, total num timesteps 69408/100000, FPS 124.


 Scenario BOSCH Algo rmappo Exp sweep_5_2_4 updates 245/347 episodes, total num timesteps 70848/100000, FPS 124.


 Scenario BOSCH Algo rmappo Exp sweep_5_2_4 updates 250/347 episodes, total num timesteps 72288/100000, FPS 124.


[EVAL] BOSCH MARL Inference Solving Time for 36 periods: 0.9446 seconds
eval average episode rewards of agent0: -12.403837
eval average episode rewards of agent1: -0.49225956
eval average episode rewards of agent2: -1.0639439
eval average episode costs: Backlog: 0.00, Inventory: 42.00, Maintenance: 25.83, Production: 3835.31, Setup: 888.91, TOTAL: 4792.06

 Scenario BOSCH Algo rmappo Exp sweep_5_2_4 updates 255/347 episodes, total num timesteps 73728/100000, FPS 123.


 Scenario BOSCH Algo rmappo Exp sweep_5_2_4 updates 260/347 episodes, total num timesteps 75168/100000, FPS 123.


 Scenario BOSCH Algo rmappo Exp sweep_5_2_4 updates 265/347 episodes, total num timesteps 76608/100000, FPS 123.


 Scenario BOSCH Algo rmappo Exp sweep_5_2_4 updates 270/347 episodes, total num timesteps 78048/100000, FPS 123.


 Scenario BOSCH Algo rmappo Exp sweep_5_2_4 updates 275/347 episodes, total num timesteps 79488/100000, FPS 123.


 Scenario BOSCH Algo rmappo Exp sweep_5_2_4 updates 280/347 episodes, total num timesteps 80928/100000, FPS 123.


 Scenario BOSCH Algo rmappo Exp sweep_5_2_4 updates 285/347 episodes, total num timesteps 82368/100000, FPS 123.


 Scenario BOSCH Algo rmappo Exp sweep_5_2_4 updates 290/347 episodes, total num timesteps 83808/100000, FPS 123.


 Scenario BOSCH Algo rmappo Exp sweep_5_2_4 updates 295/347 episodes, total num timesteps 85248/100000, FPS 122.


 Scenario BOSCH Algo rmappo Exp sweep_5_2_4 updates 300/347 episodes, total num timesteps 86688/100000, FPS 122.


[EVAL] BOSCH MARL Inference Solving Time for 36 periods: 1.0711 seconds
eval average episode rewards of agent0: -9.891813
eval average episode rewards of agent1: -0.8875872
eval average episode rewards of agent2: -0.7935404
eval average episode costs: Backlog: 0.00, Inventory: 36.75, Maintenance: 33.77, Production: 4050.72, Setup: 889.42, TOTAL: 5010.66

 Scenario BOSCH Algo rmappo Exp sweep_5_2_4 updates 305/347 episodes, total num timesteps 88128/100000, FPS 122.


 Scenario BOSCH Algo rmappo Exp sweep_5_2_4 updates 310/347 episodes, total num timesteps 89568/100000, FPS 122.


 Scenario BOSCH Algo rmappo Exp sweep_5_2_4 updates 315/347 episodes, total num timesteps 91008/100000, FPS 122.


 Scenario BOSCH Algo rmappo Exp sweep_5_2_4 updates 320/347 episodes, total num timesteps 92448/100000, FPS 122.


 Scenario BOSCH Algo rmappo Exp sweep_5_2_4 updates 325/347 episodes, total num timesteps 93888/100000, FPS 122.


 Scenario BOSCH Algo rmappo Exp sweep_5_2_4 updates 330/347 episodes, total num timesteps 95328/100000, FPS 122.


 Scenario BOSCH Algo rmappo Exp sweep_5_2_4 updates 335/347 episodes, total num timesteps 96768/100000, FPS 122.


 Scenario BOSCH Algo rmappo Exp sweep_5_2_4 updates 340/347 episodes, total num timesteps 98208/100000, FPS 122.


 Scenario BOSCH Algo rmappo Exp sweep_5_2_4 updates 345/347 episodes, total num timesteps 99648/100000, FPS 121.

[1;34mwandb[0m: 
[1;34mwandb[0m: 🚀 View run [33mrmappo_sweep_5_2_4_seed1[0m at: [34mhttps://wandb.ai/tntvan-iac-instagram/thesis_14th-1-onpolicy_scripts_train_bosch_scripts/runs/arhvtcy3[0m
2026-05-17 22:16:42,931 - wandb.wandb_agent - INFO - Cleaning up finished run: arhvtcy3
2026-05-17 22:16:44,005 - wandb.wandb_agent - INFO - Agent received command: run
2026-05-17 22:16:44,006 - wandb.wandb_agent - INFO - Agent starting run with config:
	activation_penalty: 0
	clip_param: 0.35155593949363095
	critic_lr: 0.0005531209567950757
	dense_production_reward: 0.711287033583219
	dense_setup_penalty: 0.6246490012560207
	entropy_coef: 0.09835931083377122
	gae_lambda: 0.9865665440092792
	gamma: 0.994715342673628
	hidden_size: 256
	load_balance_penalty: 50
	lr: 2.605487448877171e-05
	ppo_epoch: 8
2026-05-17 22:16:44,013 - wandb.wandb_agent - INFO - About to run command: /usr/bin/env python3 /Users/nhi/thesis_14th-1/onpolicy/scripts/train_bosch_scripts/run_sweep.py --activation_penalty=0 --clip_param=0.35155593949363095 --critic_lr=0.0005531209567950757 --dense_production_reward=0.711287033583219 --dense_setup_penalty=0.6246490012560207 --entropy_coef=0.09835931083377122 --gae_lambda=0.9865665440092792 --gamma=0.994715342673628 --hidden_size=256 --load_balance_penalty=50 --lr=2.605487448877171e-05 --ppo_epoch=8
wandb: [wandb.login()] Loaded credentials for https://api.wandb.ai from /Users/nhi/.netrc.
wandb: Currently logged in as: tntvan-iac (tntvan-iac-instagram) to https://api.wandb.ai. Use `wandb login --relogin` to force relogin
wandb: setting up run ke14ste2
wandb: Tracking run with wandb version 0.26.1
wandb: Run data is saved locally in /Users/nhi/thesis_14th-1/onpolicy/scripts/train_bosch_scripts/wandb/run-20260517_221645-ke14ste2
wandb: Run `wandb offline` to turn off syncing.
wandb: Syncing run happy-sweep-14
wandb: ⭐️ View project at https://wandb.ai/tntvan-iac-instagram/thesis_14th-1-onpolicy_scripts_train_bosch_scripts
wandb: 🧹 View sweep at https://wandb.ai/tntvan-iac-instagram/thesis_14th-1-onpolicy_scripts_train_bosch_scripts/sweeps/4p28qnnw
wandb: 🚀 View run at https://wandb.ai/tntvan-iac-instagram/thesis_14th-1-onpolicy_scripts_train_bosch_scripts/runs/ke14ste2
wandb: WARNING Ignoring project 'BOSCH' when running a sweep.
wandb: WARNING Ignoring entity 'tntvan-iac-instagram' when running a sweep.
wandb: Finishing previous runs because reinit is set to True.
wandb: updating run metadata; uploading console lines 0-0
2026-05-17 22:16:49,022 - wandb.wandb_agent - INFO - Running runs: ['ke14ste2']
wandb: uploading output.log; uploading wandb-summary.json; uploading config.yaml; uploading wandb-metadata.json; uploading requirements.txt
wandb: uploading output.log; uploading wandb-summary.json; uploading wandb-metadata.json
wandb: uploading output.log
wandb: 🚀 View run happy-sweep-14 at: https://wandb.ai/tntvan-iac-instagram/thesis_14th-1-onpolicy_scripts_train_bosch_scripts/runs/ke14ste2
wandb: ⭐️ View project at: https://wandb.ai/tntvan-iac-instagram/thesis_14th-1-onpolicy_scripts_train_bosch_scripts
wandb: Synced 5 W&B file(s), 0 media file(s), 0 artifact file(s) and 0 other file(s)
wandb: Find logs at: ./wandb/run-20260517_221645-ke14ste2/logs
wandb: WARNING Using a boolean value for 'reinit' is deprecated. Use 'return_previous' or 'finish_previous' instead.
wandb: setting up run ke14ste2
wandb: Tracking run with wandb version 0.26.1
wandb: Run data is saved locally in results/BOSCH/rmappo/sweep_5_2_4/wandb/run-20260517_221648-ke14ste2
wandb: Run `wandb offline` to turn off syncing.
wandb: Syncing run rmappo_sweep_5_2_4_seed1
wandb: ⭐️ View project at https://wandb.ai/tntvan-iac-instagram/thesis_14th-1-onpolicy_scripts_train_bosch_scripts
wandb: 🧹 View sweep at https://wandb.ai/tntvan-iac-instagram/thesis_14th-1-onpolicy_scripts_train_bosch_scripts/sweeps/4p28qnnw
wandb: 🚀 View run at https://wandb.ai/tntvan-iac-instagram/thesis_14th-1-onpolicy_scripts_train_bosch_scripts/runs/ke14ste2
BOSCH: using multiprocessing start_method='fork' on macOS.
share_observation_space:  [Box(-inf, inf, (312,), float32), Box(-inf, inf, (312,), float32), Box(-inf, inf, (312,), float32)]
observation_space:  [Box(-inf, inf, (104,), float32), Box(-inf, inf, (104,), float32), Box(-inf, inf, (104,), float32)]
action_space:  [MultiDiscrete10, Discrete(7), Discrete(7)]
Using shared machine policy: agent 0 separate; agents 1..2 share.

 Scenario BOSCH Algo rmappo Exp sweep_5_2_4 updates 0/347 episodes, total num timesteps 288/100000, FPS 172.


[EVAL] BOSCH MARL Inference Solving Time for 36 periods: 0.6455 seconds
eval average episode rewards of agent0: -22.475822
eval average episode rewards of agent1: -0.475192
eval average episode rewards of agent2: -0.51127225
eval average episode costs: Backlog: 9126.25, Inventory: 26.25, Maintenance: 34.21, Production: 3525.10, Setup: 642.00, TOTAL: 13353.81

 Scenario BOSCH Algo rmappo Exp sweep_5_2_4 updates 5/347 episodes, total num timesteps 1728/100000, FPS 157.


 Scenario BOSCH Algo rmappo Exp sweep_5_2_4 updates 10/347 episodes, total num timesteps 3168/100000, FPS 155.


 Scenario BOSCH Algo rmappo Exp sweep_5_2_4 updates 15/347 episodes, total num timesteps 4608/100000, FPS 152.


 Scenario BOSCH Algo rmappo Exp sweep_5_2_4 updates 20/347 episodes, total num timesteps 6048/100000, FPS 149.


 Scenario BOSCH Algo rmappo Exp sweep_5_2_4 updates 25/347 episodes, total num timesteps 7488/100000, FPS 146.


 Scenario BOSCH Algo rmappo Exp sweep_5_2_4 updates 30/347 episodes, total num timesteps 8928/100000, FPS 144.


 Scenario BOSCH Algo rmappo Exp sweep_5_2_4 updates 35/347 episodes, total num timesteps 10368/100000, FPS 144.


 Scenario BOSCH Algo rmappo Exp sweep_5_2_4 updates 40/347 episodes, total num timesteps 11808/100000, FPS 142.


 Scenario BOSCH Algo rmappo Exp sweep_5_2_4 updates 45/347 episodes, total num timesteps 13248/100000, FPS 141.


 Scenario BOSCH Algo rmappo Exp sweep_5_2_4 updates 50/347 episodes, total num timesteps 14688/100000, FPS 140.


[EVAL] BOSCH MARL Inference Solving Time for 36 periods: 1.1989 seconds
eval average episode rewards of agent0: -9.250439
eval average episode rewards of agent1: -0.075152084
eval average episode rewards of agent2: -0.077230915
eval average episode costs: Backlog: 0.00, Inventory: 14.00, Maintenance: 30.15, Production: 4273.76, Setup: 954.91, TOTAL: 5272.81

 Scenario BOSCH Algo rmappo Exp sweep_5_2_4 updates 55/347 episodes, total num timesteps 16128/100000, FPS 138.


 Scenario BOSCH Algo rmappo Exp sweep_5_2_4 updates 60/347 episodes, total num timesteps 17568/100000, FPS 137.


 Scenario BOSCH Algo rmappo Exp sweep_5_2_4 updates 65/347 episodes, total num timesteps 19008/100000, FPS 136.


 Scenario BOSCH Algo rmappo Exp sweep_5_2_4 updates 70/347 episodes, total num timesteps 20448/100000, FPS 136.


 Scenario BOSCH Algo rmappo Exp sweep_5_2_4 updates 75/347 episodes, total num timesteps 21888/100000, FPS 136.


 Scenario BOSCH Algo rmappo Exp sweep_5_2_4 updates 80/347 episodes, total num timesteps 23328/100000, FPS 135.


 Scenario BOSCH Algo rmappo Exp sweep_5_2_4 updates 85/347 episodes, total num timesteps 24768/100000, FPS 135.


 Scenario BOSCH Algo rmappo Exp sweep_5_2_4 updates 90/347 episodes, total num timesteps 26208/100000, FPS 134.


 Scenario BOSCH Algo rmappo Exp sweep_5_2_4 updates 95/347 episodes, total num timesteps 27648/100000, FPS 134.


 Scenario BOSCH Algo rmappo Exp sweep_5_2_4 updates 100/347 episodes, total num timesteps 29088/100000, FPS 134.


[EVAL] BOSCH MARL Inference Solving Time for 36 periods: 0.7530 seconds
eval average episode rewards of agent0: -13.987391
eval average episode rewards of agent1: -0.029814217
eval average episode rewards of agent2: -0.09382757
eval average episode costs: Backlog: 0.00, Inventory: 42.00, Maintenance: 25.86, Production: 3856.49, Setup: 797.48, TOTAL: 4721.82

 Scenario BOSCH Algo rmappo Exp sweep_5_2_4 updates 105/347 episodes, total num timesteps 30528/100000, FPS 133.


 Scenario BOSCH Algo rmappo Exp sweep_5_2_4 updates 110/347 episodes, total num timesteps 31968/100000, FPS 132.


 Scenario BOSCH Algo rmappo Exp sweep_5_2_4 updates 115/347 episodes, total num timesteps 33408/100000, FPS 132.


 Scenario BOSCH Algo rmappo Exp sweep_5_2_4 updates 120/347 episodes, total num timesteps 34848/100000, FPS 132.


 Scenario BOSCH Algo rmappo Exp sweep_5_2_4 updates 125/347 episodes, total num timesteps 36288/100000, FPS 132.


 Scenario BOSCH Algo rmappo Exp sweep_5_2_4 updates 130/347 episodes, total num timesteps 37728/100000, FPS 131.


 Scenario BOSCH Algo rmappo Exp sweep_5_2_4 updates 135/347 episodes, total num timesteps 39168/100000, FPS 131.


 Scenario BOSCH Algo rmappo Exp sweep_5_2_4 updates 140/347 episodes, total num timesteps 40608/100000, FPS 131.


 Scenario BOSCH Algo rmappo Exp sweep_5_2_4 updates 145/347 episodes, total num timesteps 42048/100000, FPS 131.


 Scenario BOSCH Algo rmappo Exp sweep_5_2_4 updates 150/347 episodes, total num timesteps 43488/100000, FPS 131.


[EVAL] BOSCH MARL Inference Solving Time for 36 periods: 0.7313 seconds
eval average episode rewards of agent0: -10.0412445
eval average episode rewards of agent1: -0.093526475
eval average episode rewards of agent2: -0.013855818
eval average episode costs: Backlog: 0.00, Inventory: 36.75, Maintenance: 33.18, Production: 4102.00, Setup: 827.26, TOTAL: 4999.19

 Scenario BOSCH Algo rmappo Exp sweep_5_2_4 updates 155/347 episodes, total num timesteps 44928/100000, FPS 130.


 Scenario BOSCH Algo rmappo Exp sweep_5_2_4 updates 160/347 episodes, total num timesteps 46368/100000, FPS 130.


 Scenario BOSCH Algo rmappo Exp sweep_5_2_4 updates 165/347 episodes, total num timesteps 47808/100000, FPS 130.


 Scenario BOSCH Algo rmappo Exp sweep_5_2_4 updates 170/347 episodes, total num timesteps 49248/100000, FPS 130.


 Scenario BOSCH Algo rmappo Exp sweep_5_2_4 updates 175/347 episodes, total num timesteps 50688/100000, FPS 130.


 Scenario BOSCH Algo rmappo Exp sweep_5_2_4 updates 180/347 episodes, total num timesteps 52128/100000, FPS 130.


 Scenario BOSCH Algo rmappo Exp sweep_5_2_4 updates 185/347 episodes, total num timesteps 53568/100000, FPS 130.


 Scenario BOSCH Algo rmappo Exp sweep_5_2_4 updates 190/347 episodes, total num timesteps 55008/100000, FPS 130.


 Scenario BOSCH Algo rmappo Exp sweep_5_2_4 updates 195/347 episodes, total num timesteps 56448/100000, FPS 130.


 Scenario BOSCH Algo rmappo Exp sweep_5_2_4 updates 200/347 episodes, total num timesteps 57888/100000, FPS 130.


[EVAL] BOSCH MARL Inference Solving Time for 36 periods: 0.7360 seconds
eval average episode rewards of agent0: -13.722478
eval average episode rewards of agent1: -0.10381973
eval average episode rewards of agent2: -0.039261978
eval average episode costs: Backlog: 0.00, Inventory: 31.50, Maintenance: 21.54, Production: 3736.41, Setup: 855.17, TOTAL: 4644.62

 Scenario BOSCH Algo rmappo Exp sweep_5_2_4 updates 205/347 episodes, total num timesteps 59328/100000, FPS 129.


 Scenario BOSCH Algo rmappo Exp sweep_5_2_4 updates 210/347 episodes, total num timesteps 60768/100000, FPS 129.


 Scenario BOSCH Algo rmappo Exp sweep_5_2_4 updates 215/347 episodes, total num timesteps 62208/100000, FPS 129.


 Scenario BOSCH Algo rmappo Exp sweep_5_2_4 updates 220/347 episodes, total num timesteps 63648/100000, FPS 129.


 Scenario BOSCH Algo rmappo Exp sweep_5_2_4 updates 225/347 episodes, total num timesteps 65088/100000, FPS 129.


 Scenario BOSCH Algo rmappo Exp sweep_5_2_4 updates 230/347 episodes, total num timesteps 66528/100000, FPS 129.


 Scenario BOSCH Algo rmappo Exp sweep_5_2_4 updates 235/347 episodes, total num timesteps 67968/100000, FPS 129.


 Scenario BOSCH Algo rmappo Exp sweep_5_2_4 updates 240/347 episodes, total num timesteps 69408/100000, FPS 129.


 Scenario BOSCH Algo rmappo Exp sweep_5_2_4 updates 245/347 episodes, total num timesteps 70848/100000, FPS 129.


 Scenario BOSCH Algo rmappo Exp sweep_5_2_4 updates 250/347 episodes, total num timesteps 72288/100000, FPS 129.


[EVAL] BOSCH MARL Inference Solving Time for 36 periods: 0.6322 seconds
eval average episode rewards of agent0: -15.8957
eval average episode rewards of agent1: -0.08199824
eval average episode rewards of agent2: 0.026061391
eval average episode costs: Backlog: 0.00, Inventory: 33.25, Maintenance: 35.34, Production: 4228.10, Setup: 800.14, TOTAL: 5096.83

 Scenario BOSCH Algo rmappo Exp sweep_5_2_4 updates 255/347 episodes, total num timesteps 73728/100000, FPS 129.


 Scenario BOSCH Algo rmappo Exp sweep_5_2_4 updates 260/347 episodes, total num timesteps 75168/100000, FPS 129.


 Scenario BOSCH Algo rmappo Exp sweep_5_2_4 updates 265/347 episodes, total num timesteps 76608/100000, FPS 129.


 Scenario BOSCH Algo rmappo Exp sweep_5_2_4 updates 270/347 episodes, total num timesteps 78048/100000, FPS 129.


 Scenario BOSCH Algo rmappo Exp sweep_5_2_4 updates 275/347 episodes, total num timesteps 79488/100000, FPS 129.


 Scenario BOSCH Algo rmappo Exp sweep_5_2_4 updates 280/347 episodes, total num timesteps 80928/100000, FPS 129.


 Scenario BOSCH Algo rmappo Exp sweep_5_2_4 updates 285/347 episodes, total num timesteps 82368/100000, FPS 129.


 Scenario BOSCH Algo rmappo Exp sweep_5_2_4 updates 290/347 episodes, total num timesteps 83808/100000, FPS 129.


 Scenario BOSCH Algo rmappo Exp sweep_5_2_4 updates 295/347 episodes, total num timesteps 85248/100000, FPS 129.


 Scenario BOSCH Algo rmappo Exp sweep_5_2_4 updates 300/347 episodes, total num timesteps 86688/100000, FPS 129.


[EVAL] BOSCH MARL Inference Solving Time for 36 periods: 0.6364 seconds
eval average episode rewards of agent0: -17.343616
eval average episode rewards of agent1: -0.11643835
eval average episode rewards of agent2: 0.0459413
eval average episode costs: Backlog: 0.00, Inventory: 14.00, Maintenance: 25.84, Production: 3540.40, Setup: 693.90, TOTAL: 4274.15

 Scenario BOSCH Algo rmappo Exp sweep_5_2_4 updates 305/347 episodes, total num timesteps 88128/100000, FPS 129.


 Scenario BOSCH Algo rmappo Exp sweep_5_2_4 updates 310/347 episodes, total num timesteps 89568/100000, FPS 129.


 Scenario BOSCH Algo rmappo Exp sweep_5_2_4 updates 315/347 episodes, total num timesteps 91008/100000, FPS 129.


 Scenario BOSCH Algo rmappo Exp sweep_5_2_4 updates 320/347 episodes, total num timesteps 92448/100000, FPS 129.


 Scenario BOSCH Algo rmappo Exp sweep_5_2_4 updates 325/347 episodes, total num timesteps 93888/100000, FPS 129.


 Scenario BOSCH Algo rmappo Exp sweep_5_2_4 updates 330/347 episodes, total num timesteps 95328/100000, FPS 129.


 Scenario BOSCH Algo rmappo Exp sweep_5_2_4 updates 335/347 episodes, total num timesteps 96768/100000, FPS 129.


 Scenario BOSCH Algo rmappo Exp sweep_5_2_4 updates 340/347 episodes, total num timesteps 98208/100000, FPS 129.


 Scenario BOSCH Algo rmappo Exp sweep_5_2_4 updates 345/347 episodes, total num timesteps 99648/100000, FPS 129.

[1;34mwandb[0m: 
[1;34mwandb[0m: 🚀 View run [33mrmappo_sweep_5_2_4_seed1[0m at: [34mhttps://wandb.ai/tntvan-iac-instagram/thesis_14th-1-onpolicy_scripts_train_bosch_scripts/runs/ke14ste2[0m
2026-05-17 22:29:48,457 - wandb.wandb_agent - INFO - Cleaning up finished run: ke14ste2
2026-05-17 22:29:49,560 - wandb.wandb_agent - INFO - Agent received command: run
2026-05-17 22:29:49,561 - wandb.wandb_agent - INFO - Agent starting run with config:
	activation_penalty: 100
	clip_param: 0.3989122909079733
	critic_lr: 0.0007540197720644972
	dense_production_reward: 1.886123235396337
	dense_setup_penalty: 2.209391640554266
	entropy_coef: 0.0768211635857883
	gae_lambda: 0.9348026873339425
	gamma: 0.9868372526678268
	hidden_size: 256
	load_balance_penalty: 0
	lr: 5.1542137109380214e-05
	ppo_epoch: 19
2026-05-17 22:29:49,568 - wandb.wandb_agent - INFO - About to run command: /usr/bin/env python3 /Users/nhi/thesis_14th-1/onpolicy/scripts/train_bosch_scripts/run_sweep.py --activation_penalty=100 --clip_param=0.3989122909079733 --critic_lr=0.0007540197720644972 --dense_production_reward=1.886123235396337 --dense_setup_penalty=2.209391640554266 --entropy_coef=0.0768211635857883 --gae_lambda=0.9348026873339425 --gamma=0.9868372526678268 --hidden_size=256 --load_balance_penalty=0 --lr=5.1542137109380214e-05 --ppo_epoch=19
wandb: [wandb.login()] Loaded credentials for https://api.wandb.ai from /Users/nhi/.netrc.
wandb: Currently logged in as: tntvan-iac (tntvan-iac-instagram) to https://api.wandb.ai. Use `wandb login --relogin` to force relogin
wandb: setting up run 3ffzh8aa
wandb: Tracking run with wandb version 0.26.1
wandb: Run data is saved locally in /Users/nhi/thesis_14th-1/onpolicy/scripts/train_bosch_scripts/wandb/run-20260517_222950-3ffzh8aa
wandb: Run `wandb offline` to turn off syncing.
wandb: Syncing run devoted-sweep-15
wandb: ⭐️ View project at https://wandb.ai/tntvan-iac-instagram/thesis_14th-1-onpolicy_scripts_train_bosch_scripts
wandb: 🧹 View sweep at https://wandb.ai/tntvan-iac-instagram/thesis_14th-1-onpolicy_scripts_train_bosch_scripts/sweeps/4p28qnnw
wandb: 🚀 View run at https://wandb.ai/tntvan-iac-instagram/thesis_14th-1-onpolicy_scripts_train_bosch_scripts/runs/3ffzh8aa
wandb: WARNING Ignoring project 'BOSCH' when running a sweep.
wandb: WARNING Ignoring entity 'tntvan-iac-instagram' when running a sweep.
wandb: Finishing previous runs because reinit is set to True.
wandb: updating run metadata; uploading console lines 0-0
wandb: uploading wandb-metadata.json; uploading requirements.txt; uploading output.log; uploading wandb-summary.json; uploading config.yaml
2026-05-17 22:29:54,579 - wandb.wandb_agent - INFO - Running runs: ['3ffzh8aa']
wandb: uploading summary, console lines 0-3
wandb: 🚀 View run devoted-sweep-15 at: https://wandb.ai/tntvan-iac-instagram/thesis_14th-1-onpolicy_scripts_train_bosch_scripts/runs/3ffzh8aa
wandb: ⭐️ View project at: https://wandb.ai/tntvan-iac-instagram/thesis_14th-1-onpolicy_scripts_train_bosch_scripts
wandb: Synced 5 W&B file(s), 0 media file(s), 0 artifact file(s) and 0 other file(s)
wandb: Find logs at: ./wandb/run-20260517_222950-3ffzh8aa/logs
wandb: WARNING Using a boolean value for 'reinit' is deprecated. Use 'return_previous' or 'finish_previous' instead.
wandb: Tracking run with wandb version 0.26.1
wandb: Run data is saved locally in results/BOSCH/rmappo/sweep_5_2_4/wandb/run-20260517_222953-3ffzh8aa
wandb: Run `wandb offline` to turn off syncing.
wandb: Syncing run rmappo_sweep_5_2_4_seed1
wandb: ⭐️ View project at https://wandb.ai/tntvan-iac-instagram/thesis_14th-1-onpolicy_scripts_train_bosch_scripts
wandb: 🧹 View sweep at https://wandb.ai/tntvan-iac-instagram/thesis_14th-1-onpolicy_scripts_train_bosch_scripts/sweeps/4p28qnnw
wandb: 🚀 View run at https://wandb.ai/tntvan-iac-instagram/thesis_14th-1-onpolicy_scripts_train_bosch_scripts/runs/3ffzh8aa
BOSCH: using multiprocessing start_method='fork' on macOS.
share_observation_space:  [Box(-inf, inf, (312,), float32), Box(-inf, inf, (312,), float32), Box(-inf, inf, (312,), float32)]
observation_space:  [Box(-inf, inf, (104,), float32), Box(-inf, inf, (104,), float32), Box(-inf, inf, (104,), float32)]
action_space:  [MultiDiscrete10, Discrete(7), Discrete(7)]
Using shared machine policy: agent 0 separate; agents 1..2 share.

 Scenario BOSCH Algo rmappo Exp sweep_5_2_4 updates 0/347 episodes, total num timesteps 288/100000, FPS 134.


[EVAL] BOSCH MARL Inference Solving Time for 36 periods: 0.4223 seconds
eval average episode rewards of agent0: -10.24592
eval average episode rewards of agent1: -0.49085975
eval average episode rewards of agent2: -0.86694777
eval average episode costs: Backlog: 5447.75, Inventory: 3.50, Maintenance: 573.18, Production: 1889.36, Setup: 332.13, TOTAL: 8245.92

 Scenario BOSCH Algo rmappo Exp sweep_5_2_4 updates 5/347 episodes, total num timesteps 1728/100000, FPS 119.


 Scenario BOSCH Algo rmappo Exp sweep_5_2_4 updates 10/347 episodes, total num timesteps 3168/100000, FPS 118.


 Scenario BOSCH Algo rmappo Exp sweep_5_2_4 updates 15/347 episodes, total num timesteps 4608/100000, FPS 116.


 Scenario BOSCH Algo rmappo Exp sweep_5_2_4 updates 20/347 episodes, total num timesteps 6048/100000, FPS 114.


 Scenario BOSCH Algo rmappo Exp sweep_5_2_4 updates 25/347 episodes, total num timesteps 7488/100000, FPS 111.


 Scenario BOSCH Algo rmappo Exp sweep_5_2_4 updates 30/347 episodes, total num timesteps 8928/100000, FPS 110.


 Scenario BOSCH Algo rmappo Exp sweep_5_2_4 updates 35/347 episodes, total num timesteps 10368/100000, FPS 109.


 Scenario BOSCH Algo rmappo Exp sweep_5_2_4 updates 40/347 episodes, total num timesteps 11808/100000, FPS 109.


 Scenario BOSCH Algo rmappo Exp sweep_5_2_4 updates 45/347 episodes, total num timesteps 13248/100000, FPS 109.


 Scenario BOSCH Algo rmappo Exp sweep_5_2_4 updates 50/347 episodes, total num timesteps 14688/100000, FPS 109.


[EVAL] BOSCH MARL Inference Solving Time for 36 periods: 0.7809 seconds
eval average episode rewards of agent0: -8.321626
eval average episode rewards of agent1: -0.25989592
eval average episode rewards of agent2: -0.41574556
eval average episode costs: Backlog: 0.00, Inventory: 36.75, Maintenance: 33.73, Production: 4095.80, Setup: 855.34, TOTAL: 5021.62

 Scenario BOSCH Algo rmappo Exp sweep_5_2_4 updates 55/347 episodes, total num timesteps 16128/100000, FPS 108.


 Scenario BOSCH Algo rmappo Exp sweep_5_2_4 updates 60/347 episodes, total num timesteps 17568/100000, FPS 107.


 Scenario BOSCH Algo rmappo Exp sweep_5_2_4 updates 65/347 episodes, total num timesteps 19008/100000, FPS 107.


 Scenario BOSCH Algo rmappo Exp sweep_5_2_4 updates 70/347 episodes, total num timesteps 20448/100000, FPS 107.


 Scenario BOSCH Algo rmappo Exp sweep_5_2_4 updates 75/347 episodes, total num timesteps 21888/100000, FPS 107.


 Scenario BOSCH Algo rmappo Exp sweep_5_2_4 updates 80/347 episodes, total num timesteps 23328/100000, FPS 107.


 Scenario BOSCH Algo rmappo Exp sweep_5_2_4 updates 85/347 episodes, total num timesteps 24768/100000, FPS 107.


 Scenario BOSCH Algo rmappo Exp sweep_5_2_4 updates 90/347 episodes, total num timesteps 26208/100000, FPS 107.


 Scenario BOSCH Algo rmappo Exp sweep_5_2_4 updates 95/347 episodes, total num timesteps 27648/100000, FPS 107.


 Scenario BOSCH Algo rmappo Exp sweep_5_2_4 updates 100/347 episodes, total num timesteps 29088/100000, FPS 107.


[EVAL] BOSCH MARL Inference Solving Time for 36 periods: 0.7373 seconds
eval average episode rewards of agent0: -7.039061
eval average episode rewards of agent1: -0.05813648
eval average episode rewards of agent2: -0.7043374
eval average episode costs: Backlog: 0.00, Inventory: 31.50, Maintenance: 19.76, Production: 3311.53, Setup: 776.28, TOTAL: 4139.06

 Scenario BOSCH Algo rmappo Exp sweep_5_2_4 updates 105/347 episodes, total num timesteps 30528/100000, FPS 107.


 Scenario BOSCH Algo rmappo Exp sweep_5_2_4 updates 110/347 episodes, total num timesteps 31968/100000, FPS 107.


 Scenario BOSCH Algo rmappo Exp sweep_5_2_4 updates 115/347 episodes, total num timesteps 33408/100000, FPS 106.


 Scenario BOSCH Algo rmappo Exp sweep_5_2_4 updates 120/347 episodes, total num timesteps 34848/100000, FPS 107.


 Scenario BOSCH Algo rmappo Exp sweep_5_2_4 updates 125/347 episodes, total num timesteps 36288/100000, FPS 106.


 Scenario BOSCH Algo rmappo Exp sweep_5_2_4 updates 130/347 episodes, total num timesteps 37728/100000, FPS 105.


 Scenario BOSCH Algo rmappo Exp sweep_5_2_4 updates 135/347 episodes, total num timesteps 39168/100000, FPS 105.


 Scenario BOSCH Algo rmappo Exp sweep_5_2_4 updates 140/347 episodes, total num timesteps 40608/100000, FPS 105.


 Scenario BOSCH Algo rmappo Exp sweep_5_2_4 updates 145/347 episodes, total num timesteps 42048/100000, FPS 106.


 Scenario BOSCH Algo rmappo Exp sweep_5_2_4 updates 150/347 episodes, total num timesteps 43488/100000, FPS 106.


[EVAL] BOSCH MARL Inference Solving Time for 36 periods: 0.7356 seconds
eval average episode rewards of agent0: -7.019124
eval average episode rewards of agent1: 0.13291165
eval average episode rewards of agent2: -0.5809439
eval average episode costs: Backlog: 0.00, Inventory: 232.61, Maintenance: 27.89, Production: 3514.19, Setup: 644.43, TOTAL: 4419.12

 Scenario BOSCH Algo rmappo Exp sweep_5_2_4 updates 155/347 episodes, total num timesteps 44928/100000, FPS 105.


 Scenario BOSCH Algo rmappo Exp sweep_5_2_4 updates 160/347 episodes, total num timesteps 46368/100000, FPS 105.


 Scenario BOSCH Algo rmappo Exp sweep_5_2_4 updates 165/347 episodes, total num timesteps 47808/100000, FPS 104.


 Scenario BOSCH Algo rmappo Exp sweep_5_2_4 updates 170/347 episodes, total num timesteps 49248/100000, FPS 104.


 Scenario BOSCH Algo rmappo Exp sweep_5_2_4 updates 175/347 episodes, total num timesteps 50688/100000, FPS 104.


 Scenario BOSCH Algo rmappo Exp sweep_5_2_4 updates 180/347 episodes, total num timesteps 52128/100000, FPS 104.


 Scenario BOSCH Algo rmappo Exp sweep_5_2_4 updates 185/347 episodes, total num timesteps 53568/100000, FPS 104.


 Scenario BOSCH Algo rmappo Exp sweep_5_2_4 updates 190/347 episodes, total num timesteps 55008/100000, FPS 103.


 Scenario BOSCH Algo rmappo Exp sweep_5_2_4 updates 195/347 episodes, total num timesteps 56448/100000, FPS 104.


 Scenario BOSCH Algo rmappo Exp sweep_5_2_4 updates 200/347 episodes, total num timesteps 57888/100000, FPS 104.


[EVAL] BOSCH MARL Inference Solving Time for 36 periods: 0.6497 seconds
eval average episode rewards of agent0: -7.3601217
eval average episode rewards of agent1: 0.16246828
eval average episode rewards of agent2: -0.61752975
eval average episode costs: Backlog: 0.00, Inventory: 98.41, Maintenance: 24.22, Production: 3655.08, Setup: 682.41, TOTAL: 4460.12

 Scenario BOSCH Algo rmappo Exp sweep_5_2_4 updates 205/347 episodes, total num timesteps 59328/100000, FPS 103.


 Scenario BOSCH Algo rmappo Exp sweep_5_2_4 updates 210/347 episodes, total num timesteps 60768/100000, FPS 104.


 Scenario BOSCH Algo rmappo Exp sweep_5_2_4 updates 215/347 episodes, total num timesteps 62208/100000, FPS 104.


 Scenario BOSCH Algo rmappo Exp sweep_5_2_4 updates 220/347 episodes, total num timesteps 63648/100000, FPS 104.


 Scenario BOSCH Algo rmappo Exp sweep_5_2_4 updates 225/347 episodes, total num timesteps 65088/100000, FPS 104.


 Scenario BOSCH Algo rmappo Exp sweep_5_2_4 updates 230/347 episodes, total num timesteps 66528/100000, FPS 104.


 Scenario BOSCH Algo rmappo Exp sweep_5_2_4 updates 235/347 episodes, total num timesteps 67968/100000, FPS 104.


 Scenario BOSCH Algo rmappo Exp sweep_5_2_4 updates 240/347 episodes, total num timesteps 69408/100000, FPS 104.


 Scenario BOSCH Algo rmappo Exp sweep_5_2_4 updates 245/347 episodes, total num timesteps 70848/100000, FPS 104.


 Scenario BOSCH Algo rmappo Exp sweep_5_2_4 updates 250/347 episodes, total num timesteps 72288/100000, FPS 104.


[EVAL] BOSCH MARL Inference Solving Time for 36 periods: 0.5671 seconds
eval average episode rewards of agent0: -7.961486
eval average episode rewards of agent1: -0.014296633
eval average episode rewards of agent2: -0.94537145
eval average episode costs: Backlog: 2957.50, Inventory: 15.75, Maintenance: 303.89, Production: 1899.68, Setup: 384.66, TOTAL: 5561.49

 Scenario BOSCH Algo rmappo Exp sweep_5_2_4 updates 255/347 episodes, total num timesteps 73728/100000, FPS 104.


 Scenario BOSCH Algo rmappo Exp sweep_5_2_4 updates 260/347 episodes, total num timesteps 75168/100000, FPS 104.


 Scenario BOSCH Algo rmappo Exp sweep_5_2_4 updates 265/347 episodes, total num timesteps 76608/100000, FPS 104.


 Scenario BOSCH Algo rmappo Exp sweep_5_2_4 updates 270/347 episodes, total num timesteps 78048/100000, FPS 104.


 Scenario BOSCH Algo rmappo Exp sweep_5_2_4 updates 275/347 episodes, total num timesteps 79488/100000, FPS 104.


 Scenario BOSCH Algo rmappo Exp sweep_5_2_4 updates 280/347 episodes, total num timesteps 80928/100000, FPS 104.


 Scenario BOSCH Algo rmappo Exp sweep_5_2_4 updates 285/347 episodes, total num timesteps 82368/100000, FPS 105.


 Scenario BOSCH Algo rmappo Exp sweep_5_2_4 updates 290/347 episodes, total num timesteps 83808/100000, FPS 105.


 Scenario BOSCH Algo rmappo Exp sweep_5_2_4 updates 295/347 episodes, total num timesteps 85248/100000, FPS 105.


 Scenario BOSCH Algo rmappo Exp sweep_5_2_4 updates 300/347 episodes, total num timesteps 86688/100000, FPS 105.


[EVAL] BOSCH MARL Inference Solving Time for 36 periods: 0.6374 seconds
eval average episode rewards of agent0: -7.1931458
eval average episode rewards of agent1: 0.25100002
eval average episode rewards of agent2: -0.5658263
eval average episode costs: Backlog: 0.00, Inventory: 48.86, Maintenance: 29.46, Production: 3660.90, Setup: 653.93, TOTAL: 4393.15

 Scenario BOSCH Algo rmappo Exp sweep_5_2_4 updates 305/347 episodes, total num timesteps 88128/100000, FPS 105.


 Scenario BOSCH Algo rmappo Exp sweep_5_2_4 updates 310/347 episodes, total num timesteps 89568/100000, FPS 105.


 Scenario BOSCH Algo rmappo Exp sweep_5_2_4 updates 315/347 episodes, total num timesteps 91008/100000, FPS 105.


 Scenario BOSCH Algo rmappo Exp sweep_5_2_4 updates 320/347 episodes, total num timesteps 92448/100000, FPS 105.


 Scenario BOSCH Algo rmappo Exp sweep_5_2_4 updates 325/347 episodes, total num timesteps 93888/100000, FPS 105.


 Scenario BOSCH Algo rmappo Exp sweep_5_2_4 updates 330/347 episodes, total num timesteps 95328/100000, FPS 105.


 Scenario BOSCH Algo rmappo Exp sweep_5_2_4 updates 335/347 episodes, total num timesteps 96768/100000, FPS 105.


 Scenario BOSCH Algo rmappo Exp sweep_5_2_4 updates 340/347 episodes, total num timesteps 98208/100000, FPS 105.


 Scenario BOSCH Algo rmappo Exp sweep_5_2_4 updates 345/347 episodes, total num timesteps 99648/100000, FPS 105.

[1;34mwandb[0m: 
[1;34mwandb[0m: 🚀 View run [33mrmappo_sweep_5_2_4_seed1[0m at: [34mhttps://wandb.ai/tntvan-iac-instagram/thesis_14th-1-onpolicy_scripts_train_bosch_scripts/runs/3ffzh8aa[0m
2026-05-17 22:45:46,097 - wandb.wandb_agent - INFO - Cleaning up finished run: 3ffzh8aa
2026-05-17 22:45:47,214 - wandb.wandb_agent - INFO - Agent received command: run
2026-05-17 22:45:47,215 - wandb.wandb_agent - INFO - Agent starting run with config:
	activation_penalty: 10
	clip_param: 0.3925778562600235
	critic_lr: 0.0004923026454046455
	dense_production_reward: 2.214229412482112
	dense_setup_penalty: 0.8395293799522734
	entropy_coef: 0.03003753550408179
	gae_lambda: 0.9720391484334612
	gamma: 0.9757919585981084
	hidden_size: 256
	load_balance_penalty: 0
	lr: 3.496920860050107e-05
	ppo_epoch: 8
2026-05-17 22:45:47,221 - wandb.wandb_agent - INFO - About to run command: /usr/bin/env python3 /Users/nhi/thesis_14th-1/onpolicy/scripts/train_bosch_scripts/run_sweep.py --activation_penalty=10 --clip_param=0.3925778562600235 --critic_lr=0.0004923026454046455 --dense_production_reward=2.214229412482112 --dense_setup_penalty=0.8395293799522734 --entropy_coef=0.03003753550408179 --gae_lambda=0.9720391484334612 --gamma=0.9757919585981084 --hidden_size=256 --load_balance_penalty=0 --lr=3.496920860050107e-05 --ppo_epoch=8
wandb: [wandb.login()] Loaded credentials for https://api.wandb.ai from /Users/nhi/.netrc.
wandb: Currently logged in as: tntvan-iac (tntvan-iac-instagram) to https://api.wandb.ai. Use `wandb login --relogin` to force relogin
wandb: Tracking run with wandb version 0.26.1
wandb: Run data is saved locally in /Users/nhi/thesis_14th-1/onpolicy/scripts/train_bosch_scripts/wandb/run-20260517_224548-uh4ov4xw
wandb: Run `wandb offline` to turn off syncing.
wandb: Syncing run feasible-sweep-16
wandb: ⭐️ View project at https://wandb.ai/tntvan-iac-instagram/thesis_14th-1-onpolicy_scripts_train_bosch_scripts
wandb: 🧹 View sweep at https://wandb.ai/tntvan-iac-instagram/thesis_14th-1-onpolicy_scripts_train_bosch_scripts/sweeps/4p28qnnw
wandb: 🚀 View run at https://wandb.ai/tntvan-iac-instagram/thesis_14th-1-onpolicy_scripts_train_bosch_scripts/runs/uh4ov4xw
wandb: WARNING Ignoring project 'BOSCH' when running a sweep.
wandb: WARNING Ignoring entity 'tntvan-iac-instagram' when running a sweep.
wandb: Finishing previous runs because reinit is set to True.
wandb: updating run metadata; uploading console lines 0-0
wandb: uploading wandb-metadata.json; uploading requirements.txt; uploading output.log; uploading wandb-summary.json; uploading config.yaml
2026-05-17 22:45:52,232 - wandb.wandb_agent - INFO - Running runs: ['uh4ov4xw']
wandb: uploading summary, console lines 0-3
wandb: 🚀 View run feasible-sweep-16 at: https://wandb.ai/tntvan-iac-instagram/thesis_14th-1-onpolicy_scripts_train_bosch_scripts/runs/uh4ov4xw
wandb: ⭐️ View project at: https://wandb.ai/tntvan-iac-instagram/thesis_14th-1-onpolicy_scripts_train_bosch_scripts
wandb: Synced 5 W&B file(s), 0 media file(s), 0 artifact file(s) and 0 other file(s)
wandb: Find logs at: ./wandb/run-20260517_224548-uh4ov4xw/logs
wandb: WARNING Using a boolean value for 'reinit' is deprecated. Use 'return_previous' or 'finish_previous' instead.
wandb: Tracking run with wandb version 0.26.1
wandb: Run data is saved locally in results/BOSCH/rmappo/sweep_5_2_4/wandb/run-20260517_224551-uh4ov4xw
wandb: Run `wandb offline` to turn off syncing.
wandb: Syncing run rmappo_sweep_5_2_4_seed1
wandb: ⭐️ View project at https://wandb.ai/tntvan-iac-instagram/thesis_14th-1-onpolicy_scripts_train_bosch_scripts
wandb: 🧹 View sweep at https://wandb.ai/tntvan-iac-instagram/thesis_14th-1-onpolicy_scripts_train_bosch_scripts/sweeps/4p28qnnw
wandb: 🚀 View run at https://wandb.ai/tntvan-iac-instagram/thesis_14th-1-onpolicy_scripts_train_bosch_scripts/runs/uh4ov4xw
BOSCH: using multiprocessing start_method='fork' on macOS.
share_observation_space:  [Box(-inf, inf, (312,), float32), Box(-inf, inf, (312,), float32), Box(-inf, inf, (312,), float32)]
observation_space:  [Box(-inf, inf, (104,), float32), Box(-inf, inf, (104,), float32), Box(-inf, inf, (104,), float32)]
action_space:  [MultiDiscrete10, Discrete(7), Discrete(7)]
Using shared machine policy: agent 0 separate; agents 1..2 share.

 Scenario BOSCH Algo rmappo Exp sweep_5_2_4 updates 0/347 episodes, total num timesteps 288/100000, FPS 172.


[EVAL] BOSCH MARL Inference Solving Time for 36 periods: 0.5137 seconds
eval average episode rewards of agent0: -13.141645
eval average episode rewards of agent1: -0.26450995
eval average episode rewards of agent2: -0.0755475
eval average episode costs: Backlog: 8582.00, Inventory: 26.25, Maintenance: 23.95, Production: 3525.10, Setup: 694.35, TOTAL: 12851.65

 Scenario BOSCH Algo rmappo Exp sweep_5_2_4 updates 5/347 episodes, total num timesteps 1728/100000, FPS 158.


 Scenario BOSCH Algo rmappo Exp sweep_5_2_4 updates 10/347 episodes, total num timesteps 3168/100000, FPS 157.


 Scenario BOSCH Algo rmappo Exp sweep_5_2_4 updates 15/347 episodes, total num timesteps 4608/100000, FPS 155.


 Scenario BOSCH Algo rmappo Exp sweep_5_2_4 updates 20/347 episodes, total num timesteps 6048/100000, FPS 149.


 Scenario BOSCH Algo rmappo Exp sweep_5_2_4 updates 25/347 episodes, total num timesteps 7488/100000, FPS 146.


 Scenario BOSCH Algo rmappo Exp sweep_5_2_4 updates 30/347 episodes, total num timesteps 8928/100000, FPS 140.


 Scenario BOSCH Algo rmappo Exp sweep_5_2_4 updates 35/347 episodes, total num timesteps 10368/100000, FPS 138.


 Scenario BOSCH Algo rmappo Exp sweep_5_2_4 updates 40/347 episodes, total num timesteps 11808/100000, FPS 136.


 Scenario BOSCH Algo rmappo Exp sweep_5_2_4 updates 45/347 episodes, total num timesteps 13248/100000, FPS 133.


 Scenario BOSCH Algo rmappo Exp sweep_5_2_4 updates 50/347 episodes, total num timesteps 14688/100000, FPS 131.


[EVAL] BOSCH MARL Inference Solving Time for 36 periods: 1.2762 seconds
eval average episode rewards of agent0: -5.589847
eval average episode rewards of agent1: 0.4698674
eval average episode rewards of agent2: 0.22628145
eval average episode costs: Backlog: 0.00, Inventory: 14.00, Maintenance: 30.04, Production: 4275.20, Setup: 930.60, TOTAL: 5249.85

 Scenario BOSCH Algo rmappo Exp sweep_5_2_4 updates 55/347 episodes, total num timesteps 16128/100000, FPS 128.


 Scenario BOSCH Algo rmappo Exp sweep_5_2_4 updates 60/347 episodes, total num timesteps 17568/100000, FPS 127.


 Scenario BOSCH Algo rmappo Exp sweep_5_2_4 updates 65/347 episodes, total num timesteps 19008/100000, FPS 127.


 Scenario BOSCH Algo rmappo Exp sweep_5_2_4 updates 70/347 episodes, total num timesteps 20448/100000, FPS 126.


 Scenario BOSCH Algo rmappo Exp sweep_5_2_4 updates 75/347 episodes, total num timesteps 21888/100000, FPS 125.


 Scenario BOSCH Algo rmappo Exp sweep_5_2_4 updates 80/347 episodes, total num timesteps 23328/100000, FPS 124.


 Scenario BOSCH Algo rmappo Exp sweep_5_2_4 updates 85/347 episodes, total num timesteps 24768/100000, FPS 124.


 Scenario BOSCH Algo rmappo Exp sweep_5_2_4 updates 90/347 episodes, total num timesteps 26208/100000, FPS 124.


 Scenario BOSCH Algo rmappo Exp sweep_5_2_4 updates 95/347 episodes, total num timesteps 27648/100000, FPS 123.


 Scenario BOSCH Algo rmappo Exp sweep_5_2_4 updates 100/347 episodes, total num timesteps 29088/100000, FPS 123.


[EVAL] BOSCH MARL Inference Solving Time for 36 periods: 0.8193 seconds
eval average episode rewards of agent0: -5.068216
eval average episode rewards of agent1: 0.1854104
eval average episode rewards of agent2: 0.3219472
eval average episode costs: Backlog: 0.00, Inventory: 42.00, Maintenance: 25.94, Production: 3836.87, Setup: 843.40, TOTAL: 4748.22

 Scenario BOSCH Algo rmappo Exp sweep_5_2_4 updates 105/347 episodes, total num timesteps 30528/100000, FPS 122.


 Scenario BOSCH Algo rmappo Exp sweep_5_2_4 updates 110/347 episodes, total num timesteps 31968/100000, FPS 122.


 Scenario BOSCH Algo rmappo Exp sweep_5_2_4 updates 115/347 episodes, total num timesteps 33408/100000, FPS 122.


 Scenario BOSCH Algo rmappo Exp sweep_5_2_4 updates 120/347 episodes, total num timesteps 34848/100000, FPS 122.


 Scenario BOSCH Algo rmappo Exp sweep_5_2_4 updates 125/347 episodes, total num timesteps 36288/100000, FPS 121.


 Scenario BOSCH Algo rmappo Exp sweep_5_2_4 updates 130/347 episodes, total num timesteps 37728/100000, FPS 121.


 Scenario BOSCH Algo rmappo Exp sweep_5_2_4 updates 135/347 episodes, total num timesteps 39168/100000, FPS 121.


 Scenario BOSCH Algo rmappo Exp sweep_5_2_4 updates 140/347 episodes, total num timesteps 40608/100000, FPS 121.


 Scenario BOSCH Algo rmappo Exp sweep_5_2_4 updates 145/347 episodes, total num timesteps 42048/100000, FPS 120.


 Scenario BOSCH Algo rmappo Exp sweep_5_2_4 updates 150/347 episodes, total num timesteps 43488/100000, FPS 120.


[EVAL] BOSCH MARL Inference Solving Time for 36 periods: 1.0557 seconds
eval average episode rewards of agent0: -5.3523064
eval average episode rewards of agent1: 0.45238823
eval average episode rewards of agent2: 0.26195553
eval average episode costs: Backlog: 0.00, Inventory: 36.75, Maintenance: 33.77, Production: 4050.72, Setup: 901.07, TOTAL: 5022.31

 Scenario BOSCH Algo rmappo Exp sweep_5_2_4 updates 155/347 episodes, total num timesteps 44928/100000, FPS 120.


 Scenario BOSCH Algo rmappo Exp sweep_5_2_4 updates 160/347 episodes, total num timesteps 46368/100000, FPS 120.


 Scenario BOSCH Algo rmappo Exp sweep_5_2_4 updates 165/347 episodes, total num timesteps 47808/100000, FPS 120.


 Scenario BOSCH Algo rmappo Exp sweep_5_2_4 updates 170/347 episodes, total num timesteps 49248/100000, FPS 120.


 Scenario BOSCH Algo rmappo Exp sweep_5_2_4 updates 175/347 episodes, total num timesteps 50688/100000, FPS 120.


 Scenario BOSCH Algo rmappo Exp sweep_5_2_4 updates 180/347 episodes, total num timesteps 52128/100000, FPS 119.


 Scenario BOSCH Algo rmappo Exp sweep_5_2_4 updates 185/347 episodes, total num timesteps 53568/100000, FPS 119.


 Scenario BOSCH Algo rmappo Exp sweep_5_2_4 updates 190/347 episodes, total num timesteps 55008/100000, FPS 119.


 Scenario BOSCH Algo rmappo Exp sweep_5_2_4 updates 195/347 episodes, total num timesteps 56448/100000, FPS 119.


 Scenario BOSCH Algo rmappo Exp sweep_5_2_4 updates 200/347 episodes, total num timesteps 57888/100000, FPS 119.


[EVAL] BOSCH MARL Inference Solving Time for 36 periods: 0.9272 seconds
eval average episode rewards of agent0: -4.9466004
eval average episode rewards of agent1: 0.29262656
eval average episode rewards of agent2: 0.26532853
eval average episode costs: Backlog: 0.00, Inventory: 31.50, Maintenance: 21.40, Production: 3733.15, Setup: 830.55, TOTAL: 4616.60

 Scenario BOSCH Algo rmappo Exp sweep_5_2_4 updates 205/347 episodes, total num timesteps 59328/100000, FPS 119.


 Scenario BOSCH Algo rmappo Exp sweep_5_2_4 updates 210/347 episodes, total num timesteps 60768/100000, FPS 119.


 Scenario BOSCH Algo rmappo Exp sweep_5_2_4 updates 215/347 episodes, total num timesteps 62208/100000, FPS 119.


 Scenario BOSCH Algo rmappo Exp sweep_5_2_4 updates 220/347 episodes, total num timesteps 63648/100000, FPS 119.


 Scenario BOSCH Algo rmappo Exp sweep_5_2_4 updates 225/347 episodes, total num timesteps 65088/100000, FPS 118.


 Scenario BOSCH Algo rmappo Exp sweep_5_2_4 updates 230/347 episodes, total num timesteps 66528/100000, FPS 118.


 Scenario BOSCH Algo rmappo Exp sweep_5_2_4 updates 235/347 episodes, total num timesteps 67968/100000, FPS 118.


 Scenario BOSCH Algo rmappo Exp sweep_5_2_4 updates 240/347 episodes, total num timesteps 69408/100000, FPS 118.


 Scenario BOSCH Algo rmappo Exp sweep_5_2_4 updates 245/347 episodes, total num timesteps 70848/100000, FPS 118.


 Scenario BOSCH Algo rmappo Exp sweep_5_2_4 updates 250/347 episodes, total num timesteps 72288/100000, FPS 118.


[EVAL] BOSCH MARL Inference Solving Time for 36 periods: 0.8243 seconds
eval average episode rewards of agent0: -5.451465
eval average episode rewards of agent1: 0.2992732
eval average episode rewards of agent2: 0.42017126
eval average episode costs: Backlog: 0.00, Inventory: 33.25, Maintenance: 35.39, Production: 4176.74, Setup: 886.09, TOTAL: 5131.46

 Scenario BOSCH Algo rmappo Exp sweep_5_2_4 updates 255/347 episodes, total num timesteps 73728/100000, FPS 118.


 Scenario BOSCH Algo rmappo Exp sweep_5_2_4 updates 260/347 episodes, total num timesteps 75168/100000, FPS 118.


 Scenario BOSCH Algo rmappo Exp sweep_5_2_4 updates 265/347 episodes, total num timesteps 76608/100000, FPS 118.


 Scenario BOSCH Algo rmappo Exp sweep_5_2_4 updates 270/347 episodes, total num timesteps 78048/100000, FPS 118.


 Scenario BOSCH Algo rmappo Exp sweep_5_2_4 updates 275/347 episodes, total num timesteps 79488/100000, FPS 118.


 Scenario BOSCH Algo rmappo Exp sweep_5_2_4 updates 280/347 episodes, total num timesteps 80928/100000, FPS 118.


 Scenario BOSCH Algo rmappo Exp sweep_5_2_4 updates 285/347 episodes, total num timesteps 82368/100000, FPS 118.


 Scenario BOSCH Algo rmappo Exp sweep_5_2_4 updates 290/347 episodes, total num timesteps 83808/100000, FPS 118.


 Scenario BOSCH Algo rmappo Exp sweep_5_2_4 updates 295/347 episodes, total num timesteps 85248/100000, FPS 118.


 Scenario BOSCH Algo rmappo Exp sweep_5_2_4 updates 300/347 episodes, total num timesteps 86688/100000, FPS 118.


[EVAL] BOSCH MARL Inference Solving Time for 36 periods: 1.1904 seconds
eval average episode rewards of agent0: -5.5556054
eval average episode rewards of agent1: 0.4931334
eval average episode rewards of agent2: 0.2305768
eval average episode costs: Backlog: 0.00, Inventory: 14.00, Maintenance: 30.05, Production: 4273.51, Setup: 898.04, TOTAL: 5215.60

 Scenario BOSCH Algo rmappo Exp sweep_5_2_4 updates 305/347 episodes, total num timesteps 88128/100000, FPS 117.


 Scenario BOSCH Algo rmappo Exp sweep_5_2_4 updates 310/347 episodes, total num timesteps 89568/100000, FPS 118.


 Scenario BOSCH Algo rmappo Exp sweep_5_2_4 updates 315/347 episodes, total num timesteps 91008/100000, FPS 117.


 Scenario BOSCH Algo rmappo Exp sweep_5_2_4 updates 320/347 episodes, total num timesteps 92448/100000, FPS 117.


 Scenario BOSCH Algo rmappo Exp sweep_5_2_4 updates 325/347 episodes, total num timesteps 93888/100000, FPS 118.


 Scenario BOSCH Algo rmappo Exp sweep_5_2_4 updates 330/347 episodes, total num timesteps 95328/100000, FPS 118.


 Scenario BOSCH Algo rmappo Exp sweep_5_2_4 updates 335/347 episodes, total num timesteps 96768/100000, FPS 118.


 Scenario BOSCH Algo rmappo Exp sweep_5_2_4 updates 340/347 episodes, total num timesteps 98208/100000, FPS 118.


 Scenario BOSCH Algo rmappo Exp sweep_5_2_4 updates 345/347 episodes, total num timesteps 99648/100000, FPS 118.

[1;34mwandb[0m: 
[1;34mwandb[0m: 🚀 View run [33mrmappo_sweep_5_2_4_seed1[0m at: [34mhttps://wandb.ai/tntvan-iac-instagram/thesis_14th-1-onpolicy_scripts_train_bosch_scripts/runs/uh4ov4xw[0m
2026-05-17 23:00:05,702 - wandb.wandb_agent - INFO - Cleaning up finished run: uh4ov4xw
2026-05-17 23:00:07,596 - wandb.wandb_agent - INFO - Agent received command: run
2026-05-17 23:00:07,597 - wandb.wandb_agent - INFO - Agent starting run with config:
	activation_penalty: 0
	clip_param: 0.3932060613983662
	critic_lr: 0.0005867585234360791
	dense_production_reward: 0.9970271477593768
	dense_setup_penalty: 1.6440128440934474
	entropy_coef: 0.07707332789778878
	gae_lambda: 0.911194648659622
	gamma: 0.9842410727675862
	hidden_size: 128
	load_balance_penalty: 0
	lr: 1.2114343654606013e-05
	ppo_epoch: 17
2026-05-17 23:00:07,604 - wandb.wandb_agent - INFO - About to run command: /usr/bin/env python3 /Users/nhi/thesis_14th-1/onpolicy/scripts/train_bosch_scripts/run_sweep.py --activation_penalty=0 --clip_param=0.3932060613983662 --critic_lr=0.0005867585234360791 --dense_production_reward=0.9970271477593768 --dense_setup_penalty=1.6440128440934474 --entropy_coef=0.07707332789778878 --gae_lambda=0.911194648659622 --gamma=0.9842410727675862 --hidden_size=128 --load_balance_penalty=0 --lr=1.2114343654606013e-05 --ppo_epoch=17
wandb: [wandb.login()] Loaded credentials for https://api.wandb.ai from /Users/nhi/.netrc.
wandb: Currently logged in as: tntvan-iac (tntvan-iac-instagram) to https://api.wandb.ai. Use `wandb login --relogin` to force relogin
wandb: setting up run i74okrik
wandb: Tracking run with wandb version 0.26.1
wandb: Run data is saved locally in /Users/nhi/thesis_14th-1/onpolicy/scripts/train_bosch_scripts/wandb/run-20260517_230008-i74okrik
wandb: Run `wandb offline` to turn off syncing.
wandb: Syncing run logical-sweep-17
wandb: ⭐️ View project at https://wandb.ai/tntvan-iac-instagram/thesis_14th-1-onpolicy_scripts_train_bosch_scripts
wandb: 🧹 View sweep at https://wandb.ai/tntvan-iac-instagram/thesis_14th-1-onpolicy_scripts_train_bosch_scripts/sweeps/4p28qnnw
wandb: 🚀 View run at https://wandb.ai/tntvan-iac-instagram/thesis_14th-1-onpolicy_scripts_train_bosch_scripts/runs/i74okrik
wandb: WARNING Ignoring project 'BOSCH' when running a sweep.
wandb: WARNING Ignoring entity 'tntvan-iac-instagram' when running a sweep.
wandb: Finishing previous runs because reinit is set to True.
wandb: updating run metadata; uploading console lines 0-0
wandb: updating run metadata
wandb: uploading output.log; uploading wandb-summary.json; uploading config.yaml; uploading wandb-metadata.json; uploading requirements.txt
2026-05-17 23:00:12,614 - wandb.wandb_agent - INFO - Running runs: ['i74okrik']
wandb: 🚀 View run logical-sweep-17 at: https://wandb.ai/tntvan-iac-instagram/thesis_14th-1-onpolicy_scripts_train_bosch_scripts/runs/i74okrik
wandb: ⭐️ View project at: https://wandb.ai/tntvan-iac-instagram/thesis_14th-1-onpolicy_scripts_train_bosch_scripts
wandb: Synced 5 W&B file(s), 0 media file(s), 0 artifact file(s) and 0 other file(s)
wandb: Find logs at: ./wandb/run-20260517_230008-i74okrik/logs
wandb: WARNING Using a boolean value for 'reinit' is deprecated. Use 'return_previous' or 'finish_previous' instead.
wandb: Tracking run with wandb version 0.26.1
wandb: Run data is saved locally in results/BOSCH/rmappo/sweep_5_2_4/wandb/run-20260517_230011-i74okrik
wandb: Run `wandb offline` to turn off syncing.
wandb: Syncing run rmappo_sweep_5_2_4_seed1
wandb: ⭐️ View project at https://wandb.ai/tntvan-iac-instagram/thesis_14th-1-onpolicy_scripts_train_bosch_scripts
wandb: 🧹 View sweep at https://wandb.ai/tntvan-iac-instagram/thesis_14th-1-onpolicy_scripts_train_bosch_scripts/sweeps/4p28qnnw
wandb: 🚀 View run at https://wandb.ai/tntvan-iac-instagram/thesis_14th-1-onpolicy_scripts_train_bosch_scripts/runs/i74okrik
BOSCH: using multiprocessing start_method='fork' on macOS.
share_observation_space:  [Box(-inf, inf, (312,), float32), Box(-inf, inf, (312,), float32), Box(-inf, inf, (312,), float32)]
observation_space:  [Box(-inf, inf, (104,), float32), Box(-inf, inf, (104,), float32), Box(-inf, inf, (104,), float32)]
action_space:  [MultiDiscrete10, Discrete(7), Discrete(7)]
Using shared machine policy: agent 0 separate; agents 1..2 share.

 Scenario BOSCH Algo rmappo Exp sweep_5_2_4 updates 0/347 episodes, total num timesteps 288/100000, FPS 189.


[EVAL] BOSCH MARL Inference Solving Time for 36 periods: 0.3657 seconds
eval average episode rewards of agent0: -6.9767585
eval average episode rewards of agent1: -0.52175504
eval average episode rewards of agent2: -0.69614977
eval average episode costs: Backlog: 4340.00, Inventory: 0.00, Maintenance: 653.77, Production: 1816.62, Setup: 166.37, TOTAL: 6976.76

 Scenario BOSCH Algo rmappo Exp sweep_5_2_4 updates 5/347 episodes, total num timesteps 1728/100000, FPS 159.


 Scenario BOSCH Algo rmappo Exp sweep_5_2_4 updates 10/347 episodes, total num timesteps 3168/100000, FPS 159.


 Scenario BOSCH Algo rmappo Exp sweep_5_2_4 updates 15/347 episodes, total num timesteps 4608/100000, FPS 157.


 Scenario BOSCH Algo rmappo Exp sweep_5_2_4 updates 20/347 episodes, total num timesteps 6048/100000, FPS 156.


 Scenario BOSCH Algo rmappo Exp sweep_5_2_4 updates 25/347 episodes, total num timesteps 7488/100000, FPS 154.


 Scenario BOSCH Algo rmappo Exp sweep_5_2_4 updates 30/347 episodes, total num timesteps 8928/100000, FPS 150.


 Scenario BOSCH Algo rmappo Exp sweep_5_2_4 updates 35/347 episodes, total num timesteps 10368/100000, FPS 148.


 Scenario BOSCH Algo rmappo Exp sweep_5_2_4 updates 40/347 episodes, total num timesteps 11808/100000, FPS 146.


 Scenario BOSCH Algo rmappo Exp sweep_5_2_4 updates 45/347 episodes, total num timesteps 13248/100000, FPS 146.


 Scenario BOSCH Algo rmappo Exp sweep_5_2_4 updates 50/347 episodes, total num timesteps 14688/100000, FPS 144.


[EVAL] BOSCH MARL Inference Solving Time for 36 periods: 0.7289 seconds
eval average episode rewards of agent0: -5.0143857
eval average episode rewards of agent1: -0.4893559
eval average episode rewards of agent2: -0.47372216
eval average episode costs: Backlog: 0.00, Inventory: 36.75, Maintenance: 33.77, Production: 4050.72, Setup: 893.15, TOTAL: 5014.39

 Scenario BOSCH Algo rmappo Exp sweep_5_2_4 updates 55/347 episodes, total num timesteps 16128/100000, FPS 143.


 Scenario BOSCH Algo rmappo Exp sweep_5_2_4 updates 60/347 episodes, total num timesteps 17568/100000, FPS 141.


 Scenario BOSCH Algo rmappo Exp sweep_5_2_4 updates 65/347 episodes, total num timesteps 19008/100000, FPS 140.


 Scenario BOSCH Algo rmappo Exp sweep_5_2_4 updates 70/347 episodes, total num timesteps 20448/100000, FPS 140.


 Scenario BOSCH Algo rmappo Exp sweep_5_2_4 updates 75/347 episodes, total num timesteps 21888/100000, FPS 139.


 Scenario BOSCH Algo rmappo Exp sweep_5_2_4 updates 80/347 episodes, total num timesteps 23328/100000, FPS 139.


 Scenario BOSCH Algo rmappo Exp sweep_5_2_4 updates 85/347 episodes, total num timesteps 24768/100000, FPS 138.


 Scenario BOSCH Algo rmappo Exp sweep_5_2_4 updates 90/347 episodes, total num timesteps 26208/100000, FPS 138.


 Scenario BOSCH Algo rmappo Exp sweep_5_2_4 updates 95/347 episodes, total num timesteps 27648/100000, FPS 137.


 Scenario BOSCH Algo rmappo Exp sweep_5_2_4 updates 100/347 episodes, total num timesteps 29088/100000, FPS 137.


[EVAL] BOSCH MARL Inference Solving Time for 36 periods: 0.6841 seconds
eval average episode rewards of agent0: -4.6402617
eval average episode rewards of agent1: -0.56368643
eval average episode rewards of agent2: -0.2840413
eval average episode costs: Backlog: 0.00, Inventory: 31.50, Maintenance: 21.24, Production: 3735.67, Setup: 851.85, TOTAL: 4640.26

 Scenario BOSCH Algo rmappo Exp sweep_5_2_4 updates 105/347 episodes, total num timesteps 30528/100000, FPS 136.


 Scenario BOSCH Algo rmappo Exp sweep_5_2_4 updates 110/347 episodes, total num timesteps 31968/100000, FPS 136.


 Scenario BOSCH Algo rmappo Exp sweep_5_2_4 updates 115/347 episodes, total num timesteps 33408/100000, FPS 135.


 Scenario BOSCH Algo rmappo Exp sweep_5_2_4 updates 120/347 episodes, total num timesteps 34848/100000, FPS 135.


 Scenario BOSCH Algo rmappo Exp sweep_5_2_4 updates 125/347 episodes, total num timesteps 36288/100000, FPS 135.


 Scenario BOSCH Algo rmappo Exp sweep_5_2_4 updates 130/347 episodes, total num timesteps 37728/100000, FPS 134.


 Scenario BOSCH Algo rmappo Exp sweep_5_2_4 updates 135/347 episodes, total num timesteps 39168/100000, FPS 134.


 Scenario BOSCH Algo rmappo Exp sweep_5_2_4 updates 140/347 episodes, total num timesteps 40608/100000, FPS 134.


 Scenario BOSCH Algo rmappo Exp sweep_5_2_4 updates 145/347 episodes, total num timesteps 42048/100000, FPS 134.


 Scenario BOSCH Algo rmappo Exp sweep_5_2_4 updates 150/347 episodes, total num timesteps 43488/100000, FPS 134.


[EVAL] BOSCH MARL Inference Solving Time for 36 periods: 0.6846 seconds
eval average episode rewards of agent0: -4.2713757
eval average episode rewards of agent1: -0.19084147
eval average episode rewards of agent2: -0.58794534
eval average episode costs: Backlog: 0.00, Inventory: 33.25, Maintenance: 28.73, Production: 3482.28, Setup: 727.11, TOTAL: 4271.38

 Scenario BOSCH Algo rmappo Exp sweep_5_2_4 updates 155/347 episodes, total num timesteps 44928/100000, FPS 133.


 Scenario BOSCH Algo rmappo Exp sweep_5_2_4 updates 160/347 episodes, total num timesteps 46368/100000, FPS 133.


 Scenario BOSCH Algo rmappo Exp sweep_5_2_4 updates 165/347 episodes, total num timesteps 47808/100000, FPS 133.


 Scenario BOSCH Algo rmappo Exp sweep_5_2_4 updates 170/347 episodes, total num timesteps 49248/100000, FPS 133.


 Scenario BOSCH Algo rmappo Exp sweep_5_2_4 updates 175/347 episodes, total num timesteps 50688/100000, FPS 133.


 Scenario BOSCH Algo rmappo Exp sweep_5_2_4 updates 180/347 episodes, total num timesteps 52128/100000, FPS 133.


 Scenario BOSCH Algo rmappo Exp sweep_5_2_4 updates 185/347 episodes, total num timesteps 53568/100000, FPS 132.


 Scenario BOSCH Algo rmappo Exp sweep_5_2_4 updates 190/347 episodes, total num timesteps 55008/100000, FPS 132.


 Scenario BOSCH Algo rmappo Exp sweep_5_2_4 updates 195/347 episodes, total num timesteps 56448/100000, FPS 132.


 Scenario BOSCH Algo rmappo Exp sweep_5_2_4 updates 200/347 episodes, total num timesteps 57888/100000, FPS 132.


[EVAL] BOSCH MARL Inference Solving Time for 36 periods: 0.8024 seconds
eval average episode rewards of agent0: -5.209875
eval average episode rewards of agent1: -0.52208656
eval average episode rewards of agent2: -0.293952
eval average episode costs: Backlog: 0.00, Inventory: 14.00, Maintenance: 29.92, Production: 4276.26, Setup: 889.70, TOTAL: 5209.88

 Scenario BOSCH Algo rmappo Exp sweep_5_2_4 updates 205/347 episodes, total num timesteps 59328/100000, FPS 131.


 Scenario BOSCH Algo rmappo Exp sweep_5_2_4 updates 210/347 episodes, total num timesteps 60768/100000, FPS 131.


 Scenario BOSCH Algo rmappo Exp sweep_5_2_4 updates 215/347 episodes, total num timesteps 62208/100000, FPS 131.


 Scenario BOSCH Algo rmappo Exp sweep_5_2_4 updates 220/347 episodes, total num timesteps 63648/100000, FPS 131.


 Scenario BOSCH Algo rmappo Exp sweep_5_2_4 updates 225/347 episodes, total num timesteps 65088/100000, FPS 131.


 Scenario BOSCH Algo rmappo Exp sweep_5_2_4 updates 230/347 episodes, total num timesteps 66528/100000, FPS 131.


 Scenario BOSCH Algo rmappo Exp sweep_5_2_4 updates 235/347 episodes, total num timesteps 67968/100000, FPS 131.


 Scenario BOSCH Algo rmappo Exp sweep_5_2_4 updates 240/347 episodes, total num timesteps 69408/100000, FPS 131.


 Scenario BOSCH Algo rmappo Exp sweep_5_2_4 updates 245/347 episodes, total num timesteps 70848/100000, FPS 131.


 Scenario BOSCH Algo rmappo Exp sweep_5_2_4 updates 250/347 episodes, total num timesteps 72288/100000, FPS 131.


[EVAL] BOSCH MARL Inference Solving Time for 36 periods: 0.5265 seconds
eval average episode rewards of agent0: -3.6236897
eval average episode rewards of agent1: -0.23997676
eval average episode rewards of agent2: -0.5352646
eval average episode costs: Backlog: 0.00, Inventory: 35.00, Maintenance: 18.47, Production: 2883.08, Setup: 687.14, TOTAL: 3623.69

 Scenario BOSCH Algo rmappo Exp sweep_5_2_4 updates 255/347 episodes, total num timesteps 73728/100000, FPS 130.


 Scenario BOSCH Algo rmappo Exp sweep_5_2_4 updates 260/347 episodes, total num timesteps 75168/100000, FPS 130.


 Scenario BOSCH Algo rmappo Exp sweep_5_2_4 updates 265/347 episodes, total num timesteps 76608/100000, FPS 130.


 Scenario BOSCH Algo rmappo Exp sweep_5_2_4 updates 270/347 episodes, total num timesteps 78048/100000, FPS 130.


 Scenario BOSCH Algo rmappo Exp sweep_5_2_4 updates 275/347 episodes, total num timesteps 79488/100000, FPS 130.


 Scenario BOSCH Algo rmappo Exp sweep_5_2_4 updates 280/347 episodes, total num timesteps 80928/100000, FPS 130.


 Scenario BOSCH Algo rmappo Exp sweep_5_2_4 updates 285/347 episodes, total num timesteps 82368/100000, FPS 130.


 Scenario BOSCH Algo rmappo Exp sweep_5_2_4 updates 290/347 episodes, total num timesteps 83808/100000, FPS 130.


 Scenario BOSCH Algo rmappo Exp sweep_5_2_4 updates 295/347 episodes, total num timesteps 85248/100000, FPS 129.


 Scenario BOSCH Algo rmappo Exp sweep_5_2_4 updates 300/347 episodes, total num timesteps 86688/100000, FPS 129.


[EVAL] BOSCH MARL Inference Solving Time for 36 periods: 0.7389 seconds
eval average episode rewards of agent0: -4.918331
eval average episode rewards of agent1: -0.48310962
eval average episode rewards of agent2: -0.2098118
eval average episode costs: Backlog: 0.00, Inventory: 36.75, Maintenance: 33.94, Production: 4045.32, Setup: 802.32, TOTAL: 4918.33

 Scenario BOSCH Algo rmappo Exp sweep_5_2_4 updates 305/347 episodes, total num timesteps 88128/100000, FPS 129.


 Scenario BOSCH Algo rmappo Exp sweep_5_2_4 updates 310/347 episodes, total num timesteps 89568/100000, FPS 129.


 Scenario BOSCH Algo rmappo Exp sweep_5_2_4 updates 315/347 episodes, total num timesteps 91008/100000, FPS 129.


 Scenario BOSCH Algo rmappo Exp sweep_5_2_4 updates 320/347 episodes, total num timesteps 92448/100000, FPS 129.


 Scenario BOSCH Algo rmappo Exp sweep_5_2_4 updates 325/347 episodes, total num timesteps 93888/100000, FPS 129.


 Scenario BOSCH Algo rmappo Exp sweep_5_2_4 updates 330/347 episodes, total num timesteps 95328/100000, FPS 129.


 Scenario BOSCH Algo rmappo Exp sweep_5_2_4 updates 335/347 episodes, total num timesteps 96768/100000, FPS 129.


 Scenario BOSCH Algo rmappo Exp sweep_5_2_4 updates 340/347 episodes, total num timesteps 98208/100000, FPS 129.


 Scenario BOSCH Algo rmappo Exp sweep_5_2_4 updates 345/347 episodes, total num timesteps 99648/100000, FPS 129.

[1;34mwandb[0m: 
[1;34mwandb[0m: 🚀 View run [33mrmappo_sweep_5_2_4_seed1[0m at: [34mhttps://wandb.ai/tntvan-iac-instagram/thesis_14th-1-onpolicy_scripts_train_bosch_scripts/runs/i74okrik[0m
2026-05-17 23:13:10,860 - wandb.wandb_agent - INFO - Cleaning up finished run: i74okrik
2026-05-17 23:13:12,414 - wandb.wandb_agent - INFO - Agent received command: run
2026-05-17 23:13:12,415 - wandb.wandb_agent - INFO - Agent starting run with config:
	activation_penalty: 0
	clip_param: 0.31111240361962433
	critic_lr: 0.0005388757610847518
	dense_production_reward: 0.9224694269510244
	dense_setup_penalty: 1.4156453701207186
	entropy_coef: 0.008638910701147782
	gae_lambda: 0.9476121392725296
	gamma: 0.9881871241732983
	hidden_size: 256
	load_balance_penalty: 0
	lr: 1.2788058768250823e-05
	ppo_epoch: 15
2026-05-17 23:13:12,422 - wandb.wandb_agent - INFO - About to run command: /usr/bin/env python3 /Users/nhi/thesis_14th-1/onpolicy/scripts/train_bosch_scripts/run_sweep.py --activation_penalty=0 --clip_param=0.31111240361962433 --critic_lr=0.0005388757610847518 --dense_production_reward=0.9224694269510244 --dense_setup_penalty=1.4156453701207186 --entropy_coef=0.008638910701147782 --gae_lambda=0.9476121392725296 --gamma=0.9881871241732983 --hidden_size=256 --load_balance_penalty=0 --lr=1.2788058768250823e-05 --ppo_epoch=15
wandb: [wandb.login()] Loaded credentials for https://api.wandb.ai from /Users/nhi/.netrc.
wandb: Currently logged in as: tntvan-iac (tntvan-iac-instagram) to https://api.wandb.ai. Use `wandb login --relogin` to force relogin
wandb: setting up run c9qk3oyz
wandb: Tracking run with wandb version 0.26.1
wandb: Run data is saved locally in /Users/nhi/thesis_14th-1/onpolicy/scripts/train_bosch_scripts/wandb/run-20260517_231313-c9qk3oyz
wandb: Run `wandb offline` to turn off syncing.
wandb: Syncing run woven-sweep-18
wandb: ⭐️ View project at https://wandb.ai/tntvan-iac-instagram/thesis_14th-1-onpolicy_scripts_train_bosch_scripts
wandb: 🧹 View sweep at https://wandb.ai/tntvan-iac-instagram/thesis_14th-1-onpolicy_scripts_train_bosch_scripts/sweeps/4p28qnnw
wandb: 🚀 View run at https://wandb.ai/tntvan-iac-instagram/thesis_14th-1-onpolicy_scripts_train_bosch_scripts/runs/c9qk3oyz
wandb: WARNING Ignoring project 'BOSCH' when running a sweep.
wandb: WARNING Ignoring entity 'tntvan-iac-instagram' when running a sweep.
wandb: Finishing previous runs because reinit is set to True.
wandb: updating run metadata; uploading console lines 0-0
wandb: updating run metadata
wandb: uploading wandb-metadata.json; uploading requirements.txt; uploading output.log; uploading wandb-summary.json; uploading config.yaml
2026-05-17 23:13:17,434 - wandb.wandb_agent - INFO - Running runs: ['c9qk3oyz']
wandb: uploading wandb-metadata.json; uploading requirements.txt; uploading output.log; uploading wandb-summary.json
wandb: uploading summary, console lines 0-3
wandb: 🚀 View run woven-sweep-18 at: https://wandb.ai/tntvan-iac-instagram/thesis_14th-1-onpolicy_scripts_train_bosch_scripts/runs/c9qk3oyz
wandb: ⭐️ View project at: https://wandb.ai/tntvan-iac-instagram/thesis_14th-1-onpolicy_scripts_train_bosch_scripts
wandb: Synced 5 W&B file(s), 0 media file(s), 0 artifact file(s) and 0 other file(s)
wandb: Find logs at: ./wandb/run-20260517_231313-c9qk3oyz/logs
wandb: WARNING Using a boolean value for 'reinit' is deprecated. Use 'return_previous' or 'finish_previous' instead.
wandb: setting up run c9qk3oyz
wandb: Tracking run with wandb version 0.26.1
wandb: Run data is saved locally in results/BOSCH/rmappo/sweep_5_2_4/wandb/run-20260517_231316-c9qk3oyz
wandb: Run `wandb offline` to turn off syncing.
wandb: Syncing run rmappo_sweep_5_2_4_seed1
wandb: ⭐️ View project at https://wandb.ai/tntvan-iac-instagram/thesis_14th-1-onpolicy_scripts_train_bosch_scripts
wandb: 🧹 View sweep at https://wandb.ai/tntvan-iac-instagram/thesis_14th-1-onpolicy_scripts_train_bosch_scripts/sweeps/4p28qnnw
wandb: 🚀 View run at https://wandb.ai/tntvan-iac-instagram/thesis_14th-1-onpolicy_scripts_train_bosch_scripts/runs/c9qk3oyz
BOSCH: using multiprocessing start_method='fork' on macOS.
share_observation_space:  [Box(-inf, inf, (312,), float32), Box(-inf, inf, (312,), float32), Box(-inf, inf, (312,), float32)]
observation_space:  [Box(-inf, inf, (104,), float32), Box(-inf, inf, (104,), float32), Box(-inf, inf, (104,), float32)]
action_space:  [MultiDiscrete10, Discrete(7), Discrete(7)]
Using shared machine policy: agent 0 separate; agents 1..2 share.

 Scenario BOSCH Algo rmappo Exp sweep_5_2_4 updates 0/347 episodes, total num timesteps 288/100000, FPS 141.


[EVAL] BOSCH MARL Inference Solving Time for 36 periods: 0.5298 seconds
eval average episode rewards of agent0: -8.609976
eval average episode rewards of agent1: -0.4415802
eval average episode rewards of agent2: -0.60289234
eval average episode costs: Backlog: 4733.75, Inventory: 42.00, Maintenance: 39.92, Production: 3157.26, Setup: 637.04, TOTAL: 8609.98

 Scenario BOSCH Algo rmappo Exp sweep_5_2_4 updates 5/347 episodes, total num timesteps 1728/100000, FPS 131.


 Scenario BOSCH Algo rmappo Exp sweep_5_2_4 updates 10/347 episodes, total num timesteps 3168/100000, FPS 135.


 Scenario BOSCH Algo rmappo Exp sweep_5_2_4 updates 15/347 episodes, total num timesteps 4608/100000, FPS 132.


 Scenario BOSCH Algo rmappo Exp sweep_5_2_4 updates 20/347 episodes, total num timesteps 6048/100000, FPS 130.


 Scenario BOSCH Algo rmappo Exp sweep_5_2_4 updates 25/347 episodes, total num timesteps 7488/100000, FPS 128.


 Scenario BOSCH Algo rmappo Exp sweep_5_2_4 updates 30/347 episodes, total num timesteps 8928/100000, FPS 126.


 Scenario BOSCH Algo rmappo Exp sweep_5_2_4 updates 35/347 episodes, total num timesteps 10368/100000, FPS 125.


 Scenario BOSCH Algo rmappo Exp sweep_5_2_4 updates 40/347 episodes, total num timesteps 11808/100000, FPS 125.


 Scenario BOSCH Algo rmappo Exp sweep_5_2_4 updates 45/347 episodes, total num timesteps 13248/100000, FPS 123.


 Scenario BOSCH Algo rmappo Exp sweep_5_2_4 updates 50/347 episodes, total num timesteps 14688/100000, FPS 123.


[EVAL] BOSCH MARL Inference Solving Time for 36 periods: 0.7816 seconds
eval average episode rewards of agent0: -5.0260296
eval average episode rewards of agent1: -0.41666716
eval average episode rewards of agent2: -0.39077672
eval average episode costs: Backlog: 0.00, Inventory: 36.75, Maintenance: 33.77, Production: 4050.72, Setup: 904.79, TOTAL: 5026.03

 Scenario BOSCH Algo rmappo Exp sweep_5_2_4 updates 55/347 episodes, total num timesteps 16128/100000, FPS 121.


 Scenario BOSCH Algo rmappo Exp sweep_5_2_4 updates 60/347 episodes, total num timesteps 17568/100000, FPS 120.


 Scenario BOSCH Algo rmappo Exp sweep_5_2_4 updates 65/347 episodes, total num timesteps 19008/100000, FPS 120.


 Scenario BOSCH Algo rmappo Exp sweep_5_2_4 updates 70/347 episodes, total num timesteps 20448/100000, FPS 119.


 Scenario BOSCH Algo rmappo Exp sweep_5_2_4 updates 75/347 episodes, total num timesteps 21888/100000, FPS 119.


 Scenario BOSCH Algo rmappo Exp sweep_5_2_4 updates 80/347 episodes, total num timesteps 23328/100000, FPS 119.


 Scenario BOSCH Algo rmappo Exp sweep_5_2_4 updates 85/347 episodes, total num timesteps 24768/100000, FPS 119.


 Scenario BOSCH Algo rmappo Exp sweep_5_2_4 updates 90/347 episodes, total num timesteps 26208/100000, FPS 118.


 Scenario BOSCH Algo rmappo Exp sweep_5_2_4 updates 95/347 episodes, total num timesteps 27648/100000, FPS 118.


 Scenario BOSCH Algo rmappo Exp sweep_5_2_4 updates 100/347 episodes, total num timesteps 29088/100000, FPS 118.


[EVAL] BOSCH MARL Inference Solving Time for 36 periods: 0.6850 seconds
eval average episode rewards of agent0: -4.645071
eval average episode rewards of agent1: -0.4605314
eval average episode rewards of agent2: -0.24071595
eval average episode costs: Backlog: 0.00, Inventory: 31.50, Maintenance: 21.11, Production: 3738.42, Setup: 854.04, TOTAL: 4645.07

 Scenario BOSCH Algo rmappo Exp sweep_5_2_4 updates 105/347 episodes, total num timesteps 30528/100000, FPS 117.


 Scenario BOSCH Algo rmappo Exp sweep_5_2_4 updates 110/347 episodes, total num timesteps 31968/100000, FPS 117.


 Scenario BOSCH Algo rmappo Exp sweep_5_2_4 updates 115/347 episodes, total num timesteps 33408/100000, FPS 117.


 Scenario BOSCH Algo rmappo Exp sweep_5_2_4 updates 120/347 episodes, total num timesteps 34848/100000, FPS 117.


 Scenario BOSCH Algo rmappo Exp sweep_5_2_4 updates 125/347 episodes, total num timesteps 36288/100000, FPS 117.


 Scenario BOSCH Algo rmappo Exp sweep_5_2_4 updates 130/347 episodes, total num timesteps 37728/100000, FPS 117.


 Scenario BOSCH Algo rmappo Exp sweep_5_2_4 updates 135/347 episodes, total num timesteps 39168/100000, FPS 116.


 Scenario BOSCH Algo rmappo Exp sweep_5_2_4 updates 140/347 episodes, total num timesteps 40608/100000, FPS 116.


 Scenario BOSCH Algo rmappo Exp sweep_5_2_4 updates 145/347 episodes, total num timesteps 42048/100000, FPS 116.


 Scenario BOSCH Algo rmappo Exp sweep_5_2_4 updates 150/347 episodes, total num timesteps 43488/100000, FPS 116.


[EVAL] BOSCH MARL Inference Solving Time for 36 periods: 0.5749 seconds
eval average episode rewards of agent0: -5.0692687
eval average episode rewards of agent1: -0.1263946
eval average episode rewards of agent2: -0.45970768
eval average episode costs: Backlog: 0.00, Inventory: 33.25, Maintenance: 34.13, Production: 4186.48, Setup: 815.41, TOTAL: 5069.27

 Scenario BOSCH Algo rmappo Exp sweep_5_2_4 updates 155/347 episodes, total num timesteps 44928/100000, FPS 116.


 Scenario BOSCH Algo rmappo Exp sweep_5_2_4 updates 160/347 episodes, total num timesteps 46368/100000, FPS 116.


 Scenario BOSCH Algo rmappo Exp sweep_5_2_4 updates 165/347 episodes, total num timesteps 47808/100000, FPS 116.


 Scenario BOSCH Algo rmappo Exp sweep_5_2_4 updates 170/347 episodes, total num timesteps 49248/100000, FPS 116.


 Scenario BOSCH Algo rmappo Exp sweep_5_2_4 updates 175/347 episodes, total num timesteps 50688/100000, FPS 116.


 Scenario BOSCH Algo rmappo Exp sweep_5_2_4 updates 180/347 episodes, total num timesteps 52128/100000, FPS 116.


 Scenario BOSCH Algo rmappo Exp sweep_5_2_4 updates 185/347 episodes, total num timesteps 53568/100000, FPS 116.


 Scenario BOSCH Algo rmappo Exp sweep_5_2_4 updates 190/347 episodes, total num timesteps 55008/100000, FPS 115.


 Scenario BOSCH Algo rmappo Exp sweep_5_2_4 updates 195/347 episodes, total num timesteps 56448/100000, FPS 115.


 Scenario BOSCH Algo rmappo Exp sweep_5_2_4 updates 200/347 episodes, total num timesteps 57888/100000, FPS 115.


[EVAL] BOSCH MARL Inference Solving Time for 36 periods: 0.8798 seconds
eval average episode rewards of agent0: -5.2452574
eval average episode rewards of agent1: -0.44487256
eval average episode rewards of agent2: -0.2703441
eval average episode costs: Backlog: 0.00, Inventory: 14.00, Maintenance: 30.05, Production: 4273.51, Setup: 927.70, TOTAL: 5245.26

 Scenario BOSCH Algo rmappo Exp sweep_5_2_4 updates 205/347 episodes, total num timesteps 59328/100000, FPS 115.


 Scenario BOSCH Algo rmappo Exp sweep_5_2_4 updates 210/347 episodes, total num timesteps 60768/100000, FPS 115.


 Scenario BOSCH Algo rmappo Exp sweep_5_2_4 updates 215/347 episodes, total num timesteps 62208/100000, FPS 115.


 Scenario BOSCH Algo rmappo Exp sweep_5_2_4 updates 220/347 episodes, total num timesteps 63648/100000, FPS 115.


 Scenario BOSCH Algo rmappo Exp sweep_5_2_4 updates 225/347 episodes, total num timesteps 65088/100000, FPS 115.


 Scenario BOSCH Algo rmappo Exp sweep_5_2_4 updates 230/347 episodes, total num timesteps 66528/100000, FPS 115.


 Scenario BOSCH Algo rmappo Exp sweep_5_2_4 updates 235/347 episodes, total num timesteps 67968/100000, FPS 115.


 Scenario BOSCH Algo rmappo Exp sweep_5_2_4 updates 240/347 episodes, total num timesteps 69408/100000, FPS 114.


 Scenario BOSCH Algo rmappo Exp sweep_5_2_4 updates 245/347 episodes, total num timesteps 70848/100000, FPS 114.


 Scenario BOSCH Algo rmappo Exp sweep_5_2_4 updates 250/347 episodes, total num timesteps 72288/100000, FPS 114.


[EVAL] BOSCH MARL Inference Solving Time for 36 periods: 0.6644 seconds
eval average episode rewards of agent0: -3.6158454
eval average episode rewards of agent1: -0.15143777
eval average episode rewards of agent2: -0.5170247
eval average episode costs: Backlog: 0.00, Inventory: 35.00, Maintenance: 18.24, Production: 2881.50, Setup: 681.11, TOTAL: 3615.85

 Scenario BOSCH Algo rmappo Exp sweep_5_2_4 updates 255/347 episodes, total num timesteps 73728/100000, FPS 114.


 Scenario BOSCH Algo rmappo Exp sweep_5_2_4 updates 260/347 episodes, total num timesteps 75168/100000, FPS 114.


 Scenario BOSCH Algo rmappo Exp sweep_5_2_4 updates 265/347 episodes, total num timesteps 76608/100000, FPS 114.


 Scenario BOSCH Algo rmappo Exp sweep_5_2_4 updates 270/347 episodes, total num timesteps 78048/100000, FPS 114.


 Scenario BOSCH Algo rmappo Exp sweep_5_2_4 updates 275/347 episodes, total num timesteps 79488/100000, FPS 114.


 Scenario BOSCH Algo rmappo Exp sweep_5_2_4 updates 280/347 episodes, total num timesteps 80928/100000, FPS 114.


 Scenario BOSCH Algo rmappo Exp sweep_5_2_4 updates 285/347 episodes, total num timesteps 82368/100000, FPS 114.


 Scenario BOSCH Algo rmappo Exp sweep_5_2_4 updates 290/347 episodes, total num timesteps 83808/100000, FPS 114.


 Scenario BOSCH Algo rmappo Exp sweep_5_2_4 updates 295/347 episodes, total num timesteps 85248/100000, FPS 114.


 Scenario BOSCH Algo rmappo Exp sweep_5_2_4 updates 300/347 episodes, total num timesteps 86688/100000, FPS 114.


[EVAL] BOSCH MARL Inference Solving Time for 36 periods: 0.7293 seconds
eval average episode rewards of agent0: -5.019338
eval average episode rewards of agent1: -0.40438405
eval average episode rewards of agent2: -0.39077672
eval average episode costs: Backlog: 0.00, Inventory: 36.75, Maintenance: 33.77, Production: 4050.72, Setup: 898.10, TOTAL: 5019.34

 Scenario BOSCH Algo rmappo Exp sweep_5_2_4 updates 305/347 episodes, total num timesteps 88128/100000, FPS 114.


 Scenario BOSCH Algo rmappo Exp sweep_5_2_4 updates 310/347 episodes, total num timesteps 89568/100000, FPS 114.


 Scenario BOSCH Algo rmappo Exp sweep_5_2_4 updates 315/347 episodes, total num timesteps 91008/100000, FPS 113.


 Scenario BOSCH Algo rmappo Exp sweep_5_2_4 updates 320/347 episodes, total num timesteps 92448/100000, FPS 113.


 Scenario BOSCH Algo rmappo Exp sweep_5_2_4 updates 325/347 episodes, total num timesteps 93888/100000, FPS 113.


 Scenario BOSCH Algo rmappo Exp sweep_5_2_4 updates 330/347 episodes, total num timesteps 95328/100000, FPS 113.


 Scenario BOSCH Algo rmappo Exp sweep_5_2_4 updates 335/347 episodes, total num timesteps 96768/100000, FPS 113.


 Scenario BOSCH Algo rmappo Exp sweep_5_2_4 updates 340/347 episodes, total num timesteps 98208/100000, FPS 112.


 Scenario BOSCH Algo rmappo Exp sweep_5_2_4 updates 345/347 episodes, total num timesteps 99648/100000, FPS 112.

[1;34mwandb[0m: 
[1;34mwandb[0m: 🚀 View run [33mrmappo_sweep_5_2_4_seed1[0m at: [34mhttps://wandb.ai/tntvan-iac-instagram/thesis_14th-1-onpolicy_scripts_train_bosch_scripts/runs/c9qk3oyz[0m
2026-05-17 23:28:13,507 - wandb.wandb_agent - INFO - Cleaning up finished run: c9qk3oyz
2026-05-17 23:28:14,580 - wandb.wandb_agent - INFO - Agent received command: run
2026-05-17 23:28:14,580 - wandb.wandb_agent - INFO - Agent starting run with config:
	activation_penalty: 0
	clip_param: 0.3940168279888131
	critic_lr: 3.888046354608235e-05
	dense_production_reward: 0.6073695584646004
	dense_setup_penalty: 0.895977844142785
	entropy_coef: 0.09721702520954484
	gae_lambda: 0.9221890626173812
	gamma: 0.985096768290436
	hidden_size: 256
	load_balance_penalty: 0
	lr: 9.718958809827056e-05
	ppo_epoch: 19
2026-05-17 23:28:14,585 - wandb.wandb_agent - INFO - About to run command: /usr/bin/env python3 /Users/nhi/thesis_14th-1/onpolicy/scripts/train_bosch_scripts/run_sweep.py --activation_penalty=0 --clip_param=0.3940168279888131 --critic_lr=3.888046354608235e-05 --dense_production_reward=0.6073695584646004 --dense_setup_penalty=0.895977844142785 --entropy_coef=0.09721702520954484 --gae_lambda=0.9221890626173812 --gamma=0.985096768290436 --hidden_size=256 --load_balance_penalty=0 --lr=9.718958809827056e-05 --ppo_epoch=19
wandb: [wandb.login()] Loaded credentials for https://api.wandb.ai from /Users/nhi/.netrc.
wandb: Currently logged in as: tntvan-iac (tntvan-iac-instagram) to https://api.wandb.ai. Use `wandb login --relogin` to force relogin
wandb: Tracking run with wandb version 0.26.1
wandb: Run data is saved locally in /Users/nhi/thesis_14th-1/onpolicy/scripts/train_bosch_scripts/wandb/run-20260517_232815-fvd1j98a
wandb: Run `wandb offline` to turn off syncing.
wandb: Syncing run neat-sweep-19
wandb: ⭐️ View project at https://wandb.ai/tntvan-iac-instagram/thesis_14th-1-onpolicy_scripts_train_bosch_scripts
wandb: 🧹 View sweep at https://wandb.ai/tntvan-iac-instagram/thesis_14th-1-onpolicy_scripts_train_bosch_scripts/sweeps/4p28qnnw
wandb: 🚀 View run at https://wandb.ai/tntvan-iac-instagram/thesis_14th-1-onpolicy_scripts_train_bosch_scripts/runs/fvd1j98a
wandb: WARNING Ignoring project 'BOSCH' when running a sweep.
wandb: WARNING Ignoring entity 'tntvan-iac-instagram' when running a sweep.
wandb: Finishing previous runs because reinit is set to True.
wandb: updating run metadata; uploading console lines 0-0
wandb: uploading requirements.txt; uploading output.log; uploading wandb-summary.json; uploading config.yaml; uploading wandb-metadata.json
2026-05-17 23:28:19,594 - wandb.wandb_agent - INFO - Running runs: ['fvd1j98a']
wandb: uploading config.yaml; uploading wandb-metadata.json
wandb: uploading summary, console lines 0-3
wandb: 🚀 View run neat-sweep-19 at: https://wandb.ai/tntvan-iac-instagram/thesis_14th-1-onpolicy_scripts_train_bosch_scripts/runs/fvd1j98a
wandb: ⭐️ View project at: https://wandb.ai/tntvan-iac-instagram/thesis_14th-1-onpolicy_scripts_train_bosch_scripts
wandb: Synced 5 W&B file(s), 0 media file(s), 0 artifact file(s) and 0 other file(s)
wandb: Find logs at: ./wandb/run-20260517_232815-fvd1j98a/logs
wandb: WARNING Using a boolean value for 'reinit' is deprecated. Use 'return_previous' or 'finish_previous' instead.
wandb: setting up run fvd1j98a
wandb: Tracking run with wandb version 0.26.1
wandb: Run data is saved locally in results/BOSCH/rmappo/sweep_5_2_4/wandb/run-20260517_232818-fvd1j98a
wandb: Run `wandb offline` to turn off syncing.
wandb: Syncing run rmappo_sweep_5_2_4_seed1
wandb: ⭐️ View project at https://wandb.ai/tntvan-iac-instagram/thesis_14th-1-onpolicy_scripts_train_bosch_scripts
wandb: 🧹 View sweep at https://wandb.ai/tntvan-iac-instagram/thesis_14th-1-onpolicy_scripts_train_bosch_scripts/sweeps/4p28qnnw
wandb: 🚀 View run at https://wandb.ai/tntvan-iac-instagram/thesis_14th-1-onpolicy_scripts_train_bosch_scripts/runs/fvd1j98a
BOSCH: using multiprocessing start_method='fork' on macOS.
share_observation_space:  [Box(-inf, inf, (312,), float32), Box(-inf, inf, (312,), float32), Box(-inf, inf, (312,), float32)]
observation_space:  [Box(-inf, inf, (104,), float32), Box(-inf, inf, (104,), float32), Box(-inf, inf, (104,), float32)]
action_space:  [MultiDiscrete10, Discrete(7), Discrete(7)]
Using shared machine policy: agent 0 separate; agents 1..2 share.

 Scenario BOSCH Algo rmappo Exp sweep_5_2_4 updates 0/347 episodes, total num timesteps 288/100000, FPS 116.


[EVAL] BOSCH MARL Inference Solving Time for 36 periods: 0.6560 seconds
eval average episode rewards of agent0: -6.868888
eval average episode rewards of agent1: -0.2720934
eval average episode rewards of agent2: -0.35835534
eval average episode costs: Backlog: 2831.50, Inventory: 42.00, Maintenance: 22.27, Production: 3327.23, Setup: 645.89, TOTAL: 6868.89

 Scenario BOSCH Algo rmappo Exp sweep_5_2_4 updates 5/347 episodes, total num timesteps 1728/100000, FPS 107.


 Scenario BOSCH Algo rmappo Exp sweep_5_2_4 updates 10/347 episodes, total num timesteps 3168/100000, FPS 110.


 Scenario BOSCH Algo rmappo Exp sweep_5_2_4 updates 15/347 episodes, total num timesteps 4608/100000, FPS 110.


 Scenario BOSCH Algo rmappo Exp sweep_5_2_4 updates 20/347 episodes, total num timesteps 6048/100000, FPS 110.


 Scenario BOSCH Algo rmappo Exp sweep_5_2_4 updates 25/347 episodes, total num timesteps 7488/100000, FPS 108.


 Scenario BOSCH Algo rmappo Exp sweep_5_2_4 updates 30/347 episodes, total num timesteps 8928/100000, FPS 106.


 Scenario BOSCH Algo rmappo Exp sweep_5_2_4 updates 35/347 episodes, total num timesteps 10368/100000, FPS 104.


 Scenario BOSCH Algo rmappo Exp sweep_5_2_4 updates 40/347 episodes, total num timesteps 11808/100000, FPS 104.


 Scenario BOSCH Algo rmappo Exp sweep_5_2_4 updates 45/347 episodes, total num timesteps 13248/100000, FPS 104.


 Scenario BOSCH Algo rmappo Exp sweep_5_2_4 updates 50/347 episodes, total num timesteps 14688/100000, FPS 104.


[EVAL] BOSCH MARL Inference Solving Time for 36 periods: 0.7888 seconds
eval average episode rewards of agent0: -4.474283
eval average episode rewards of agent1: -0.28816605
eval average episode rewards of agent2: -0.12516782
eval average episode costs: Backlog: 0.00, Inventory: 44.03, Maintenance: 41.69, Production: 3617.57, Setup: 770.98, TOTAL: 4474.28

 Scenario BOSCH Algo rmappo Exp sweep_5_2_4 updates 55/347 episodes, total num timesteps 16128/100000, FPS 103.


 Scenario BOSCH Algo rmappo Exp sweep_5_2_4 updates 60/347 episodes, total num timesteps 17568/100000, FPS 103.


 Scenario BOSCH Algo rmappo Exp sweep_5_2_4 updates 65/347 episodes, total num timesteps 19008/100000, FPS 103.


 Scenario BOSCH Algo rmappo Exp sweep_5_2_4 updates 70/347 episodes, total num timesteps 20448/100000, FPS 103.


 Scenario BOSCH Algo rmappo Exp sweep_5_2_4 updates 75/347 episodes, total num timesteps 21888/100000, FPS 103.


 Scenario BOSCH Algo rmappo Exp sweep_5_2_4 updates 80/347 episodes, total num timesteps 23328/100000, FPS 102.


 Scenario BOSCH Algo rmappo Exp sweep_5_2_4 updates 85/347 episodes, total num timesteps 24768/100000, FPS 102.


 Scenario BOSCH Algo rmappo Exp sweep_5_2_4 updates 90/347 episodes, total num timesteps 26208/100000, FPS 103.


 Scenario BOSCH Algo rmappo Exp sweep_5_2_4 updates 95/347 episodes, total num timesteps 27648/100000, FPS 103.


 Scenario BOSCH Algo rmappo Exp sweep_5_2_4 updates 100/347 episodes, total num timesteps 29088/100000, FPS 103.


[EVAL] BOSCH MARL Inference Solving Time for 36 periods: 0.6440 seconds
eval average episode rewards of agent0: -4.6524982
eval average episode rewards of agent1: -0.2847469
eval average episode rewards of agent2: -0.1474101
eval average episode costs: Backlog: 0.00, Inventory: 31.50, Maintenance: 20.89, Production: 3754.09, Setup: 846.02, TOTAL: 4652.50

 Scenario BOSCH Algo rmappo Exp sweep_5_2_4 updates 105/347 episodes, total num timesteps 30528/100000, FPS 102.


 Scenario BOSCH Algo rmappo Exp sweep_5_2_4 updates 110/347 episodes, total num timesteps 31968/100000, FPS 102.


 Scenario BOSCH Algo rmappo Exp sweep_5_2_4 updates 115/347 episodes, total num timesteps 33408/100000, FPS 102.


 Scenario BOSCH Algo rmappo Exp sweep_5_2_4 updates 120/347 episodes, total num timesteps 34848/100000, FPS 102.


 Scenario BOSCH Algo rmappo Exp sweep_5_2_4 updates 125/347 episodes, total num timesteps 36288/100000, FPS 102.


 Scenario BOSCH Algo rmappo Exp sweep_5_2_4 updates 130/347 episodes, total num timesteps 37728/100000, FPS 102.


 Scenario BOSCH Algo rmappo Exp sweep_5_2_4 updates 135/347 episodes, total num timesteps 39168/100000, FPS 102.


 Scenario BOSCH Algo rmappo Exp sweep_5_2_4 updates 140/347 episodes, total num timesteps 40608/100000, FPS 102.


 Scenario BOSCH Algo rmappo Exp sweep_5_2_4 updates 145/347 episodes, total num timesteps 42048/100000, FPS 102.


 Scenario BOSCH Algo rmappo Exp sweep_5_2_4 updates 150/347 episodes, total num timesteps 43488/100000, FPS 102.


[EVAL] BOSCH MARL Inference Solving Time for 36 periods: 1.1600 seconds
eval average episode rewards of agent0: -4.2487144
eval average episode rewards of agent1: -0.16578718
eval average episode rewards of agent2: -0.18440181
eval average episode costs: Backlog: 0.00, Inventory: 33.25, Maintenance: 29.97, Production: 3489.78, Setup: 695.71, TOTAL: 4248.71

 Scenario BOSCH Algo rmappo Exp sweep_5_2_4 updates 155/347 episodes, total num timesteps 44928/100000, FPS 101.


 Scenario BOSCH Algo rmappo Exp sweep_5_2_4 updates 160/347 episodes, total num timesteps 46368/100000, FPS 101.


 Scenario BOSCH Algo rmappo Exp sweep_5_2_4 updates 165/347 episodes, total num timesteps 47808/100000, FPS 101.


 Scenario BOSCH Algo rmappo Exp sweep_5_2_4 updates 170/347 episodes, total num timesteps 49248/100000, FPS 101.


 Scenario BOSCH Algo rmappo Exp sweep_5_2_4 updates 175/347 episodes, total num timesteps 50688/100000, FPS 101.


 Scenario BOSCH Algo rmappo Exp sweep_5_2_4 updates 180/347 episodes, total num timesteps 52128/100000, FPS 101.


 Scenario BOSCH Algo rmappo Exp sweep_5_2_4 updates 185/347 episodes, total num timesteps 53568/100000, FPS 101.


 Scenario BOSCH Algo rmappo Exp sweep_5_2_4 updates 190/347 episodes, total num timesteps 55008/100000, FPS 101.


 Scenario BOSCH Algo rmappo Exp sweep_5_2_4 updates 195/347 episodes, total num timesteps 56448/100000, FPS 101.


 Scenario BOSCH Algo rmappo Exp sweep_5_2_4 updates 200/347 episodes, total num timesteps 57888/100000, FPS 101.


[EVAL] BOSCH MARL Inference Solving Time for 36 periods: 0.6717 seconds
eval average episode rewards of agent0: -5.2310066
eval average episode rewards of agent1: -0.6236655
eval average episode rewards of agent2: -0.006916647
eval average episode costs: Backlog: 2128.00, Inventory: 30.34, Maintenance: 191.56, Production: 2391.25, Setup: 489.85, TOTAL: 5231.01

 Scenario BOSCH Algo rmappo Exp sweep_5_2_4 updates 205/347 episodes, total num timesteps 59328/100000, FPS 101.


 Scenario BOSCH Algo rmappo Exp sweep_5_2_4 updates 210/347 episodes, total num timesteps 60768/100000, FPS 101.


 Scenario BOSCH Algo rmappo Exp sweep_5_2_4 updates 215/347 episodes, total num timesteps 62208/100000, FPS 101.


 Scenario BOSCH Algo rmappo Exp sweep_5_2_4 updates 220/347 episodes, total num timesteps 63648/100000, FPS 100.


 Scenario BOSCH Algo rmappo Exp sweep_5_2_4 updates 225/347 episodes, total num timesteps 65088/100000, FPS 100.


 Scenario BOSCH Algo rmappo Exp sweep_5_2_4 updates 230/347 episodes, total num timesteps 66528/100000, FPS 100.


 Scenario BOSCH Algo rmappo Exp sweep_5_2_4 updates 235/347 episodes, total num timesteps 67968/100000, FPS 100.


 Scenario BOSCH Algo rmappo Exp sweep_5_2_4 updates 240/347 episodes, total num timesteps 69408/100000, FPS 100.


 Scenario BOSCH Algo rmappo Exp sweep_5_2_4 updates 245/347 episodes, total num timesteps 70848/100000, FPS 100.


 Scenario BOSCH Algo rmappo Exp sweep_5_2_4 updates 250/347 episodes, total num timesteps 72288/100000, FPS 100.


[EVAL] BOSCH MARL Inference Solving Time for 36 periods: 0.6385 seconds
eval average episode rewards of agent0: -3.6765246
eval average episode rewards of agent1: -0.35252994
eval average episode rewards of agent2: -0.07773188
eval average episode costs: Backlog: 0.00, Inventory: 35.00, Maintenance: 18.57, Production: 2924.66, Setup: 698.30, TOTAL: 3676.52

 Scenario BOSCH Algo rmappo Exp sweep_5_2_4 updates 255/347 episodes, total num timesteps 73728/100000, FPS 100.


 Scenario BOSCH Algo rmappo Exp sweep_5_2_4 updates 260/347 episodes, total num timesteps 75168/100000, FPS 100.


 Scenario BOSCH Algo rmappo Exp sweep_5_2_4 updates 265/347 episodes, total num timesteps 76608/100000, FPS 100.


 Scenario BOSCH Algo rmappo Exp sweep_5_2_4 updates 270/347 episodes, total num timesteps 78048/100000, FPS 100.


 Scenario BOSCH Algo rmappo Exp sweep_5_2_4 updates 275/347 episodes, total num timesteps 79488/100000, FPS 100.


 Scenario BOSCH Algo rmappo Exp sweep_5_2_4 updates 280/347 episodes, total num timesteps 80928/100000, FPS 100.


 Scenario BOSCH Algo rmappo Exp sweep_5_2_4 updates 285/347 episodes, total num timesteps 82368/100000, FPS 100.


 Scenario BOSCH Algo rmappo Exp sweep_5_2_4 updates 290/347 episodes, total num timesteps 83808/100000, FPS 100.


 Scenario BOSCH Algo rmappo Exp sweep_5_2_4 updates 295/347 episodes, total num timesteps 85248/100000, FPS 100.


 Scenario BOSCH Algo rmappo Exp sweep_5_2_4 updates 300/347 episodes, total num timesteps 86688/100000, FPS 100.


[EVAL] BOSCH MARL Inference Solving Time for 36 periods: 0.7225 seconds
eval average episode rewards of agent0: -4.466716
eval average episode rewards of agent1: -0.30196488
eval average episode rewards of agent2: -0.049989644
eval average episode costs: Backlog: 0.00, Inventory: 53.67, Maintenance: 28.81, Production: 3630.93, Setup: 753.31, TOTAL: 4466.72

 Scenario BOSCH Algo rmappo Exp sweep_5_2_4 updates 305/347 episodes, total num timesteps 88128/100000, FPS 100.


 Scenario BOSCH Algo rmappo Exp sweep_5_2_4 updates 310/347 episodes, total num timesteps 89568/100000, FPS 100.


 Scenario BOSCH Algo rmappo Exp sweep_5_2_4 updates 315/347 episodes, total num timesteps 91008/100000, FPS 100.


 Scenario BOSCH Algo rmappo Exp sweep_5_2_4 updates 320/347 episodes, total num timesteps 92448/100000, FPS 100.


 Scenario BOSCH Algo rmappo Exp sweep_5_2_4 updates 325/347 episodes, total num timesteps 93888/100000, FPS 100.


 Scenario BOSCH Algo rmappo Exp sweep_5_2_4 updates 330/347 episodes, total num timesteps 95328/100000, FPS 100.


 Scenario BOSCH Algo rmappo Exp sweep_5_2_4 updates 335/347 episodes, total num timesteps 96768/100000, FPS 100.


 Scenario BOSCH Algo rmappo Exp sweep_5_2_4 updates 340/347 episodes, total num timesteps 98208/100000, FPS 101.


 Scenario BOSCH Algo rmappo Exp sweep_5_2_4 updates 345/347 episodes, total num timesteps 99648/100000, FPS 101.

[1;34mwandb[0m: 
[1;34mwandb[0m: 🚀 View run [33mrmappo_sweep_5_2_4_seed1[0m at: [34mhttps://wandb.ai/tntvan-iac-instagram/thesis_14th-1-onpolicy_scripts_train_bosch_scripts/runs/fvd1j98a[0m
2026-05-17 23:44:57,945 - wandb.wandb_agent - INFO - Cleaning up finished run: fvd1j98a
2026-05-17 23:44:59,009 - wandb.wandb_agent - INFO - Agent received command: run
2026-05-17 23:44:59,009 - wandb.wandb_agent - INFO - Agent starting run with config:
	activation_penalty: 100
	clip_param: 0.34909991540994967
	critic_lr: 0.0005711747223339624
	dense_production_reward: 0.6000761929468894
	dense_setup_penalty: 1.1049589080432278
	entropy_coef: 0.005021204296334304
	gae_lambda: 0.9483627501567616
	gamma: 0.9906881862577452
	hidden_size: 256
	load_balance_penalty: 10
	lr: 2.8690937088253713e-05
	ppo_epoch: 20
2026-05-17 23:44:59,017 - wandb.wandb_agent - INFO - About to run command: /usr/bin/env python3 /Users/nhi/thesis_14th-1/onpolicy/scripts/train_bosch_scripts/run_sweep.py --activation_penalty=100 --clip_param=0.34909991540994967 --critic_lr=0.0005711747223339624 --dense_production_reward=0.6000761929468894 --dense_setup_penalty=1.1049589080432278 --entropy_coef=0.005021204296334304 --gae_lambda=0.9483627501567616 --gamma=0.9906881862577452 --hidden_size=256 --load_balance_penalty=10 --lr=2.8690937088253713e-05 --ppo_epoch=20
wandb: [wandb.login()] Loaded credentials for https://api.wandb.ai from /Users/nhi/.netrc.
wandb: Currently logged in as: tntvan-iac (tntvan-iac-instagram) to https://api.wandb.ai. Use `wandb login --relogin` to force relogin
wandb: setting up run 86sjaat0
wandb: Tracking run with wandb version 0.26.1
wandb: Run data is saved locally in /Users/nhi/thesis_14th-1/onpolicy/scripts/train_bosch_scripts/wandb/run-20260517_234500-86sjaat0
wandb: Run `wandb offline` to turn off syncing.
wandb: Syncing run young-sweep-20
wandb: ⭐️ View project at https://wandb.ai/tntvan-iac-instagram/thesis_14th-1-onpolicy_scripts_train_bosch_scripts
wandb: 🧹 View sweep at https://wandb.ai/tntvan-iac-instagram/thesis_14th-1-onpolicy_scripts_train_bosch_scripts/sweeps/4p28qnnw
wandb: 🚀 View run at https://wandb.ai/tntvan-iac-instagram/thesis_14th-1-onpolicy_scripts_train_bosch_scripts/runs/86sjaat0
wandb: WARNING Ignoring project 'BOSCH' when running a sweep.
wandb: WARNING Ignoring entity 'tntvan-iac-instagram' when running a sweep.
wandb: Finishing previous runs because reinit is set to True.
wandb: updating run metadata; uploading console lines 0-0
2026-05-17 23:45:04,027 - wandb.wandb_agent - INFO - Running runs: ['86sjaat0']
wandb: uploading wandb-metadata.json; uploading requirements.txt; uploading output.log; uploading wandb-summary.json; uploading config.yaml
wandb: uploading summary, console lines 1-3
wandb: 🚀 View run young-sweep-20 at: https://wandb.ai/tntvan-iac-instagram/thesis_14th-1-onpolicy_scripts_train_bosch_scripts/runs/86sjaat0
wandb: ⭐️ View project at: https://wandb.ai/tntvan-iac-instagram/thesis_14th-1-onpolicy_scripts_train_bosch_scripts
wandb: Synced 5 W&B file(s), 0 media file(s), 0 artifact file(s) and 0 other file(s)
wandb: Find logs at: ./wandb/run-20260517_234500-86sjaat0/logs
wandb: WARNING Using a boolean value for 'reinit' is deprecated. Use 'return_previous' or 'finish_previous' instead.
wandb: Tracking run with wandb version 0.26.1
wandb: Run data is saved locally in results/BOSCH/rmappo/sweep_5_2_4/wandb/run-20260517_234503-86sjaat0
wandb: Run `wandb offline` to turn off syncing.
wandb: Syncing run rmappo_sweep_5_2_4_seed1
wandb: ⭐️ View project at https://wandb.ai/tntvan-iac-instagram/thesis_14th-1-onpolicy_scripts_train_bosch_scripts
wandb: 🧹 View sweep at https://wandb.ai/tntvan-iac-instagram/thesis_14th-1-onpolicy_scripts_train_bosch_scripts/sweeps/4p28qnnw
wandb: 🚀 View run at https://wandb.ai/tntvan-iac-instagram/thesis_14th-1-onpolicy_scripts_train_bosch_scripts/runs/86sjaat0
BOSCH: using multiprocessing start_method='fork' on macOS.
share_observation_space:  [Box(-inf, inf, (312,), float32), Box(-inf, inf, (312,), float32), Box(-inf, inf, (312,), float32)]
observation_space:  [Box(-inf, inf, (104,), float32), Box(-inf, inf, (104,), float32), Box(-inf, inf, (104,), float32)]
action_space:  [MultiDiscrete10, Discrete(7), Discrete(7)]
Using shared machine policy: agent 0 separate; agents 1..2 share.

 Scenario BOSCH Algo rmappo Exp sweep_5_2_4 updates 0/347 episodes, total num timesteps 288/100000, FPS 110.


[EVAL] BOSCH MARL Inference Solving Time for 36 periods: 0.6631 seconds
eval average episode rewards of agent0: -16.962542
eval average episode rewards of agent1: -0.6682062
eval average episode rewards of agent2: -0.6962339
eval average episode costs: Backlog: 8582.00, Inventory: 26.25, Maintenance: 23.97, Production: 3523.02, Setup: 677.66, TOTAL: 12832.91

 Scenario BOSCH Algo rmappo Exp sweep_5_2_4 updates 5/347 episodes, total num timesteps 1728/100000, FPS 99.


 Scenario BOSCH Algo rmappo Exp sweep_5_2_4 updates 10/347 episodes, total num timesteps 3168/100000, FPS 101.


 Scenario BOSCH Algo rmappo Exp sweep_5_2_4 updates 15/347 episodes, total num timesteps 4608/100000, FPS 98.


 Scenario BOSCH Algo rmappo Exp sweep_5_2_4 updates 20/347 episodes, total num timesteps 6048/100000, FPS 97.


 Scenario BOSCH Algo rmappo Exp sweep_5_2_4 updates 25/347 episodes, total num timesteps 7488/100000, FPS 96.


 Scenario BOSCH Algo rmappo Exp sweep_5_2_4 updates 30/347 episodes, total num timesteps 8928/100000, FPS 95.


 Scenario BOSCH Algo rmappo Exp sweep_5_2_4 updates 35/347 episodes, total num timesteps 10368/100000, FPS 95.


 Scenario BOSCH Algo rmappo Exp sweep_5_2_4 updates 40/347 episodes, total num timesteps 11808/100000, FPS 94.


 Scenario BOSCH Algo rmappo Exp sweep_5_2_4 updates 45/347 episodes, total num timesteps 13248/100000, FPS 94.


 Scenario BOSCH Algo rmappo Exp sweep_5_2_4 updates 50/347 episodes, total num timesteps 14688/100000, FPS 94.


[EVAL] BOSCH MARL Inference Solving Time for 36 periods: 1.3359 seconds
eval average episode rewards of agent0: -9.495996
eval average episode rewards of agent1: -0.403109
eval average episode rewards of agent2: -0.022383157
eval average episode costs: Backlog: 0.00, Inventory: 14.00, Maintenance: 25.42, Production: 3458.09, Setup: 657.67, TOTAL: 4155.18

 Scenario BOSCH Algo rmappo Exp sweep_5_2_4 updates 55/347 episodes, total num timesteps 16128/100000, FPS 93.


 Scenario BOSCH Algo rmappo Exp sweep_5_2_4 updates 60/347 episodes, total num timesteps 17568/100000, FPS 93.


 Scenario BOSCH Algo rmappo Exp sweep_5_2_4 updates 65/347 episodes, total num timesteps 19008/100000, FPS 92.


 Scenario BOSCH Algo rmappo Exp sweep_5_2_4 updates 70/347 episodes, total num timesteps 20448/100000, FPS 92.


 Scenario BOSCH Algo rmappo Exp sweep_5_2_4 updates 75/347 episodes, total num timesteps 21888/100000, FPS 92.


 Scenario BOSCH Algo rmappo Exp sweep_5_2_4 updates 80/347 episodes, total num timesteps 23328/100000, FPS 92.


 Scenario BOSCH Algo rmappo Exp sweep_5_2_4 updates 85/347 episodes, total num timesteps 24768/100000, FPS 92.


 Scenario BOSCH Algo rmappo Exp sweep_5_2_4 updates 90/347 episodes, total num timesteps 26208/100000, FPS 93.


 Scenario BOSCH Algo rmappo Exp sweep_5_2_4 updates 95/347 episodes, total num timesteps 27648/100000, FPS 93.


 Scenario BOSCH Algo rmappo Exp sweep_5_2_4 updates 100/347 episodes, total num timesteps 29088/100000, FPS 93.


[EVAL] BOSCH MARL Inference Solving Time for 36 periods: 0.6381 seconds
eval average episode rewards of agent0: -9.389095
eval average episode rewards of agent1: -0.18449266
eval average episode rewards of agent2: -0.41830364
eval average episode costs: Backlog: 0.00, Inventory: 42.00, Maintenance: 26.12, Production: 3857.98, Setup: 825.73, TOTAL: 4751.83

 Scenario BOSCH Algo rmappo Exp sweep_5_2_4 updates 105/347 episodes, total num timesteps 30528/100000, FPS 93.


 Scenario BOSCH Algo rmappo Exp sweep_5_2_4 updates 110/347 episodes, total num timesteps 31968/100000, FPS 93.


 Scenario BOSCH Algo rmappo Exp sweep_5_2_4 updates 115/347 episodes, total num timesteps 33408/100000, FPS 93.


 Scenario BOSCH Algo rmappo Exp sweep_5_2_4 updates 120/347 episodes, total num timesteps 34848/100000, FPS 93.


 Scenario BOSCH Algo rmappo Exp sweep_5_2_4 updates 125/347 episodes, total num timesteps 36288/100000, FPS 93.


 Scenario BOSCH Algo rmappo Exp sweep_5_2_4 updates 130/347 episodes, total num timesteps 37728/100000, FPS 93.


 Scenario BOSCH Algo rmappo Exp sweep_5_2_4 updates 135/347 episodes, total num timesteps 39168/100000, FPS 93.


 Scenario BOSCH Algo rmappo Exp sweep_5_2_4 updates 140/347 episodes, total num timesteps 40608/100000, FPS 93.


 Scenario BOSCH Algo rmappo Exp sweep_5_2_4 updates 145/347 episodes, total num timesteps 42048/100000, FPS 93.


 Scenario BOSCH Algo rmappo Exp sweep_5_2_4 updates 150/347 episodes, total num timesteps 43488/100000, FPS 93.


[EVAL] BOSCH MARL Inference Solving Time for 36 periods: 0.7726 seconds
eval average episode rewards of agent0: -9.809211
eval average episode rewards of agent1: -0.26189885
eval average episode rewards of agent2: -0.3119308
eval average episode costs: Backlog: 0.00, Inventory: 36.75, Maintenance: 33.73, Production: 4095.80, Setup: 848.10, TOTAL: 5014.38

 Scenario BOSCH Algo rmappo Exp sweep_5_2_4 updates 155/347 episodes, total num timesteps 44928/100000, FPS 93.


 Scenario BOSCH Algo rmappo Exp sweep_5_2_4 updates 160/347 episodes, total num timesteps 46368/100000, FPS 92.


 Scenario BOSCH Algo rmappo Exp sweep_5_2_4 updates 165/347 episodes, total num timesteps 47808/100000, FPS 92.


 Scenario BOSCH Algo rmappo Exp sweep_5_2_4 updates 170/347 episodes, total num timesteps 49248/100000, FPS 92.


 Scenario BOSCH Algo rmappo Exp sweep_5_2_4 updates 175/347 episodes, total num timesteps 50688/100000, FPS 92.


 Scenario BOSCH Algo rmappo Exp sweep_5_2_4 updates 180/347 episodes, total num timesteps 52128/100000, FPS 92.


 Scenario BOSCH Algo rmappo Exp sweep_5_2_4 updates 185/347 episodes, total num timesteps 53568/100000, FPS 92.


 Scenario BOSCH Algo rmappo Exp sweep_5_2_4 updates 190/347 episodes, total num timesteps 55008/100000, FPS 91.


 Scenario BOSCH Algo rmappo Exp sweep_5_2_4 updates 195/347 episodes, total num timesteps 56448/100000, FPS 91.


 Scenario BOSCH Algo rmappo Exp sweep_5_2_4 updates 200/347 episodes, total num timesteps 57888/100000, FPS 91.


[EVAL] BOSCH MARL Inference Solving Time for 36 periods: 0.8940 seconds
eval average episode rewards of agent0: -9.190058
eval average episode rewards of agent1: -0.35898152
eval average episode rewards of agent2: -0.36417475
eval average episode costs: Backlog: 0.00, Inventory: 31.50, Maintenance: 21.61, Production: 3755.40, Setup: 914.59, TOTAL: 4723.10

 Scenario BOSCH Algo rmappo Exp sweep_5_2_4 updates 205/347 episodes, total num timesteps 59328/100000, FPS 91.


 Scenario BOSCH Algo rmappo Exp sweep_5_2_4 updates 210/347 episodes, total num timesteps 60768/100000, FPS 91.


 Scenario BOSCH Algo rmappo Exp sweep_5_2_4 updates 215/347 episodes, total num timesteps 62208/100000, FPS 90.


 Scenario BOSCH Algo rmappo Exp sweep_5_2_4 updates 220/347 episodes, total num timesteps 63648/100000, FPS 90.


 Scenario BOSCH Algo rmappo Exp sweep_5_2_4 updates 225/347 episodes, total num timesteps 65088/100000, FPS 90.


 Scenario BOSCH Algo rmappo Exp sweep_5_2_4 updates 230/347 episodes, total num timesteps 66528/100000, FPS 90.


 Scenario BOSCH Algo rmappo Exp sweep_5_2_4 updates 235/347 episodes, total num timesteps 67968/100000, FPS 90.


 Scenario BOSCH Algo rmappo Exp sweep_5_2_4 updates 240/347 episodes, total num timesteps 69408/100000, FPS 90.


 Scenario BOSCH Algo rmappo Exp sweep_5_2_4 updates 245/347 episodes, total num timesteps 70848/100000, FPS 90.


 Scenario BOSCH Algo rmappo Exp sweep_5_2_4 updates 250/347 episodes, total num timesteps 72288/100000, FPS 90.


[EVAL] BOSCH MARL Inference Solving Time for 36 periods: 0.9888 seconds
eval average episode rewards of agent0: -9.862569
eval average episode rewards of agent1: -0.15451278
eval average episode rewards of agent2: -0.42801547
eval average episode costs: Backlog: 0.00, Inventory: 33.25, Maintenance: 34.48, Production: 4212.71, Setup: 847.11, TOTAL: 5127.56

 Scenario BOSCH Algo rmappo Exp sweep_5_2_4 updates 255/347 episodes, total num timesteps 73728/100000, FPS 89.


 Scenario BOSCH Algo rmappo Exp sweep_5_2_4 updates 260/347 episodes, total num timesteps 75168/100000, FPS 89.


 Scenario BOSCH Algo rmappo Exp sweep_5_2_4 updates 265/347 episodes, total num timesteps 76608/100000, FPS 89.


 Scenario BOSCH Algo rmappo Exp sweep_5_2_4 updates 270/347 episodes, total num timesteps 78048/100000, FPS 89.


 Scenario BOSCH Algo rmappo Exp sweep_5_2_4 updates 275/347 episodes, total num timesteps 79488/100000, FPS 89.


 Scenario BOSCH Algo rmappo Exp sweep_5_2_4 updates 280/347 episodes, total num timesteps 80928/100000, FPS 89.


 Scenario BOSCH Algo rmappo Exp sweep_5_2_4 updates 285/347 episodes, total num timesteps 82368/100000, FPS 89.


 Scenario BOSCH Algo rmappo Exp sweep_5_2_4 updates 290/347 episodes, total num timesteps 83808/100000, FPS 89.


 Scenario BOSCH Algo rmappo Exp sweep_5_2_4 updates 295/347 episodes, total num timesteps 85248/100000, FPS 89.


 Scenario BOSCH Algo rmappo Exp sweep_5_2_4 updates 300/347 episodes, total num timesteps 86688/100000, FPS 88.


[EVAL] BOSCH MARL Inference Solving Time for 36 periods: 0.7685 seconds
eval average episode rewards of agent0: -9.982216
eval average episode rewards of agent1: -0.3788876
eval average episode rewards of agent2: -0.28522262
eval average episode costs: Backlog: 0.00, Inventory: 14.00, Maintenance: 29.32, Production: 4311.38, Setup: 938.82, TOTAL: 5293.53

 Scenario BOSCH Algo rmappo Exp sweep_5_2_4 updates 305/347 episodes, total num timesteps 88128/100000, FPS 88.


 Scenario BOSCH Algo rmappo Exp sweep_5_2_4 updates 310/347 episodes, total num timesteps 89568/100000, FPS 88.


 Scenario BOSCH Algo rmappo Exp sweep_5_2_4 updates 315/347 episodes, total num timesteps 91008/100000, FPS 88.


 Scenario BOSCH Algo rmappo Exp sweep_5_2_4 updates 320/347 episodes, total num timesteps 92448/100000, FPS 88.


 Scenario BOSCH Algo rmappo Exp sweep_5_2_4 updates 325/347 episodes, total num timesteps 93888/100000, FPS 88.


 Scenario BOSCH Algo rmappo Exp sweep_5_2_4 updates 330/347 episodes, total num timesteps 95328/100000, FPS 88.


 Scenario BOSCH Algo rmappo Exp sweep_5_2_4 updates 335/347 episodes, total num timesteps 96768/100000, FPS 88.


 Scenario BOSCH Algo rmappo Exp sweep_5_2_4 updates 340/347 episodes, total num timesteps 98208/100000, FPS 88.


 Scenario BOSCH Algo rmappo Exp sweep_5_2_4 updates 345/347 episodes, total num timesteps 99648/100000, FPS 89.

[1;34mwandb[0m: 
[1;34mwandb[0m: 🚀 View run [33mrmappo_sweep_5_2_4_seed1[0m at: [34mhttps://wandb.ai/tntvan-iac-instagram/thesis_14th-1-onpolicy_scripts_train_bosch_scripts/runs/86sjaat0[0m
2026-05-18 00:03:56,883 - wandb.wandb_agent - INFO - Cleaning up finished run: 86sjaat0
2026-05-18 00:03:57,991 - wandb.wandb_agent - INFO - Agent received command: run
2026-05-18 00:03:57,991 - wandb.wandb_agent - INFO - Agent starting run with config:
	activation_penalty: 50
	clip_param: 0.32434984022840374
	critic_lr: 9.71192604146257e-05
	dense_production_reward: 2.370517533754514
	dense_setup_penalty: 1.500527932228974
	entropy_coef: 0.0034928910969070585
	gae_lambda: 0.9892450473959804
	gamma: 0.990252869532124
	hidden_size: 256
	load_balance_penalty: 0
	lr: 1.0731161801558064e-05
	ppo_epoch: 12
2026-05-18 00:03:57,998 - wandb.wandb_agent - INFO - About to run command: /usr/bin/env python3 /Users/nhi/thesis_14th-1/onpolicy/scripts/train_bosch_scripts/run_sweep.py --activation_penalty=50 --clip_param=0.32434984022840374 --critic_lr=9.71192604146257e-05 --dense_production_reward=2.370517533754514 --dense_setup_penalty=1.500527932228974 --entropy_coef=0.0034928910969070585 --gae_lambda=0.9892450473959804 --gamma=0.990252869532124 --hidden_size=256 --load_balance_penalty=0 --lr=1.0731161801558064e-05 --ppo_epoch=12
wandb: [wandb.login()] Loaded credentials for https://api.wandb.ai from /Users/nhi/.netrc.
wandb: Currently logged in as: tntvan-iac (tntvan-iac-instagram) to https://api.wandb.ai. Use `wandb login --relogin` to force relogin
wandb: setting up run 1kod07a6
wandb: Tracking run with wandb version 0.26.1
wandb: Run data is saved locally in /Users/nhi/thesis_14th-1/onpolicy/scripts/train_bosch_scripts/wandb/run-20260518_000359-1kod07a6
wandb: Run `wandb offline` to turn off syncing.
wandb: Syncing run graceful-sweep-21
wandb: ⭐️ View project at https://wandb.ai/tntvan-iac-instagram/thesis_14th-1-onpolicy_scripts_train_bosch_scripts
wandb: 🧹 View sweep at https://wandb.ai/tntvan-iac-instagram/thesis_14th-1-onpolicy_scripts_train_bosch_scripts/sweeps/4p28qnnw
wandb: 🚀 View run at https://wandb.ai/tntvan-iac-instagram/thesis_14th-1-onpolicy_scripts_train_bosch_scripts/runs/1kod07a6
wandb: WARNING Ignoring project 'BOSCH' when running a sweep.
wandb: WARNING Ignoring entity 'tntvan-iac-instagram' when running a sweep.
wandb: Finishing previous runs because reinit is set to True.
2026-05-18 00:04:03,008 - wandb.wandb_agent - INFO - Running runs: ['1kod07a6']
wandb: updating run metadata; uploading console lines 0-0
wandb: uploading wandb-metadata.json; uploading requirements.txt; uploading output.log; uploading wandb-summary.json; uploading config.yaml
wandb: uploading wandb-metadata.json; uploading requirements.txt; uploading wandb-summary.json
wandb: uploading requirements.txt
wandb: uploading summary, console lines 0-3
wandb: 🚀 View run graceful-sweep-21 at: https://wandb.ai/tntvan-iac-instagram/thesis_14th-1-onpolicy_scripts_train_bosch_scripts/runs/1kod07a6
wandb: ⭐️ View project at: https://wandb.ai/tntvan-iac-instagram/thesis_14th-1-onpolicy_scripts_train_bosch_scripts
wandb: Synced 5 W&B file(s), 0 media file(s), 0 artifact file(s) and 0 other file(s)
wandb: Find logs at: ./wandb/run-20260518_000359-1kod07a6/logs
wandb: WARNING Using a boolean value for 'reinit' is deprecated. Use 'return_previous' or 'finish_previous' instead.
wandb: Tracking run with wandb version 0.26.1
wandb: Run data is saved locally in results/BOSCH/rmappo/sweep_5_2_4/wandb/run-20260518_000402-1kod07a6
wandb: Run `wandb offline` to turn off syncing.
wandb: Syncing run rmappo_sweep_5_2_4_seed1
wandb: ⭐️ View project at https://wandb.ai/tntvan-iac-instagram/thesis_14th-1-onpolicy_scripts_train_bosch_scripts
wandb: 🧹 View sweep at https://wandb.ai/tntvan-iac-instagram/thesis_14th-1-onpolicy_scripts_train_bosch_scripts/sweeps/4p28qnnw
wandb: 🚀 View run at https://wandb.ai/tntvan-iac-instagram/thesis_14th-1-onpolicy_scripts_train_bosch_scripts/runs/1kod07a6
BOSCH: using multiprocessing start_method='fork' on macOS.
share_observation_space:  [Box(-inf, inf, (312,), float32), Box(-inf, inf, (312,), float32), Box(-inf, inf, (312,), float32)]
observation_space:  [Box(-inf, inf, (104,), float32), Box(-inf, inf, (104,), float32), Box(-inf, inf, (104,), float32)]
action_space:  [MultiDiscrete10, Discrete(7), Discrete(7)]
Using shared machine policy: agent 0 separate; agents 1..2 share.

 Scenario BOSCH Algo rmappo Exp sweep_5_2_4 updates 0/347 episodes, total num timesteps 288/100000, FPS 127.


[EVAL] BOSCH MARL Inference Solving Time for 36 periods: 1.4193 seconds
eval average episode rewards of agent0: -14.332054
eval average episode rewards of agent1: -0.45231113
eval average episode rewards of agent2: -0.3129287
eval average episode costs: Backlog: 8582.00, Inventory: 26.25, Maintenance: 23.95, Production: 3525.10, Setup: 724.75, TOTAL: 12882.05

 Scenario BOSCH Algo rmappo Exp sweep_5_2_4 updates 5/347 episodes, total num timesteps 1728/100000, FPS 125.


 Scenario BOSCH Algo rmappo Exp sweep_5_2_4 updates 10/347 episodes, total num timesteps 3168/100000, FPS 132.


 Scenario BOSCH Algo rmappo Exp sweep_5_2_4 updates 15/347 episodes, total num timesteps 4608/100000, FPS 135.


 Scenario BOSCH Algo rmappo Exp sweep_5_2_4 updates 20/347 episodes, total num timesteps 6048/100000, FPS 136.


 Scenario BOSCH Algo rmappo Exp sweep_5_2_4 updates 25/347 episodes, total num timesteps 7488/100000, FPS 135.


 Scenario BOSCH Algo rmappo Exp sweep_5_2_4 updates 30/347 episodes, total num timesteps 8928/100000, FPS 135.


 Scenario BOSCH Algo rmappo Exp sweep_5_2_4 updates 35/347 episodes, total num timesteps 10368/100000, FPS 133.


 Scenario BOSCH Algo rmappo Exp sweep_5_2_4 updates 40/347 episodes, total num timesteps 11808/100000, FPS 132.


 Scenario BOSCH Algo rmappo Exp sweep_5_2_4 updates 45/347 episodes, total num timesteps 13248/100000, FPS 132.


 Scenario BOSCH Algo rmappo Exp sweep_5_2_4 updates 50/347 episodes, total num timesteps 14688/100000, FPS 131.


[EVAL] BOSCH MARL Inference Solving Time for 36 periods: 0.9281 seconds
eval average episode rewards of agent0: -5.655648
eval average episode rewards of agent1: 0.13600089
eval average episode rewards of agent2: 0.16756533
eval average episode costs: Backlog: 0.00, Inventory: 14.00, Maintenance: 25.42, Production: 3460.72, Setup: 705.51, TOTAL: 4205.65

 Scenario BOSCH Algo rmappo Exp sweep_5_2_4 updates 55/347 episodes, total num timesteps 16128/100000, FPS 129.


 Scenario BOSCH Algo rmappo Exp sweep_5_2_4 updates 60/347 episodes, total num timesteps 17568/100000, FPS 129.


 Scenario BOSCH Algo rmappo Exp sweep_5_2_4 updates 65/347 episodes, total num timesteps 19008/100000, FPS 129.


 Scenario BOSCH Algo rmappo Exp sweep_5_2_4 updates 70/347 episodes, total num timesteps 20448/100000, FPS 128.


 Scenario BOSCH Algo rmappo Exp sweep_5_2_4 updates 75/347 episodes, total num timesteps 21888/100000, FPS 128.


 Scenario BOSCH Algo rmappo Exp sweep_5_2_4 updates 80/347 episodes, total num timesteps 23328/100000, FPS 127.


 Scenario BOSCH Algo rmappo Exp sweep_5_2_4 updates 85/347 episodes, total num timesteps 24768/100000, FPS 127.


 Scenario BOSCH Algo rmappo Exp sweep_5_2_4 updates 90/347 episodes, total num timesteps 26208/100000, FPS 126.


 Scenario BOSCH Algo rmappo Exp sweep_5_2_4 updates 95/347 episodes, total num timesteps 27648/100000, FPS 126.


 Scenario BOSCH Algo rmappo Exp sweep_5_2_4 updates 100/347 episodes, total num timesteps 29088/100000, FPS 125.


[EVAL] BOSCH MARL Inference Solving Time for 36 periods: 0.6125 seconds
eval average episode rewards of agent0: -6.3317776
eval average episode rewards of agent1: 0.05584095
eval average episode rewards of agent2: 0.016376095
eval average episode costs: Backlog: 0.00, Inventory: 42.00, Maintenance: 26.88, Production: 3822.97, Setup: 839.93, TOTAL: 4731.78

 Scenario BOSCH Algo rmappo Exp sweep_5_2_4 updates 105/347 episodes, total num timesteps 30528/100000, FPS 125.


 Scenario BOSCH Algo rmappo Exp sweep_5_2_4 updates 110/347 episodes, total num timesteps 31968/100000, FPS 124.


 Scenario BOSCH Algo rmappo Exp sweep_5_2_4 updates 115/347 episodes, total num timesteps 33408/100000, FPS 123.


 Scenario BOSCH Algo rmappo Exp sweep_5_2_4 updates 120/347 episodes, total num timesteps 34848/100000, FPS 123.


 Scenario BOSCH Algo rmappo Exp sweep_5_2_4 updates 125/347 episodes, total num timesteps 36288/100000, FPS 122.


 Scenario BOSCH Algo rmappo Exp sweep_5_2_4 updates 130/347 episodes, total num timesteps 37728/100000, FPS 122.


 Scenario BOSCH Algo rmappo Exp sweep_5_2_4 updates 135/347 episodes, total num timesteps 39168/100000, FPS 121.


 Scenario BOSCH Algo rmappo Exp sweep_5_2_4 updates 140/347 episodes, total num timesteps 40608/100000, FPS 121.


 Scenario BOSCH Algo rmappo Exp sweep_5_2_4 updates 145/347 episodes, total num timesteps 42048/100000, FPS 121.


 Scenario BOSCH Algo rmappo Exp sweep_5_2_4 updates 150/347 episodes, total num timesteps 43488/100000, FPS 121.


[EVAL] BOSCH MARL Inference Solving Time for 36 periods: 0.8666 seconds
eval average episode rewards of agent0: -6.5979834
eval average episode rewards of agent1: 0.1797639
eval average episode rewards of agent2: 0.10721078
eval average episode costs: Backlog: 0.00, Inventory: 36.75, Maintenance: 33.94, Production: 4045.32, Setup: 831.97, TOTAL: 4947.98

 Scenario BOSCH Algo rmappo Exp sweep_5_2_4 updates 155/347 episodes, total num timesteps 44928/100000, FPS 120.


 Scenario BOSCH Algo rmappo Exp sweep_5_2_4 updates 160/347 episodes, total num timesteps 46368/100000, FPS 120.


 Scenario BOSCH Algo rmappo Exp sweep_5_2_4 updates 165/347 episodes, total num timesteps 47808/100000, FPS 120.


 Scenario BOSCH Algo rmappo Exp sweep_5_2_4 updates 170/347 episodes, total num timesteps 49248/100000, FPS 119.


 Scenario BOSCH Algo rmappo Exp sweep_5_2_4 updates 175/347 episodes, total num timesteps 50688/100000, FPS 119.


 Scenario BOSCH Algo rmappo Exp sweep_5_2_4 updates 180/347 episodes, total num timesteps 52128/100000, FPS 119.


 Scenario BOSCH Algo rmappo Exp sweep_5_2_4 updates 185/347 episodes, total num timesteps 53568/100000, FPS 119.


 Scenario BOSCH Algo rmappo Exp sweep_5_2_4 updates 190/347 episodes, total num timesteps 55008/100000, FPS 119.


 Scenario BOSCH Algo rmappo Exp sweep_5_2_4 updates 195/347 episodes, total num timesteps 56448/100000, FPS 119.


 Scenario BOSCH Algo rmappo Exp sweep_5_2_4 updates 200/347 episodes, total num timesteps 57888/100000, FPS 119.


[EVAL] BOSCH MARL Inference Solving Time for 36 periods: 0.9135 seconds
eval average episode rewards of agent0: -6.325819
eval average episode rewards of agent1: -0.0085521
eval average episode rewards of agent2: 0.03235594
eval average episode costs: Backlog: 0.00, Inventory: 31.50, Maintenance: 21.58, Production: 3737.36, Setup: 885.38, TOTAL: 4675.82

 Scenario BOSCH Algo rmappo Exp sweep_5_2_4 updates 205/347 episodes, total num timesteps 59328/100000, FPS 118.


 Scenario BOSCH Algo rmappo Exp sweep_5_2_4 updates 210/347 episodes, total num timesteps 60768/100000, FPS 118.


 Scenario BOSCH Algo rmappo Exp sweep_5_2_4 updates 215/347 episodes, total num timesteps 62208/100000, FPS 118.


 Scenario BOSCH Algo rmappo Exp sweep_5_2_4 updates 220/347 episodes, total num timesteps 63648/100000, FPS 118.


 Scenario BOSCH Algo rmappo Exp sweep_5_2_4 updates 225/347 episodes, total num timesteps 65088/100000, FPS 118.


 Scenario BOSCH Algo rmappo Exp sweep_5_2_4 updates 230/347 episodes, total num timesteps 66528/100000, FPS 118.


 Scenario BOSCH Algo rmappo Exp sweep_5_2_4 updates 235/347 episodes, total num timesteps 67968/100000, FPS 118.


 Scenario BOSCH Algo rmappo Exp sweep_5_2_4 updates 240/347 episodes, total num timesteps 69408/100000, FPS 118.


 Scenario BOSCH Algo rmappo Exp sweep_5_2_4 updates 245/347 episodes, total num timesteps 70848/100000, FPS 118.


 Scenario BOSCH Algo rmappo Exp sweep_5_2_4 updates 250/347 episodes, total num timesteps 72288/100000, FPS 118.


[EVAL] BOSCH MARL Inference Solving Time for 36 periods: 0.8025 seconds
eval average episode rewards of agent0: -5.601895
eval average episode rewards of agent1: 0.23501377
eval average episode rewards of agent2: 0.07618222
eval average episode costs: Backlog: 0.00, Inventory: 33.25, Maintenance: 28.55, Production: 3494.44, Setup: 695.65, TOTAL: 4251.89

 Scenario BOSCH Algo rmappo Exp sweep_5_2_4 updates 255/347 episodes, total num timesteps 73728/100000, FPS 117.


 Scenario BOSCH Algo rmappo Exp sweep_5_2_4 updates 260/347 episodes, total num timesteps 75168/100000, FPS 117.


 Scenario BOSCH Algo rmappo Exp sweep_5_2_4 updates 265/347 episodes, total num timesteps 76608/100000, FPS 117.


 Scenario BOSCH Algo rmappo Exp sweep_5_2_4 updates 270/347 episodes, total num timesteps 78048/100000, FPS 117.


 Scenario BOSCH Algo rmappo Exp sweep_5_2_4 updates 275/347 episodes, total num timesteps 79488/100000, FPS 117.


 Scenario BOSCH Algo rmappo Exp sweep_5_2_4 updates 280/347 episodes, total num timesteps 80928/100000, FPS 117.


 Scenario BOSCH Algo rmappo Exp sweep_5_2_4 updates 285/347 episodes, total num timesteps 82368/100000, FPS 117.


 Scenario BOSCH Algo rmappo Exp sweep_5_2_4 updates 290/347 episodes, total num timesteps 83808/100000, FPS 117.


 Scenario BOSCH Algo rmappo Exp sweep_5_2_4 updates 295/347 episodes, total num timesteps 85248/100000, FPS 117.


 Scenario BOSCH Algo rmappo Exp sweep_5_2_4 updates 300/347 episodes, total num timesteps 86688/100000, FPS 116.


[EVAL] BOSCH MARL Inference Solving Time for 36 periods: 1.1449 seconds
eval average episode rewards of agent0: -5.6447163
eval average episode rewards of agent1: 0.12801021
eval average episode rewards of agent2: 0.1737583
eval average episode costs: Backlog: 0.00, Inventory: 14.00, Maintenance: 25.57, Production: 3456.07, Setup: 699.08, TOTAL: 4194.72

 Scenario BOSCH Algo rmappo Exp sweep_5_2_4 updates 305/347 episodes, total num timesteps 88128/100000, FPS 116.


 Scenario BOSCH Algo rmappo Exp sweep_5_2_4 updates 310/347 episodes, total num timesteps 89568/100000, FPS 116.


 Scenario BOSCH Algo rmappo Exp sweep_5_2_4 updates 315/347 episodes, total num timesteps 91008/100000, FPS 116.


 Scenario BOSCH Algo rmappo Exp sweep_5_2_4 updates 320/347 episodes, total num timesteps 92448/100000, FPS 116.


 Scenario BOSCH Algo rmappo Exp sweep_5_2_4 updates 325/347 episodes, total num timesteps 93888/100000, FPS 116.


 Scenario BOSCH Algo rmappo Exp sweep_5_2_4 updates 330/347 episodes, total num timesteps 95328/100000, FPS 116.


 Scenario BOSCH Algo rmappo Exp sweep_5_2_4 updates 335/347 episodes, total num timesteps 96768/100000, FPS 116.


 Scenario BOSCH Algo rmappo Exp sweep_5_2_4 updates 340/347 episodes, total num timesteps 98208/100000, FPS 116.


 Scenario BOSCH Algo rmappo Exp sweep_5_2_4 updates 345/347 episodes, total num timesteps 99648/100000, FPS 116.

[1;34mwandb[0m: 
[1;34mwandb[0m: 🚀 View run [33mrmappo_sweep_5_2_4_seed1[0m at: [34mhttps://wandb.ai/tntvan-iac-instagram/thesis_14th-1-onpolicy_scripts_train_bosch_scripts/runs/1kod07a6[0m
2026-05-18 00:18:35,043 - wandb.wandb_agent - INFO - Cleaning up finished run: 1kod07a6
2026-05-18 00:18:35,964 - wandb.wandb_agent - INFO - Agent received command: run
2026-05-18 00:18:35,965 - wandb.wandb_agent - INFO - Agent starting run with config:
	activation_penalty: 50
	clip_param: 0.3388103216666303
	critic_lr: 0.00036208055565453554
	dense_production_reward: 2.882065810442468
	dense_setup_penalty: 0.7805575621954313
	entropy_coef: 0.047076840758106704
	gae_lambda: 0.9197836530458552
	gamma: 0.9937667294968106
	hidden_size: 256
	load_balance_penalty: 10
	lr: 1.7301667492552407e-05
	ppo_epoch: 14
2026-05-18 00:18:35,971 - wandb.wandb_agent - INFO - About to run command: /usr/bin/env python3 /Users/nhi/thesis_14th-1/onpolicy/scripts/train_bosch_scripts/run_sweep.py --activation_penalty=50 --clip_param=0.3388103216666303 --critic_lr=0.00036208055565453554 --dense_production_reward=2.882065810442468 --dense_setup_penalty=0.7805575621954313 --entropy_coef=0.047076840758106704 --gae_lambda=0.9197836530458552 --gamma=0.9937667294968106 --hidden_size=256 --load_balance_penalty=10 --lr=1.7301667492552407e-05 --ppo_epoch=14
wandb: [wandb.login()] Loaded credentials for https://api.wandb.ai from /Users/nhi/.netrc.
wandb: Currently logged in as: tntvan-iac (tntvan-iac-instagram) to https://api.wandb.ai. Use `wandb login --relogin` to force relogin
wandb: setting up run pfuq2ufy
wandb: Tracking run with wandb version 0.26.1
wandb: Run data is saved locally in /Users/nhi/thesis_14th-1/onpolicy/scripts/train_bosch_scripts/wandb/run-20260518_001837-pfuq2ufy
wandb: Run `wandb offline` to turn off syncing.
wandb: Syncing run vibrant-sweep-22
wandb: ⭐️ View project at https://wandb.ai/tntvan-iac-instagram/thesis_14th-1-onpolicy_scripts_train_bosch_scripts
wandb: 🧹 View sweep at https://wandb.ai/tntvan-iac-instagram/thesis_14th-1-onpolicy_scripts_train_bosch_scripts/sweeps/4p28qnnw
wandb: 🚀 View run at https://wandb.ai/tntvan-iac-instagram/thesis_14th-1-onpolicy_scripts_train_bosch_scripts/runs/pfuq2ufy
wandb: WARNING Ignoring project 'BOSCH' when running a sweep.
wandb: WARNING Ignoring entity 'tntvan-iac-instagram' when running a sweep.
wandb: Finishing previous runs because reinit is set to True.
wandb: updating run metadata; uploading console lines 0-0
wandb: updating run metadata
2026-05-18 00:18:40,982 - wandb.wandb_agent - INFO - Running runs: ['pfuq2ufy']
wandb: uploading wandb-metadata.json; uploading requirements.txt; uploading output.log; uploading wandb-summary.json; uploading config.yaml
wandb: uploading requirements.txt; uploading output.log; uploading wandb-summary.json
wandb: uploading output.log; uploading wandb-summary.json
wandb: 🚀 View run vibrant-sweep-22 at: https://wandb.ai/tntvan-iac-instagram/thesis_14th-1-onpolicy_scripts_train_bosch_scripts/runs/pfuq2ufy
wandb: ⭐️ View project at: https://wandb.ai/tntvan-iac-instagram/thesis_14th-1-onpolicy_scripts_train_bosch_scripts
wandb: Synced 5 W&B file(s), 0 media file(s), 0 artifact file(s) and 0 other file(s)
wandb: Find logs at: ./wandb/run-20260518_001837-pfuq2ufy/logs
wandb: WARNING Using a boolean value for 'reinit' is deprecated. Use 'return_previous' or 'finish_previous' instead.
wandb: setting up run pfuq2ufy
wandb: Tracking run with wandb version 0.26.1
wandb: Run data is saved locally in results/BOSCH/rmappo/sweep_5_2_4/wandb/run-20260518_001839-pfuq2ufy
wandb: Run `wandb offline` to turn off syncing.
wandb: Syncing run rmappo_sweep_5_2_4_seed1
wandb: ⭐️ View project at https://wandb.ai/tntvan-iac-instagram/thesis_14th-1-onpolicy_scripts_train_bosch_scripts
wandb: 🧹 View sweep at https://wandb.ai/tntvan-iac-instagram/thesis_14th-1-onpolicy_scripts_train_bosch_scripts/sweeps/4p28qnnw
wandb: 🚀 View run at https://wandb.ai/tntvan-iac-instagram/thesis_14th-1-onpolicy_scripts_train_bosch_scripts/runs/pfuq2ufy
BOSCH: using multiprocessing start_method='fork' on macOS.
share_observation_space:  [Box(-inf, inf, (312,), float32), Box(-inf, inf, (312,), float32), Box(-inf, inf, (312,), float32)]
observation_space:  [Box(-inf, inf, (104,), float32), Box(-inf, inf, (104,), float32), Box(-inf, inf, (104,), float32)]
action_space:  [MultiDiscrete10, Discrete(7), Discrete(7)]
Using shared machine policy: agent 0 separate; agents 1..2 share.

 Scenario BOSCH Algo rmappo Exp sweep_5_2_4 updates 0/347 episodes, total num timesteps 288/100000, FPS 140.


[EVAL] BOSCH MARL Inference Solving Time for 36 periods: 0.7391 seconds
eval average episode rewards of agent0: -15.469281
eval average episode rewards of agent1: -0.03898123
eval average episode rewards of agent2: 0.16607833
eval average episode costs: Backlog: 8582.00, Inventory: 26.25, Maintenance: 23.97, Production: 3523.02, Setup: 670.26, TOTAL: 12825.50

 Scenario BOSCH Algo rmappo Exp sweep_5_2_4 updates 5/347 episodes, total num timesteps 1728/100000, FPS 129.


 Scenario BOSCH Algo rmappo Exp sweep_5_2_4 updates 10/347 episodes, total num timesteps 3168/100000, FPS 130.


 Scenario BOSCH Algo rmappo Exp sweep_5_2_4 updates 15/347 episodes, total num timesteps 4608/100000, FPS 129.


 Scenario BOSCH Algo rmappo Exp sweep_5_2_4 updates 20/347 episodes, total num timesteps 6048/100000, FPS 126.


 Scenario BOSCH Algo rmappo Exp sweep_5_2_4 updates 25/347 episodes, total num timesteps 7488/100000, FPS 125.


 Scenario BOSCH Algo rmappo Exp sweep_5_2_4 updates 30/347 episodes, total num timesteps 8928/100000, FPS 122.


 Scenario BOSCH Algo rmappo Exp sweep_5_2_4 updates 35/347 episodes, total num timesteps 10368/100000, FPS 121.


 Scenario BOSCH Algo rmappo Exp sweep_5_2_4 updates 40/347 episodes, total num timesteps 11808/100000, FPS 121.


 Scenario BOSCH Algo rmappo Exp sweep_5_2_4 updates 45/347 episodes, total num timesteps 13248/100000, FPS 120.


 Scenario BOSCH Algo rmappo Exp sweep_5_2_4 updates 50/347 episodes, total num timesteps 14688/100000, FPS 119.


[EVAL] BOSCH MARL Inference Solving Time for 36 periods: 1.2084 seconds
eval average episode rewards of agent0: -8.168881
eval average episode rewards of agent1: 0.8033098
eval average episode rewards of agent2: 0.4086589
eval average episode costs: Backlog: 0.00, Inventory: 14.00, Maintenance: 30.05, Production: 4273.51, Setup: 922.95, TOTAL: 5240.51

 Scenario BOSCH Algo rmappo Exp sweep_5_2_4 updates 55/347 episodes, total num timesteps 16128/100000, FPS 117.


 Scenario BOSCH Algo rmappo Exp sweep_5_2_4 updates 60/347 episodes, total num timesteps 17568/100000, FPS 117.


 Scenario BOSCH Algo rmappo Exp sweep_5_2_4 updates 65/347 episodes, total num timesteps 19008/100000, FPS 116.


 Scenario BOSCH Algo rmappo Exp sweep_5_2_4 updates 70/347 episodes, total num timesteps 20448/100000, FPS 115.


 Scenario BOSCH Algo rmappo Exp sweep_5_2_4 updates 75/347 episodes, total num timesteps 21888/100000, FPS 115.


 Scenario BOSCH Algo rmappo Exp sweep_5_2_4 updates 80/347 episodes, total num timesteps 23328/100000, FPS 115.


 Scenario BOSCH Algo rmappo Exp sweep_5_2_4 updates 85/347 episodes, total num timesteps 24768/100000, FPS 115.


 Scenario BOSCH Algo rmappo Exp sweep_5_2_4 updates 90/347 episodes, total num timesteps 26208/100000, FPS 115.


 Scenario BOSCH Algo rmappo Exp sweep_5_2_4 updates 95/347 episodes, total num timesteps 27648/100000, FPS 114.


 Scenario BOSCH Algo rmappo Exp sweep_5_2_4 updates 100/347 episodes, total num timesteps 29088/100000, FPS 114.


[EVAL] BOSCH MARL Inference Solving Time for 36 periods: 0.7889 seconds
eval average episode rewards of agent0: -8.229374
eval average episode rewards of agent1: 0.30141872
eval average episode rewards of agent2: 0.6826643
eval average episode costs: Backlog: 0.00, Inventory: 42.00, Maintenance: 26.88, Production: 3822.97, Setup: 822.27, TOTAL: 4714.12

 Scenario BOSCH Algo rmappo Exp sweep_5_2_4 updates 105/347 episodes, total num timesteps 30528/100000, FPS 113.


 Scenario BOSCH Algo rmappo Exp sweep_5_2_4 updates 110/347 episodes, total num timesteps 31968/100000, FPS 112.


 Scenario BOSCH Algo rmappo Exp sweep_5_2_4 updates 115/347 episodes, total num timesteps 33408/100000, FPS 112.


 Scenario BOSCH Algo rmappo Exp sweep_5_2_4 updates 120/347 episodes, total num timesteps 34848/100000, FPS 112.


 Scenario BOSCH Algo rmappo Exp sweep_5_2_4 updates 125/347 episodes, total num timesteps 36288/100000, FPS 111.


 Scenario BOSCH Algo rmappo Exp sweep_5_2_4 updates 130/347 episodes, total num timesteps 37728/100000, FPS 111.


 Scenario BOSCH Algo rmappo Exp sweep_5_2_4 updates 135/347 episodes, total num timesteps 39168/100000, FPS 111.


 Scenario BOSCH Algo rmappo Exp sweep_5_2_4 updates 140/347 episodes, total num timesteps 40608/100000, FPS 111.


 Scenario BOSCH Algo rmappo Exp sweep_5_2_4 updates 145/347 episodes, total num timesteps 42048/100000, FPS 111.


 Scenario BOSCH Algo rmappo Exp sweep_5_2_4 updates 150/347 episodes, total num timesteps 43488/100000, FPS 111.


[EVAL] BOSCH MARL Inference Solving Time for 36 periods: 1.1223 seconds
eval average episode rewards of agent0: -8.083914
eval average episode rewards of agent1: 0.7885212
eval average episode rewards of agent2: 0.43610168
eval average episode costs: Backlog: 0.00, Inventory: 36.75, Maintenance: 33.94, Production: 4045.32, Setup: 831.97, TOTAL: 4947.98

 Scenario BOSCH Algo rmappo Exp sweep_5_2_4 updates 155/347 episodes, total num timesteps 44928/100000, FPS 110.


 Scenario BOSCH Algo rmappo Exp sweep_5_2_4 updates 160/347 episodes, total num timesteps 46368/100000, FPS 110.


 Scenario BOSCH Algo rmappo Exp sweep_5_2_4 updates 165/347 episodes, total num timesteps 47808/100000, FPS 110.


 Scenario BOSCH Algo rmappo Exp sweep_5_2_4 updates 170/347 episodes, total num timesteps 49248/100000, FPS 110.


 Scenario BOSCH Algo rmappo Exp sweep_5_2_4 updates 175/347 episodes, total num timesteps 50688/100000, FPS 110.


 Scenario BOSCH Algo rmappo Exp sweep_5_2_4 updates 180/347 episodes, total num timesteps 52128/100000, FPS 110.


 Scenario BOSCH Algo rmappo Exp sweep_5_2_4 updates 185/347 episodes, total num timesteps 53568/100000, FPS 110.


 Scenario BOSCH Algo rmappo Exp sweep_5_2_4 updates 190/347 episodes, total num timesteps 55008/100000, FPS 110.


 Scenario BOSCH Algo rmappo Exp sweep_5_2_4 updates 195/347 episodes, total num timesteps 56448/100000, FPS 110.


 Scenario BOSCH Algo rmappo Exp sweep_5_2_4 updates 200/347 episodes, total num timesteps 57888/100000, FPS 109.


[EVAL] BOSCH MARL Inference Solving Time for 36 periods: 0.9555 seconds
eval average episode rewards of agent0: -8.202664
eval average episode rewards of agent1: 0.5963835
eval average episode rewards of agent2: 0.39311314
eval average episode costs: Backlog: 0.00, Inventory: 31.50, Maintenance: 21.28, Production: 3734.21, Setup: 825.65, TOTAL: 4612.63

 Scenario BOSCH Algo rmappo Exp sweep_5_2_4 updates 205/347 episodes, total num timesteps 59328/100000, FPS 109.


 Scenario BOSCH Algo rmappo Exp sweep_5_2_4 updates 210/347 episodes, total num timesteps 60768/100000, FPS 109.


 Scenario BOSCH Algo rmappo Exp sweep_5_2_4 updates 215/347 episodes, total num timesteps 62208/100000, FPS 109.


 Scenario BOSCH Algo rmappo Exp sweep_5_2_4 updates 220/347 episodes, total num timesteps 63648/100000, FPS 109.


 Scenario BOSCH Algo rmappo Exp sweep_5_2_4 updates 225/347 episodes, total num timesteps 65088/100000, FPS 109.


 Scenario BOSCH Algo rmappo Exp sweep_5_2_4 updates 230/347 episodes, total num timesteps 66528/100000, FPS 109.


 Scenario BOSCH Algo rmappo Exp sweep_5_2_4 updates 235/347 episodes, total num timesteps 67968/100000, FPS 109.


 Scenario BOSCH Algo rmappo Exp sweep_5_2_4 updates 240/347 episodes, total num timesteps 69408/100000, FPS 109.


 Scenario BOSCH Algo rmappo Exp sweep_5_2_4 updates 245/347 episodes, total num timesteps 70848/100000, FPS 109.


 Scenario BOSCH Algo rmappo Exp sweep_5_2_4 updates 250/347 episodes, total num timesteps 72288/100000, FPS 109.


[EVAL] BOSCH MARL Inference Solving Time for 36 periods: 0.8638 seconds
eval average episode rewards of agent0: -8.207174
eval average episode rewards of agent1: 0.52824163
eval average episode rewards of agent2: 0.6543187
eval average episode costs: Backlog: 0.00, Inventory: 33.25, Maintenance: 34.10, Production: 4191.85, Setup: 836.13, TOTAL: 5095.33

 Scenario BOSCH Algo rmappo Exp sweep_5_2_4 updates 255/347 episodes, total num timesteps 73728/100000, FPS 109.


 Scenario BOSCH Algo rmappo Exp sweep_5_2_4 updates 260/347 episodes, total num timesteps 75168/100000, FPS 109.


 Scenario BOSCH Algo rmappo Exp sweep_5_2_4 updates 265/347 episodes, total num timesteps 76608/100000, FPS 109.


 Scenario BOSCH Algo rmappo Exp sweep_5_2_4 updates 270/347 episodes, total num timesteps 78048/100000, FPS 108.


 Scenario BOSCH Algo rmappo Exp sweep_5_2_4 updates 275/347 episodes, total num timesteps 79488/100000, FPS 108.


 Scenario BOSCH Algo rmappo Exp sweep_5_2_4 updates 280/347 episodes, total num timesteps 80928/100000, FPS 108.


 Scenario BOSCH Algo rmappo Exp sweep_5_2_4 updates 285/347 episodes, total num timesteps 82368/100000, FPS 108.


 Scenario BOSCH Algo rmappo Exp sweep_5_2_4 updates 290/347 episodes, total num timesteps 83808/100000, FPS 109.


 Scenario BOSCH Algo rmappo Exp sweep_5_2_4 updates 295/347 episodes, total num timesteps 85248/100000, FPS 108.


 Scenario BOSCH Algo rmappo Exp sweep_5_2_4 updates 300/347 episodes, total num timesteps 86688/100000, FPS 108.


[EVAL] BOSCH MARL Inference Solving Time for 36 periods: 1.2349 seconds
eval average episode rewards of agent0: -7.919229
eval average episode rewards of agent1: 0.80654275
eval average episode rewards of agent2: 0.4527293
eval average episode costs: Backlog: 0.00, Inventory: 14.00, Maintenance: 30.15, Production: 4273.76, Setup: 930.52, TOTAL: 5248.42

 Scenario BOSCH Algo rmappo Exp sweep_5_2_4 updates 305/347 episodes, total num timesteps 88128/100000, FPS 108.


 Scenario BOSCH Algo rmappo Exp sweep_5_2_4 updates 310/347 episodes, total num timesteps 89568/100000, FPS 108.


 Scenario BOSCH Algo rmappo Exp sweep_5_2_4 updates 315/347 episodes, total num timesteps 91008/100000, FPS 108.


 Scenario BOSCH Algo rmappo Exp sweep_5_2_4 updates 320/347 episodes, total num timesteps 92448/100000, FPS 108.


 Scenario BOSCH Algo rmappo Exp sweep_5_2_4 updates 325/347 episodes, total num timesteps 93888/100000, FPS 108.


 Scenario BOSCH Algo rmappo Exp sweep_5_2_4 updates 330/347 episodes, total num timesteps 95328/100000, FPS 108.


 Scenario BOSCH Algo rmappo Exp sweep_5_2_4 updates 335/347 episodes, total num timesteps 96768/100000, FPS 108.


 Scenario BOSCH Algo rmappo Exp sweep_5_2_4 updates 340/347 episodes, total num timesteps 98208/100000, FPS 108.


 Scenario BOSCH Algo rmappo Exp sweep_5_2_4 updates 345/347 episodes, total num timesteps 99648/100000, FPS 108.

[1;34mwandb[0m: 
[1;34mwandb[0m: 🚀 View run [33mrmappo_sweep_5_2_4_seed1[0m at: [34mhttps://wandb.ai/tntvan-iac-instagram/thesis_14th-1-onpolicy_scripts_train_bosch_scripts/runs/pfuq2ufy[0m
2026-05-18 00:34:08,810 - wandb.wandb_agent - INFO - Cleaning up finished run: pfuq2ufy
2026-05-18 00:34:09,740 - wandb.wandb_agent - INFO - Agent received command: run
2026-05-18 00:34:09,741 - wandb.wandb_agent - INFO - Agent starting run with config:
	activation_penalty: 0
	clip_param: 0.3625179554234583
	critic_lr: 4.941428251834648e-05
	dense_production_reward: 2.779712625042537
	dense_setup_penalty: 0.6985485984114735
	entropy_coef: 0.001052652578261879
	gae_lambda: 0.9771355387455432
	gamma: 0.9974524627330416
	hidden_size: 128
	load_balance_penalty: 0
	lr: 1.7801218484485567e-05
	ppo_epoch: 12
2026-05-18 00:34:09,746 - wandb.wandb_agent - INFO - About to run command: /usr/bin/env python3 /Users/nhi/thesis_14th-1/onpolicy/scripts/train_bosch_scripts/run_sweep.py --activation_penalty=0 --clip_param=0.3625179554234583 --critic_lr=4.941428251834648e-05 --dense_production_reward=2.779712625042537 --dense_setup_penalty=0.6985485984114735 --entropy_coef=0.001052652578261879 --gae_lambda=0.9771355387455432 --gamma=0.9974524627330416 --hidden_size=128 --load_balance_penalty=0 --lr=1.7801218484485567e-05 --ppo_epoch=12
wandb: [wandb.login()] Loaded credentials for https://api.wandb.ai from /Users/nhi/.netrc.
wandb: Currently logged in as: tntvan-iac (tntvan-iac-instagram) to https://api.wandb.ai. Use `wandb login --relogin` to force relogin
wandb: setting up run 00vn87fy
wandb: Tracking run with wandb version 0.26.1
wandb: Run data is saved locally in /Users/nhi/thesis_14th-1/onpolicy/scripts/train_bosch_scripts/wandb/run-20260518_003410-00vn87fy
wandb: Run `wandb offline` to turn off syncing.
wandb: Syncing run peachy-sweep-23
wandb: ⭐️ View project at https://wandb.ai/tntvan-iac-instagram/thesis_14th-1-onpolicy_scripts_train_bosch_scripts
wandb: 🧹 View sweep at https://wandb.ai/tntvan-iac-instagram/thesis_14th-1-onpolicy_scripts_train_bosch_scripts/sweeps/4p28qnnw
wandb: 🚀 View run at https://wandb.ai/tntvan-iac-instagram/thesis_14th-1-onpolicy_scripts_train_bosch_scripts/runs/00vn87fy
wandb: WARNING Ignoring project 'BOSCH' when running a sweep.
wandb: WARNING Ignoring entity 'tntvan-iac-instagram' when running a sweep.
wandb: Finishing previous runs because reinit is set to True.
wandb: updating run metadata; uploading console lines 0-0
wandb: uploading wandb-metadata.json; uploading requirements.txt; uploading output.log; uploading wandb-summary.json; uploading config.yaml
2026-05-18 00:34:14,756 - wandb.wandb_agent - INFO - Running runs: ['00vn87fy']
wandb: uploading summary, console lines 0-3
wandb: 🚀 View run peachy-sweep-23 at: https://wandb.ai/tntvan-iac-instagram/thesis_14th-1-onpolicy_scripts_train_bosch_scripts/runs/00vn87fy
wandb: ⭐️ View project at: https://wandb.ai/tntvan-iac-instagram/thesis_14th-1-onpolicy_scripts_train_bosch_scripts
wandb: Synced 5 W&B file(s), 0 media file(s), 0 artifact file(s) and 0 other file(s)
wandb: Find logs at: ./wandb/run-20260518_003410-00vn87fy/logs
wandb: WARNING Using a boolean value for 'reinit' is deprecated. Use 'return_previous' or 'finish_previous' instead.
wandb: setting up run 00vn87fy
wandb: Tracking run with wandb version 0.26.1
wandb: Run data is saved locally in results/BOSCH/rmappo/sweep_5_2_4/wandb/run-20260518_003413-00vn87fy
wandb: Run `wandb offline` to turn off syncing.
wandb: Syncing run rmappo_sweep_5_2_4_seed1
wandb: ⭐️ View project at https://wandb.ai/tntvan-iac-instagram/thesis_14th-1-onpolicy_scripts_train_bosch_scripts
wandb: 🧹 View sweep at https://wandb.ai/tntvan-iac-instagram/thesis_14th-1-onpolicy_scripts_train_bosch_scripts/sweeps/4p28qnnw
wandb: 🚀 View run at https://wandb.ai/tntvan-iac-instagram/thesis_14th-1-onpolicy_scripts_train_bosch_scripts/runs/00vn87fy
BOSCH: using multiprocessing start_method='fork' on macOS.
share_observation_space:  [Box(-inf, inf, (312,), float32), Box(-inf, inf, (312,), float32), Box(-inf, inf, (312,), float32)]
observation_space:  [Box(-inf, inf, (104,), float32), Box(-inf, inf, (104,), float32), Box(-inf, inf, (104,), float32)]
action_space:  [MultiDiscrete10, Discrete(7), Discrete(7)]
Using shared machine policy: agent 0 separate; agents 1..2 share.

 Scenario BOSCH Algo rmappo Exp sweep_5_2_4 updates 0/347 episodes, total num timesteps 288/100000, FPS 196.


[EVAL] BOSCH MARL Inference Solving Time for 36 periods: 0.5271 seconds
eval average episode rewards of agent0: -8.649808
eval average episode rewards of agent1: 0.24718685
eval average episode rewards of agent2: 0.411846
eval average episode costs: Backlog: 4632.25, Inventory: 38.50, Maintenance: 83.05, Production: 3368.19, Setup: 527.82, TOTAL: 8649.81

 Scenario BOSCH Algo rmappo Exp sweep_5_2_4 updates 5/347 episodes, total num timesteps 1728/100000, FPS 165.


 Scenario BOSCH Algo rmappo Exp sweep_5_2_4 updates 10/347 episodes, total num timesteps 3168/100000, FPS 167.


 Scenario BOSCH Algo rmappo Exp sweep_5_2_4 updates 15/347 episodes, total num timesteps 4608/100000, FPS 166.


 Scenario BOSCH Algo rmappo Exp sweep_5_2_4 updates 20/347 episodes, total num timesteps 6048/100000, FPS 165.


 Scenario BOSCH Algo rmappo Exp sweep_5_2_4 updates 25/347 episodes, total num timesteps 7488/100000, FPS 161.


 Scenario BOSCH Algo rmappo Exp sweep_5_2_4 updates 30/347 episodes, total num timesteps 8928/100000, FPS 158.


 Scenario BOSCH Algo rmappo Exp sweep_5_2_4 updates 35/347 episodes, total num timesteps 10368/100000, FPS 155.


 Scenario BOSCH Algo rmappo Exp sweep_5_2_4 updates 40/347 episodes, total num timesteps 11808/100000, FPS 151.


 Scenario BOSCH Algo rmappo Exp sweep_5_2_4 updates 45/347 episodes, total num timesteps 13248/100000, FPS 149.


 Scenario BOSCH Algo rmappo Exp sweep_5_2_4 updates 50/347 episodes, total num timesteps 14688/100000, FPS 147.


[EVAL] BOSCH MARL Inference Solving Time for 36 periods: 1.1363 seconds
eval average episode rewards of agent0: -5.0336704
eval average episode rewards of agent1: 0.7035481
eval average episode rewards of agent2: 0.54173607
eval average episode costs: Backlog: 0.00, Inventory: 36.75, Maintenance: 34.29, Production: 4078.33, Setup: 884.30, TOTAL: 5033.67

 Scenario BOSCH Algo rmappo Exp sweep_5_2_4 updates 55/347 episodes, total num timesteps 16128/100000, FPS 143.


 Scenario BOSCH Algo rmappo Exp sweep_5_2_4 updates 60/347 episodes, total num timesteps 17568/100000, FPS 142.


 Scenario BOSCH Algo rmappo Exp sweep_5_2_4 updates 65/347 episodes, total num timesteps 19008/100000, FPS 140.


 Scenario BOSCH Algo rmappo Exp sweep_5_2_4 updates 70/347 episodes, total num timesteps 20448/100000, FPS 139.


 Scenario BOSCH Algo rmappo Exp sweep_5_2_4 updates 75/347 episodes, total num timesteps 21888/100000, FPS 138.


 Scenario BOSCH Algo rmappo Exp sweep_5_2_4 updates 80/347 episodes, total num timesteps 23328/100000, FPS 137.


 Scenario BOSCH Algo rmappo Exp sweep_5_2_4 updates 85/347 episodes, total num timesteps 24768/100000, FPS 137.


 Scenario BOSCH Algo rmappo Exp sweep_5_2_4 updates 90/347 episodes, total num timesteps 26208/100000, FPS 135.


 Scenario BOSCH Algo rmappo Exp sweep_5_2_4 updates 95/347 episodes, total num timesteps 27648/100000, FPS 135.


 Scenario BOSCH Algo rmappo Exp sweep_5_2_4 updates 100/347 episodes, total num timesteps 29088/100000, FPS 134.


[EVAL] BOSCH MARL Inference Solving Time for 36 periods: 1.0243 seconds
eval average episode rewards of agent0: -4.630823
eval average episode rewards of agent1: 0.54058456
eval average episode rewards of agent2: 0.4618701
eval average episode costs: Backlog: 0.00, Inventory: 31.50, Maintenance: 21.58, Production: 3737.36, Setup: 840.38, TOTAL: 4630.82

 Scenario BOSCH Algo rmappo Exp sweep_5_2_4 updates 105/347 episodes, total num timesteps 30528/100000, FPS 133.


 Scenario BOSCH Algo rmappo Exp sweep_5_2_4 updates 110/347 episodes, total num timesteps 31968/100000, FPS 132.


 Scenario BOSCH Algo rmappo Exp sweep_5_2_4 updates 115/347 episodes, total num timesteps 33408/100000, FPS 132.


 Scenario BOSCH Algo rmappo Exp sweep_5_2_4 updates 120/347 episodes, total num timesteps 34848/100000, FPS 132.


 Scenario BOSCH Algo rmappo Exp sweep_5_2_4 updates 125/347 episodes, total num timesteps 36288/100000, FPS 131.


 Scenario BOSCH Algo rmappo Exp sweep_5_2_4 updates 130/347 episodes, total num timesteps 37728/100000, FPS 131.


 Scenario BOSCH Algo rmappo Exp sweep_5_2_4 updates 135/347 episodes, total num timesteps 39168/100000, FPS 131.


 Scenario BOSCH Algo rmappo Exp sweep_5_2_4 updates 140/347 episodes, total num timesteps 40608/100000, FPS 131.


 Scenario BOSCH Algo rmappo Exp sweep_5_2_4 updates 145/347 episodes, total num timesteps 42048/100000, FPS 130.


 Scenario BOSCH Algo rmappo Exp sweep_5_2_4 updates 150/347 episodes, total num timesteps 43488/100000, FPS 130.


[EVAL] BOSCH MARL Inference Solving Time for 36 periods: 0.8492 seconds
eval average episode rewards of agent0: -4.2233667
eval average episode rewards of agent1: 0.4623765
eval average episode rewards of agent2: 0.8224667
eval average episode costs: Backlog: 0.00, Inventory: 33.25, Maintenance: 29.81, Production: 3484.70, Setup: 675.60, TOTAL: 4223.37

 Scenario BOSCH Algo rmappo Exp sweep_5_2_4 updates 155/347 episodes, total num timesteps 44928/100000, FPS 130.


 Scenario BOSCH Algo rmappo Exp sweep_5_2_4 updates 160/347 episodes, total num timesteps 46368/100000, FPS 129.


 Scenario BOSCH Algo rmappo Exp sweep_5_2_4 updates 165/347 episodes, total num timesteps 47808/100000, FPS 129.


 Scenario BOSCH Algo rmappo Exp sweep_5_2_4 updates 170/347 episodes, total num timesteps 49248/100000, FPS 129.


 Scenario BOSCH Algo rmappo Exp sweep_5_2_4 updates 175/347 episodes, total num timesteps 50688/100000, FPS 129.


 Scenario BOSCH Algo rmappo Exp sweep_5_2_4 updates 180/347 episodes, total num timesteps 52128/100000, FPS 129.


 Scenario BOSCH Algo rmappo Exp sweep_5_2_4 updates 185/347 episodes, total num timesteps 53568/100000, FPS 128.


 Scenario BOSCH Algo rmappo Exp sweep_5_2_4 updates 190/347 episodes, total num timesteps 55008/100000, FPS 128.


 Scenario BOSCH Algo rmappo Exp sweep_5_2_4 updates 195/347 episodes, total num timesteps 56448/100000, FPS 128.


 Scenario BOSCH Algo rmappo Exp sweep_5_2_4 updates 200/347 episodes, total num timesteps 57888/100000, FPS 127.


[EVAL] BOSCH MARL Inference Solving Time for 36 periods: 1.3208 seconds
eval average episode rewards of agent0: -5.2462983
eval average episode rewards of agent1: 0.80725896
eval average episode rewards of agent2: 0.40754882
eval average episode costs: Backlog: 0.00, Inventory: 14.00, Maintenance: 30.04, Production: 4275.20, Setup: 927.05, TOTAL: 5246.30

 Scenario BOSCH Algo rmappo Exp sweep_5_2_4 updates 205/347 episodes, total num timesteps 59328/100000, FPS 127.


 Scenario BOSCH Algo rmappo Exp sweep_5_2_4 updates 210/347 episodes, total num timesteps 60768/100000, FPS 127.


 Scenario BOSCH Algo rmappo Exp sweep_5_2_4 updates 215/347 episodes, total num timesteps 62208/100000, FPS 127.


 Scenario BOSCH Algo rmappo Exp sweep_5_2_4 updates 220/347 episodes, total num timesteps 63648/100000, FPS 126.


 Scenario BOSCH Algo rmappo Exp sweep_5_2_4 updates 225/347 episodes, total num timesteps 65088/100000, FPS 126.


 Scenario BOSCH Algo rmappo Exp sweep_5_2_4 updates 230/347 episodes, total num timesteps 66528/100000, FPS 126.


 Scenario BOSCH Algo rmappo Exp sweep_5_2_4 updates 235/347 episodes, total num timesteps 67968/100000, FPS 126.


 Scenario BOSCH Algo rmappo Exp sweep_5_2_4 updates 240/347 episodes, total num timesteps 69408/100000, FPS 126.


 Scenario BOSCH Algo rmappo Exp sweep_5_2_4 updates 245/347 episodes, total num timesteps 70848/100000, FPS 126.


 Scenario BOSCH Algo rmappo Exp sweep_5_2_4 updates 250/347 episodes, total num timesteps 72288/100000, FPS 126.


[EVAL] BOSCH MARL Inference Solving Time for 36 periods: 0.7570 seconds
eval average episode rewards of agent0: -4.74317
eval average episode rewards of agent1: 0.30135983
eval average episode rewards of agent2: 0.67116547
eval average episode costs: Backlog: 0.00, Inventory: 42.00, Maintenance: 26.88, Production: 3822.97, Setup: 851.32, TOTAL: 4743.17

 Scenario BOSCH Algo rmappo Exp sweep_5_2_4 updates 255/347 episodes, total num timesteps 73728/100000, FPS 126.


 Scenario BOSCH Algo rmappo Exp sweep_5_2_4 updates 260/347 episodes, total num timesteps 75168/100000, FPS 126.


 Scenario BOSCH Algo rmappo Exp sweep_5_2_4 updates 265/347 episodes, total num timesteps 76608/100000, FPS 126.


 Scenario BOSCH Algo rmappo Exp sweep_5_2_4 updates 270/347 episodes, total num timesteps 78048/100000, FPS 126.


 Scenario BOSCH Algo rmappo Exp sweep_5_2_4 updates 275/347 episodes, total num timesteps 79488/100000, FPS 125.


 Scenario BOSCH Algo rmappo Exp sweep_5_2_4 updates 280/347 episodes, total num timesteps 80928/100000, FPS 126.


 Scenario BOSCH Algo rmappo Exp sweep_5_2_4 updates 285/347 episodes, total num timesteps 82368/100000, FPS 125.


 Scenario BOSCH Algo rmappo Exp sweep_5_2_4 updates 290/347 episodes, total num timesteps 83808/100000, FPS 125.


 Scenario BOSCH Algo rmappo Exp sweep_5_2_4 updates 295/347 episodes, total num timesteps 85248/100000, FPS 125.


 Scenario BOSCH Algo rmappo Exp sweep_5_2_4 updates 300/347 episodes, total num timesteps 86688/100000, FPS 125.


[EVAL] BOSCH MARL Inference Solving Time for 36 periods: 1.1092 seconds
eval average episode rewards of agent0: -5.0336704
eval average episode rewards of agent1: 0.7035481
eval average episode rewards of agent2: 0.54173607
eval average episode costs: Backlog: 0.00, Inventory: 36.75, Maintenance: 34.29, Production: 4078.33, Setup: 884.30, TOTAL: 5033.67

 Scenario BOSCH Algo rmappo Exp sweep_5_2_4 updates 305/347 episodes, total num timesteps 88128/100000, FPS 125.


 Scenario BOSCH Algo rmappo Exp sweep_5_2_4 updates 310/347 episodes, total num timesteps 89568/100000, FPS 125.


 Scenario BOSCH Algo rmappo Exp sweep_5_2_4 updates 315/347 episodes, total num timesteps 91008/100000, FPS 125.


 Scenario BOSCH Algo rmappo Exp sweep_5_2_4 updates 320/347 episodes, total num timesteps 92448/100000, FPS 125.


 Scenario BOSCH Algo rmappo Exp sweep_5_2_4 updates 325/347 episodes, total num timesteps 93888/100000, FPS 124.


 Scenario BOSCH Algo rmappo Exp sweep_5_2_4 updates 330/347 episodes, total num timesteps 95328/100000, FPS 124.


 Scenario BOSCH Algo rmappo Exp sweep_5_2_4 updates 335/347 episodes, total num timesteps 96768/100000, FPS 124.


 Scenario BOSCH Algo rmappo Exp sweep_5_2_4 updates 340/347 episodes, total num timesteps 98208/100000, FPS 124.


 Scenario BOSCH Algo rmappo Exp sweep_5_2_4 updates 345/347 episodes, total num timesteps 99648/100000, FPS 124.

[1;34mwandb[0m: 
[1;34mwandb[0m: 🚀 View run [33mrmappo_sweep_5_2_4_seed1[0m at: [34mhttps://wandb.ai/tntvan-iac-instagram/thesis_14th-1-onpolicy_scripts_train_bosch_scripts/runs/00vn87fy[0m
2026-05-18 00:47:44,686 - wandb.wandb_agent - INFO - Cleaning up finished run: 00vn87fy
2026-05-18 00:47:46,002 - wandb.wandb_agent - INFO - Agent received command: run
2026-05-18 00:47:46,002 - wandb.wandb_agent - INFO - Agent starting run with config:
	activation_penalty: 20
	clip_param: 0.3119415324146711
	critic_lr: 0.0008727864425733065
	dense_production_reward: 2.436079847072448
	dense_setup_penalty: 2.9496848615010673
	entropy_coef: 0.09081154806202184
	gae_lambda: 0.9731317301425836
	gamma: 0.9974880404080524
	hidden_size: 256
	load_balance_penalty: 50
	lr: 2.407354391435083e-05
	ppo_epoch: 20
2026-05-18 00:47:46,008 - wandb.wandb_agent - INFO - About to run command: /usr/bin/env python3 /Users/nhi/thesis_14th-1/onpolicy/scripts/train_bosch_scripts/run_sweep.py --activation_penalty=20 --clip_param=0.3119415324146711 --critic_lr=0.0008727864425733065 --dense_production_reward=2.436079847072448 --dense_setup_penalty=2.9496848615010673 --entropy_coef=0.09081154806202184 --gae_lambda=0.9731317301425836 --gamma=0.9974880404080524 --hidden_size=256 --load_balance_penalty=50 --lr=2.407354391435083e-05 --ppo_epoch=20
wandb: [wandb.login()] Loaded credentials for https://api.wandb.ai from /Users/nhi/.netrc.
wandb: Currently logged in as: tntvan-iac (tntvan-iac-instagram) to https://api.wandb.ai. Use `wandb login --relogin` to force relogin
wandb: setting up run lxgz8cxb
wandb: Tracking run with wandb version 0.26.1
wandb: Run data is saved locally in /Users/nhi/thesis_14th-1/onpolicy/scripts/train_bosch_scripts/wandb/run-20260518_004747-lxgz8cxb
wandb: Run `wandb offline` to turn off syncing.
wandb: Syncing run rare-sweep-24
wandb: ⭐️ View project at https://wandb.ai/tntvan-iac-instagram/thesis_14th-1-onpolicy_scripts_train_bosch_scripts
wandb: 🧹 View sweep at https://wandb.ai/tntvan-iac-instagram/thesis_14th-1-onpolicy_scripts_train_bosch_scripts/sweeps/4p28qnnw
wandb: 🚀 View run at https://wandb.ai/tntvan-iac-instagram/thesis_14th-1-onpolicy_scripts_train_bosch_scripts/runs/lxgz8cxb
wandb: WARNING Ignoring project 'BOSCH' when running a sweep.
wandb: WARNING Ignoring entity 'tntvan-iac-instagram' when running a sweep.
wandb: Finishing previous runs because reinit is set to True.
wandb: updating run metadata; uploading console lines 0-0
wandb: uploading wandb-metadata.json; uploading requirements.txt; uploading output.log; uploading wandb-summary.json; uploading config.yaml
2026-05-18 00:47:51,015 - wandb.wandb_agent - INFO - Running runs: ['lxgz8cxb']
wandb: uploading wandb-metadata.json; uploading output.log; uploading wandb-summary.json
wandb: uploading summary, console lines 1-3
wandb: 🚀 View run rare-sweep-24 at: https://wandb.ai/tntvan-iac-instagram/thesis_14th-1-onpolicy_scripts_train_bosch_scripts/runs/lxgz8cxb
wandb: ⭐️ View project at: https://wandb.ai/tntvan-iac-instagram/thesis_14th-1-onpolicy_scripts_train_bosch_scripts
wandb: Synced 5 W&B file(s), 0 media file(s), 0 artifact file(s) and 0 other file(s)
wandb: Find logs at: ./wandb/run-20260518_004747-lxgz8cxb/logs
wandb: WARNING Using a boolean value for 'reinit' is deprecated. Use 'return_previous' or 'finish_previous' instead.
wandb: setting up run lxgz8cxb
wandb: Tracking run with wandb version 0.26.1
wandb: Run data is saved locally in results/BOSCH/rmappo/sweep_5_2_4/wandb/run-20260518_004749-lxgz8cxb
wandb: Run `wandb offline` to turn off syncing.
wandb: Syncing run rmappo_sweep_5_2_4_seed1
wandb: ⭐️ View project at https://wandb.ai/tntvan-iac-instagram/thesis_14th-1-onpolicy_scripts_train_bosch_scripts
wandb: 🧹 View sweep at https://wandb.ai/tntvan-iac-instagram/thesis_14th-1-onpolicy_scripts_train_bosch_scripts/sweeps/4p28qnnw
wandb: 🚀 View run at https://wandb.ai/tntvan-iac-instagram/thesis_14th-1-onpolicy_scripts_train_bosch_scripts/runs/lxgz8cxb
BOSCH: using multiprocessing start_method='fork' on macOS.
share_observation_space:  [Box(-inf, inf, (312,), float32), Box(-inf, inf, (312,), float32), Box(-inf, inf, (312,), float32)]
observation_space:  [Box(-inf, inf, (104,), float32), Box(-inf, inf, (104,), float32), Box(-inf, inf, (104,), float32)]
action_space:  [MultiDiscrete10, Discrete(7), Discrete(7)]
Using shared machine policy: agent 0 separate; agents 1..2 share.

 Scenario BOSCH Algo rmappo Exp sweep_5_2_4 updates 0/347 episodes, total num timesteps 288/100000, FPS 124.


[EVAL] BOSCH MARL Inference Solving Time for 36 periods: 0.3881 seconds
eval average episode rewards of agent0: -9.805887
eval average episode rewards of agent1: -0.7731664
eval average episode rewards of agent2: -0.6392676
eval average episode costs: Backlog: 5649.00, Inventory: 0.00, Maintenance: 729.39, Production: 1536.19, Setup: 167.43, TOTAL: 8082.01

 Scenario BOSCH Algo rmappo Exp sweep_5_2_4 updates 5/347 episodes, total num timesteps 1728/100000, FPS 122.


 Scenario BOSCH Algo rmappo Exp sweep_5_2_4 updates 10/347 episodes, total num timesteps 3168/100000, FPS 122.


 Scenario BOSCH Algo rmappo Exp sweep_5_2_4 updates 15/347 episodes, total num timesteps 4608/100000, FPS 122.


 Scenario BOSCH Algo rmappo Exp sweep_5_2_4 updates 20/347 episodes, total num timesteps 6048/100000, FPS 122.


 Scenario BOSCH Algo rmappo Exp sweep_5_2_4 updates 25/347 episodes, total num timesteps 7488/100000, FPS 121.


 Scenario BOSCH Algo rmappo Exp sweep_5_2_4 updates 30/347 episodes, total num timesteps 8928/100000, FPS 120.


 Scenario BOSCH Algo rmappo Exp sweep_5_2_4 updates 35/347 episodes, total num timesteps 10368/100000, FPS 119.


 Scenario BOSCH Algo rmappo Exp sweep_5_2_4 updates 40/347 episodes, total num timesteps 11808/100000, FPS 118.


 Scenario BOSCH Algo rmappo Exp sweep_5_2_4 updates 45/347 episodes, total num timesteps 13248/100000, FPS 117.


 Scenario BOSCH Algo rmappo Exp sweep_5_2_4 updates 50/347 episodes, total num timesteps 14688/100000, FPS 117.


[EVAL] BOSCH MARL Inference Solving Time for 36 periods: 0.7094 seconds
eval average episode rewards of agent0: -10.73843
eval average episode rewards of agent1: -0.4233725
eval average episode rewards of agent2: -0.7843732
eval average episode costs: Backlog: 0.00, Inventory: 36.75, Maintenance: 30.98, Production: 4256.18, Setup: 859.39, TOTAL: 5183.30

 Scenario BOSCH Algo rmappo Exp sweep_5_2_4 updates 55/347 episodes, total num timesteps 16128/100000, FPS 115.


 Scenario BOSCH Algo rmappo Exp sweep_5_2_4 updates 60/347 episodes, total num timesteps 17568/100000, FPS 115.


 Scenario BOSCH Algo rmappo Exp sweep_5_2_4 updates 65/347 episodes, total num timesteps 19008/100000, FPS 114.


 Scenario BOSCH Algo rmappo Exp sweep_5_2_4 updates 70/347 episodes, total num timesteps 20448/100000, FPS 114.


 Scenario BOSCH Algo rmappo Exp sweep_5_2_4 updates 75/347 episodes, total num timesteps 21888/100000, FPS 114.


 Scenario BOSCH Algo rmappo Exp sweep_5_2_4 updates 80/347 episodes, total num timesteps 23328/100000, FPS 114.


 Scenario BOSCH Algo rmappo Exp sweep_5_2_4 updates 85/347 episodes, total num timesteps 24768/100000, FPS 113.


 Scenario BOSCH Algo rmappo Exp sweep_5_2_4 updates 90/347 episodes, total num timesteps 26208/100000, FPS 113.


 Scenario BOSCH Algo rmappo Exp sweep_5_2_4 updates 95/347 episodes, total num timesteps 27648/100000, FPS 113.


 Scenario BOSCH Algo rmappo Exp sweep_5_2_4 updates 100/347 episodes, total num timesteps 29088/100000, FPS 113.


[EVAL] BOSCH MARL Inference Solving Time for 36 periods: 0.7067 seconds
eval average episode rewards of agent0: -10.223598
eval average episode rewards of agent1: -0.82257384
eval average episode rewards of agent2: -0.47678572
eval average episode costs: Backlog: 0.00, Inventory: 31.50, Maintenance: 21.79, Production: 3765.81, Setup: 863.92, TOTAL: 4683.02

 Scenario BOSCH Algo rmappo Exp sweep_5_2_4 updates 105/347 episodes, total num timesteps 30528/100000, FPS 112.


 Scenario BOSCH Algo rmappo Exp sweep_5_2_4 updates 110/347 episodes, total num timesteps 31968/100000, FPS 112.


 Scenario BOSCH Algo rmappo Exp sweep_5_2_4 updates 115/347 episodes, total num timesteps 33408/100000, FPS 112.


 Scenario BOSCH Algo rmappo Exp sweep_5_2_4 updates 120/347 episodes, total num timesteps 34848/100000, FPS 112.


 Scenario BOSCH Algo rmappo Exp sweep_5_2_4 updates 125/347 episodes, total num timesteps 36288/100000, FPS 112.


 Scenario BOSCH Algo rmappo Exp sweep_5_2_4 updates 130/347 episodes, total num timesteps 37728/100000, FPS 112.


 Scenario BOSCH Algo rmappo Exp sweep_5_2_4 updates 135/347 episodes, total num timesteps 39168/100000, FPS 112.


 Scenario BOSCH Algo rmappo Exp sweep_5_2_4 updates 140/347 episodes, total num timesteps 40608/100000, FPS 112.


 Scenario BOSCH Algo rmappo Exp sweep_5_2_4 updates 145/347 episodes, total num timesteps 42048/100000, FPS 112.


 Scenario BOSCH Algo rmappo Exp sweep_5_2_4 updates 150/347 episodes, total num timesteps 43488/100000, FPS 112.


[EVAL] BOSCH MARL Inference Solving Time for 36 periods: 0.7102 seconds
eval average episode rewards of agent0: -15.433741
eval average episode rewards of agent1: -0.21986386
eval average episode rewards of agent2: -0.5288495
eval average episode costs: Backlog: 0.00, Inventory: 33.25, Maintenance: 34.39, Production: 4225.85, Setup: 788.41, TOTAL: 5081.91

 Scenario BOSCH Algo rmappo Exp sweep_5_2_4 updates 155/347 episodes, total num timesteps 44928/100000, FPS 111.


 Scenario BOSCH Algo rmappo Exp sweep_5_2_4 updates 160/347 episodes, total num timesteps 46368/100000, FPS 111.


 Scenario BOSCH Algo rmappo Exp sweep_5_2_4 updates 165/347 episodes, total num timesteps 47808/100000, FPS 111.


 Scenario BOSCH Algo rmappo Exp sweep_5_2_4 updates 170/347 episodes, total num timesteps 49248/100000, FPS 111.


 Scenario BOSCH Algo rmappo Exp sweep_5_2_4 updates 175/347 episodes, total num timesteps 50688/100000, FPS 111.


 Scenario BOSCH Algo rmappo Exp sweep_5_2_4 updates 180/347 episodes, total num timesteps 52128/100000, FPS 111.


 Scenario BOSCH Algo rmappo Exp sweep_5_2_4 updates 185/347 episodes, total num timesteps 53568/100000, FPS 111.


 Scenario BOSCH Algo rmappo Exp sweep_5_2_4 updates 190/347 episodes, total num timesteps 55008/100000, FPS 111.


 Scenario BOSCH Algo rmappo Exp sweep_5_2_4 updates 195/347 episodes, total num timesteps 56448/100000, FPS 111.


 Scenario BOSCH Algo rmappo Exp sweep_5_2_4 updates 200/347 episodes, total num timesteps 57888/100000, FPS 111.


[EVAL] BOSCH MARL Inference Solving Time for 36 periods: 0.7140 seconds
eval average episode rewards of agent0: -10.980066
eval average episode rewards of agent1: -0.54990256
eval average episode rewards of agent2: -0.5169916
eval average episode costs: Backlog: 1536.50, Inventory: 14.00, Maintenance: 29.34, Production: 4342.27, Setup: 808.86, TOTAL: 6730.97

 Scenario BOSCH Algo rmappo Exp sweep_5_2_4 updates 205/347 episodes, total num timesteps 59328/100000, FPS 111.


 Scenario BOSCH Algo rmappo Exp sweep_5_2_4 updates 210/347 episodes, total num timesteps 60768/100000, FPS 111.


 Scenario BOSCH Algo rmappo Exp sweep_5_2_4 updates 215/347 episodes, total num timesteps 62208/100000, FPS 111.


 Scenario BOSCH Algo rmappo Exp sweep_5_2_4 updates 220/347 episodes, total num timesteps 63648/100000, FPS 111.


 Scenario BOSCH Algo rmappo Exp sweep_5_2_4 updates 225/347 episodes, total num timesteps 65088/100000, FPS 111.


 Scenario BOSCH Algo rmappo Exp sweep_5_2_4 updates 230/347 episodes, total num timesteps 66528/100000, FPS 111.


 Scenario BOSCH Algo rmappo Exp sweep_5_2_4 updates 235/347 episodes, total num timesteps 67968/100000, FPS 111.


 Scenario BOSCH Algo rmappo Exp sweep_5_2_4 updates 240/347 episodes, total num timesteps 69408/100000, FPS 111.


 Scenario BOSCH Algo rmappo Exp sweep_5_2_4 updates 245/347 episodes, total num timesteps 70848/100000, FPS 111.


 Scenario BOSCH Algo rmappo Exp sweep_5_2_4 updates 250/347 episodes, total num timesteps 72288/100000, FPS 112.


[EVAL] BOSCH MARL Inference Solving Time for 36 periods: 0.6164 seconds
eval average episode rewards of agent0: -12.126923
eval average episode rewards of agent1: -0.405214
eval average episode rewards of agent2: -0.6987641
eval average episode costs: Backlog: 948.50, Inventory: 26.25, Maintenance: 26.77, Production: 3861.79, Setup: 797.39, TOTAL: 5660.71

 Scenario BOSCH Algo rmappo Exp sweep_5_2_4 updates 255/347 episodes, total num timesteps 73728/100000, FPS 112.


 Scenario BOSCH Algo rmappo Exp sweep_5_2_4 updates 260/347 episodes, total num timesteps 75168/100000, FPS 112.


 Scenario BOSCH Algo rmappo Exp sweep_5_2_4 updates 265/347 episodes, total num timesteps 76608/100000, FPS 112.


 Scenario BOSCH Algo rmappo Exp sweep_5_2_4 updates 270/347 episodes, total num timesteps 78048/100000, FPS 112.


 Scenario BOSCH Algo rmappo Exp sweep_5_2_4 updates 275/347 episodes, total num timesteps 79488/100000, FPS 112.


 Scenario BOSCH Algo rmappo Exp sweep_5_2_4 updates 280/347 episodes, total num timesteps 80928/100000, FPS 112.


 Scenario BOSCH Algo rmappo Exp sweep_5_2_4 updates 285/347 episodes, total num timesteps 82368/100000, FPS 112.


 Scenario BOSCH Algo rmappo Exp sweep_5_2_4 updates 290/347 episodes, total num timesteps 83808/100000, FPS 112.


 Scenario BOSCH Algo rmappo Exp sweep_5_2_4 updates 295/347 episodes, total num timesteps 85248/100000, FPS 112.


 Scenario BOSCH Algo rmappo Exp sweep_5_2_4 updates 300/347 episodes, total num timesteps 86688/100000, FPS 112.


[EVAL] BOSCH MARL Inference Solving Time for 36 periods: 0.6273 seconds
eval average episode rewards of agent0: -11.311757
eval average episode rewards of agent1: -0.5053974
eval average episode rewards of agent2: -0.60599065
eval average episode costs: Backlog: 1358.00, Inventory: 36.75, Maintenance: 32.26, Production: 4108.03, Setup: 786.86, TOTAL: 6321.90

 Scenario BOSCH Algo rmappo Exp sweep_5_2_4 updates 305/347 episodes, total num timesteps 88128/100000, FPS 112.


 Scenario BOSCH Algo rmappo Exp sweep_5_2_4 updates 310/347 episodes, total num timesteps 89568/100000, FPS 112.


 Scenario BOSCH Algo rmappo Exp sweep_5_2_4 updates 315/347 episodes, total num timesteps 91008/100000, FPS 112.


 Scenario BOSCH Algo rmappo Exp sweep_5_2_4 updates 320/347 episodes, total num timesteps 92448/100000, FPS 112.


 Scenario BOSCH Algo rmappo Exp sweep_5_2_4 updates 325/347 episodes, total num timesteps 93888/100000, FPS 112.


 Scenario BOSCH Algo rmappo Exp sweep_5_2_4 updates 330/347 episodes, total num timesteps 95328/100000, FPS 112.


 Scenario BOSCH Algo rmappo Exp sweep_5_2_4 updates 335/347 episodes, total num timesteps 96768/100000, FPS 112.


 Scenario BOSCH Algo rmappo Exp sweep_5_2_4 updates 340/347 episodes, total num timesteps 98208/100000, FPS 112.


 Scenario BOSCH Algo rmappo Exp sweep_5_2_4 updates 345/347 episodes, total num timesteps 99648/100000, FPS 112.

[1;34mwandb[0m: 
[1;34mwandb[0m: 🚀 View run [33mrmappo_sweep_5_2_4_seed1[0m at: [34mhttps://wandb.ai/tntvan-iac-instagram/thesis_14th-1-onpolicy_scripts_train_bosch_scripts/runs/lxgz8cxb[0m
2026-05-18 01:02:47,622 - wandb.wandb_agent - INFO - Cleaning up finished run: lxgz8cxb
2026-05-18 01:02:49,233 - wandb.wandb_agent - INFO - Agent received command: run
2026-05-18 01:02:49,234 - wandb.wandb_agent - INFO - Agent starting run with config:
	activation_penalty: 5
	clip_param: 0.39958135359688696
	critic_lr: 2.2240664981004052e-05
	dense_production_reward: 0.8480712610219316
	dense_setup_penalty: 1.5847536695117437
	entropy_coef: 0.0016024269369306384
	gae_lambda: 0.9256239836235938
	gamma: 0.9981728336401362
	hidden_size: 256
	load_balance_penalty: 0
	lr: 4.247209739835832e-05
	ppo_epoch: 18
2026-05-18 01:02:49,239 - wandb.wandb_agent - INFO - About to run command: /usr/bin/env python3 /Users/nhi/thesis_14th-1/onpolicy/scripts/train_bosch_scripts/run_sweep.py --activation_penalty=5 --clip_param=0.39958135359688696 --critic_lr=2.2240664981004052e-05 --dense_production_reward=0.8480712610219316 --dense_setup_penalty=1.5847536695117437 --entropy_coef=0.0016024269369306384 --gae_lambda=0.9256239836235938 --gamma=0.9981728336401362 --hidden_size=256 --load_balance_penalty=0 --lr=4.247209739835832e-05 --ppo_epoch=18
wandb: [wandb.login()] Loaded credentials for https://api.wandb.ai from /Users/nhi/.netrc.
wandb: Currently logged in as: tntvan-iac (tntvan-iac-instagram) to https://api.wandb.ai. Use `wandb login --relogin` to force relogin
wandb: Tracking run with wandb version 0.26.1
wandb: Run data is saved locally in /Users/nhi/thesis_14th-1/onpolicy/scripts/train_bosch_scripts/wandb/run-20260518_010250-cmv70b2i
wandb: Run `wandb offline` to turn off syncing.
wandb: Syncing run glamorous-sweep-25
wandb: ⭐️ View project at https://wandb.ai/tntvan-iac-instagram/thesis_14th-1-onpolicy_scripts_train_bosch_scripts
wandb: 🧹 View sweep at https://wandb.ai/tntvan-iac-instagram/thesis_14th-1-onpolicy_scripts_train_bosch_scripts/sweeps/4p28qnnw
wandb: 🚀 View run at https://wandb.ai/tntvan-iac-instagram/thesis_14th-1-onpolicy_scripts_train_bosch_scripts/runs/cmv70b2i
wandb: WARNING Ignoring project 'BOSCH' when running a sweep.
wandb: WARNING Ignoring entity 'tntvan-iac-instagram' when running a sweep.
wandb: Finishing previous runs because reinit is set to True.
wandb: updating run metadata; uploading console lines 0-0
wandb: uploading wandb-metadata.json; uploading requirements.txt; uploading output.log; uploading wandb-summary.json; uploading config.yaml
2026-05-18 01:02:54,249 - wandb.wandb_agent - INFO - Running runs: ['cmv70b2i']
wandb: uploading summary, console lines 1-3
wandb: 🚀 View run glamorous-sweep-25 at: https://wandb.ai/tntvan-iac-instagram/thesis_14th-1-onpolicy_scripts_train_bosch_scripts/runs/cmv70b2i
wandb: ⭐️ View project at: https://wandb.ai/tntvan-iac-instagram/thesis_14th-1-onpolicy_scripts_train_bosch_scripts
wandb: Synced 5 W&B file(s), 0 media file(s), 0 artifact file(s) and 0 other file(s)
wandb: Find logs at: ./wandb/run-20260518_010250-cmv70b2i/logs
wandb: WARNING Using a boolean value for 'reinit' is deprecated. Use 'return_previous' or 'finish_previous' instead.
wandb: Tracking run with wandb version 0.26.1
wandb: Run data is saved locally in results/BOSCH/rmappo/sweep_5_2_4/wandb/run-20260518_010252-cmv70b2i
wandb: Run `wandb offline` to turn off syncing.
wandb: Syncing run rmappo_sweep_5_2_4_seed1
wandb: ⭐️ View project at https://wandb.ai/tntvan-iac-instagram/thesis_14th-1-onpolicy_scripts_train_bosch_scripts
wandb: 🧹 View sweep at https://wandb.ai/tntvan-iac-instagram/thesis_14th-1-onpolicy_scripts_train_bosch_scripts/sweeps/4p28qnnw
wandb: 🚀 View run at https://wandb.ai/tntvan-iac-instagram/thesis_14th-1-onpolicy_scripts_train_bosch_scripts/runs/cmv70b2i
BOSCH: using multiprocessing start_method='fork' on macOS.
share_observation_space:  [Box(-inf, inf, (312,), float32), Box(-inf, inf, (312,), float32), Box(-inf, inf, (312,), float32)]
observation_space:  [Box(-inf, inf, (104,), float32), Box(-inf, inf, (104,), float32), Box(-inf, inf, (104,), float32)]
action_space:  [MultiDiscrete10, Discrete(7), Discrete(7)]
Using shared machine policy: agent 0 separate; agents 1..2 share.

 Scenario BOSCH Algo rmappo Exp sweep_5_2_4 updates 0/347 episodes, total num timesteps 288/100000, FPS 130.


[EVAL] BOSCH MARL Inference Solving Time for 36 periods: 0.6562 seconds
eval average episode rewards of agent0: -9.410149
eval average episode rewards of agent1: -0.47355825
eval average episode rewards of agent2: -0.6583058
eval average episode costs: Backlog: 4707.50, Inventory: 42.00, Maintenance: 25.79, Production: 3786.55, Setup: 693.31, TOTAL: 9255.15

 Scenario BOSCH Algo rmappo Exp sweep_5_2_4 updates 5/347 episodes, total num timesteps 1728/100000, FPS 117.


 Scenario BOSCH Algo rmappo Exp sweep_5_2_4 updates 10/347 episodes, total num timesteps 3168/100000, FPS 114.


 Scenario BOSCH Algo rmappo Exp sweep_5_2_4 updates 15/347 episodes, total num timesteps 4608/100000, FPS 113.


 Scenario BOSCH Algo rmappo Exp sweep_5_2_4 updates 20/347 episodes, total num timesteps 6048/100000, FPS 112.


 Scenario BOSCH Algo rmappo Exp sweep_5_2_4 updates 25/347 episodes, total num timesteps 7488/100000, FPS 112.


 Scenario BOSCH Algo rmappo Exp sweep_5_2_4 updates 30/347 episodes, total num timesteps 8928/100000, FPS 111.


 Scenario BOSCH Algo rmappo Exp sweep_5_2_4 updates 35/347 episodes, total num timesteps 10368/100000, FPS 110.


 Scenario BOSCH Algo rmappo Exp sweep_5_2_4 updates 40/347 episodes, total num timesteps 11808/100000, FPS 108.


 Scenario BOSCH Algo rmappo Exp sweep_5_2_4 updates 45/347 episodes, total num timesteps 13248/100000, FPS 107.


 Scenario BOSCH Algo rmappo Exp sweep_5_2_4 updates 50/347 episodes, total num timesteps 14688/100000, FPS 106.


[EVAL] BOSCH MARL Inference Solving Time for 36 periods: 1.2460 seconds
eval average episode rewards of agent0: -4.339331
eval average episode rewards of agent1: -0.6303939
eval average episode rewards of agent2: -0.14728859
eval average episode costs: Backlog: 0.00, Inventory: 14.00, Maintenance: 25.42, Production: 3460.72, Setup: 694.19, TOTAL: 4194.33

 Scenario BOSCH Algo rmappo Exp sweep_5_2_4 updates 55/347 episodes, total num timesteps 16128/100000, FPS 104.


 Scenario BOSCH Algo rmappo Exp sweep_5_2_4 updates 60/347 episodes, total num timesteps 17568/100000, FPS 104.


 Scenario BOSCH Algo rmappo Exp sweep_5_2_4 updates 65/347 episodes, total num timesteps 19008/100000, FPS 103.


 Scenario BOSCH Algo rmappo Exp sweep_5_2_4 updates 70/347 episodes, total num timesteps 20448/100000, FPS 103.


 Scenario BOSCH Algo rmappo Exp sweep_5_2_4 updates 75/347 episodes, total num timesteps 21888/100000, FPS 103.


 Scenario BOSCH Algo rmappo Exp sweep_5_2_4 updates 80/347 episodes, total num timesteps 23328/100000, FPS 102.


 Scenario BOSCH Algo rmappo Exp sweep_5_2_4 updates 85/347 episodes, total num timesteps 24768/100000, FPS 102.


 Scenario BOSCH Algo rmappo Exp sweep_5_2_4 updates 90/347 episodes, total num timesteps 26208/100000, FPS 102.


 Scenario BOSCH Algo rmappo Exp sweep_5_2_4 updates 95/347 episodes, total num timesteps 27648/100000, FPS 102.


 Scenario BOSCH Algo rmappo Exp sweep_5_2_4 updates 100/347 episodes, total num timesteps 29088/100000, FPS 102.


[EVAL] BOSCH MARL Inference Solving Time for 36 periods: 0.7987 seconds
eval average episode rewards of agent0: -4.928842
eval average episode rewards of agent1: -0.4299694
eval average episode rewards of agent2: -0.43942404
eval average episode costs: Backlog: 0.00, Inventory: 42.00, Maintenance: 25.99, Production: 3869.08, Setup: 831.77, TOTAL: 4768.84

 Scenario BOSCH Algo rmappo Exp sweep_5_2_4 updates 105/347 episodes, total num timesteps 30528/100000, FPS 101.


 Scenario BOSCH Algo rmappo Exp sweep_5_2_4 updates 110/347 episodes, total num timesteps 31968/100000, FPS 101.


 Scenario BOSCH Algo rmappo Exp sweep_5_2_4 updates 115/347 episodes, total num timesteps 33408/100000, FPS 101.


 Scenario BOSCH Algo rmappo Exp sweep_5_2_4 updates 120/347 episodes, total num timesteps 34848/100000, FPS 100.


 Scenario BOSCH Algo rmappo Exp sweep_5_2_4 updates 125/347 episodes, total num timesteps 36288/100000, FPS 100.


 Scenario BOSCH Algo rmappo Exp sweep_5_2_4 updates 130/347 episodes, total num timesteps 37728/100000, FPS 100.


 Scenario BOSCH Algo rmappo Exp sweep_5_2_4 updates 135/347 episodes, total num timesteps 39168/100000, FPS 100.


 Scenario BOSCH Algo rmappo Exp sweep_5_2_4 updates 140/347 episodes, total num timesteps 40608/100000, FPS 100.


 Scenario BOSCH Algo rmappo Exp sweep_5_2_4 updates 145/347 episodes, total num timesteps 42048/100000, FPS 100.


 Scenario BOSCH Algo rmappo Exp sweep_5_2_4 updates 150/347 episodes, total num timesteps 43488/100000, FPS 100.


[EVAL] BOSCH MARL Inference Solving Time for 36 periods: 0.9581 seconds
eval average episode rewards of agent0: -5.122866
eval average episode rewards of agent1: -0.53409094
eval average episode rewards of agent2: -0.28666952
eval average episode costs: Backlog: 0.00, Inventory: 36.75, Maintenance: 33.79, Production: 4049.97, Setup: 837.35, TOTAL: 4957.87

 Scenario BOSCH Algo rmappo Exp sweep_5_2_4 updates 155/347 episodes, total num timesteps 44928/100000, FPS 99.


 Scenario BOSCH Algo rmappo Exp sweep_5_2_4 updates 160/347 episodes, total num timesteps 46368/100000, FPS 100.


 Scenario BOSCH Algo rmappo Exp sweep_5_2_4 updates 165/347 episodes, total num timesteps 47808/100000, FPS 99.


 Scenario BOSCH Algo rmappo Exp sweep_5_2_4 updates 170/347 episodes, total num timesteps 49248/100000, FPS 99.


 Scenario BOSCH Algo rmappo Exp sweep_5_2_4 updates 175/347 episodes, total num timesteps 50688/100000, FPS 99.


 Scenario BOSCH Algo rmappo Exp sweep_5_2_4 updates 180/347 episodes, total num timesteps 52128/100000, FPS 99.


 Scenario BOSCH Algo rmappo Exp sweep_5_2_4 updates 185/347 episodes, total num timesteps 53568/100000, FPS 99.


 Scenario BOSCH Algo rmappo Exp sweep_5_2_4 updates 190/347 episodes, total num timesteps 55008/100000, FPS 99.


 Scenario BOSCH Algo rmappo Exp sweep_5_2_4 updates 195/347 episodes, total num timesteps 56448/100000, FPS 100.


 Scenario BOSCH Algo rmappo Exp sweep_5_2_4 updates 200/347 episodes, total num timesteps 57888/100000, FPS 99.


[EVAL] BOSCH MARL Inference Solving Time for 36 periods: 1.1944 seconds
eval average episode rewards of agent0: -4.77778
eval average episode rewards of agent1: -0.5308016
eval average episode rewards of agent2: -0.27780518
eval average episode costs: Backlog: 0.00, Inventory: 31.50, Maintenance: 21.13, Production: 3755.46, Setup: 804.69, TOTAL: 4612.78

 Scenario BOSCH Algo rmappo Exp sweep_5_2_4 updates 205/347 episodes, total num timesteps 59328/100000, FPS 99.


 Scenario BOSCH Algo rmappo Exp sweep_5_2_4 updates 210/347 episodes, total num timesteps 60768/100000, FPS 99.


 Scenario BOSCH Algo rmappo Exp sweep_5_2_4 updates 215/347 episodes, total num timesteps 62208/100000, FPS 99.


 Scenario BOSCH Algo rmappo Exp sweep_5_2_4 updates 220/347 episodes, total num timesteps 63648/100000, FPS 99.


 Scenario BOSCH Algo rmappo Exp sweep_5_2_4 updates 225/347 episodes, total num timesteps 65088/100000, FPS 99.


 Scenario BOSCH Algo rmappo Exp sweep_5_2_4 updates 230/347 episodes, total num timesteps 66528/100000, FPS 99.


 Scenario BOSCH Algo rmappo Exp sweep_5_2_4 updates 235/347 episodes, total num timesteps 67968/100000, FPS 99.


 Scenario BOSCH Algo rmappo Exp sweep_5_2_4 updates 240/347 episodes, total num timesteps 69408/100000, FPS 99.


 Scenario BOSCH Algo rmappo Exp sweep_5_2_4 updates 245/347 episodes, total num timesteps 70848/100000, FPS 99.


 Scenario BOSCH Algo rmappo Exp sweep_5_2_4 updates 250/347 episodes, total num timesteps 72288/100000, FPS 99.


[EVAL] BOSCH MARL Inference Solving Time for 36 periods: 0.8308 seconds
eval average episode rewards of agent0: -5.203559
eval average episode rewards of agent1: -0.19084105
eval average episode rewards of agent2: -0.5128633
eval average episode costs: Backlog: 0.00, Inventory: 33.25, Maintenance: 33.96, Production: 4210.09, Setup: 766.26, TOTAL: 5043.56

 Scenario BOSCH Algo rmappo Exp sweep_5_2_4 updates 255/347 episodes, total num timesteps 73728/100000, FPS 99.


 Scenario BOSCH Algo rmappo Exp sweep_5_2_4 updates 260/347 episodes, total num timesteps 75168/100000, FPS 99.


 Scenario BOSCH Algo rmappo Exp sweep_5_2_4 updates 265/347 episodes, total num timesteps 76608/100000, FPS 99.


 Scenario BOSCH Algo rmappo Exp sweep_5_2_4 updates 270/347 episodes, total num timesteps 78048/100000, FPS 99.


 Scenario BOSCH Algo rmappo Exp sweep_5_2_4 updates 275/347 episodes, total num timesteps 79488/100000, FPS 99.


 Scenario BOSCH Algo rmappo Exp sweep_5_2_4 updates 280/347 episodes, total num timesteps 80928/100000, FPS 99.


 Scenario BOSCH Algo rmappo Exp sweep_5_2_4 updates 285/347 episodes, total num timesteps 82368/100000, FPS 99.


 Scenario BOSCH Algo rmappo Exp sweep_5_2_4 updates 290/347 episodes, total num timesteps 83808/100000, FPS 99.


 Scenario BOSCH Algo rmappo Exp sweep_5_2_4 updates 295/347 episodes, total num timesteps 85248/100000, FPS 99.


 Scenario BOSCH Algo rmappo Exp sweep_5_2_4 updates 300/347 episodes, total num timesteps 86688/100000, FPS 99.


[EVAL] BOSCH MARL Inference Solving Time for 36 periods: 1.0777 seconds
eval average episode rewards of agent0: -4.2740927
eval average episode rewards of agent1: -0.5257916
eval average episode rewards of agent2: -0.10653819
eval average episode costs: Backlog: 0.00, Inventory: 14.00, Maintenance: 25.43, Production: 3459.03, Setup: 630.63, TOTAL: 4129.09

 Scenario BOSCH Algo rmappo Exp sweep_5_2_4 updates 305/347 episodes, total num timesteps 88128/100000, FPS 99.


 Scenario BOSCH Algo rmappo Exp sweep_5_2_4 updates 310/347 episodes, total num timesteps 89568/100000, FPS 99.


 Scenario BOSCH Algo rmappo Exp sweep_5_2_4 updates 315/347 episodes, total num timesteps 91008/100000, FPS 99.


 Scenario BOSCH Algo rmappo Exp sweep_5_2_4 updates 320/347 episodes, total num timesteps 92448/100000, FPS 99.


 Scenario BOSCH Algo rmappo Exp sweep_5_2_4 updates 325/347 episodes, total num timesteps 93888/100000, FPS 99.


 Scenario BOSCH Algo rmappo Exp sweep_5_2_4 updates 330/347 episodes, total num timesteps 95328/100000, FPS 99.


 Scenario BOSCH Algo rmappo Exp sweep_5_2_4 updates 335/347 episodes, total num timesteps 96768/100000, FPS 99.


 Scenario BOSCH Algo rmappo Exp sweep_5_2_4 updates 340/347 episodes, total num timesteps 98208/100000, FPS 99.


 Scenario BOSCH Algo rmappo Exp sweep_5_2_4 updates 345/347 episodes, total num timesteps 99648/100000, FPS 99.

[1;34mwandb[0m: 
[1;34mwandb[0m: 🚀 View run [33mrmappo_sweep_5_2_4_seed1[0m at: [34mhttps://wandb.ai/tntvan-iac-instagram/thesis_14th-1-onpolicy_scripts_train_bosch_scripts/runs/cmv70b2i[0m
2026-05-18 01:19:47,470 - wandb.wandb_agent - INFO - Cleaning up finished run: cmv70b2i
2026-05-18 01:19:48,538 - wandb.wandb_agent - INFO - Agent received command: run
2026-05-18 01:19:48,538 - wandb.wandb_agent - INFO - Agent starting run with config:
	activation_penalty: 20
	clip_param: 0.31408902972859615
	critic_lr: 0.00024931153101032273
	dense_production_reward: 0.6298448857522344
	dense_setup_penalty: 0.6514592993606915
	entropy_coef: 0.013749847576977984
	gae_lambda: 0.9591860487335884
	gamma: 0.992493175812677
	hidden_size: 128
	load_balance_penalty: 0
	lr: 2.272280266946621e-05
	ppo_epoch: 18
2026-05-18 01:19:48,543 - wandb.wandb_agent - INFO - About to run command: /usr/bin/env python3 /Users/nhi/thesis_14th-1/onpolicy/scripts/train_bosch_scripts/run_sweep.py --activation_penalty=20 --clip_param=0.31408902972859615 --critic_lr=0.00024931153101032273 --dense_production_reward=0.6298448857522344 --dense_setup_penalty=0.6514592993606915 --entropy_coef=0.013749847576977984 --gae_lambda=0.9591860487335884 --gamma=0.992493175812677 --hidden_size=128 --load_balance_penalty=0 --lr=2.272280266946621e-05 --ppo_epoch=18
wandb: [wandb.login()] Loaded credentials for https://api.wandb.ai from /Users/nhi/.netrc.
wandb: Currently logged in as: tntvan-iac (tntvan-iac-instagram) to https://api.wandb.ai. Use `wandb login --relogin` to force relogin
wandb: Tracking run with wandb version 0.26.1
wandb: Run data is saved locally in /Users/nhi/thesis_14th-1/onpolicy/scripts/train_bosch_scripts/wandb/run-20260518_011950-owmaikz9
wandb: Run `wandb offline` to turn off syncing.
wandb: Syncing run hardy-sweep-26
wandb: ⭐️ View project at https://wandb.ai/tntvan-iac-instagram/thesis_14th-1-onpolicy_scripts_train_bosch_scripts
wandb: 🧹 View sweep at https://wandb.ai/tntvan-iac-instagram/thesis_14th-1-onpolicy_scripts_train_bosch_scripts/sweeps/4p28qnnw
wandb: 🚀 View run at https://wandb.ai/tntvan-iac-instagram/thesis_14th-1-onpolicy_scripts_train_bosch_scripts/runs/owmaikz9
wandb: WARNING Ignoring project 'BOSCH' when running a sweep.
wandb: WARNING Ignoring entity 'tntvan-iac-instagram' when running a sweep.
wandb: Finishing previous runs because reinit is set to True.
wandb: updating run metadata; uploading console lines 0-0
2026-05-18 01:19:53,554 - wandb.wandb_agent - INFO - Running runs: ['owmaikz9']
wandb: uploading wandb-metadata.json; uploading requirements.txt; uploading output.log; uploading wandb-summary.json; uploading config.yaml
wandb: uploading config.yaml
wandb: uploading summary, console lines 0-3
wandb: 🚀 View run hardy-sweep-26 at: https://wandb.ai/tntvan-iac-instagram/thesis_14th-1-onpolicy_scripts_train_bosch_scripts/runs/owmaikz9
wandb: ⭐️ View project at: https://wandb.ai/tntvan-iac-instagram/thesis_14th-1-onpolicy_scripts_train_bosch_scripts
wandb: Synced 5 W&B file(s), 0 media file(s), 0 artifact file(s) and 0 other file(s)
wandb: Find logs at: ./wandb/run-20260518_011950-owmaikz9/logs
wandb: WARNING Using a boolean value for 'reinit' is deprecated. Use 'return_previous' or 'finish_previous' instead.
wandb: Tracking run with wandb version 0.26.1
wandb: Run data is saved locally in results/BOSCH/rmappo/sweep_5_2_4/wandb/run-20260518_011952-owmaikz9
wandb: Run `wandb offline` to turn off syncing.
wandb: Syncing run rmappo_sweep_5_2_4_seed1
wandb: ⭐️ View project at https://wandb.ai/tntvan-iac-instagram/thesis_14th-1-onpolicy_scripts_train_bosch_scripts
wandb: 🧹 View sweep at https://wandb.ai/tntvan-iac-instagram/thesis_14th-1-onpolicy_scripts_train_bosch_scripts/sweeps/4p28qnnw
wandb: 🚀 View run at https://wandb.ai/tntvan-iac-instagram/thesis_14th-1-onpolicy_scripts_train_bosch_scripts/runs/owmaikz9
BOSCH: using multiprocessing start_method='fork' on macOS.
share_observation_space:  [Box(-inf, inf, (312,), float32), Box(-inf, inf, (312,), float32), Box(-inf, inf, (312,), float32)]
observation_space:  [Box(-inf, inf, (104,), float32), Box(-inf, inf, (104,), float32), Box(-inf, inf, (104,), float32)]
action_space:  [MultiDiscrete10, Discrete(7), Discrete(7)]
Using shared machine policy: agent 0 separate; agents 1..2 share.

 Scenario BOSCH Algo rmappo Exp sweep_5_2_4 updates 0/347 episodes, total num timesteps 288/100000, FPS 175.


[EVAL] BOSCH MARL Inference Solving Time for 36 periods: 0.4371 seconds
eval average episode rewards of agent0: -10.06982
eval average episode rewards of agent1: -0.56464684
eval average episode rewards of agent2: -0.5297561
eval average episode costs: Backlog: 6539.75, Inventory: 0.00, Maintenance: 436.33, Production: 2376.23, Setup: 337.50, TOTAL: 9689.82

 Scenario BOSCH Algo rmappo Exp sweep_5_2_4 updates 5/347 episodes, total num timesteps 1728/100000, FPS 147.


 Scenario BOSCH Algo rmappo Exp sweep_5_2_4 updates 10/347 episodes, total num timesteps 3168/100000, FPS 148.


 Scenario BOSCH Algo rmappo Exp sweep_5_2_4 updates 15/347 episodes, total num timesteps 4608/100000, FPS 145.


 Scenario BOSCH Algo rmappo Exp sweep_5_2_4 updates 20/347 episodes, total num timesteps 6048/100000, FPS 142.


 Scenario BOSCH Algo rmappo Exp sweep_5_2_4 updates 25/347 episodes, total num timesteps 7488/100000, FPS 141.


 Scenario BOSCH Algo rmappo Exp sweep_5_2_4 updates 30/347 episodes, total num timesteps 8928/100000, FPS 138.


 Scenario BOSCH Algo rmappo Exp sweep_5_2_4 updates 35/347 episodes, total num timesteps 10368/100000, FPS 137.


 Scenario BOSCH Algo rmappo Exp sweep_5_2_4 updates 40/347 episodes, total num timesteps 11808/100000, FPS 134.


 Scenario BOSCH Algo rmappo Exp sweep_5_2_4 updates 45/347 episodes, total num timesteps 13248/100000, FPS 132.


 Scenario BOSCH Algo rmappo Exp sweep_5_2_4 updates 50/347 episodes, total num timesteps 14688/100000, FPS 130.


[EVAL] BOSCH MARL Inference Solving Time for 36 periods: 1.0998 seconds
eval average episode rewards of agent0: -5.6138945
eval average episode rewards of agent1: -0.10915272
eval average episode rewards of agent2: -0.05366937
eval average episode costs: Backlog: 0.00, Inventory: 36.75, Maintenance: 33.94, Production: 4045.32, Setup: 837.89, TOTAL: 4953.90

 Scenario BOSCH Algo rmappo Exp sweep_5_2_4 updates 55/347 episodes, total num timesteps 16128/100000, FPS 127.


 Scenario BOSCH Algo rmappo Exp sweep_5_2_4 updates 60/347 episodes, total num timesteps 17568/100000, FPS 126.


 Scenario BOSCH Algo rmappo Exp sweep_5_2_4 updates 65/347 episodes, total num timesteps 19008/100000, FPS 125.


 Scenario BOSCH Algo rmappo Exp sweep_5_2_4 updates 70/347 episodes, total num timesteps 20448/100000, FPS 124.


 Scenario BOSCH Algo rmappo Exp sweep_5_2_4 updates 75/347 episodes, total num timesteps 21888/100000, FPS 123.


 Scenario BOSCH Algo rmappo Exp sweep_5_2_4 updates 80/347 episodes, total num timesteps 23328/100000, FPS 123.


 Scenario BOSCH Algo rmappo Exp sweep_5_2_4 updates 85/347 episodes, total num timesteps 24768/100000, FPS 122.


 Scenario BOSCH Algo rmappo Exp sweep_5_2_4 updates 90/347 episodes, total num timesteps 26208/100000, FPS 121.


 Scenario BOSCH Algo rmappo Exp sweep_5_2_4 updates 95/347 episodes, total num timesteps 27648/100000, FPS 121.


 Scenario BOSCH Algo rmappo Exp sweep_5_2_4 updates 100/347 episodes, total num timesteps 29088/100000, FPS 121.


[EVAL] BOSCH MARL Inference Solving Time for 36 periods: 1.0229 seconds
eval average episode rewards of agent0: -5.2955446
eval average episode rewards of agent1: -0.13341181
eval average episode rewards of agent2: -0.0789335
eval average episode costs: Backlog: 0.00, Inventory: 31.50, Maintenance: 21.28, Production: 3734.21, Setup: 848.56, TOTAL: 4635.54

 Scenario BOSCH Algo rmappo Exp sweep_5_2_4 updates 105/347 episodes, total num timesteps 30528/100000, FPS 120.


 Scenario BOSCH Algo rmappo Exp sweep_5_2_4 updates 110/347 episodes, total num timesteps 31968/100000, FPS 119.


 Scenario BOSCH Algo rmappo Exp sweep_5_2_4 updates 115/347 episodes, total num timesteps 33408/100000, FPS 119.


 Scenario BOSCH Algo rmappo Exp sweep_5_2_4 updates 120/347 episodes, total num timesteps 34848/100000, FPS 119.


 Scenario BOSCH Algo rmappo Exp sweep_5_2_4 updates 125/347 episodes, total num timesteps 36288/100000, FPS 119.


 Scenario BOSCH Algo rmappo Exp sweep_5_2_4 updates 130/347 episodes, total num timesteps 37728/100000, FPS 119.


 Scenario BOSCH Algo rmappo Exp sweep_5_2_4 updates 135/347 episodes, total num timesteps 39168/100000, FPS 118.


 Scenario BOSCH Algo rmappo Exp sweep_5_2_4 updates 140/347 episodes, total num timesteps 40608/100000, FPS 118.


 Scenario BOSCH Algo rmappo Exp sweep_5_2_4 updates 145/347 episodes, total num timesteps 42048/100000, FPS 118.


 Scenario BOSCH Algo rmappo Exp sweep_5_2_4 updates 150/347 episodes, total num timesteps 43488/100000, FPS 118.


[EVAL] BOSCH MARL Inference Solving Time for 36 periods: 0.7904 seconds
eval average episode rewards of agent0: -5.712435
eval average episode rewards of agent1: -0.012803713
eval average episode rewards of agent2: -0.1433143
eval average episode costs: Backlog: 0.00, Inventory: 33.25, Maintenance: 34.13, Production: 4186.48, Setup: 818.58, TOTAL: 5072.43

 Scenario BOSCH Algo rmappo Exp sweep_5_2_4 updates 155/347 episodes, total num timesteps 44928/100000, FPS 118.


 Scenario BOSCH Algo rmappo Exp sweep_5_2_4 updates 160/347 episodes, total num timesteps 46368/100000, FPS 118.


 Scenario BOSCH Algo rmappo Exp sweep_5_2_4 updates 165/347 episodes, total num timesteps 47808/100000, FPS 118.


 Scenario BOSCH Algo rmappo Exp sweep_5_2_4 updates 170/347 episodes, total num timesteps 49248/100000, FPS 118.


 Scenario BOSCH Algo rmappo Exp sweep_5_2_4 updates 175/347 episodes, total num timesteps 50688/100000, FPS 118.


 Scenario BOSCH Algo rmappo Exp sweep_5_2_4 updates 180/347 episodes, total num timesteps 52128/100000, FPS 118.


 Scenario BOSCH Algo rmappo Exp sweep_5_2_4 updates 185/347 episodes, total num timesteps 53568/100000, FPS 118.


 Scenario BOSCH Algo rmappo Exp sweep_5_2_4 updates 190/347 episodes, total num timesteps 55008/100000, FPS 118.


 Scenario BOSCH Algo rmappo Exp sweep_5_2_4 updates 195/347 episodes, total num timesteps 56448/100000, FPS 118.


 Scenario BOSCH Algo rmappo Exp sweep_5_2_4 updates 200/347 episodes, total num timesteps 57888/100000, FPS 118.


[EVAL] BOSCH MARL Inference Solving Time for 36 periods: 1.1317 seconds
eval average episode rewards of agent0: -5.9632483
eval average episode rewards of agent1: -0.12779845
eval average episode rewards of agent2: -0.118827954
eval average episode costs: Backlog: 0.00, Inventory: 14.00, Maintenance: 30.15, Production: 4273.76, Setup: 965.35, TOTAL: 5283.25

 Scenario BOSCH Algo rmappo Exp sweep_5_2_4 updates 205/347 episodes, total num timesteps 59328/100000, FPS 118.


 Scenario BOSCH Algo rmappo Exp sweep_5_2_4 updates 210/347 episodes, total num timesteps 60768/100000, FPS 117.


 Scenario BOSCH Algo rmappo Exp sweep_5_2_4 updates 215/347 episodes, total num timesteps 62208/100000, FPS 118.


 Scenario BOSCH Algo rmappo Exp sweep_5_2_4 updates 220/347 episodes, total num timesteps 63648/100000, FPS 118.


 Scenario BOSCH Algo rmappo Exp sweep_5_2_4 updates 225/347 episodes, total num timesteps 65088/100000, FPS 117.


 Scenario BOSCH Algo rmappo Exp sweep_5_2_4 updates 230/347 episodes, total num timesteps 66528/100000, FPS 117.


 Scenario BOSCH Algo rmappo Exp sweep_5_2_4 updates 235/347 episodes, total num timesteps 67968/100000, FPS 117.


 Scenario BOSCH Algo rmappo Exp sweep_5_2_4 updates 240/347 episodes, total num timesteps 69408/100000, FPS 117.


 Scenario BOSCH Algo rmappo Exp sweep_5_2_4 updates 245/347 episodes, total num timesteps 70848/100000, FPS 117.


 Scenario BOSCH Algo rmappo Exp sweep_5_2_4 updates 250/347 episodes, total num timesteps 72288/100000, FPS 117.


[EVAL] BOSCH MARL Inference Solving Time for 36 periods: 0.7708 seconds
eval average episode rewards of agent0: -5.386843
eval average episode rewards of agent1: -0.08937356
eval average episode rewards of agent2: -0.13112086
eval average episode costs: Backlog: 0.00, Inventory: 42.00, Maintenance: 26.71, Production: 3827.18, Setup: 850.95, TOTAL: 4746.84

 Scenario BOSCH Algo rmappo Exp sweep_5_2_4 updates 255/347 episodes, total num timesteps 73728/100000, FPS 117.


 Scenario BOSCH Algo rmappo Exp sweep_5_2_4 updates 260/347 episodes, total num timesteps 75168/100000, FPS 117.


 Scenario BOSCH Algo rmappo Exp sweep_5_2_4 updates 265/347 episodes, total num timesteps 76608/100000, FPS 117.


 Scenario BOSCH Algo rmappo Exp sweep_5_2_4 updates 270/347 episodes, total num timesteps 78048/100000, FPS 117.


 Scenario BOSCH Algo rmappo Exp sweep_5_2_4 updates 275/347 episodes, total num timesteps 79488/100000, FPS 117.


 Scenario BOSCH Algo rmappo Exp sweep_5_2_4 updates 280/347 episodes, total num timesteps 80928/100000, FPS 117.


 Scenario BOSCH Algo rmappo Exp sweep_5_2_4 updates 285/347 episodes, total num timesteps 82368/100000, FPS 117.


 Scenario BOSCH Algo rmappo Exp sweep_5_2_4 updates 290/347 episodes, total num timesteps 83808/100000, FPS 117.


 Scenario BOSCH Algo rmappo Exp sweep_5_2_4 updates 295/347 episodes, total num timesteps 85248/100000, FPS 117.


 Scenario BOSCH Algo rmappo Exp sweep_5_2_4 updates 300/347 episodes, total num timesteps 86688/100000, FPS 117.


[EVAL] BOSCH MARL Inference Solving Time for 36 periods: 1.0006 seconds
eval average episode rewards of agent0: -5.679034
eval average episode rewards of agent1: -0.058223672
eval average episode rewards of agent2: -0.14060467
eval average episode costs: Backlog: 0.00, Inventory: 36.75, Maintenance: 34.29, Production: 4078.33, Setup: 869.66, TOTAL: 5019.03

 Scenario BOSCH Algo rmappo Exp sweep_5_2_4 updates 305/347 episodes, total num timesteps 88128/100000, FPS 117.


 Scenario BOSCH Algo rmappo Exp sweep_5_2_4 updates 310/347 episodes, total num timesteps 89568/100000, FPS 117.


 Scenario BOSCH Algo rmappo Exp sweep_5_2_4 updates 315/347 episodes, total num timesteps 91008/100000, FPS 117.


 Scenario BOSCH Algo rmappo Exp sweep_5_2_4 updates 320/347 episodes, total num timesteps 92448/100000, FPS 117.


 Scenario BOSCH Algo rmappo Exp sweep_5_2_4 updates 325/347 episodes, total num timesteps 93888/100000, FPS 117.


 Scenario BOSCH Algo rmappo Exp sweep_5_2_4 updates 330/347 episodes, total num timesteps 95328/100000, FPS 117.


 Scenario BOSCH Algo rmappo Exp sweep_5_2_4 updates 335/347 episodes, total num timesteps 96768/100000, FPS 117.


 Scenario BOSCH Algo rmappo Exp sweep_5_2_4 updates 340/347 episodes, total num timesteps 98208/100000, FPS 117.


 Scenario BOSCH Algo rmappo Exp sweep_5_2_4 updates 345/347 episodes, total num timesteps 99648/100000, FPS 117.

[1;34mwandb[0m: 
[1;34mwandb[0m: 🚀 View run [33mrmappo_sweep_5_2_4_seed1[0m at: [34mhttps://wandb.ai/tntvan-iac-instagram/thesis_14th-1-onpolicy_scripts_train_bosch_scripts/runs/owmaikz9[0m
2026-05-18 01:34:09,956 - wandb.wandb_agent - INFO - Cleaning up finished run: owmaikz9
2026-05-18 01:34:10,726 - wandb.wandb_agent - INFO - Agent received command: run
2026-05-18 01:34:10,727 - wandb.wandb_agent - INFO - Agent starting run with config:
	activation_penalty: 10
	clip_param: 0.3838428011842509
	critic_lr: 1.9171427079378908e-05
	dense_production_reward: 2.259995821082443
	dense_setup_penalty: 0.5069735419325925
	entropy_coef: 0.007125061448787101
	gae_lambda: 0.9017678822206882
	gamma: 0.9816602912139676
	hidden_size: 256
	load_balance_penalty: 0
	lr: 1.2864376146279118e-05
	ppo_epoch: 20
2026-05-18 01:34:10,733 - wandb.wandb_agent - INFO - About to run command: /usr/bin/env python3 /Users/nhi/thesis_14th-1/onpolicy/scripts/train_bosch_scripts/run_sweep.py --activation_penalty=10 --clip_param=0.3838428011842509 --critic_lr=1.9171427079378908e-05 --dense_production_reward=2.259995821082443 --dense_setup_penalty=0.5069735419325925 --entropy_coef=0.007125061448787101 --gae_lambda=0.9017678822206882 --gamma=0.9816602912139676 --hidden_size=256 --load_balance_penalty=0 --lr=1.2864376146279118e-05 --ppo_epoch=20
wandb: [wandb.login()] Loaded credentials for https://api.wandb.ai from /Users/nhi/.netrc.
wandb: Currently logged in as: tntvan-iac (tntvan-iac-instagram) to https://api.wandb.ai. Use `wandb login --relogin` to force relogin
wandb: Tracking run with wandb version 0.26.1
wandb: Run data is saved locally in /Users/nhi/thesis_14th-1/onpolicy/scripts/train_bosch_scripts/wandb/run-20260518_013411-kjegp2ss
wandb: Run `wandb offline` to turn off syncing.
wandb: Syncing run worthy-sweep-27
wandb: ⭐️ View project at https://wandb.ai/tntvan-iac-instagram/thesis_14th-1-onpolicy_scripts_train_bosch_scripts
wandb: 🧹 View sweep at https://wandb.ai/tntvan-iac-instagram/thesis_14th-1-onpolicy_scripts_train_bosch_scripts/sweeps/4p28qnnw
wandb: 🚀 View run at https://wandb.ai/tntvan-iac-instagram/thesis_14th-1-onpolicy_scripts_train_bosch_scripts/runs/kjegp2ss
wandb: WARNING Ignoring project 'BOSCH' when running a sweep.
wandb: WARNING Ignoring entity 'tntvan-iac-instagram' when running a sweep.
wandb: Finishing previous runs because reinit is set to True.
wandb: updating run metadata; uploading console lines 0-0
wandb: uploading wandb-metadata.json; uploading requirements.txt; uploading output.log; uploading wandb-summary.json; uploading config.yaml
2026-05-18 01:34:15,744 - wandb.wandb_agent - INFO - Running runs: ['kjegp2ss']
wandb: uploading wandb-metadata.json; uploading requirements.txt; uploading wandb-summary.json
wandb: uploading summary, console lines 0-3
wandb: 🚀 View run worthy-sweep-27 at: https://wandb.ai/tntvan-iac-instagram/thesis_14th-1-onpolicy_scripts_train_bosch_scripts/runs/kjegp2ss
wandb: ⭐️ View project at: https://wandb.ai/tntvan-iac-instagram/thesis_14th-1-onpolicy_scripts_train_bosch_scripts
wandb: Synced 5 W&B file(s), 0 media file(s), 0 artifact file(s) and 0 other file(s)
wandb: Find logs at: ./wandb/run-20260518_013411-kjegp2ss/logs
wandb: WARNING Using a boolean value for 'reinit' is deprecated. Use 'return_previous' or 'finish_previous' instead.
wandb: Tracking run with wandb version 0.26.1
wandb: Run data is saved locally in results/BOSCH/rmappo/sweep_5_2_4/wandb/run-20260518_013414-kjegp2ss
wandb: Run `wandb offline` to turn off syncing.
wandb: Syncing run rmappo_sweep_5_2_4_seed1
wandb: ⭐️ View project at https://wandb.ai/tntvan-iac-instagram/thesis_14th-1-onpolicy_scripts_train_bosch_scripts
wandb: 🧹 View sweep at https://wandb.ai/tntvan-iac-instagram/thesis_14th-1-onpolicy_scripts_train_bosch_scripts/sweeps/4p28qnnw
wandb: 🚀 View run at https://wandb.ai/tntvan-iac-instagram/thesis_14th-1-onpolicy_scripts_train_bosch_scripts/runs/kjegp2ss
BOSCH: using multiprocessing start_method='fork' on macOS.
share_observation_space:  [Box(-inf, inf, (312,), float32), Box(-inf, inf, (312,), float32), Box(-inf, inf, (312,), float32)]
observation_space:  [Box(-inf, inf, (104,), float32), Box(-inf, inf, (104,), float32), Box(-inf, inf, (104,), float32)]
action_space:  [MultiDiscrete10, Discrete(7), Discrete(7)]
Using shared machine policy: agent 0 separate; agents 1..2 share.

 Scenario BOSCH Algo rmappo Exp sweep_5_2_4 updates 0/347 episodes, total num timesteps 288/100000, FPS 124.


[EVAL] BOSCH MARL Inference Solving Time for 36 periods: 0.5998 seconds
eval average episode rewards of agent0: -7.140128
eval average episode rewards of agent1: 0.15619014
eval average episode rewards of agent2: 0.4024914
eval average episode costs: Backlog: 2831.50, Inventory: 42.00, Maintenance: 22.27, Production: 3327.23, Setup: 637.13, TOTAL: 6860.13

 Scenario BOSCH Algo rmappo Exp sweep_5_2_4 updates 5/347 episodes, total num timesteps 1728/100000, FPS 117.


 Scenario BOSCH Algo rmappo Exp sweep_5_2_4 updates 10/347 episodes, total num timesteps 3168/100000, FPS 116.


 Scenario BOSCH Algo rmappo Exp sweep_5_2_4 updates 15/347 episodes, total num timesteps 4608/100000, FPS 115.


 Scenario BOSCH Algo rmappo Exp sweep_5_2_4 updates 20/347 episodes, total num timesteps 6048/100000, FPS 113.


 Scenario BOSCH Algo rmappo Exp sweep_5_2_4 updates 25/347 episodes, total num timesteps 7488/100000, FPS 110.


 Scenario BOSCH Algo rmappo Exp sweep_5_2_4 updates 30/347 episodes, total num timesteps 8928/100000, FPS 109.


 Scenario BOSCH Algo rmappo Exp sweep_5_2_4 updates 35/347 episodes, total num timesteps 10368/100000, FPS 108.


 Scenario BOSCH Algo rmappo Exp sweep_5_2_4 updates 40/347 episodes, total num timesteps 11808/100000, FPS 108.


 Scenario BOSCH Algo rmappo Exp sweep_5_2_4 updates 45/347 episodes, total num timesteps 13248/100000, FPS 107.


 Scenario BOSCH Algo rmappo Exp sweep_5_2_4 updates 50/347 episodes, total num timesteps 14688/100000, FPS 106.


[EVAL] BOSCH MARL Inference Solving Time for 36 periods: 1.0475 seconds
eval average episode rewards of agent0: -5.2740602
eval average episode rewards of agent1: 0.67126644
eval average episode rewards of agent2: 0.37114143
eval average episode costs: Backlog: 0.00, Inventory: 36.75, Maintenance: 33.94, Production: 4045.32, Setup: 828.05, TOTAL: 4944.06

 Scenario BOSCH Algo rmappo Exp sweep_5_2_4 updates 55/347 episodes, total num timesteps 16128/100000, FPS 105.


 Scenario BOSCH Algo rmappo Exp sweep_5_2_4 updates 60/347 episodes, total num timesteps 17568/100000, FPS 104.


 Scenario BOSCH Algo rmappo Exp sweep_5_2_4 updates 65/347 episodes, total num timesteps 19008/100000, FPS 103.


 Scenario BOSCH Algo rmappo Exp sweep_5_2_4 updates 70/347 episodes, total num timesteps 20448/100000, FPS 103.


 Scenario BOSCH Algo rmappo Exp sweep_5_2_4 updates 75/347 episodes, total num timesteps 21888/100000, FPS 102.


 Scenario BOSCH Algo rmappo Exp sweep_5_2_4 updates 80/347 episodes, total num timesteps 23328/100000, FPS 102.


 Scenario BOSCH Algo rmappo Exp sweep_5_2_4 updates 85/347 episodes, total num timesteps 24768/100000, FPS 102.


 Scenario BOSCH Algo rmappo Exp sweep_5_2_4 updates 90/347 episodes, total num timesteps 26208/100000, FPS 101.


 Scenario BOSCH Algo rmappo Exp sweep_5_2_4 updates 95/347 episodes, total num timesteps 27648/100000, FPS 101.


 Scenario BOSCH Algo rmappo Exp sweep_5_2_4 updates 100/347 episodes, total num timesteps 29088/100000, FPS 101.


[EVAL] BOSCH MARL Inference Solving Time for 36 periods: 0.9447 seconds
eval average episode rewards of agent0: -4.979141
eval average episode rewards of agent1: 0.46862227
eval average episode rewards of agent2: 0.42604032
eval average episode costs: Backlog: 0.00, Inventory: 31.50, Maintenance: 21.56, Production: 3731.83, Setup: 864.25, TOTAL: 4649.14

 Scenario BOSCH Algo rmappo Exp sweep_5_2_4 updates 105/347 episodes, total num timesteps 30528/100000, FPS 100.


 Scenario BOSCH Algo rmappo Exp sweep_5_2_4 updates 110/347 episodes, total num timesteps 31968/100000, FPS 100.


 Scenario BOSCH Algo rmappo Exp sweep_5_2_4 updates 115/347 episodes, total num timesteps 33408/100000, FPS 100.


 Scenario BOSCH Algo rmappo Exp sweep_5_2_4 updates 120/347 episodes, total num timesteps 34848/100000, FPS 100.


 Scenario BOSCH Algo rmappo Exp sweep_5_2_4 updates 125/347 episodes, total num timesteps 36288/100000, FPS 100.


 Scenario BOSCH Algo rmappo Exp sweep_5_2_4 updates 130/347 episodes, total num timesteps 37728/100000, FPS 100.


 Scenario BOSCH Algo rmappo Exp sweep_5_2_4 updates 135/347 episodes, total num timesteps 39168/100000, FPS 99.


 Scenario BOSCH Algo rmappo Exp sweep_5_2_4 updates 140/347 episodes, total num timesteps 40608/100000, FPS 99.


 Scenario BOSCH Algo rmappo Exp sweep_5_2_4 updates 145/347 episodes, total num timesteps 42048/100000, FPS 99.


 Scenario BOSCH Algo rmappo Exp sweep_5_2_4 updates 150/347 episodes, total num timesteps 43488/100000, FPS 99.


[EVAL] BOSCH MARL Inference Solving Time for 36 periods: 0.7554 seconds
eval average episode rewards of agent0: -5.4551883
eval average episode rewards of agent1: 0.4029343
eval average episode rewards of agent2: 0.59186965
eval average episode costs: Backlog: 0.00, Inventory: 33.25, Maintenance: 34.13, Production: 4186.48, Setup: 881.33, TOTAL: 5135.19

 Scenario BOSCH Algo rmappo Exp sweep_5_2_4 updates 155/347 episodes, total num timesteps 44928/100000, FPS 99.


 Scenario BOSCH Algo rmappo Exp sweep_5_2_4 updates 160/347 episodes, total num timesteps 46368/100000, FPS 99.


 Scenario BOSCH Algo rmappo Exp sweep_5_2_4 updates 165/347 episodes, total num timesteps 47808/100000, FPS 99.


 Scenario BOSCH Algo rmappo Exp sweep_5_2_4 updates 170/347 episodes, total num timesteps 49248/100000, FPS 99.


 Scenario BOSCH Algo rmappo Exp sweep_5_2_4 updates 175/347 episodes, total num timesteps 50688/100000, FPS 99.


 Scenario BOSCH Algo rmappo Exp sweep_5_2_4 updates 180/347 episodes, total num timesteps 52128/100000, FPS 99.


 Scenario BOSCH Algo rmappo Exp sweep_5_2_4 updates 185/347 episodes, total num timesteps 53568/100000, FPS 99.


 Scenario BOSCH Algo rmappo Exp sweep_5_2_4 updates 190/347 episodes, total num timesteps 55008/100000, FPS 99.


 Scenario BOSCH Algo rmappo Exp sweep_5_2_4 updates 195/347 episodes, total num timesteps 56448/100000, FPS 99.


 Scenario BOSCH Algo rmappo Exp sweep_5_2_4 updates 200/347 episodes, total num timesteps 57888/100000, FPS 99.


[EVAL] BOSCH MARL Inference Solving Time for 36 periods: 1.1448 seconds
eval average episode rewards of agent0: -5.5852575
eval average episode rewards of agent1: 0.68446255
eval average episode rewards of agent2: 0.35402727
eval average episode costs: Backlog: 0.00, Inventory: 14.00, Maintenance: 30.05, Production: 4273.51, Setup: 927.70, TOTAL: 5245.26

 Scenario BOSCH Algo rmappo Exp sweep_5_2_4 updates 205/347 episodes, total num timesteps 59328/100000, FPS 99.


 Scenario BOSCH Algo rmappo Exp sweep_5_2_4 updates 210/347 episodes, total num timesteps 60768/100000, FPS 99.


 Scenario BOSCH Algo rmappo Exp sweep_5_2_4 updates 215/347 episodes, total num timesteps 62208/100000, FPS 99.


 Scenario BOSCH Algo rmappo Exp sweep_5_2_4 updates 220/347 episodes, total num timesteps 63648/100000, FPS 99.


 Scenario BOSCH Algo rmappo Exp sweep_5_2_4 updates 225/347 episodes, total num timesteps 65088/100000, FPS 99.


 Scenario BOSCH Algo rmappo Exp sweep_5_2_4 updates 230/347 episodes, total num timesteps 66528/100000, FPS 99.


 Scenario BOSCH Algo rmappo Exp sweep_5_2_4 updates 235/347 episodes, total num timesteps 67968/100000, FPS 99.


 Scenario BOSCH Algo rmappo Exp sweep_5_2_4 updates 240/347 episodes, total num timesteps 69408/100000, FPS 99.


 Scenario BOSCH Algo rmappo Exp sweep_5_2_4 updates 245/347 episodes, total num timesteps 70848/100000, FPS 99.


 Scenario BOSCH Algo rmappo Exp sweep_5_2_4 updates 250/347 episodes, total num timesteps 72288/100000, FPS 99.


[EVAL] BOSCH MARL Inference Solving Time for 36 periods: 0.9043 seconds
eval average episode rewards of agent0: -3.9002995
eval average episode rewards of agent1: 0.20091037
eval average episode rewards of agent2: 0.6227322
eval average episode costs: Backlog: 0.00, Inventory: 35.00, Maintenance: 18.24, Production: 2881.50, Setup: 695.56, TOTAL: 3630.30

 Scenario BOSCH Algo rmappo Exp sweep_5_2_4 updates 255/347 episodes, total num timesteps 73728/100000, FPS 99.


 Scenario BOSCH Algo rmappo Exp sweep_5_2_4 updates 260/347 episodes, total num timesteps 75168/100000, FPS 99.


 Scenario BOSCH Algo rmappo Exp sweep_5_2_4 updates 265/347 episodes, total num timesteps 76608/100000, FPS 99.


 Scenario BOSCH Algo rmappo Exp sweep_5_2_4 updates 270/347 episodes, total num timesteps 78048/100000, FPS 99.


 Scenario BOSCH Algo rmappo Exp sweep_5_2_4 updates 275/347 episodes, total num timesteps 79488/100000, FPS 99.


 Scenario BOSCH Algo rmappo Exp sweep_5_2_4 updates 280/347 episodes, total num timesteps 80928/100000, FPS 99.


 Scenario BOSCH Algo rmappo Exp sweep_5_2_4 updates 285/347 episodes, total num timesteps 82368/100000, FPS 99.


 Scenario BOSCH Algo rmappo Exp sweep_5_2_4 updates 290/347 episodes, total num timesteps 83808/100000, FPS 99.


 Scenario BOSCH Algo rmappo Exp sweep_5_2_4 updates 295/347 episodes, total num timesteps 85248/100000, FPS 99.


 Scenario BOSCH Algo rmappo Exp sweep_5_2_4 updates 300/347 episodes, total num timesteps 86688/100000, FPS 99.


[EVAL] BOSCH MARL Inference Solving Time for 36 periods: 1.0288 seconds
eval average episode rewards of agent0: -5.331724
eval average episode rewards of agent1: 0.637185
eval average episode rewards of agent2: 0.42879277
eval average episode costs: Backlog: 0.00, Inventory: 36.75, Maintenance: 33.97, Production: 4061.27, Setup: 869.73, TOTAL: 5001.72

 Scenario BOSCH Algo rmappo Exp sweep_5_2_4 updates 305/347 episodes, total num timesteps 88128/100000, FPS 99.


 Scenario BOSCH Algo rmappo Exp sweep_5_2_4 updates 310/347 episodes, total num timesteps 89568/100000, FPS 99.


 Scenario BOSCH Algo rmappo Exp sweep_5_2_4 updates 315/347 episodes, total num timesteps 91008/100000, FPS 99.


 Scenario BOSCH Algo rmappo Exp sweep_5_2_4 updates 320/347 episodes, total num timesteps 92448/100000, FPS 99.


 Scenario BOSCH Algo rmappo Exp sweep_5_2_4 updates 325/347 episodes, total num timesteps 93888/100000, FPS 99.


 Scenario BOSCH Algo rmappo Exp sweep_5_2_4 updates 330/347 episodes, total num timesteps 95328/100000, FPS 99.


 Scenario BOSCH Algo rmappo Exp sweep_5_2_4 updates 335/347 episodes, total num timesteps 96768/100000, FPS 99.


 Scenario BOSCH Algo rmappo Exp sweep_5_2_4 updates 340/347 episodes, total num timesteps 98208/100000, FPS 99.


 Scenario BOSCH Algo rmappo Exp sweep_5_2_4 updates 345/347 episodes, total num timesteps 99648/100000, FPS 99.

[1;34mwandb[0m: 
[1;34mwandb[0m: 🚀 View run [33mrmappo_sweep_5_2_4_seed1[0m at: [34mhttps://wandb.ai/tntvan-iac-instagram/thesis_14th-1-onpolicy_scripts_train_bosch_scripts/runs/kjegp2ss[0m
2026-05-18 01:51:10,466 - wandb.wandb_agent - INFO - Cleaning up finished run: kjegp2ss
2026-05-18 01:51:11,617 - wandb.wandb_agent - INFO - Agent received command: run
2026-05-18 01:51:11,617 - wandb.wandb_agent - INFO - Agent starting run with config:
	activation_penalty: 10
	clip_param: 0.34727007768778234
	critic_lr: 0.0004572104493963697
	dense_production_reward: 1.102294818033671
	dense_setup_penalty: 0.8943436090437629
	entropy_coef: 0.031877780603501965
	gae_lambda: 0.9020353585452466
	gamma: 0.9736737320637482
	hidden_size: 256
	load_balance_penalty: 0
	lr: 2.9909874945232135e-05
	ppo_epoch: 10
2026-05-18 01:51:11,623 - wandb.wandb_agent - INFO - About to run command: /usr/bin/env python3 /Users/nhi/thesis_14th-1/onpolicy/scripts/train_bosch_scripts/run_sweep.py --activation_penalty=10 --clip_param=0.34727007768778234 --critic_lr=0.0004572104493963697 --dense_production_reward=1.102294818033671 --dense_setup_penalty=0.8943436090437629 --entropy_coef=0.031877780603501965 --gae_lambda=0.9020353585452466 --gamma=0.9736737320637482 --hidden_size=256 --load_balance_penalty=0 --lr=2.9909874945232135e-05 --ppo_epoch=10
wandb: [wandb.login()] Loaded credentials for https://api.wandb.ai from /Users/nhi/.netrc.
wandb: Currently logged in as: tntvan-iac (tntvan-iac-instagram) to https://api.wandb.ai. Use `wandb login --relogin` to force relogin
wandb: Tracking run with wandb version 0.26.1
wandb: Run data is saved locally in /Users/nhi/thesis_14th-1/onpolicy/scripts/train_bosch_scripts/wandb/run-20260518_015112-h1p66mhr
wandb: Run `wandb offline` to turn off syncing.
wandb: Syncing run major-sweep-28
wandb: ⭐️ View project at https://wandb.ai/tntvan-iac-instagram/thesis_14th-1-onpolicy_scripts_train_bosch_scripts
wandb: 🧹 View sweep at https://wandb.ai/tntvan-iac-instagram/thesis_14th-1-onpolicy_scripts_train_bosch_scripts/sweeps/4p28qnnw
wandb: 🚀 View run at https://wandb.ai/tntvan-iac-instagram/thesis_14th-1-onpolicy_scripts_train_bosch_scripts/runs/h1p66mhr
wandb: WARNING Ignoring project 'BOSCH' when running a sweep.
wandb: WARNING Ignoring entity 'tntvan-iac-instagram' when running a sweep.
wandb: Finishing previous runs because reinit is set to True.
wandb: updating run metadata; uploading console lines 0-0
wandb: updating run metadata
2026-05-18 01:51:16,634 - wandb.wandb_agent - INFO - Running runs: ['h1p66mhr']
wandb: uploading output.log; uploading wandb-summary.json; uploading config.yaml; uploading wandb-metadata.json; uploading requirements.txt
wandb: uploading wandb-summary.json; uploading wandb-metadata.json
wandb: uploading wandb-metadata.json
wandb: 🚀 View run major-sweep-28 at: https://wandb.ai/tntvan-iac-instagram/thesis_14th-1-onpolicy_scripts_train_bosch_scripts/runs/h1p66mhr
wandb: ⭐️ View project at: https://wandb.ai/tntvan-iac-instagram/thesis_14th-1-onpolicy_scripts_train_bosch_scripts
wandb: Synced 5 W&B file(s), 0 media file(s), 0 artifact file(s) and 0 other file(s)
wandb: Find logs at: ./wandb/run-20260518_015112-h1p66mhr/logs
wandb: WARNING Using a boolean value for 'reinit' is deprecated. Use 'return_previous' or 'finish_previous' instead.
wandb: setting up run h1p66mhr
wandb: Tracking run with wandb version 0.26.1
wandb: Run data is saved locally in results/BOSCH/rmappo/sweep_5_2_4/wandb/run-20260518_015115-h1p66mhr
wandb: Run `wandb offline` to turn off syncing.
wandb: Syncing run rmappo_sweep_5_2_4_seed1
wandb: ⭐️ View project at https://wandb.ai/tntvan-iac-instagram/thesis_14th-1-onpolicy_scripts_train_bosch_scripts
wandb: 🧹 View sweep at https://wandb.ai/tntvan-iac-instagram/thesis_14th-1-onpolicy_scripts_train_bosch_scripts/sweeps/4p28qnnw
wandb: 🚀 View run at https://wandb.ai/tntvan-iac-instagram/thesis_14th-1-onpolicy_scripts_train_bosch_scripts/runs/h1p66mhr
BOSCH: using multiprocessing start_method='fork' on macOS.
share_observation_space:  [Box(-inf, inf, (312,), float32), Box(-inf, inf, (312,), float32), Box(-inf, inf, (312,), float32)]
observation_space:  [Box(-inf, inf, (104,), float32), Box(-inf, inf, (104,), float32), Box(-inf, inf, (104,), float32)]
action_space:  [MultiDiscrete10, Discrete(7), Discrete(7)]
Using shared machine policy: agent 0 separate; agents 1..2 share.

 Scenario BOSCH Algo rmappo Exp sweep_5_2_4 updates 0/347 episodes, total num timesteps 288/100000, FPS 153.


[EVAL] BOSCH MARL Inference Solving Time for 36 periods: 0.6508 seconds
eval average episode rewards of agent0: -6.4641695
eval average episode rewards of agent1: -0.066227786
eval average episode rewards of agent2: -0.1818299
eval average episode costs: Backlog: 1837.50, Inventory: 42.00, Maintenance: 23.49, Production: 3605.94, Setup: 665.24, TOTAL: 6174.17

 Scenario BOSCH Algo rmappo Exp sweep_5_2_4 updates 5/347 episodes, total num timesteps 1728/100000, FPS 138.


 Scenario BOSCH Algo rmappo Exp sweep_5_2_4 updates 10/347 episodes, total num timesteps 3168/100000, FPS 139.


 Scenario BOSCH Algo rmappo Exp sweep_5_2_4 updates 15/347 episodes, total num timesteps 4608/100000, FPS 138.


 Scenario BOSCH Algo rmappo Exp sweep_5_2_4 updates 20/347 episodes, total num timesteps 6048/100000, FPS 136.


 Scenario BOSCH Algo rmappo Exp sweep_5_2_4 updates 25/347 episodes, total num timesteps 7488/100000, FPS 135.


 Scenario BOSCH Algo rmappo Exp sweep_5_2_4 updates 30/347 episodes, total num timesteps 8928/100000, FPS 133.


 Scenario BOSCH Algo rmappo Exp sweep_5_2_4 updates 35/347 episodes, total num timesteps 10368/100000, FPS 132.


 Scenario BOSCH Algo rmappo Exp sweep_5_2_4 updates 40/347 episodes, total num timesteps 11808/100000, FPS 131.


 Scenario BOSCH Algo rmappo Exp sweep_5_2_4 updates 45/347 episodes, total num timesteps 13248/100000, FPS 129.


 Scenario BOSCH Algo rmappo Exp sweep_5_2_4 updates 50/347 episodes, total num timesteps 14688/100000, FPS 128.


[EVAL] BOSCH MARL Inference Solving Time for 36 periods: 1.1234 seconds
eval average episode rewards of agent0: -5.3423104
eval average episode rewards of agent1: -0.034348097
eval average episode rewards of agent2: -0.09654048
eval average episode costs: Backlog: 0.00, Inventory: 36.75, Maintenance: 33.77, Production: 4050.72, Setup: 891.07, TOTAL: 5012.31

 Scenario BOSCH Algo rmappo Exp sweep_5_2_4 updates 55/347 episodes, total num timesteps 16128/100000, FPS 126.


 Scenario BOSCH Algo rmappo Exp sweep_5_2_4 updates 60/347 episodes, total num timesteps 17568/100000, FPS 125.


 Scenario BOSCH Algo rmappo Exp sweep_5_2_4 updates 65/347 episodes, total num timesteps 19008/100000, FPS 125.


 Scenario BOSCH Algo rmappo Exp sweep_5_2_4 updates 70/347 episodes, total num timesteps 20448/100000, FPS 124.


 Scenario BOSCH Algo rmappo Exp sweep_5_2_4 updates 75/347 episodes, total num timesteps 21888/100000, FPS 124.


 Scenario BOSCH Algo rmappo Exp sweep_5_2_4 updates 80/347 episodes, total num timesteps 23328/100000, FPS 124.


 Scenario BOSCH Algo rmappo Exp sweep_5_2_4 updates 85/347 episodes, total num timesteps 24768/100000, FPS 123.


 Scenario BOSCH Algo rmappo Exp sweep_5_2_4 updates 90/347 episodes, total num timesteps 26208/100000, FPS 123.


 Scenario BOSCH Algo rmappo Exp sweep_5_2_4 updates 95/347 episodes, total num timesteps 27648/100000, FPS 122.


 Scenario BOSCH Algo rmappo Exp sweep_5_2_4 updates 100/347 episodes, total num timesteps 29088/100000, FPS 122.


[EVAL] BOSCH MARL Inference Solving Time for 36 periods: 0.8510 seconds
eval average episode rewards of agent0: -4.9427166
eval average episode rewards of agent1: -0.11165607
eval average episode rewards of agent2: -0.002799163
eval average episode costs: Backlog: 0.00, Inventory: 31.50, Maintenance: 20.78, Production: 3751.59, Setup: 808.85, TOTAL: 4612.72

 Scenario BOSCH Algo rmappo Exp sweep_5_2_4 updates 105/347 episodes, total num timesteps 30528/100000, FPS 121.


 Scenario BOSCH Algo rmappo Exp sweep_5_2_4 updates 110/347 episodes, total num timesteps 31968/100000, FPS 120.


 Scenario BOSCH Algo rmappo Exp sweep_5_2_4 updates 115/347 episodes, total num timesteps 33408/100000, FPS 120.


 Scenario BOSCH Algo rmappo Exp sweep_5_2_4 updates 120/347 episodes, total num timesteps 34848/100000, FPS 120.


 Scenario BOSCH Algo rmappo Exp sweep_5_2_4 updates 125/347 episodes, total num timesteps 36288/100000, FPS 120.


 Scenario BOSCH Algo rmappo Exp sweep_5_2_4 updates 130/347 episodes, total num timesteps 37728/100000, FPS 119.


 Scenario BOSCH Algo rmappo Exp sweep_5_2_4 updates 135/347 episodes, total num timesteps 39168/100000, FPS 119.


 Scenario BOSCH Algo rmappo Exp sweep_5_2_4 updates 140/347 episodes, total num timesteps 40608/100000, FPS 120.


 Scenario BOSCH Algo rmappo Exp sweep_5_2_4 updates 145/347 episodes, total num timesteps 42048/100000, FPS 119.


 Scenario BOSCH Algo rmappo Exp sweep_5_2_4 updates 150/347 episodes, total num timesteps 43488/100000, FPS 119.


[EVAL] BOSCH MARL Inference Solving Time for 36 periods: 0.8543 seconds
eval average episode rewards of agent0: -5.418586
eval average episode rewards of agent1: -0.06064435
eval average episode rewards of agent2: 0.03566909
eval average episode costs: Backlog: 0.00, Inventory: 33.25, Maintenance: 35.81, Production: 4229.21, Setup: 800.32, TOTAL: 5098.58

 Scenario BOSCH Algo rmappo Exp sweep_5_2_4 updates 155/347 episodes, total num timesteps 44928/100000, FPS 119.


 Scenario BOSCH Algo rmappo Exp sweep_5_2_4 updates 160/347 episodes, total num timesteps 46368/100000, FPS 119.


 Scenario BOSCH Algo rmappo Exp sweep_5_2_4 updates 165/347 episodes, total num timesteps 47808/100000, FPS 119.


 Scenario BOSCH Algo rmappo Exp sweep_5_2_4 updates 170/347 episodes, total num timesteps 49248/100000, FPS 119.


 Scenario BOSCH Algo rmappo Exp sweep_5_2_4 updates 175/347 episodes, total num timesteps 50688/100000, FPS 119.


 Scenario BOSCH Algo rmappo Exp sweep_5_2_4 updates 180/347 episodes, total num timesteps 52128/100000, FPS 119.


 Scenario BOSCH Algo rmappo Exp sweep_5_2_4 updates 185/347 episodes, total num timesteps 53568/100000, FPS 119.


 Scenario BOSCH Algo rmappo Exp sweep_5_2_4 updates 190/347 episodes, total num timesteps 55008/100000, FPS 119.


 Scenario BOSCH Algo rmappo Exp sweep_5_2_4 updates 195/347 episodes, total num timesteps 56448/100000, FPS 118.


 Scenario BOSCH Algo rmappo Exp sweep_5_2_4 updates 200/347 episodes, total num timesteps 57888/100000, FPS 118.


[EVAL] BOSCH MARL Inference Solving Time for 36 periods: 0.6319 seconds
eval average episode rewards of agent0: -4.0743904
eval average episode rewards of agent1: -0.1118048
eval average episode rewards of agent2: 0.03004851
eval average episode costs: Backlog: 278.95, Inventory: 0.00, Maintenance: 23.10, Production: 2924.32, Setup: 598.02, TOTAL: 3824.39

 Scenario BOSCH Algo rmappo Exp sweep_5_2_4 updates 205/347 episodes, total num timesteps 59328/100000, FPS 118.


 Scenario BOSCH Algo rmappo Exp sweep_5_2_4 updates 210/347 episodes, total num timesteps 60768/100000, FPS 118.


 Scenario BOSCH Algo rmappo Exp sweep_5_2_4 updates 215/347 episodes, total num timesteps 62208/100000, FPS 118.


 Scenario BOSCH Algo rmappo Exp sweep_5_2_4 updates 220/347 episodes, total num timesteps 63648/100000, FPS 118.


 Scenario BOSCH Algo rmappo Exp sweep_5_2_4 updates 225/347 episodes, total num timesteps 65088/100000, FPS 118.


 Scenario BOSCH Algo rmappo Exp sweep_5_2_4 updates 230/347 episodes, total num timesteps 66528/100000, FPS 118.


 Scenario BOSCH Algo rmappo Exp sweep_5_2_4 updates 235/347 episodes, total num timesteps 67968/100000, FPS 118.


 Scenario BOSCH Algo rmappo Exp sweep_5_2_4 updates 240/347 episodes, total num timesteps 69408/100000, FPS 118.


 Scenario BOSCH Algo rmappo Exp sweep_5_2_4 updates 245/347 episodes, total num timesteps 70848/100000, FPS 117.


 Scenario BOSCH Algo rmappo Exp sweep_5_2_4 updates 250/347 episodes, total num timesteps 72288/100000, FPS 117.


[EVAL] BOSCH MARL Inference Solving Time for 36 periods: 0.7510 seconds
eval average episode rewards of agent0: -3.3772004
eval average episode rewards of agent1: -0.18150504
eval average episode rewards of agent2: -0.030190263
eval average episode costs: Backlog: 0.00, Inventory: 35.00, Maintenance: 13.49, Production: 2458.54, Setup: 640.17, TOTAL: 3147.20

 Scenario BOSCH Algo rmappo Exp sweep_5_2_4 updates 255/347 episodes, total num timesteps 73728/100000, FPS 117.


 Scenario BOSCH Algo rmappo Exp sweep_5_2_4 updates 260/347 episodes, total num timesteps 75168/100000, FPS 117.


 Scenario BOSCH Algo rmappo Exp sweep_5_2_4 updates 265/347 episodes, total num timesteps 76608/100000, FPS 117.


 Scenario BOSCH Algo rmappo Exp sweep_5_2_4 updates 270/347 episodes, total num timesteps 78048/100000, FPS 117.


 Scenario BOSCH Algo rmappo Exp sweep_5_2_4 updates 275/347 episodes, total num timesteps 79488/100000, FPS 117.


 Scenario BOSCH Algo rmappo Exp sweep_5_2_4 updates 280/347 episodes, total num timesteps 80928/100000, FPS 117.


 Scenario BOSCH Algo rmappo Exp sweep_5_2_4 updates 285/347 episodes, total num timesteps 82368/100000, FPS 117.


 Scenario BOSCH Algo rmappo Exp sweep_5_2_4 updates 290/347 episodes, total num timesteps 83808/100000, FPS 117.


 Scenario BOSCH Algo rmappo Exp sweep_5_2_4 updates 295/347 episodes, total num timesteps 85248/100000, FPS 117.


 Scenario BOSCH Algo rmappo Exp sweep_5_2_4 updates 300/347 episodes, total num timesteps 86688/100000, FPS 117.


[EVAL] BOSCH MARL Inference Solving Time for 36 periods: 0.7352 seconds
eval average episode rewards of agent0: -4.996709
eval average episode rewards of agent1: -0.08793701
eval average episode rewards of agent2: 0.04692761
eval average episode costs: Backlog: 278.95, Inventory: 77.32, Maintenance: 29.09, Production: 3616.20, Setup: 705.15, TOTAL: 4706.71

 Scenario BOSCH Algo rmappo Exp sweep_5_2_4 updates 305/347 episodes, total num timesteps 88128/100000, FPS 117.


 Scenario BOSCH Algo rmappo Exp sweep_5_2_4 updates 310/347 episodes, total num timesteps 89568/100000, FPS 117.


 Scenario BOSCH Algo rmappo Exp sweep_5_2_4 updates 315/347 episodes, total num timesteps 91008/100000, FPS 117.


 Scenario BOSCH Algo rmappo Exp sweep_5_2_4 updates 320/347 episodes, total num timesteps 92448/100000, FPS 117.


 Scenario BOSCH Algo rmappo Exp sweep_5_2_4 updates 325/347 episodes, total num timesteps 93888/100000, FPS 117.


 Scenario BOSCH Algo rmappo Exp sweep_5_2_4 updates 330/347 episodes, total num timesteps 95328/100000, FPS 117.


 Scenario BOSCH Algo rmappo Exp sweep_5_2_4 updates 335/347 episodes, total num timesteps 96768/100000, FPS 117.


 Scenario BOSCH Algo rmappo Exp sweep_5_2_4 updates 340/347 episodes, total num timesteps 98208/100000, FPS 117.


 Scenario BOSCH Algo rmappo Exp sweep_5_2_4 updates 345/347 episodes, total num timesteps 99648/100000, FPS 116.

[1;34mwandb[0m: 
[1;34mwandb[0m: 🚀 View run [33mrmappo_sweep_5_2_4_seed1[0m at: [34mhttps://wandb.ai/tntvan-iac-instagram/thesis_14th-1-onpolicy_scripts_train_bosch_scripts/runs/h1p66mhr[0m
2026-05-18 02:05:39,429 - wandb.wandb_agent - INFO - Cleaning up finished run: h1p66mhr
2026-05-18 02:05:40,419 - wandb.wandb_agent - INFO - Agent received command: run
2026-05-18 02:05:40,419 - wandb.wandb_agent - INFO - Agent starting run with config:
	activation_penalty: 100
	clip_param: 0.38406175188058134
	critic_lr: 2.295356090612737e-05
	dense_production_reward: 1.3479608819843445
	dense_setup_penalty: 0.9087060379915404
	entropy_coef: 0.07610600425677615
	gae_lambda: 0.9292397021254128
	gamma: 0.9940094979496868
	hidden_size: 256
	load_balance_penalty: 0
	lr: 4.789544092782472e-05
	ppo_epoch: 16
2026-05-18 02:05:40,425 - wandb.wandb_agent - INFO - About to run command: /usr/bin/env python3 /Users/nhi/thesis_14th-1/onpolicy/scripts/train_bosch_scripts/run_sweep.py --activation_penalty=100 --clip_param=0.38406175188058134 --critic_lr=2.295356090612737e-05 --dense_production_reward=1.3479608819843445 --dense_setup_penalty=0.9087060379915404 --entropy_coef=0.07610600425677615 --gae_lambda=0.9292397021254128 --gamma=0.9940094979496868 --hidden_size=256 --load_balance_penalty=0 --lr=4.789544092782472e-05 --ppo_epoch=16
wandb: [wandb.login()] Loaded credentials for https://api.wandb.ai from /Users/nhi/.netrc.
wandb: Currently logged in as: tntvan-iac (tntvan-iac-instagram) to https://api.wandb.ai. Use `wandb login --relogin` to force relogin
wandb: setting up run v96ain4o
wandb: Tracking run with wandb version 0.26.1
wandb: Run data is saved locally in /Users/nhi/thesis_14th-1/onpolicy/scripts/train_bosch_scripts/wandb/run-20260518_020541-v96ain4o
wandb: Run `wandb offline` to turn off syncing.
wandb: Syncing run chocolate-sweep-29
wandb: ⭐️ View project at https://wandb.ai/tntvan-iac-instagram/thesis_14th-1-onpolicy_scripts_train_bosch_scripts
wandb: 🧹 View sweep at https://wandb.ai/tntvan-iac-instagram/thesis_14th-1-onpolicy_scripts_train_bosch_scripts/sweeps/4p28qnnw
wandb: 🚀 View run at https://wandb.ai/tntvan-iac-instagram/thesis_14th-1-onpolicy_scripts_train_bosch_scripts/runs/v96ain4o
wandb: WARNING Ignoring project 'BOSCH' when running a sweep.
wandb: WARNING Ignoring entity 'tntvan-iac-instagram' when running a sweep.
wandb: Finishing previous runs because reinit is set to True.
wandb: updating run metadata; uploading console lines 0-0
wandb: uploading requirements.txt; uploading output.log; uploading wandb-summary.json; uploading config.yaml; uploading wandb-metadata.json
2026-05-18 02:05:45,437 - wandb.wandb_agent - INFO - Running runs: ['v96ain4o']
wandb: uploading output.log; uploading wandb-summary.json
wandb: uploading summary, console lines 0-3
wandb: 🚀 View run chocolate-sweep-29 at: https://wandb.ai/tntvan-iac-instagram/thesis_14th-1-onpolicy_scripts_train_bosch_scripts/runs/v96ain4o
wandb: ⭐️ View project at: https://wandb.ai/tntvan-iac-instagram/thesis_14th-1-onpolicy_scripts_train_bosch_scripts
wandb: Synced 5 W&B file(s), 0 media file(s), 0 artifact file(s) and 0 other file(s)
wandb: Find logs at: ./wandb/run-20260518_020541-v96ain4o/logs
wandb: WARNING Using a boolean value for 'reinit' is deprecated. Use 'return_previous' or 'finish_previous' instead.
wandb: Tracking run with wandb version 0.26.1
wandb: Run data is saved locally in results/BOSCH/rmappo/sweep_5_2_4/wandb/run-20260518_020544-v96ain4o
wandb: Run `wandb offline` to turn off syncing.
wandb: Syncing run rmappo_sweep_5_2_4_seed1
wandb: ⭐️ View project at https://wandb.ai/tntvan-iac-instagram/thesis_14th-1-onpolicy_scripts_train_bosch_scripts
wandb: 🧹 View sweep at https://wandb.ai/tntvan-iac-instagram/thesis_14th-1-onpolicy_scripts_train_bosch_scripts/sweeps/4p28qnnw
wandb: 🚀 View run at https://wandb.ai/tntvan-iac-instagram/thesis_14th-1-onpolicy_scripts_train_bosch_scripts/runs/v96ain4o
BOSCH: using multiprocessing start_method='fork' on macOS.
share_observation_space:  [Box(-inf, inf, (312,), float32), Box(-inf, inf, (312,), float32), Box(-inf, inf, (312,), float32)]
observation_space:  [Box(-inf, inf, (104,), float32), Box(-inf, inf, (104,), float32), Box(-inf, inf, (104,), float32)]
action_space:  [MultiDiscrete10, Discrete(7), Discrete(7)]
Using shared machine policy: agent 0 separate; agents 1..2 share.

 Scenario BOSCH Algo rmappo Exp sweep_5_2_4 updates 0/347 episodes, total num timesteps 288/100000, FPS 130.


[EVAL] BOSCH MARL Inference Solving Time for 36 periods: 0.6359 seconds
eval average episode rewards of agent0: -15.78171
eval average episode rewards of agent1: -0.45126015
eval average episode rewards of agent2: -0.40929565
eval average episode costs: Backlog: 8582.00, Inventory: 26.25, Maintenance: 23.92, Production: 3516.14, Setup: 733.41, TOTAL: 12881.71

 Scenario BOSCH Algo rmappo Exp sweep_5_2_4 updates 5/347 episodes, total num timesteps 1728/100000, FPS 115.


 Scenario BOSCH Algo rmappo Exp sweep_5_2_4 updates 10/347 episodes, total num timesteps 3168/100000, FPS 114.


 Scenario BOSCH Algo rmappo Exp sweep_5_2_4 updates 15/347 episodes, total num timesteps 4608/100000, FPS 113.


 Scenario BOSCH Algo rmappo Exp sweep_5_2_4 updates 20/347 episodes, total num timesteps 6048/100000, FPS 110.


 Scenario BOSCH Algo rmappo Exp sweep_5_2_4 updates 25/347 episodes, total num timesteps 7488/100000, FPS 109.


 Scenario BOSCH Algo rmappo Exp sweep_5_2_4 updates 30/347 episodes, total num timesteps 8928/100000, FPS 108.


 Scenario BOSCH Algo rmappo Exp sweep_5_2_4 updates 35/347 episodes, total num timesteps 10368/100000, FPS 107.


 Scenario BOSCH Algo rmappo Exp sweep_5_2_4 updates 40/347 episodes, total num timesteps 11808/100000, FPS 106.


 Scenario BOSCH Algo rmappo Exp sweep_5_2_4 updates 45/347 episodes, total num timesteps 13248/100000, FPS 106.


 Scenario BOSCH Algo rmappo Exp sweep_5_2_4 updates 50/347 episodes, total num timesteps 14688/100000, FPS 106.


[EVAL] BOSCH MARL Inference Solving Time for 36 periods: 1.1214 seconds
eval average episode rewards of agent0: -8.631024
eval average episode rewards of agent1: 0.06847846
eval average episode rewards of agent2: -0.010490226
eval average episode costs: Backlog: 0.00, Inventory: 14.00, Maintenance: 29.80, Production: 4290.24, Setup: 896.98, TOTAL: 5231.02

 Scenario BOSCH Algo rmappo Exp sweep_5_2_4 updates 55/347 episodes, total num timesteps 16128/100000, FPS 105.


 Scenario BOSCH Algo rmappo Exp sweep_5_2_4 updates 60/347 episodes, total num timesteps 17568/100000, FPS 105.


 Scenario BOSCH Algo rmappo Exp sweep_5_2_4 updates 65/347 episodes, total num timesteps 19008/100000, FPS 105.


 Scenario BOSCH Algo rmappo Exp sweep_5_2_4 updates 70/347 episodes, total num timesteps 20448/100000, FPS 105.


 Scenario BOSCH Algo rmappo Exp sweep_5_2_4 updates 75/347 episodes, total num timesteps 21888/100000, FPS 105.


 Scenario BOSCH Algo rmappo Exp sweep_5_2_4 updates 80/347 episodes, total num timesteps 23328/100000, FPS 105.


 Scenario BOSCH Algo rmappo Exp sweep_5_2_4 updates 85/347 episodes, total num timesteps 24768/100000, FPS 105.


 Scenario BOSCH Algo rmappo Exp sweep_5_2_4 updates 90/347 episodes, total num timesteps 26208/100000, FPS 105.


 Scenario BOSCH Algo rmappo Exp sweep_5_2_4 updates 95/347 episodes, total num timesteps 27648/100000, FPS 105.


 Scenario BOSCH Algo rmappo Exp sweep_5_2_4 updates 100/347 episodes, total num timesteps 29088/100000, FPS 105.


[EVAL] BOSCH MARL Inference Solving Time for 36 periods: 0.7286 seconds
eval average episode rewards of agent0: -8.057179
eval average episode rewards of agent1: -0.08134228
eval average episode rewards of agent2: 0.03646296
eval average episode costs: Backlog: 0.00, Inventory: 42.00, Maintenance: 26.35, Production: 3928.48, Setup: 860.35, TOTAL: 4857.18

 Scenario BOSCH Algo rmappo Exp sweep_5_2_4 updates 105/347 episodes, total num timesteps 30528/100000, FPS 105.


 Scenario BOSCH Algo rmappo Exp sweep_5_2_4 updates 110/347 episodes, total num timesteps 31968/100000, FPS 105.


 Scenario BOSCH Algo rmappo Exp sweep_5_2_4 updates 115/347 episodes, total num timesteps 33408/100000, FPS 105.


 Scenario BOSCH Algo rmappo Exp sweep_5_2_4 updates 120/347 episodes, total num timesteps 34848/100000, FPS 105.


 Scenario BOSCH Algo rmappo Exp sweep_5_2_4 updates 125/347 episodes, total num timesteps 36288/100000, FPS 106.


 Scenario BOSCH Algo rmappo Exp sweep_5_2_4 updates 130/347 episodes, total num timesteps 37728/100000, FPS 106.


 Scenario BOSCH Algo rmappo Exp sweep_5_2_4 updates 135/347 episodes, total num timesteps 39168/100000, FPS 106.


 Scenario BOSCH Algo rmappo Exp sweep_5_2_4 updates 140/347 episodes, total num timesteps 40608/100000, FPS 106.


 Scenario BOSCH Algo rmappo Exp sweep_5_2_4 updates 145/347 episodes, total num timesteps 42048/100000, FPS 106.


 Scenario BOSCH Algo rmappo Exp sweep_5_2_4 updates 150/347 episodes, total num timesteps 43488/100000, FPS 106.


[EVAL] BOSCH MARL Inference Solving Time for 36 periods: 0.8882 seconds
eval average episode rewards of agent0: -7.150267
eval average episode rewards of agent1: 0.062794
eval average episode rewards of agent2: 0.04276756
eval average episode costs: Backlog: 0.00, Inventory: 36.75, Maintenance: 28.46, Production: 3565.98, Setup: 719.08, TOTAL: 4350.27

 Scenario BOSCH Algo rmappo Exp sweep_5_2_4 updates 155/347 episodes, total num timesteps 44928/100000, FPS 106.


 Scenario BOSCH Algo rmappo Exp sweep_5_2_4 updates 160/347 episodes, total num timesteps 46368/100000, FPS 106.


 Scenario BOSCH Algo rmappo Exp sweep_5_2_4 updates 165/347 episodes, total num timesteps 47808/100000, FPS 106.


 Scenario BOSCH Algo rmappo Exp sweep_5_2_4 updates 170/347 episodes, total num timesteps 49248/100000, FPS 107.


 Scenario BOSCH Algo rmappo Exp sweep_5_2_4 updates 175/347 episodes, total num timesteps 50688/100000, FPS 107.


 Scenario BOSCH Algo rmappo Exp sweep_5_2_4 updates 180/347 episodes, total num timesteps 52128/100000, FPS 107.


 Scenario BOSCH Algo rmappo Exp sweep_5_2_4 updates 185/347 episodes, total num timesteps 53568/100000, FPS 107.


 Scenario BOSCH Algo rmappo Exp sweep_5_2_4 updates 190/347 episodes, total num timesteps 55008/100000, FPS 107.


 Scenario BOSCH Algo rmappo Exp sweep_5_2_4 updates 195/347 episodes, total num timesteps 56448/100000, FPS 107.


 Scenario BOSCH Algo rmappo Exp sweep_5_2_4 updates 200/347 episodes, total num timesteps 57888/100000, FPS 107.


[EVAL] BOSCH MARL Inference Solving Time for 36 periods: 0.6352 seconds
eval average episode rewards of agent0: -7.061873
eval average episode rewards of agent1: -0.035873935
eval average episode rewards of agent2: 0.045232996
eval average episode costs: Backlog: 0.00, Inventory: 31.50, Maintenance: 18.13, Production: 3293.56, Setup: 718.68, TOTAL: 4061.87

 Scenario BOSCH Algo rmappo Exp sweep_5_2_4 updates 205/347 episodes, total num timesteps 59328/100000, FPS 107.


 Scenario BOSCH Algo rmappo Exp sweep_5_2_4 updates 210/347 episodes, total num timesteps 60768/100000, FPS 107.


 Scenario BOSCH Algo rmappo Exp sweep_5_2_4 updates 215/347 episodes, total num timesteps 62208/100000, FPS 107.


 Scenario BOSCH Algo rmappo Exp sweep_5_2_4 updates 220/347 episodes, total num timesteps 63648/100000, FPS 108.


 Scenario BOSCH Algo rmappo Exp sweep_5_2_4 updates 225/347 episodes, total num timesteps 65088/100000, FPS 108.


 Scenario BOSCH Algo rmappo Exp sweep_5_2_4 updates 230/347 episodes, total num timesteps 66528/100000, FPS 108.


 Scenario BOSCH Algo rmappo Exp sweep_5_2_4 updates 235/347 episodes, total num timesteps 67968/100000, FPS 108.


 Scenario BOSCH Algo rmappo Exp sweep_5_2_4 updates 240/347 episodes, total num timesteps 69408/100000, FPS 108.


 Scenario BOSCH Algo rmappo Exp sweep_5_2_4 updates 245/347 episodes, total num timesteps 70848/100000, FPS 108.


 Scenario BOSCH Algo rmappo Exp sweep_5_2_4 updates 250/347 episodes, total num timesteps 72288/100000, FPS 108.


[EVAL] BOSCH MARL Inference Solving Time for 36 periods: 0.9463 seconds
eval average episode rewards of agent0: -7.1331835
eval average episode rewards of agent1: 0.025549263
eval average episode rewards of agent2: 0.09759809
eval average episode costs: Backlog: 0.00, Inventory: 190.83, Maintenance: 30.43, Production: 3574.96, Setup: 636.97, TOTAL: 4433.18

 Scenario BOSCH Algo rmappo Exp sweep_5_2_4 updates 255/347 episodes, total num timesteps 73728/100000, FPS 108.


 Scenario BOSCH Algo rmappo Exp sweep_5_2_4 updates 260/347 episodes, total num timesteps 75168/100000, FPS 108.


 Scenario BOSCH Algo rmappo Exp sweep_5_2_4 updates 265/347 episodes, total num timesteps 76608/100000, FPS 108.


 Scenario BOSCH Algo rmappo Exp sweep_5_2_4 updates 270/347 episodes, total num timesteps 78048/100000, FPS 108.


 Scenario BOSCH Algo rmappo Exp sweep_5_2_4 updates 275/347 episodes, total num timesteps 79488/100000, FPS 108.


 Scenario BOSCH Algo rmappo Exp sweep_5_2_4 updates 280/347 episodes, total num timesteps 80928/100000, FPS 108.


 Scenario BOSCH Algo rmappo Exp sweep_5_2_4 updates 285/347 episodes, total num timesteps 82368/100000, FPS 108.


 Scenario BOSCH Algo rmappo Exp sweep_5_2_4 updates 290/347 episodes, total num timesteps 83808/100000, FPS 108.


 Scenario BOSCH Algo rmappo Exp sweep_5_2_4 updates 295/347 episodes, total num timesteps 85248/100000, FPS 108.


 Scenario BOSCH Algo rmappo Exp sweep_5_2_4 updates 300/347 episodes, total num timesteps 86688/100000, FPS 108.


[EVAL] BOSCH MARL Inference Solving Time for 36 periods: 0.7121 seconds
eval average episode rewards of agent0: -7.1787477
eval average episode rewards of agent1: -0.0043794666
eval average episode rewards of agent2: 0.048127707
eval average episode costs: Backlog: 0.00, Inventory: 30.34, Maintenance: 25.27, Production: 3500.19, Setup: 722.94, TOTAL: 4278.75

 Scenario BOSCH Algo rmappo Exp sweep_5_2_4 updates 305/347 episodes, total num timesteps 88128/100000, FPS 108.


 Scenario BOSCH Algo rmappo Exp sweep_5_2_4 updates 310/347 episodes, total num timesteps 89568/100000, FPS 108.


 Scenario BOSCH Algo rmappo Exp sweep_5_2_4 updates 315/347 episodes, total num timesteps 91008/100000, FPS 108.


 Scenario BOSCH Algo rmappo Exp sweep_5_2_4 updates 320/347 episodes, total num timesteps 92448/100000, FPS 108.


 Scenario BOSCH Algo rmappo Exp sweep_5_2_4 updates 325/347 episodes, total num timesteps 93888/100000, FPS 108.


 Scenario BOSCH Algo rmappo Exp sweep_5_2_4 updates 330/347 episodes, total num timesteps 95328/100000, FPS 108.


 Scenario BOSCH Algo rmappo Exp sweep_5_2_4 updates 335/347 episodes, total num timesteps 96768/100000, FPS 108.


 Scenario BOSCH Algo rmappo Exp sweep_5_2_4 updates 340/347 episodes, total num timesteps 98208/100000, FPS 108.


 Scenario BOSCH Algo rmappo Exp sweep_5_2_4 updates 345/347 episodes, total num timesteps 99648/100000, FPS 108.

[1;34mwandb[0m: 
[1;34mwandb[0m: 🚀 View run [33mrmappo_sweep_5_2_4_seed1[0m at: [34mhttps://wandb.ai/tntvan-iac-instagram/thesis_14th-1-onpolicy_scripts_train_bosch_scripts/runs/v96ain4o[0m
2026-05-18 02:21:12,286 - wandb.wandb_agent - INFO - Cleaning up finished run: v96ain4o
2026-05-18 02:21:13,123 - wandb.wandb_agent - INFO - Agent received command: run
2026-05-18 02:21:13,123 - wandb.wandb_agent - INFO - Agent starting run with config:
	activation_penalty: 0
	clip_param: 0.27360085993654726
	critic_lr: 0.00027862834926708054
	dense_production_reward: 0.5115342473533708
	dense_setup_penalty: 0.9106627439109872
	entropy_coef: 0.07888536976318705
	gae_lambda: 0.9739404657923244
	gamma: 0.9985853085614568
	hidden_size: 256
	load_balance_penalty: 50
	lr: 1.2795900181115082e-05
	ppo_epoch: 6
2026-05-18 02:21:13,128 - wandb.wandb_agent - INFO - About to run command: /usr/bin/env python3 /Users/nhi/thesis_14th-1/onpolicy/scripts/train_bosch_scripts/run_sweep.py --activation_penalty=0 --clip_param=0.27360085993654726 --critic_lr=0.00027862834926708054 --dense_production_reward=0.5115342473533708 --dense_setup_penalty=0.9106627439109872 --entropy_coef=0.07888536976318705 --gae_lambda=0.9739404657923244 --gamma=0.9985853085614568 --hidden_size=256 --load_balance_penalty=50 --lr=1.2795900181115082e-05 --ppo_epoch=6
wandb: [wandb.login()] Loaded credentials for https://api.wandb.ai from /Users/nhi/.netrc.
wandb: Currently logged in as: tntvan-iac (tntvan-iac-instagram) to https://api.wandb.ai. Use `wandb login --relogin` to force relogin
wandb: setting up run ubrxm7s8
wandb: Tracking run with wandb version 0.26.1
wandb: Run data is saved locally in /Users/nhi/thesis_14th-1/onpolicy/scripts/train_bosch_scripts/wandb/run-20260518_022114-ubrxm7s8
wandb: Run `wandb offline` to turn off syncing.
wandb: Syncing run zany-sweep-30
wandb: ⭐️ View project at https://wandb.ai/tntvan-iac-instagram/thesis_14th-1-onpolicy_scripts_train_bosch_scripts
wandb: 🧹 View sweep at https://wandb.ai/tntvan-iac-instagram/thesis_14th-1-onpolicy_scripts_train_bosch_scripts/sweeps/4p28qnnw
wandb: 🚀 View run at https://wandb.ai/tntvan-iac-instagram/thesis_14th-1-onpolicy_scripts_train_bosch_scripts/runs/ubrxm7s8
wandb: WARNING Ignoring project 'BOSCH' when running a sweep.
wandb: WARNING Ignoring entity 'tntvan-iac-instagram' when running a sweep.
wandb: Finishing previous runs because reinit is set to True.
wandb: updating run metadata; uploading console lines 0-0
wandb: uploading requirements.txt; uploading output.log; uploading wandb-summary.json; uploading config.yaml; uploading wandb-metadata.json
2026-05-18 02:21:18,138 - wandb.wandb_agent - INFO - Running runs: ['ubrxm7s8']
wandb: uploading requirements.txt; uploading output.log
wandb: uploading summary, console lines 1-3
wandb: 🚀 View run zany-sweep-30 at: https://wandb.ai/tntvan-iac-instagram/thesis_14th-1-onpolicy_scripts_train_bosch_scripts/runs/ubrxm7s8
wandb: ⭐️ View project at: https://wandb.ai/tntvan-iac-instagram/thesis_14th-1-onpolicy_scripts_train_bosch_scripts
wandb: Synced 5 W&B file(s), 0 media file(s), 0 artifact file(s) and 0 other file(s)
wandb: Find logs at: ./wandb/run-20260518_022114-ubrxm7s8/logs
wandb: WARNING Using a boolean value for 'reinit' is deprecated. Use 'return_previous' or 'finish_previous' instead.
wandb: Tracking run with wandb version 0.26.1
wandb: Run data is saved locally in results/BOSCH/rmappo/sweep_5_2_4/wandb/run-20260518_022116-ubrxm7s8
wandb: Run `wandb offline` to turn off syncing.
wandb: Syncing run rmappo_sweep_5_2_4_seed1
wandb: ⭐️ View project at https://wandb.ai/tntvan-iac-instagram/thesis_14th-1-onpolicy_scripts_train_bosch_scripts
wandb: 🧹 View sweep at https://wandb.ai/tntvan-iac-instagram/thesis_14th-1-onpolicy_scripts_train_bosch_scripts/sweeps/4p28qnnw
wandb: 🚀 View run at https://wandb.ai/tntvan-iac-instagram/thesis_14th-1-onpolicy_scripts_train_bosch_scripts/runs/ubrxm7s8
BOSCH: using multiprocessing start_method='fork' on macOS.
share_observation_space:  [Box(-inf, inf, (312,), float32), Box(-inf, inf, (312,), float32), Box(-inf, inf, (312,), float32)]
observation_space:  [Box(-inf, inf, (104,), float32), Box(-inf, inf, (104,), float32), Box(-inf, inf, (104,), float32)]
action_space:  [MultiDiscrete10, Discrete(7), Discrete(7)]
Using shared machine policy: agent 0 separate; agents 1..2 share.

 Scenario BOSCH Algo rmappo Exp sweep_5_2_4 updates 0/347 episodes, total num timesteps 288/100000, FPS 168.


[EVAL] BOSCH MARL Inference Solving Time for 36 periods: 0.5240 seconds
eval average episode rewards of agent0: -14.713018
eval average episode rewards of agent1: -0.4282669
eval average episode rewards of agent2: -0.36632454
eval average episode costs: Backlog: 1821.75, Inventory: 19.25, Maintenance: 338.95, Production: 2943.27, Setup: 531.84, TOTAL: 5655.05

 Scenario BOSCH Algo rmappo Exp sweep_5_2_4 updates 5/347 episodes, total num timesteps 1728/100000, FPS 167.


 Scenario BOSCH Algo rmappo Exp sweep_5_2_4 updates 10/347 episodes, total num timesteps 3168/100000, FPS 169.


 Scenario BOSCH Algo rmappo Exp sweep_5_2_4 updates 15/347 episodes, total num timesteps 4608/100000, FPS 165.


 Scenario BOSCH Algo rmappo Exp sweep_5_2_4 updates 20/347 episodes, total num timesteps 6048/100000, FPS 165.


 Scenario BOSCH Algo rmappo Exp sweep_5_2_4 updates 25/347 episodes, total num timesteps 7488/100000, FPS 166.


 Scenario BOSCH Algo rmappo Exp sweep_5_2_4 updates 30/347 episodes, total num timesteps 8928/100000, FPS 166.


 Scenario BOSCH Algo rmappo Exp sweep_5_2_4 updates 35/347 episodes, total num timesteps 10368/100000, FPS 165.


 Scenario BOSCH Algo rmappo Exp sweep_5_2_4 updates 40/347 episodes, total num timesteps 11808/100000, FPS 164.


 Scenario BOSCH Algo rmappo Exp sweep_5_2_4 updates 45/347 episodes, total num timesteps 13248/100000, FPS 163.


 Scenario BOSCH Algo rmappo Exp sweep_5_2_4 updates 50/347 episodes, total num timesteps 14688/100000, FPS 161.


[EVAL] BOSCH MARL Inference Solving Time for 36 periods: 0.8351 seconds
eval average episode rewards of agent0: -12.359041
eval average episode rewards of agent1: -0.29779872
eval average episode rewards of agent2: -0.15449458
eval average episode costs: Backlog: 0.00, Inventory: 36.75, Maintenance: 33.94, Production: 4045.32, Setup: 831.26, TOTAL: 4947.27

 Scenario BOSCH Algo rmappo Exp sweep_5_2_4 updates 55/347 episodes, total num timesteps 16128/100000, FPS 159.


 Scenario BOSCH Algo rmappo Exp sweep_5_2_4 updates 60/347 episodes, total num timesteps 17568/100000, FPS 157.


 Scenario BOSCH Algo rmappo Exp sweep_5_2_4 updates 65/347 episodes, total num timesteps 19008/100000, FPS 156.


 Scenario BOSCH Algo rmappo Exp sweep_5_2_4 updates 70/347 episodes, total num timesteps 20448/100000, FPS 154.


 Scenario BOSCH Algo rmappo Exp sweep_5_2_4 updates 75/347 episodes, total num timesteps 21888/100000, FPS 152.


 Scenario BOSCH Algo rmappo Exp sweep_5_2_4 updates 80/347 episodes, total num timesteps 23328/100000, FPS 151.


 Scenario BOSCH Algo rmappo Exp sweep_5_2_4 updates 85/347 episodes, total num timesteps 24768/100000, FPS 150.


 Scenario BOSCH Algo rmappo Exp sweep_5_2_4 updates 90/347 episodes, total num timesteps 26208/100000, FPS 149.


 Scenario BOSCH Algo rmappo Exp sweep_5_2_4 updates 95/347 episodes, total num timesteps 27648/100000, FPS 148.


 Scenario BOSCH Algo rmappo Exp sweep_5_2_4 updates 100/347 episodes, total num timesteps 29088/100000, FPS 147.


[EVAL] BOSCH MARL Inference Solving Time for 36 periods: 0.9015 seconds
eval average episode rewards of agent0: -13.433786
eval average episode rewards of agent1: -0.3359862
eval average episode rewards of agent2: -0.1441155
eval average episode costs: Backlog: 0.00, Inventory: 31.50, Maintenance: 18.60, Production: 3276.03, Setup: 716.31, TOTAL: 4042.43

 Scenario BOSCH Algo rmappo Exp sweep_5_2_4 updates 105/347 episodes, total num timesteps 30528/100000, FPS 146.


 Scenario BOSCH Algo rmappo Exp sweep_5_2_4 updates 110/347 episodes, total num timesteps 31968/100000, FPS 145.


 Scenario BOSCH Algo rmappo Exp sweep_5_2_4 updates 115/347 episodes, total num timesteps 33408/100000, FPS 144.


 Scenario BOSCH Algo rmappo Exp sweep_5_2_4 updates 120/347 episodes, total num timesteps 34848/100000, FPS 144.


 Scenario BOSCH Algo rmappo Exp sweep_5_2_4 updates 125/347 episodes, total num timesteps 36288/100000, FPS 143.


 Scenario BOSCH Algo rmappo Exp sweep_5_2_4 updates 130/347 episodes, total num timesteps 37728/100000, FPS 143.


 Scenario BOSCH Algo rmappo Exp sweep_5_2_4 updates 135/347 episodes, total num timesteps 39168/100000, FPS 142.


 Scenario BOSCH Algo rmappo Exp sweep_5_2_4 updates 140/347 episodes, total num timesteps 40608/100000, FPS 142.


 Scenario BOSCH Algo rmappo Exp sweep_5_2_4 updates 145/347 episodes, total num timesteps 42048/100000, FPS 142.


 Scenario BOSCH Algo rmappo Exp sweep_5_2_4 updates 150/347 episodes, total num timesteps 43488/100000, FPS 142.


[EVAL] BOSCH MARL Inference Solving Time for 36 periods: 0.8034 seconds
eval average episode rewards of agent0: -14.131396
eval average episode rewards of agent1: -0.15465336
eval average episode rewards of agent2: -0.3127564
eval average episode costs: Backlog: 0.00, Inventory: 33.25, Maintenance: 34.13, Production: 4186.48, Setup: 842.58, TOTAL: 5096.44

 Scenario BOSCH Algo rmappo Exp sweep_5_2_4 updates 155/347 episodes, total num timesteps 44928/100000, FPS 141.


 Scenario BOSCH Algo rmappo Exp sweep_5_2_4 updates 160/347 episodes, total num timesteps 46368/100000, FPS 141.


 Scenario BOSCH Algo rmappo Exp sweep_5_2_4 updates 165/347 episodes, total num timesteps 47808/100000, FPS 141.


 Scenario BOSCH Algo rmappo Exp sweep_5_2_4 updates 170/347 episodes, total num timesteps 49248/100000, FPS 141.


 Scenario BOSCH Algo rmappo Exp sweep_5_2_4 updates 175/347 episodes, total num timesteps 50688/100000, FPS 141.


 Scenario BOSCH Algo rmappo Exp sweep_5_2_4 updates 180/347 episodes, total num timesteps 52128/100000, FPS 140.


 Scenario BOSCH Algo rmappo Exp sweep_5_2_4 updates 185/347 episodes, total num timesteps 53568/100000, FPS 140.


 Scenario BOSCH Algo rmappo Exp sweep_5_2_4 updates 190/347 episodes, total num timesteps 55008/100000, FPS 140.


 Scenario BOSCH Algo rmappo Exp sweep_5_2_4 updates 195/347 episodes, total num timesteps 56448/100000, FPS 140.


 Scenario BOSCH Algo rmappo Exp sweep_5_2_4 updates 200/347 episodes, total num timesteps 57888/100000, FPS 140.


[EVAL] BOSCH MARL Inference Solving Time for 36 periods: 1.1686 seconds
eval average episode rewards of agent0: -11.402702
eval average episode rewards of agent1: -0.3263129
eval average episode rewards of agent2: -0.19662921
eval average episode costs: Backlog: 0.00, Inventory: 14.00, Maintenance: 30.05, Production: 4273.51, Setup: 923.73, TOTAL: 5241.29

 Scenario BOSCH Algo rmappo Exp sweep_5_2_4 updates 205/347 episodes, total num timesteps 59328/100000, FPS 139.


 Scenario BOSCH Algo rmappo Exp sweep_5_2_4 updates 210/347 episodes, total num timesteps 60768/100000, FPS 139.


 Scenario BOSCH Algo rmappo Exp sweep_5_2_4 updates 215/347 episodes, total num timesteps 62208/100000, FPS 139.


 Scenario BOSCH Algo rmappo Exp sweep_5_2_4 updates 220/347 episodes, total num timesteps 63648/100000, FPS 139.


 Scenario BOSCH Algo rmappo Exp sweep_5_2_4 updates 225/347 episodes, total num timesteps 65088/100000, FPS 139.


 Scenario BOSCH Algo rmappo Exp sweep_5_2_4 updates 230/347 episodes, total num timesteps 66528/100000, FPS 139.


 Scenario BOSCH Algo rmappo Exp sweep_5_2_4 updates 235/347 episodes, total num timesteps 67968/100000, FPS 139.


 Scenario BOSCH Algo rmappo Exp sweep_5_2_4 updates 240/347 episodes, total num timesteps 69408/100000, FPS 139.


 Scenario BOSCH Algo rmappo Exp sweep_5_2_4 updates 245/347 episodes, total num timesteps 70848/100000, FPS 139.


 Scenario BOSCH Algo rmappo Exp sweep_5_2_4 updates 250/347 episodes, total num timesteps 72288/100000, FPS 139.


[EVAL] BOSCH MARL Inference Solving Time for 36 periods: 0.6381 seconds
eval average episode rewards of agent0: -8.983252
eval average episode rewards of agent1: -0.31304502
eval average episode rewards of agent2: -0.7085628
eval average episode costs: Backlog: 2957.50, Inventory: 15.75, Maintenance: 508.99, Production: 1846.84, Setup: 349.23, TOTAL: 5678.31

 Scenario BOSCH Algo rmappo Exp sweep_5_2_4 updates 255/347 episodes, total num timesteps 73728/100000, FPS 139.


 Scenario BOSCH Algo rmappo Exp sweep_5_2_4 updates 260/347 episodes, total num timesteps 75168/100000, FPS 139.


 Scenario BOSCH Algo rmappo Exp sweep_5_2_4 updates 265/347 episodes, total num timesteps 76608/100000, FPS 139.


 Scenario BOSCH Algo rmappo Exp sweep_5_2_4 updates 270/347 episodes, total num timesteps 78048/100000, FPS 139.


 Scenario BOSCH Algo rmappo Exp sweep_5_2_4 updates 275/347 episodes, total num timesteps 79488/100000, FPS 139.


 Scenario BOSCH Algo rmappo Exp sweep_5_2_4 updates 280/347 episodes, total num timesteps 80928/100000, FPS 139.


 Scenario BOSCH Algo rmappo Exp sweep_5_2_4 updates 285/347 episodes, total num timesteps 82368/100000, FPS 139.


 Scenario BOSCH Algo rmappo Exp sweep_5_2_4 updates 290/347 episodes, total num timesteps 83808/100000, FPS 139.


 Scenario BOSCH Algo rmappo Exp sweep_5_2_4 updates 295/347 episodes, total num timesteps 85248/100000, FPS 139.


 Scenario BOSCH Algo rmappo Exp sweep_5_2_4 updates 300/347 episodes, total num timesteps 86688/100000, FPS 139.


[EVAL] BOSCH MARL Inference Solving Time for 36 periods: 0.9244 seconds
eval average episode rewards of agent0: -10.258627
eval average episode rewards of agent1: -0.38776714
eval average episode rewards of agent2: -0.2983659
eval average episode costs: Backlog: 1662.50, Inventory: 14.00, Maintenance: 277.77, Production: 3544.56, Setup: 595.58, TOTAL: 6094.41

 Scenario BOSCH Algo rmappo Exp sweep_5_2_4 updates 305/347 episodes, total num timesteps 88128/100000, FPS 138.


 Scenario BOSCH Algo rmappo Exp sweep_5_2_4 updates 310/347 episodes, total num timesteps 89568/100000, FPS 138.


 Scenario BOSCH Algo rmappo Exp sweep_5_2_4 updates 315/347 episodes, total num timesteps 91008/100000, FPS 138.


 Scenario BOSCH Algo rmappo Exp sweep_5_2_4 updates 320/347 episodes, total num timesteps 92448/100000, FPS 138.


 Scenario BOSCH Algo rmappo Exp sweep_5_2_4 updates 325/347 episodes, total num timesteps 93888/100000, FPS 138.


 Scenario BOSCH Algo rmappo Exp sweep_5_2_4 updates 330/347 episodes, total num timesteps 95328/100000, FPS 138.


 Scenario BOSCH Algo rmappo Exp sweep_5_2_4 updates 335/347 episodes, total num timesteps 96768/100000, FPS 138.


 Scenario BOSCH Algo rmappo Exp sweep_5_2_4 updates 340/347 episodes, total num timesteps 98208/100000, FPS 138.


 Scenario BOSCH Algo rmappo Exp sweep_5_2_4 updates 345/347 episodes, total num timesteps 99648/100000, FPS 138.

[1;34mwandb[0m: 
[1;34mwandb[0m: 🚀 View run [33mrmappo_sweep_5_2_4_seed1[0m at: [34mhttps://wandb.ai/tntvan-iac-instagram/thesis_14th-1-onpolicy_scripts_train_bosch_scripts/runs/ubrxm7s8[0m
2026-05-18 02:33:28,819 - wandb.wandb_agent - INFO - Cleaning up finished run: ubrxm7s8
2026-05-18 02:33:29,661 - wandb.wandb_agent - INFO - Agent received command: run
2026-05-18 02:33:29,662 - wandb.wandb_agent - INFO - Agent starting run with config:
	activation_penalty: 100
	clip_param: 0.15600860834151553
	critic_lr: 5.329227880770581e-05
	dense_production_reward: 1.555552881223787
	dense_setup_penalty: 0.9278907633026836
	entropy_coef: 0.0016282155684314958
	gae_lambda: 0.9560370018441384
	gamma: 0.9987996628191554
	hidden_size: 256
	load_balance_penalty: 0
	lr: 1.064497488782137e-05
	ppo_epoch: 13
2026-05-18 02:33:29,668 - wandb.wandb_agent - INFO - About to run command: /usr/bin/env python3 /Users/nhi/thesis_14th-1/onpolicy/scripts/train_bosch_scripts/run_sweep.py --activation_penalty=100 --clip_param=0.15600860834151553 --critic_lr=5.329227880770581e-05 --dense_production_reward=1.555552881223787 --dense_setup_penalty=0.9278907633026836 --entropy_coef=0.0016282155684314958 --gae_lambda=0.9560370018441384 --gamma=0.9987996628191554 --hidden_size=256 --load_balance_penalty=0 --lr=1.064497488782137e-05 --ppo_epoch=13
wandb: [wandb.login()] Loaded credentials for https://api.wandb.ai from /Users/nhi/.netrc.
wandb: Currently logged in as: tntvan-iac (tntvan-iac-instagram) to https://api.wandb.ai. Use `wandb login --relogin` to force relogin
wandb: Tracking run with wandb version 0.26.1
wandb: Run data is saved locally in /Users/nhi/thesis_14th-1/onpolicy/scripts/train_bosch_scripts/wandb/run-20260518_023330-m6ltnhzz
wandb: Run `wandb offline` to turn off syncing.
wandb: Syncing run copper-sweep-31
wandb: ⭐️ View project at https://wandb.ai/tntvan-iac-instagram/thesis_14th-1-onpolicy_scripts_train_bosch_scripts
wandb: 🧹 View sweep at https://wandb.ai/tntvan-iac-instagram/thesis_14th-1-onpolicy_scripts_train_bosch_scripts/sweeps/4p28qnnw
wandb: 🚀 View run at https://wandb.ai/tntvan-iac-instagram/thesis_14th-1-onpolicy_scripts_train_bosch_scripts/runs/m6ltnhzz
wandb: WARNING Ignoring project 'BOSCH' when running a sweep.
wandb: WARNING Ignoring entity 'tntvan-iac-instagram' when running a sweep.
wandb: Finishing previous runs because reinit is set to True.
wandb: updating run metadata; uploading console lines 0-0
wandb: uploading wandb-metadata.json; uploading requirements.txt; uploading output.log; uploading wandb-summary.json; uploading config.yaml
2026-05-18 02:33:34,678 - wandb.wandb_agent - INFO - Running runs: ['m6ltnhzz']
wandb: uploading requirements.txt; uploading config.yaml
wandb: uploading summary, console lines 0-3
wandb: 🚀 View run copper-sweep-31 at: https://wandb.ai/tntvan-iac-instagram/thesis_14th-1-onpolicy_scripts_train_bosch_scripts/runs/m6ltnhzz
wandb: ⭐️ View project at: https://wandb.ai/tntvan-iac-instagram/thesis_14th-1-onpolicy_scripts_train_bosch_scripts
wandb: Synced 5 W&B file(s), 0 media file(s), 0 artifact file(s) and 0 other file(s)
wandb: Find logs at: ./wandb/run-20260518_023330-m6ltnhzz/logs
wandb: WARNING Using a boolean value for 'reinit' is deprecated. Use 'return_previous' or 'finish_previous' instead.
wandb: Tracking run with wandb version 0.26.1
wandb: Run data is saved locally in results/BOSCH/rmappo/sweep_5_2_4/wandb/run-20260518_023333-m6ltnhzz
wandb: Run `wandb offline` to turn off syncing.
wandb: Syncing run rmappo_sweep_5_2_4_seed1
wandb: ⭐️ View project at https://wandb.ai/tntvan-iac-instagram/thesis_14th-1-onpolicy_scripts_train_bosch_scripts
wandb: 🧹 View sweep at https://wandb.ai/tntvan-iac-instagram/thesis_14th-1-onpolicy_scripts_train_bosch_scripts/sweeps/4p28qnnw
wandb: 🚀 View run at https://wandb.ai/tntvan-iac-instagram/thesis_14th-1-onpolicy_scripts_train_bosch_scripts/runs/m6ltnhzz
BOSCH: using multiprocessing start_method='fork' on macOS.
share_observation_space:  [Box(-inf, inf, (312,), float32), Box(-inf, inf, (312,), float32), Box(-inf, inf, (312,), float32)]
observation_space:  [Box(-inf, inf, (104,), float32), Box(-inf, inf, (104,), float32), Box(-inf, inf, (104,), float32)]
action_space:  [MultiDiscrete10, Discrete(7), Discrete(7)]
Using shared machine policy: agent 0 separate; agents 1..2 share.

 Scenario BOSCH Algo rmappo Exp sweep_5_2_4 updates 0/347 episodes, total num timesteps 288/100000, FPS 140.


[EVAL] BOSCH MARL Inference Solving Time for 36 periods: 0.6246 seconds
eval average episode rewards of agent0: -13.943285
eval average episode rewards of agent1: -0.27589256
eval average episode rewards of agent2: -0.06280455
eval average episode costs: Backlog: 5770.70, Inventory: 26.25, Maintenance: 30.08, Production: 4249.51, Setup: 766.75, TOTAL: 10843.28

 Scenario BOSCH Algo rmappo Exp sweep_5_2_4 updates 5/347 episodes, total num timesteps 1728/100000, FPS 133.


 Scenario BOSCH Algo rmappo Exp sweep_5_2_4 updates 10/347 episodes, total num timesteps 3168/100000, FPS 136.


 Scenario BOSCH Algo rmappo Exp sweep_5_2_4 updates 15/347 episodes, total num timesteps 4608/100000, FPS 134.


 Scenario BOSCH Algo rmappo Exp sweep_5_2_4 updates 20/347 episodes, total num timesteps 6048/100000, FPS 133.


 Scenario BOSCH Algo rmappo Exp sweep_5_2_4 updates 25/347 episodes, total num timesteps 7488/100000, FPS 130.


 Scenario BOSCH Algo rmappo Exp sweep_5_2_4 updates 30/347 episodes, total num timesteps 8928/100000, FPS 130.


 Scenario BOSCH Algo rmappo Exp sweep_5_2_4 updates 35/347 episodes, total num timesteps 10368/100000, FPS 128.


 Scenario BOSCH Algo rmappo Exp sweep_5_2_4 updates 40/347 episodes, total num timesteps 11808/100000, FPS 127.


 Scenario BOSCH Algo rmappo Exp sweep_5_2_4 updates 45/347 episodes, total num timesteps 13248/100000, FPS 126.


 Scenario BOSCH Algo rmappo Exp sweep_5_2_4 updates 50/347 episodes, total num timesteps 14688/100000, FPS 125.


[EVAL] BOSCH MARL Inference Solving Time for 36 periods: 1.2120 seconds
eval average episode rewards of agent0: -8.646298
eval average episode rewards of agent1: 0.12779367
eval average episode rewards of agent2: 0.040988512
eval average episode costs: Backlog: 0.00, Inventory: 14.00, Maintenance: 30.04, Production: 4275.20, Setup: 927.05, TOTAL: 5246.30

 Scenario BOSCH Algo rmappo Exp sweep_5_2_4 updates 55/347 episodes, total num timesteps 16128/100000, FPS 123.


 Scenario BOSCH Algo rmappo Exp sweep_5_2_4 updates 60/347 episodes, total num timesteps 17568/100000, FPS 122.


 Scenario BOSCH Algo rmappo Exp sweep_5_2_4 updates 65/347 episodes, total num timesteps 19008/100000, FPS 121.


 Scenario BOSCH Algo rmappo Exp sweep_5_2_4 updates 70/347 episodes, total num timesteps 20448/100000, FPS 120.


 Scenario BOSCH Algo rmappo Exp sweep_5_2_4 updates 75/347 episodes, total num timesteps 21888/100000, FPS 119.


 Scenario BOSCH Algo rmappo Exp sweep_5_2_4 updates 80/347 episodes, total num timesteps 23328/100000, FPS 119.


 Scenario BOSCH Algo rmappo Exp sweep_5_2_4 updates 85/347 episodes, total num timesteps 24768/100000, FPS 118.


 Scenario BOSCH Algo rmappo Exp sweep_5_2_4 updates 90/347 episodes, total num timesteps 26208/100000, FPS 118.


 Scenario BOSCH Algo rmappo Exp sweep_5_2_4 updates 95/347 episodes, total num timesteps 27648/100000, FPS 117.


 Scenario BOSCH Algo rmappo Exp sweep_5_2_4 updates 100/347 episodes, total num timesteps 29088/100000, FPS 117.


[EVAL] BOSCH MARL Inference Solving Time for 36 periods: 0.7441 seconds
eval average episode rewards of agent0: -6.339512
eval average episode rewards of agent1: 0.0065799593
eval average episode rewards of agent2: 0.061997257
eval average episode costs: Backlog: 0.00, Inventory: 35.00, Maintenance: 18.47, Production: 2883.08, Setup: 702.96, TOTAL: 3639.51

 Scenario BOSCH Algo rmappo Exp sweep_5_2_4 updates 105/347 episodes, total num timesteps 30528/100000, FPS 116.


 Scenario BOSCH Algo rmappo Exp sweep_5_2_4 updates 110/347 episodes, total num timesteps 31968/100000, FPS 116.


 Scenario BOSCH Algo rmappo Exp sweep_5_2_4 updates 115/347 episodes, total num timesteps 33408/100000, FPS 116.


 Scenario BOSCH Algo rmappo Exp sweep_5_2_4 updates 120/347 episodes, total num timesteps 34848/100000, FPS 116.


 Scenario BOSCH Algo rmappo Exp sweep_5_2_4 updates 125/347 episodes, total num timesteps 36288/100000, FPS 115.


 Scenario BOSCH Algo rmappo Exp sweep_5_2_4 updates 130/347 episodes, total num timesteps 37728/100000, FPS 115.


 Scenario BOSCH Algo rmappo Exp sweep_5_2_4 updates 135/347 episodes, total num timesteps 39168/100000, FPS 115.


 Scenario BOSCH Algo rmappo Exp sweep_5_2_4 updates 140/347 episodes, total num timesteps 40608/100000, FPS 115.


 Scenario BOSCH Algo rmappo Exp sweep_5_2_4 updates 145/347 episodes, total num timesteps 42048/100000, FPS 114.


 Scenario BOSCH Algo rmappo Exp sweep_5_2_4 updates 150/347 episodes, total num timesteps 43488/100000, FPS 114.


[EVAL] BOSCH MARL Inference Solving Time for 36 periods: 1.0396 seconds
eval average episode rewards of agent0: -8.253403
eval average episode rewards of agent1: 0.13609412
eval average episode rewards of agent2: 0.08275364
eval average episode costs: Backlog: 0.00, Inventory: 36.75, Maintenance: 33.94, Production: 4045.32, Setup: 837.39, TOTAL: 4953.40

 Scenario BOSCH Algo rmappo Exp sweep_5_2_4 updates 155/347 episodes, total num timesteps 44928/100000, FPS 114.


 Scenario BOSCH Algo rmappo Exp sweep_5_2_4 updates 160/347 episodes, total num timesteps 46368/100000, FPS 114.


 Scenario BOSCH Algo rmappo Exp sweep_5_2_4 updates 165/347 episodes, total num timesteps 47808/100000, FPS 113.


 Scenario BOSCH Algo rmappo Exp sweep_5_2_4 updates 170/347 episodes, total num timesteps 49248/100000, FPS 113.


 Scenario BOSCH Algo rmappo Exp sweep_5_2_4 updates 175/347 episodes, total num timesteps 50688/100000, FPS 113.


 Scenario BOSCH Algo rmappo Exp sweep_5_2_4 updates 180/347 episodes, total num timesteps 52128/100000, FPS 113.


 Scenario BOSCH Algo rmappo Exp sweep_5_2_4 updates 185/347 episodes, total num timesteps 53568/100000, FPS 113.


 Scenario BOSCH Algo rmappo Exp sweep_5_2_4 updates 190/347 episodes, total num timesteps 55008/100000, FPS 112.


 Scenario BOSCH Algo rmappo Exp sweep_5_2_4 updates 195/347 episodes, total num timesteps 56448/100000, FPS 112.


 Scenario BOSCH Algo rmappo Exp sweep_5_2_4 updates 200/347 episodes, total num timesteps 57888/100000, FPS 112.


[EVAL] BOSCH MARL Inference Solving Time for 36 periods: 0.8748 seconds
eval average episode rewards of agent0: -6.958023
eval average episode rewards of agent1: 0.0018080196
eval average episode rewards of agent2: 0.097159505
eval average episode costs: Backlog: 0.00, Inventory: 31.50, Maintenance: 18.60, Production: 3276.03, Setup: 731.90, TOTAL: 4058.02

 Scenario BOSCH Algo rmappo Exp sweep_5_2_4 updates 205/347 episodes, total num timesteps 59328/100000, FPS 112.


 Scenario BOSCH Algo rmappo Exp sweep_5_2_4 updates 210/347 episodes, total num timesteps 60768/100000, FPS 112.


 Scenario BOSCH Algo rmappo Exp sweep_5_2_4 updates 215/347 episodes, total num timesteps 62208/100000, FPS 112.


 Scenario BOSCH Algo rmappo Exp sweep_5_2_4 updates 220/347 episodes, total num timesteps 63648/100000, FPS 112.


 Scenario BOSCH Algo rmappo Exp sweep_5_2_4 updates 225/347 episodes, total num timesteps 65088/100000, FPS 112.


 Scenario BOSCH Algo rmappo Exp sweep_5_2_4 updates 230/347 episodes, total num timesteps 66528/100000, FPS 112.


 Scenario BOSCH Algo rmappo Exp sweep_5_2_4 updates 235/347 episodes, total num timesteps 67968/100000, FPS 111.


 Scenario BOSCH Algo rmappo Exp sweep_5_2_4 updates 240/347 episodes, total num timesteps 69408/100000, FPS 111.


 Scenario BOSCH Algo rmappo Exp sweep_5_2_4 updates 245/347 episodes, total num timesteps 70848/100000, FPS 111.


 Scenario BOSCH Algo rmappo Exp sweep_5_2_4 updates 250/347 episodes, total num timesteps 72288/100000, FPS 111.


[EVAL] BOSCH MARL Inference Solving Time for 36 periods: 0.8414 seconds
eval average episode rewards of agent0: -8.320396
eval average episode rewards of agent1: 0.10008699
eval average episode rewards of agent2: 0.07748443
eval average episode costs: Backlog: 0.00, Inventory: 33.25, Maintenance: 34.13, Production: 4186.48, Setup: 866.54, TOTAL: 5120.40

 Scenario BOSCH Algo rmappo Exp sweep_5_2_4 updates 255/347 episodes, total num timesteps 73728/100000, FPS 111.


 Scenario BOSCH Algo rmappo Exp sweep_5_2_4 updates 260/347 episodes, total num timesteps 75168/100000, FPS 111.


 Scenario BOSCH Algo rmappo Exp sweep_5_2_4 updates 265/347 episodes, total num timesteps 76608/100000, FPS 111.


 Scenario BOSCH Algo rmappo Exp sweep_5_2_4 updates 270/347 episodes, total num timesteps 78048/100000, FPS 111.


 Scenario BOSCH Algo rmappo Exp sweep_5_2_4 updates 275/347 episodes, total num timesteps 79488/100000, FPS 111.


 Scenario BOSCH Algo rmappo Exp sweep_5_2_4 updates 280/347 episodes, total num timesteps 80928/100000, FPS 111.


 Scenario BOSCH Algo rmappo Exp sweep_5_2_4 updates 285/347 episodes, total num timesteps 82368/100000, FPS 111.


 Scenario BOSCH Algo rmappo Exp sweep_5_2_4 updates 290/347 episodes, total num timesteps 83808/100000, FPS 111.


 Scenario BOSCH Algo rmappo Exp sweep_5_2_4 updates 295/347 episodes, total num timesteps 85248/100000, FPS 111.


 Scenario BOSCH Algo rmappo Exp sweep_5_2_4 updates 300/347 episodes, total num timesteps 86688/100000, FPS 111.


[EVAL] BOSCH MARL Inference Solving Time for 36 periods: 1.1970 seconds
eval average episode rewards of agent0: -7.101587
eval average episode rewards of agent1: 0.12335763
eval average episode rewards of agent2: 0.11846747
eval average episode costs: Backlog: 0.00, Inventory: 14.00, Maintenance: 25.42, Production: 3460.72, Setup: 701.45, TOTAL: 4201.59

 Scenario BOSCH Algo rmappo Exp sweep_5_2_4 updates 305/347 episodes, total num timesteps 88128/100000, FPS 110.


 Scenario BOSCH Algo rmappo Exp sweep_5_2_4 updates 310/347 episodes, total num timesteps 89568/100000, FPS 110.


 Scenario BOSCH Algo rmappo Exp sweep_5_2_4 updates 315/347 episodes, total num timesteps 91008/100000, FPS 110.


 Scenario BOSCH Algo rmappo Exp sweep_5_2_4 updates 320/347 episodes, total num timesteps 92448/100000, FPS 110.


 Scenario BOSCH Algo rmappo Exp sweep_5_2_4 updates 325/347 episodes, total num timesteps 93888/100000, FPS 110.


 Scenario BOSCH Algo rmappo Exp sweep_5_2_4 updates 330/347 episodes, total num timesteps 95328/100000, FPS 110.


 Scenario BOSCH Algo rmappo Exp sweep_5_2_4 updates 335/347 episodes, total num timesteps 96768/100000, FPS 110.


 Scenario BOSCH Algo rmappo Exp sweep_5_2_4 updates 340/347 episodes, total num timesteps 98208/100000, FPS 110.


 Scenario BOSCH Algo rmappo Exp sweep_5_2_4 updates 345/347 episodes, total num timesteps 99648/100000, FPS 110.

[1;34mwandb[0m: 
[1;34mwandb[0m: 🚀 View run [33mrmappo_sweep_5_2_4_seed1[0m at: [34mhttps://wandb.ai/tntvan-iac-instagram/thesis_14th-1-onpolicy_scripts_train_bosch_scripts/runs/m6ltnhzz[0m
2026-05-18 02:48:46,909 - wandb.wandb_agent - INFO - Cleaning up finished run: m6ltnhzz
wandb: Terminating and syncing runs. Press ctrl-c to kill.
